lambda,1,2,3,4,5,6,7,8,9,10,11
200.1568973,11.04615385,7.207692308,17.6,12.5,12.32307692,9.330769231,11.57692308,12.14615385,12.78461538,23.95384615,10.96153846
200.3759475,8.469230769,11.23076923,13.71538462,2.338461538,8.238461538,2.330769231,6.076923077,8.676923077,5.576923077,3.207692308,7.761538462
200.5949882,7.738461538,3.9,5.115384615,17.83076923,16.01538462,19.19230769,14.08461538,10.57692308,20.86923077,24.92307692,6.823076923
200.8140194,9.4,8.976923077,9.607692308,15.86153846,8.038461538,5.653846154,12.24615385,9.653846154,8.330769231,11.9,12.44615385
201.0330411,10.03846154,11.56153846,8.992307692,8.8,7.661538462,11.39230769,7.046153846,13.6,9.553846154,10.47692308,12.95384615
201.2520534,5.469230769,9.246153846,8.738461538,9.3,13.71538462,12.14615385,6.146153846,9.261538462,7.276923077,22.29230769,7.853846154
201.4710561,14.36923077,9.223076923,17,7.507692308,11.74615385,7.861538462,6.661538462,11.1,10.06153846,19.12307692,6.792307692
201.6900493,11.93076923,7.384615385,7.315384615,8.676923077,3.7,7.476923077,10.06153846,7.3,8.353846154,5.715384615,7.607692308
201.9090331,11.17692308,5.423076923,9.646153846,13.27692308,3.869230769,16.21538462,9.561538462,10.56923077,13.33076923,20.13076923,8.515384615
202.1280073,12.40769231,7.4,13.63846154,10.03076923,10.16153846,8.238461538,12.46153846,11.35384615,14.07692308,9.946153846,11.17692308
202.346972,9.161538462,5.846153846,6.423076923,9.238461538,19.03846154,15.55384615,8.223076923,6.961538462,6.823076923,11.5,12.17692308
202.5659272,9.692307692,3.7,2.607692308,10.30769231,11.8,5.115384615,11.39230769,7.938461538,12.2,7.676923077,6.723076923
202.784873,9.092307692,9.092307692,11.76153846,11.8,11.15384615,14.26923077,8.184615385,8.1,7.146153846,9.569230769,8.846153846
203.0038092,10.44615385,7.215384615,5.392307692,13.11538462,0.423076923,2.8,8.030769231,10.62307692,2.953846154,15.07692308,7.869230769
203.2227359,20.1,10.93076923,9.123076923,11.36153846,7.084615385,21.75384615,23.16153846,7.830769231,18.97692308,22.59230769,15.93846154
203.441653,7.561538462,11.00769231,8.907692308,5.615384615,6.907692308,9.8,5.607692308,6.015384615,3.761538462,5.338461538,4.646153846
203.6605607,4.407692308,5.276923077,18.36923077,8.646153846,10.68461538,17.96923077,1.915384615,9.215384615,8.361538462,11.42307692,2.861538462
203.8794588,14.03076923,0.584615385,7.323076923,8.530769231,16.08461538,12.63076923,5.238461538,10.26923077,13.08461538,8,4.446153846
204.0983474,12.28461538,12.76153846,12.29230769,17.16153846,11.42307692,19.16923077,7.415384615,11.50769231,17.57692308,12.13076923,10.23076923
204.3172265,11.07692308,7.515384615,2.353846154,6.007692308,8.915384615,7.238461538,5.715384615,7.892307692,4.684615385,10.28461538,6.892307692
204.5360961,7.2,12.88461538,6.169230769,8.769230769,9.8,15.41538462,13.95384615,10.77692308,10.36923077,12.70769231,13.4
204.7549561,6.923076923,8.623076923,6.123076923,1.423076923,10.01538462,18.54615385,6.607692308,6.630769231,7.292307692,15.00769231,6.738461538
204.9738066,6.1,6.092307692,8.653846154,8.2,11.9,16.17692308,9.684615385,9.638461538,9.446153846,10.99230769,8.907692308
205.1926476,8.384615385,6.538461538,8.176923077,11.98461538,5.407692308,8.723076923,5.838461538,11.46923077,4.753846154,10.49230769,14.10769231
205.411479,11.45384615,10.95384615,11.76923077,8.923076923,14.71538462,13.32307692,10.86923077,10.96153846,18.03846154,13.06153846,2.915384615
205.6303009,10.83846154,5.707692308,10.04615385,6.176923077,16.26153846,3.223076923,5.8,7.223076923,10.64615385,4.723076923,7.961538462
205.8491133,14.52307692,10.77692308,11.13846154,13.3,6.376923077,9.123076923,5.238461538,4.907692308,8.861538462,13.99230769,18.88461538
206.0679161,5.846153846,9.707692308,7.476923077,6.369230769,4.753846154,8.976923077,7.007692308,13.78461538,15.27692308,9.153846154,2.546153846
206.2867093,16.34615385,11.87692308,12.94615385,11.57692308,12.04615385,14.33846154,6.353846154,7.076923077,14.43076923,10.53846154,15.89230769
206.505493,16.6,2.361538462,11.88461538,12.8,10.91538462,11.93076923,8.469230769,8.069230769,5.061538462,10.00769231,9.361538462
206.7242672,12.33846154,8.684615385,9.207692308,7.738461538,14.39230769,16.26923077,14.1,13.07692308,14.17692308,5.984615385,11.59230769
206.9430318,7.246153846,7.876923077,9.646153846,12.9,12.02307692,13.2,10.85384615,10.10769231,12.45384615,9.346153846,5.476923077
207.1617868,17.58461538,15.03846154,11.68461538,10.89230769,15.83076923,3.161538462,15.23846154,9.469230769,12.05384615,15.16923077,11.69230769
207.3805323,6.815384615,9.4,6.992307692,10.63076923,6.338461538,11.39230769,4.638461538,10.40769231,12.23846154,4.930769231,7.553846154
207.5992682,11.11538462,11.56153846,10.26923077,18.55384615,8.884615385,9.161538462,16.6,8.784615385,13.01538462,14.95384615,15.16923077
207.8179946,13.02307692,5.238461538,9.176923077,7.869230769,7.692307692,17.31538462,10.29230769,14.71538462,7.861538462,9.376923077,3.138461538
208.0367114,8.092307692,9.123076923,10.93846154,8.630769231,12.80769231,21.44615385,9,10.02307692,16.13076923,13.98461538,11.43846154
208.2554186,9.076923077,12.43076923,12.85384615,5.892307692,15.70769231,8.053846154,8.092307692,9.592307692,6.215384615,11.64615385,7.830769231
208.4741162,16.98461538,11.61538462,10.02307692,11.93846154,16.11538462,13.55384615,12.04615385,10.78461538,13.47692308,10.63846154,7.007692308
208.6928043,8.761538462,4.253846154,9.461538462,11.08461538,9.323076923,8.569230769,4.423076923,5.776923077,10.99230769,8.923076923,12.47692308
208.9114828,12.89230769,18.17692308,16.83846154,19.00769231,12.53076923,17.51538462,10.91538462,17.06153846,13.6,11.83846154,9.046153846
209.1301517,10.50769231,11.45384615,13.27692308,12.56153846,9.707692308,12.01538462,9.915384615,5.892307692,9.376923077,15.91538462,12.28461538
209.3488111,9.076923077,5.230769231,7.338461538,11.63846154,9.423076923,11.59230769,20.11538462,10.12307692,16.27692308,8.369230769,14.08461538
209.5674608,7.492307692,2.5,5.115384615,12.76923077,19.6,12.53076923,10.6,5.469230769,8.876923077,5.984615385,13.92307692
209.786101,22.12307692,12.50769231,5.630769231,16.37692308,11.01538462,16.33076923,3.915384615,11.83846154,13.36153846,19.99230769,9.346153846
210.0047316,8.046153846,11.9,8.9,11.70769231,9.723076923,12.72307692,6.453846154,7.461538462,13.36923077,11.93076923,9.053846154
210.2233526,11.57692308,13.51538462,11.86153846,16.8,10.38461538,12.51538462,17.83846154,6.415384615,6.023076923,14.02307692,7.330769231
210.441964,10.4,2.5,7.646153846,3.130769231,5.446153846,5.276923077,10.51538462,11.44615385,12.06153846,10.8,6.830769231
210.6605658,8.823076923,6.353846154,12.53846154,12.05384615,8.776923077,13.39230769,10.68461538,11.48461538,6.415384615,12.34615385,13.66923077
210.879158,8.823076923,6.446153846,15.68461538,6.492307692,7.284615385,7.976923077,9.446153846,5.753846154,9.630769231,12.12307692,9.269230769
211.0977406,8.646153846,6.730769231,21.49230769,13.21538462,6.884615385,14.27692308,11.63076923,9.092307692,5.984615385,9.207692308,9.7
211.3163136,12.24615385,7.423076923,10.14615385,11.92307692,9.730769231,8.576923077,9.884615385,5.523076923,11.44615385,10.57692308,5.984615385
211.534877,6.123076923,9.461538462,13.86923077,10.48461538,8.738461538,20.85384615,10.90769231,9.438461538,13.32307692,8.923076923,11.33076923
211.7534308,10.79230769,1.476923077,5.384615385,2.261538462,9.923076923,11.55384615,7.876923077,14.45384615,4.007692308,11.67692308,6.507692308
211.971975,18.2,9.361538462,9.992307692,9.615384615,13.31538462,13.62307692,18.36923077,21.53076923,12.01538462,7.292307692,10.49230769
212.1905096,14.49230769,11.59230769,13.9,8.776923077,6.746153846,8,7.969230769,13.20769231,10.35384615,15.56923077,6.376923077
212.4090345,14.88461538,4.138461538,8.4,14.68461538,9.292307692,7.769230769,6.746153846,12.83846154,9.830769231,13.96153846,13.40769231
212.6275499,10.34615385,6.930769231,11.60769231,11.5,6.346153846,9.753846154,13.16153846,6.315384615,11.04615385,7.876923077,2.238461538
212.8460556,11.09230769,11.69230769,10.68461538,12.40769231,9.492307692,13.65384615,4.553846154,5.753846154,13.07692308,5.261538462,10.84615385
213.0645517,5.930769231,5.215384615,14.83076923,6.969230769,12.43846154,13.16923077,14,8.669230769,11.56923077,10.7,4.153846154
213.2830381,18.37692308,12.52307692,9.969230769,19.59230769,7.861538462,8.623076923,14.96153846,15.33846154,10.75384615,10.45384615,6.123076923
213.501515,13.93846154,11.41538462,5.7,7.446153846,7.692307692,5.8,3.946153846,11.24615385,8.761538462,13.33076923,13.96153846
213.7199822,7.369230769,10.26923077,15.19230769,9.015384615,11.14615385,14.90769231,15.54615385,8.107692308,10.29230769,13.43076923,15.30769231
213.9384398,6.884615385,3.723076923,6.630769231,4.776923077,15.06153846,10.34615385,15.56153846,13.13846154,9.346153846,5.715384615,8.676923077
214.1568877,14.83846154,5.169230769,15.42307692,13,4.276923077,12.69230769,13.16923077,11.70769231,14.53076923,14.44615385,4.430769231
214.3753261,5.423076923,10.54615385,8.830769231,7.1,7.823076923,7.515384615,8.684615385,3.346153846,11.09230769,10.81538462,12.80769231
214.5937547,8.453846154,10.48461538,11.92307692,15.28461538,12.80769231,13.77692308,11.07692308,12.77692308,5.869230769,11.65384615,10.83846154
214.8121738,17.90769231,6.884615385,10.86153846,14.16153846,5.015384615,12.39230769,8.376923077,10.85384615,10.91538462,13.8,13.12307692
215.0305832,6.923076923,5.6,13.51538462,21.09230769,10.84615385,6.576923077,8.292307692,6.784615385,14.6,6.107692308,7.646153846
215.2489829,11.09230769,8.046153846,7.684615385,10.04615385,8.246153846,12.61538462,9.261538462,11.60769231,9.592307692,6.123076923,5.7
215.467373,8.146153846,7.107692308,6.523076923,13.80769231,10,8.830769231,9.346153846,7.3,14.75384615,14.76923077,8.9
215.6857534,11.63846154,4.684615385,6.776923077,9.184615385,19.43846154,17.6,8.907692308,12.22307692,11.84615385,11.04615385,6.153846154
215.9041242,6.853846154,7.346153846,7.623076923,16.66153846,9.715384615,12.43846154,16.46153846,11.93846154,17.34615385,16,11.37692308
216.1224854,14.75384615,6.053846154,6.3,9.915384615,5.069230769,9.484615385,7.046153846,4.492307692,4.084615385,15.30769231,7.361538462
216.3408368,12.06923077,5.392307692,7.623076923,11.56153846,16.50769231,11.47692308,15.21538462,14.8,9.523076923,11.74615385,9.938461538
216.5591787,8.007692308,18.33846154,4.292307692,10.07692308,3.776923077,11.11538462,10.69230769,7.669230769,9.769230769,3.807692308,9.992307692
216.7775108,9.553846154,6.069230769,17.13846154,9.746153846,8.123076923,11.23076923,18.96153846,8.607692308,17.86153846,16.34615385,9.8
216.9958333,13.60769231,10.83076923,14.8,11.88461538,6.046153846,15.76923077,10.64615385,16.12307692,9.915384615,8.615384615,7.676923077
217.2141461,17.93076923,16.30769231,4.438461538,9.815384615,10.87692308,13.70769231,16.15384615,5.246153846,10.62307692,11.37692308,8.053846154
217.4324493,2.776923077,7.207692308,10.74615385,8.553846154,13.6,9.253846154,15.42307692,10.53846154,4.5,1.161538462,11.54615385
217.6507427,11.33076923,10.88461538,3.838461538,9.823076923,10.25384615,7.115384615,19.55384615,7.807692308,12.91538462,7.353846154,6.8
217.8690265,4.3,16.61538462,12.12307692,8.7,8.361538462,8.446153846,15.79230769,7.723076923,8,11.9,10.43076923
218.0873007,11.36923077,9.553846154,11.21538462,12.85384615,15.63846154,7.730769231,3.015384615,8.476923077,11.13846154,14.32307692,12.93076923
218.3055651,6.938461538,4.830769231,9.061538462,5.923076923,8.453846154,15.86153846,10.43846154,9.792307692,8.607692308,16.50769231,8.946153846
218.5238199,11.28461538,10.96153846,12.55384615,14.78461538,16.59230769,19.35384615,15.8,13.80769231,17.5,20.39230769,8
218.7420649,10.59230769,4.215384615,14.01538462,10.88461538,5.161538462,7.153846154,4.738461538,5.015384615,11.21538462,12.98461538,9.430769231
218.9603003,16.73076923,9.030769231,7.184615385,9.738461538,9.592307692,9.146153846,14.2,11.95384615,12.29230769,13.73846154,10.16153846
219.178526,12.65384615,3.238461538,7.792307692,4.361538462,5.9,9.369230769,9.846153846,8.223076923,11.10769231,8.692307692,3.738461538
219.396742,11.67692308,9.038461538,9.076923077,9.138461538,8.084615385,10.49230769,10.20769231,5.5,5.161538462,11.48461538,6.753846154
219.6149484,14.50769231,4.330769231,8.130769231,9.715384615,7.392307692,9.815384615,13.4,15.96153846,9.369230769,13.96923077,6.876923077
219.833145,10.46153846,1.638461538,15.02307692,8.623076923,10.47692308,13.17692308,9.084615385,4.553846154,18.3,15.09230769,19.27692308
220.0513319,2.769230769,7.8,5.661538462,18.47692308,5.776923077,8.476923077,2.123076923,12.23846154,6.946153846,11.97692308,7.561538462
220.2695091,18.39230769,10.21538462,16.56153846,6.7,15.33076923,9.776923077,8.369230769,14.8,18.88461538,12.29230769,10.38461538
220.4876766,4.853846154,5.084615385,14.49230769,7.938461538,7.638461538,15.50769231,6.869230769,9.953846154,8.484615385,12.56923077,12.86923077
220.7058344,11.76923077,10.21538462,13.58461538,9.707692308,7.4,17.53076923,11.3,14.45384615,11.4,9.184615385,9.453846154
220.9239825,6.938461538,6.969230769,6.376923077,12.67692308,6.738461538,9.9,3.530769231,5.8,6.053846154,19.04615385,9.607692308
221.1421209,14.16153846,12.33076923,8.623076923,12.31538462,10.50769231,9.4,10.16923077,12.20769231,9.492307692,6.484615385,9.346153846
221.3602496,13.49230769,3.446153846,3.676923077,10.86153846,12.26153846,8.430769231,5.546153846,7.553846154,4.3,14.76923077,5.169230769
221.5783685,16.40769231,4.092307692,7.761538462,8.353846154,5.576923077,13.62307692,17.81538462,8.923076923,7.3,20.74615385,11.91538462
221.7964777,14.67692308,4.3,7.8,12.87692308,11.61538462,11.11538462,6.238461538,9.769230769,6.261538462,9.676923077,5.015384615
222.0145773,10.34615385,5.453846154,12.53076923,4.769230769,10.91538462,12.03846154,9.215384615,12.96923077,22.55384615,15.44615385,6.538461538
222.232667,11.02307692,4.584615385,13.06923077,5.2,9.969230769,14.14615385,4.7,5.892307692,12.33846154,12.37692308,2.353846154
222.4507471,15.96923077,12.08461538,13.97692308,13.01538462,15.46153846,8.815384615,7.753846154,15.59230769,18.23076923,11.94615385,8.807692308
222.6688174,17.65384615,5.138461538,7.784615385,7.061538462,8.807692308,5.338461538,9.815384615,6.353846154,13.07692308,7.346153846,4.4
222.886878,11.24615385,4.292307692,9.569230769,23.07692308,12.17692308,12.23076923,16.87692308,18.5,7.769230769,13.87692308,14.92307692
223.1049289,7.515384615,1.884615385,6.630769231,4.353846154,12.17692308,12.59230769,6.592307692,5.046153846,5.438461538,8.607692308,10.54615385
223.3229701,6.153846154,11.76153846,7.976923077,7.584615385,12.53846154,10.97692308,13.13076923,10.7,11.02307692,7.1,17.45384615
223.5410015,4.923076923,6.061538462,8.484615385,12.8,10.07692308,4.615384615,15.75384615,3.230769231,2.530769231,16.55384615,14.14615385
223.7590231,9.753846154,9.815384615,5.815384615,21.71538462,6.738461538,19.43076923,10.06153846,11.96153846,11.33846154,10.56923077,7.169230769
223.977035,12.85384615,6.946153846,6.784615385,6.230769231,7.630769231,14.07692308,8.361538462,6.369230769,7.576923077,15.76923077,4.461538462
224.1950372,19.09230769,16.80769231,10.63076923,16.43076923,4.876923077,6.838461538,10.96153846,15.84615385,15.43076923,12.65384615,14.06923077
224.4130296,17.06923077,6.215384615,11.33846154,15.43846154,5.915384615,9.846153846,4.969230769,9.623076923,11.96923077,12.85384615,7.1
224.6310123,13.06923077,8.653846154,10.1,10.6,9.176923077,11.04615385,19.36923077,15.32307692,10.02307692,17.52307692,10.30769231
224.8489852,6.707692308,13.33846154,5.1,14.43076923,11.86923077,4.323076923,9.669230769,13.26923077,9.861538462,13.20769231,2.915384615
225.0669484,10.81538462,6.553846154,7.053846154,14.17692308,14.00769231,17.56923077,5.346153846,12.81538462,6.446153846,12.27692308,11.43076923
225.2849018,10.09230769,2.730769231,8.484615385,10.33076923,9.984615385,12.91538462,8.161538462,8.684615385,15.00769231,13.71538462,8.046153846
225.5028454,13.74615385,10.30769231,12.16923077,14.53846154,8.446153846,14.54615385,15.51538462,15.9,11.84615385,11.93846154,10.98461538
225.7207793,9.938461538,5.907692308,4.261538462,12.4,7.215384615,7.269230769,10.75384615,6.515384615,4.323076923,17.15384615,8.030769231
225.9387034,6.9,16.44615385,6.546153846,17.5,6.392307692,8.446153846,14.48461538,17.38461538,7.892307692,17.42307692,17.92307692
226.1566178,8.4,4.046153846,9.653846154,10.87692308,5.530769231,12.21538462,12.43846154,8.884615385,4.838461538,10.5,4.923076923
226.3745224,14.63846154,20.35384615,15.91538462,15,11.80769231,18.40769231,16.51538462,10.74615385,12.13846154,20.85384615,9.553846154
226.5924172,5.392307692,4.569230769,4.846153846,8.415384615,6.261538462,8.330769231,7.253846154,8.8,10.13076923,7.869230769,8
226.8103022,13.64615385,7.446153846,12.38461538,13.88461538,10.26923077,5.876923077,1.807692308,14.94615385,11.48461538,13.43076923,17.37692308
227.0281775,5.638461538,10.02307692,7.507692308,15.81538462,6.738461538,4.676923077,12.9,12.9,4.538461538,18.25384615,13.66923077
227.2460429,11.46153846,10.81538462,9.323076923,23.24615385,10.55384615,22.54615385,14.21538462,18.58461538,13.12307692,15.99230769,7.215384615
227.4638986,10.16153846,11.79230769,7.961538462,11.43076923,10.63846154,13.33076923,4.815384615,7.276923077,6.484615385,12.02307692,8.815384615
227.6817445,11.63846154,13.85384615,10.12307692,19.70769231,8.715384615,20.23076923,6.815384615,16.2,11.5,14.32307692,6.146153846
227.8995807,5.169230769,3.769230769,6.984615385,7.138461538,11.59230769,9.669230769,11.36153846,7.369230769,8.084615385,6.292307692,14
228.117407,13.2,7.061538462,13.03076923,12.99230769,12.60769231,9.615384615,14.30769231,7.823076923,5.507692308,14.62307692,7.684615385
228.3352236,10.24615385,6.230769231,4.661538462,15.9,8.753846154,11.17692308,5.276923077,16.18461538,13.04615385,14.83076923,6.476923077
228.5530303,15.98461538,13.45384615,16.63846154,7.646153846,4.923076923,10.02307692,4.046153846,10.30769231,10.31538462,9.669230769,15.36923077
228.7708273,15.04615385,6.876923077,6.615384615,13.29230769,10.23846154,13.61538462,8.207692308,7.184615385,7.692307692,5.761538462,5.084615385
228.9886144,6.176923077,5.915384615,12.90769231,18.58461538,14.01538462,14.85384615,12.80769231,17.17692308,15.58461538,14.65384615,1.923076923
229.2063918,7.046153846,9.492307692,13.36153846,12.89230769,3.484615385,12.25384615,4.715384615,18.45384615,15.13846154,12.18461538,13.37692308
229.4241593,19.12307692,2.884615385,8.561538462,12.50769231,4.823076923,3.423076923,8.276923077,4.146153846,10.32307692,9.7,9.784615385
229.6419171,8.169230769,1.3,7.3,8.607692308,5.061538462,15.09230769,6.8,8.992307692,5.430769231,13.03076923,5.530769231
229.859665,11.74615385,7.153846154,13.16153846,22.66153846,6.530769231,7.2,12.84615385,13.89230769,12.75384615,20.68461538,14.07692308
230.0774032,10.26153846,12.26923077,7.876923077,10.10769231,3.123076923,18.31538462,5.746153846,2.253846154,5.184615385,15.57692308,10.30769231
230.2951315,19.53846154,5.707692308,11.77692308,14.46923077,7.684615385,7.707692308,13.44615385,17.2,11.33846154,13.26153846,11.16923077
230.51285,6.376923077,7.138461538,8.284615385,8.330769231,13.96923077,8.315384615,6.769230769,12.67692308,10.81538462,13.36153846,12.49230769
230.7305587,15.07692308,10.56923077,15.81538462,12.16153846,10.06923077,10.66923077,11.79230769,12.72307692,14.93076923,14.09230769,10.85384615
230.9482575,12.76153846,10.26923077,7.607692308,8.346153846,5.4,5.6,12.87692308,6.946153846,8.546153846,10.70769231,4.092307692
231.1659466,13.93076923,5.123076923,14.03846154,9.123076923,12.15384615,14.76923077,24.85384615,10.37692308,12.82307692,13.98461538,16.08461538
231.3836258,14.34615385,8.323076923,10.95384615,6.523076923,3.146153846,9.592307692,4.661538462,8.669230769,10.23846154,18.41538462,4.469230769
231.6012952,4.246153846,6.046153846,15.34615385,6.161538462,5.830769231,9.830769231,5.761538462,9.169230769,7.1,15.68461538,11.03846154
231.8189547,11.25384615,9.269230769,11.47692308,11.88461538,5.284615385,12.19230769,9.753846154,10.02307692,7.361538462,7.653846154,10.10769231
232.0366045,11.44615385,12.97692308,8.538461538,7.553846154,9.346153846,8.815384615,9.269230769,10.92307692,11.62307692,13.57692308,12.75384615
232.2542444,8.569230769,5.476923077,7.476923077,10.42307692,10.48461538,12.99230769,9.292307692,9.969230769,11.78461538,11.11538462,6.469230769
232.4718744,17.03076923,10.5,9.653846154,13.49230769,6.384615385,11.07692308,12.53076923,11.56923077,10.03076923,19.63076923,11.53846154
232.6894946,5.623076923,9.953846154,4.792307692,14.7,12.79230769,13.93076923,7.630769231,6.676923077,4.176923077,6.153846154,6.576923077
232.907105,18.12307692,9.9,10.96153846,10.96923077,9.553846154,8.346153846,9.576923077,11.83076923,13.46923077,18.33076923,12.06153846
233.1247055,12.42307692,2.446153846,8.415384615,7.238461538,5.892307692,11.36923077,15.40769231,5.9,7.992307692,7.992307692,13.12307692
233.3422962,13.46923077,11.02307692,5.515384615,19.51538462,6.338461538,19.29230769,5.469230769,10.85384615,8.584615385,16.90769231,11.52307692
233.559877,9.423076923,5.084615385,6.723076923,15.2,4.423076923,3.207692308,10.87692308,12.67692308,7.669230769,12.58461538,4.553846154
233.777448,14.22307692,11.3,10.87692308,7.915384615,18.73846154,12.77692308,1.038461538,11.64615385,19.7,19.04615385,8.423076923
233.9950092,7.569230769,14.13846154,12.03076923,7.907692308,5.569230769,4.392307692,5.515384615,11.24615385,6.592307692,16.70769231,3.969230769
234.2125604,13.35384615,11.64615385,9.969230769,13.74615385,9.5,9.607692308,21.46153846,15.12307692,11.40769231,18.22307692,17.76153846
234.4301018,9.361538462,9.692307692,8.515384615,10.11538462,11.33846154,11.45384615,10.48461538,4.407692308,9.430769231,5.653846154,9.646153846
234.6476334,10.92307692,11.56153846,23.49230769,7.830769231,10.60769231,8.269230769,14.1,9.469230769,13.5,10.76923077,8.676923077
234.8651551,21.93076923,3.253846154,6.523076923,11.18461538,12.16153846,8.5,6.7,4.223076923,12.73076923,8.776923077,6.576923077
235.0826669,11.96923077,14.75384615,10.36923077,19.27692308,15.10769231,8.269230769,10.76923077,5.015384615,10.53076923,9.669230769,11.31538462
235.3001688,9.353846154,5.092307692,7.830769231,4.815384615,10.94615385,14.7,13.84615385,17.06153846,9.376923077,11.48461538,6.392307692
235.5176609,17.60769231,13.13076923,8.323076923,8.215384615,9.684615385,13.26923077,15.55384615,13.82307692,9.523076923,14.89230769,12.83846154
235.7351431,10.3,5.115384615,8.823076923,10.99230769,4.753846154,6.669230769,7.3,7.553846154,7.730769231,11.93076923,11.42307692
235.9526155,10.30769231,6.376923077,11.45384615,12.51538462,8.661538462,6.446153846,10.63076923,11.17692308,9.307692308,14.32307692,6.438461538
236.1700779,11.00769231,10.65384615,3.476923077,8.8,8.376923077,17.03076923,8.553846154,19.2,7.707692308,5.576923077,7.361538462
236.3875305,10.66923077,5.869230769,13.07692308,15.96153846,7.292307692,9.607692308,18.26153846,3.1,11.46923077,9.838461538,8.976923077
236.6049732,5.730769231,10.33076923,5.3,5.346153846,7.3,13.07692308,8.646153846,9.138461538,8.6,7.6,10.63076923
236.822406,16.03846154,5.484615385,12.95384615,13.47692308,12.39230769,16.76923077,13.88461538,14.47692308,5.046153846,15.67692308,5.276923077
237.0398289,7.092307692,12.02307692,8.430769231,4.746153846,10.88461538,11.83846154,10.13846154,15.83846154,4.876923077,16.52307692,11.36923077
237.2572419,8.230769231,6.061538462,12.93076923,11.23846154,9.323076923,9.830769231,12.86923077,8.461538462,17.94615385,5.753846154,6.176923077
237.474645,8.392307692,9.446153846,5.115384615,3.030769231,6.723076923,11.30769231,6.692307692,9.446153846,3.984615385,14.07692308,12.23846154
237.6920383,8.730769231,3.546153846,16.79230769,8.584615385,6.846153846,13.53076923,13.76153846,10.26153846,9.576923077,7.884615385,7.692307692
237.9094216,16.96153846,9.2,1.307692308,14.91538462,11.00769231,10.40769231,14.02307692,11.86153846,2.038461538,12.00769231,8.869230769
238.126795,13.8,12.57692308,13.38461538,12.93846154,16.13076923,9.807692308,5.007692308,15.73846154,14.36923077,17.57692308,11.5
238.3441586,17.83076923,5.8,7.169230769,11.23846154,9.884615385,7.715384615,7.807692308,9.115384615,12.21538462,15.59230769,11.52307692
238.5615122,4.676923077,13.03846154,8.046153846,4.8,17.5,6.3,13.14615385,11.72307692,21.65384615,18.86923077,12.83076923
238.7788559,13.76923077,5.546153846,9.469230769,6.230769231,8.346153846,21.86923077,12.01538462,10.94615385,4.907692308,11.02307692,4.207692308
238.9961897,5.7,2.930769231,6.230769231,10.77692308,5.707692308,11.03846154,20.06153846,6.769230769,10.12307692,12.67692308,4.892307692
239.2135136,6.661538462,4.646153846,9.946153846,14.5,11.90769231,2.276923077,11.81538462,8.407692308,10.68461538,15.64615385,6.523076923
239.4308276,12.3,15.77692308,12.26153846,11.18461538,16.65384615,16.95384615,11.37692308,5.746153846,6.476923077,18.26153846,12.46923077
239.6481317,4.8,5.769230769,12.2,21.2,1.553846154,17.10769231,7.207692308,9.284615385,7.2,13.04615385,6.253846154
239.8654259,13.59230769,3.715384615,8.130769231,15.58461538,6.876923077,7.5,10.82307692,7.492307692,16.80769231,18.73076923,11.71538462
240.0827101,7.646153846,6.3,5.015384615,23.18461538,7.2,12.50769231,12.61538462,6.676923077,16.28461538,11.29230769,7.076923077
240.2999844,9.446153846,10.96153846,7.192307692,7.661538462,10.37692308,10.27692308,8.553846154,10.31538462,9.807692308,26.6,7.892307692
240.5172488,4.407692308,12.00769231,9.215384615,10.98461538,10.85384615,11.03076923,2.7,9.007692308,15.55384615,4.330769231,10.9
240.7345032,11.40769231,10.46153846,9.523076923,9.830769231,4.169230769,11.2,10.66153846,7.907692308,19.27692308,11.06153846,12.83846154
240.9517477,4.6,11.06153846,13.5,15.87692308,16.36923077,8.469230769,5.061538462,5.976923077,11.84615385,13.86923077,6.361538462
241.1689823,9.476923077,9.6,16.63846154,11.32307692,7.915384615,9.415384615,15.71538462,10.85384615,5.084615385,13.04615385,13.64615385
241.386207,16.13846154,2.184615385,11.47692308,17.18461538,3.030769231,7.069230769,10.53846154,7.430769231,16.52307692,12.07692308,20.70769231
241.6034217,9.238461538,6.9,12.16153846,12.69230769,8.184615385,12.96923077,10.83846154,17.00769231,14.03076923,12.5,14.38461538
241.8206264,6.992307692,5.223076923,13.20769231,11.91538462,8.553846154,10.71538462,12.63076923,12.84615385,8.469230769,15.79230769,10.24615385
242.0378213,12.07692308,15.74615385,14.21538462,13.77692308,14.18461538,7.684615385,13.87692308,13.53846154,9.492307692,23.73076923,10.35384615
242.2550061,6.615384615,9.953846154,8.476923077,8.346153846,16.4,11.18461538,6.984615385,5.738461538,13.63846154,14.53076923,5.346153846
242.4721811,13.24615385,4.815384615,15.36153846,14.11538462,10.06923077,15.26153846,8.546153846,9.738461538,7.576923077,14.76923077,7.446153846
242.689346,6.276923077,17.26153846,13.32307692,14.58461538,7.592307692,9.653846154,8.223076923,10.51538462,18.31538462,10.35384615,7.376923077
242.9065011,23.84615385,13.70769231,13.95384615,5.484615385,6.976923077,13.25384615,9.292307692,0.961538462,13.6,17.43076923,7.915384615
243.1236461,11.5,5.092307692,11.33846154,10.88461538,3.892307692,5.869230769,12.4,0.915384615,7.446153846,11.88461538,6.907692308
243.3407812,13.18461538,10.69230769,9.030769231,12.44615385,16.21538462,11.68461538,10.90769231,17.63846154,14.56153846,11.96153846,10.63846154
243.5579064,3.430769231,5.530769231,2.892307692,8.053846154,10.20769231,9.176923077,4.507692308,11.2,19.18461538,6.623076923,9.053846154
243.7750216,11.33846154,4.923076923,10.39230769,12.10769231,8.569230769,14.15384615,5.615384615,13.14615385,10.28461538,19.9,22.83846154
243.9921268,3.438461538,13.67692308,8.476923077,16.67692308,9.584615385,5.623076923,5.838461538,8.753846154,7.230769231,17.2,6.984615385
244.2092221,16.44615385,11,13.22307692,12.60769231,5.169230769,14.63846154,19.8,22.39230769,5.338461538,11.00769231,13.95384615
244.4263073,11.43846154,9.623076923,9.715384615,18.43076923,7.115384615,16.77692308,3.169230769,10.05384615,9.530769231,10.3,7.692307692
244.6433826,18.1,10.23846154,14.01538462,17.08461538,16.75384615,10.40769231,20.80769231,17.84615385,15.39230769,9.576923077,13.43076923
244.860448,7.623076923,1.415384615,5.3,6.992307692,12.24615385,9.538461538,8.107692308,9.407692308,10.28461538,6.323076923,5.123076923
245.0775033,12.60769231,7.984615385,5.384615385,16.33846154,6.776923077,10.05384615,9.907692308,12.57692308,6.846153846,13.96153846,10.09230769
245.2945487,12.22307692,3.3,3,6.953846154,4.323076923,11,5.730769231,6.507692308,7.330769231,2.769230769,6.746153846
245.5115841,16.96923077,10.08461538,12.24615385,17.18461538,2.907692308,17.25384615,19.71538462,15.5,8.069230769,12.89230769,12.34615385
245.7286095,5.876923077,7.392307692,7.115384615,12.29230769,15.5,5.930769231,5.430769231,6.061538462,10.16923077,18.6,8.930769231
245.945625,16.96923077,8.2,10.47692308,20.19230769,9,14.03846154,6.746153846,9.538461538,15.5,22.47692308,11.1
246.1626304,13.30769231,6.4,6.630769231,6.038461538,9.461538462,9.292307692,8.253846154,7.330769231,13.95384615,9.961538462,11.33846154
246.3796258,7.523076923,6.9,14.47692308,14.37692308,15.89230769,14.43076923,13.29230769,13.93846154,8.838461538,14.35384615,10.23076923
246.5966113,5.853846154,6.976923077,1.7,8.915384615,5.907692308,8.646153846,14.70769231,7.807692308,8.907692308,13.83076923,4.492307692
246.8135867,10.94615385,19.34615385,11.63846154,10.51538462,14.46923077,11.61538462,9.9,6.276923077,10.22307692,13.97692308,17.37692308
247.0305522,12.31538462,5.753846154,5.753846154,3.861538462,17.03076923,12.35384615,6.761538462,7.730769231,10.42307692,8.769230769,4.8
247.2475076,21.54615385,10.88461538,13.06923077,17.09230769,8.192307692,13.87692308,8.261538462,22.98461538,14.05384615,9.153846154,2.023076923
247.4644531,13.53846154,7.915384615,4.461538462,13.17692308,13.30769231,4.392307692,12.4,15.13846154,6.715384615,10.4,12.76153846
247.6813885,11.93076923,6.330769231,15.13076923,16.37692308,13.38461538,16.85384615,11.8,10.46923077,5.061538462,10.68461538,14.87692308
247.898314,10.93846154,1.438461538,9.130769231,16.21538462,11.83076923,7.792307692,7.915384615,5.784615385,6.615384615,12.76923077,15.06153846
248.1152294,18.21538462,8.107692308,16.95384615,26.36153846,8.138461538,21.78461538,17.74615385,7.076923077,12.43846154,11.89230769,15.71538462
248.3321348,5.707692308,9.776923077,4.715384615,14.76923077,11.62307692,10.03076923,5.653846154,7.715384615,1.792307692,13.39230769,3.738461538
248.5490302,7.792307692,4.561538462,7.853846154,16.14615385,11.77692308,17.53846154,17.81538462,13.61538462,16.03076923,13.33076923,10.56923077
248.7659155,7.261538462,5.2,5.123076923,22.56153846,14.70769231,8.715384615,8.3,6.592307692,11.68461538,19.16923077,10.1
248.9827909,16.24615385,10.02307692,10.73076923,10.84615385,8.669230769,9.046153846,9.038461538,21.91538462,12.40769231,15.99230769,9.923076923
249.1996562,16.56153846,6.6,13.59230769,19.07692308,9.076923077,12.03846154,20.96153846,21.6,9.292307692,11.46153846,6.7
249.4165115,6.769230769,7.715384615,3.253846154,11.69230769,18.72307692,9.230769231,21.33846154,4.746153846,8.438461538,21.39230769,8.530769231
249.6333568,8.938461538,12.85384615,9.553846154,3.092307692,3.761538462,6.853846154,9.4,8.853846154,10.53076923,6.330769231,10.38461538
249.850192,11.73846154,13.33076923,11.67692308,6.584615385,11.5,14.67692308,14.12307692,18.83076923,14.61538462,22.66153846,20
250.0670172,11.53076923,4.723076923,12.99230769,10.73076923,10.30769231,7.107692308,9.123076923,6.730769231,8.115384615,12.99230769,11.92307692
250.2838324,13.29230769,7.984615385,16.37692308,11.01538462,4.984615385,11.77692308,17,10.56153846,17.8,5.569230769,16.07692308
250.5006376,10.63846154,7.646153846,6.938461538,7.530769231,6.207692308,15.54615385,13.30769231,3.3,9.015384615,13.86923077,14.46153846
250.7174327,25.38461538,12.54615385,12.10769231,13.44615385,7.953846154,18.69230769,16.57692308,14.06153846,11.66923077,12.14615385,11.07692308
250.9342177,10.4,6.315384615,15.26923077,1.053846154,7.869230769,14.93846154,12.97692308,7.146153846,4.784615385,14.55384615,5.607692308
251.1509927,17.70769231,14.31538462,16.13846154,11.59230769,15.63846154,12.69230769,13.12307692,15.27692308,14.75384615,15.85384615,11.32307692
251.3677577,5.353846154,9.623076923,9.653846154,9.738461538,10.4,12.99230769,9.8,9.769230769,6.053846154,13,7.476923077
251.5845126,20.31538462,11.06153846,4.284615385,3.623076923,15.68461538,17.65384615,12.47692308,15.14615385,10.68461538,9.461538462,3.438461538
251.8012574,7.115384615,8.061538462,6.769230769,10.53076923,5.530769231,12.84615385,9.953846154,4.423076923,11.96923077,12.53846154,5.707692308
252.0179922,9.669230769,7.953846154,10.67692308,15.4,4.684615385,12.45384615,7.007692308,14.63846154,11.64615385,13.61538462,8.753846154
252.234717,11.93076923,9.669230769,6.015384615,6.915384615,10.32307692,6.892307692,12.80769231,7.230769231,12.93846154,13.52307692,8.046153846
252.4514317,14.7,8.484615385,6.6,10.2,11.11538462,8.876923077,0.992307692,8.776923077,15.50769231,14.83076923,16.13846154
252.6681363,13.43846154,6.592307692,11.31538462,12.55384615,10.33846154,11.49230769,3.869230769,11.83846154,6.738461538,11.19230769,17.43076923
252.8848309,8.923076923,4.915384615,13.5,14.80769231,6.584615385,8.792307692,11.55384615,19.84615385,8.915384615,9.953846154,14.66923077
253.1015153,13.72307692,9.7,7.569230769,13.75384615,8.253846154,5.930769231,4.653846154,0.861538462,23.08461538,16,14.08461538
253.3181898,14.47692308,11.17692308,11.16923077,9.384615385,10.00769231,9.230769231,11.78461538,12.84615385,13.85384615,23.54615385,10.23846154
253.5348541,9.092307692,3.923076923,10.85384615,3.923076923,6.853846154,8.838461538,8.123076923,7.661538462,11.12307692,8.376923077,14.84615385
253.7515084,14.85384615,3.2,8.853846154,14.86923077,15.18461538,10.50769231,10.21538462,6.769230769,4.523076923,7.223076923,12.86923077
253.9681526,13.11538462,4.630769231,10.40769231,11.32307692,6.630769231,4.692307692,12.45384615,7.730769231,8.515384615,8.976923077,6.007692308
254.1847867,10.40769231,9.392307692,12.89230769,15.79230769,11.31538462,21.10769231,15.98461538,15.34615385,11.88461538,6.653846154,8.023076923
254.4014108,14.08461538,7.469230769,11.3,6.653846154,9.223076923,10.43846154,7.892307692,13.60769231,8.015384615,5.946153846,8.130769231
254.6180247,8.484615385,15.34615385,9.253846154,7.030769231,7.084615385,10.60769231,14.96153846,14.2,12.76923077,12.19230769,8.038461538
254.8346286,11.35384615,9.7,9.423076923,5.769230769,11.79230769,8.553846154,10.62307692,1.638461538,5.376923077,8.438461538,9.507692308
255.0512224,14.96923077,3.715384615,8.638461538,13.8,15.91538462,12.30769231,12.60769231,11.64615385,15.80769231,17.75384615,19.6
255.2678061,9.284615385,11.87692308,8.361538462,2.1,11.23846154,15.95384615,4.946153846,9.5,7.653846154,13.53846154,2.6
255.4843797,12.36153846,8.153846154,7.130769231,10.89230769,14.63846154,9.853846154,12.59230769,9.676923077,15.02307692,14.99230769,16.66923077
255.7009432,12.54615385,7.630769231,9.861538462,7.746153846,9.4,15.28461538,7.607692308,8.423076923,20.9,10.36923077,12.56153846
255.9174966,10.72307692,7.784615385,12.82307692,8.176923077,12.50769231,13.15384615,8.569230769,13.24615385,12.35384615,16.76923077,13.66923077
256.1340399,4.469230769,5.838461538,12.9,15.01538462,8.515384615,8.369230769,7.792307692,8.869230769,12.18461538,6.376923077,3.438461538
256.3505731,17.46153846,10.23076923,11.56923077,4.538461538,12.72307692,12.71538462,20.59230769,10.60769231,17.34615385,17.80769231,11.70769231
256.5670961,7.484615385,11.16153846,6.692307692,9.984615385,10.5,10.46153846,11.74615385,5.807692308,11.76153846,11.67692308,5.246153846
256.7836091,13.42307692,8.969230769,7.2,14.61538462,2.846153846,14.68461538,17.38461538,10.46153846,7.253846154,17.34615385,11.74615385
257.000112,7.830769231,7.869230769,8.784615385,13.71538462,13.33846154,6.015384615,4.123076923,8.653846154,10.83846154,15.94615385,14.9
257.2166048,14.25384615,6.746153846,10.20769231,18.27692308,12.09230769,17.83846154,4.761538462,12.96923077,11.70769231,20.94615385,10.40769231
257.4330874,9.7,9.615384615,12.13846154,13.46153846,6.6,8.430769231,14.39230769,5.238461538,7.538461538,5.3,6.638461538
257.6495599,18.37692308,9.176923077,11.92307692,13.2,10.06153846,11.57692308,9.946153846,12.1,11.03076923,29.54615385,17.33076923
257.8660223,9.369230769,9.738461538,13.5,3.215384615,4.838461538,19.49230769,5.992307692,9.992307692,8.684615385,8.638461538,12
258.0824746,9.246153846,10.28461538,7.338461538,9.138461538,8.1,12.51538462,9.492307692,14.54615385,10.53846154,18.55384615,9.115384615
258.2989168,11.41538462,6.176923077,9.361538462,15.01538462,8.2,7.892307692,5.746153846,12.56923077,8.215384615,8.292307692,4.169230769
258.5153488,25.17692308,7.507692308,10.49230769,6.361538462,5.292307692,15.25384615,12.21538462,9.661538462,14.20769231,18.79230769,12.82307692
258.7317707,13.36153846,10.39230769,6.515384615,6.323076923,3.430769231,7.453846154,4.361538462,12.2,5.184615385,14.27692308,7.746153846
258.9481825,18.6,6.538461538,3.830769231,13.62307692,2.015384615,16.03076923,10.60769231,8.8,11.36923077,16.87692308,12.35384615
259.1645841,19.63846154,8.969230769,11.84615385,17.26153846,10.39230769,9.846153846,16.43076923,6.838461538,11.05384615,8.246153846,3.9
259.3809756,23.17692308,9.846153846,4.069230769,11.56153846,9.692307692,14.95384615,10.98461538,7.969230769,10.45384615,15.16923077,17.74615385
259.597357,3.084615385,18.66153846,15.81538462,6.392307692,5.076923077,11.29230769,14.40769231,11.38461538,10.39230769,4.861538462,14.96923077
259.8137282,15.10769231,18.3,10.62307692,15.01538462,9.015384615,7.815384615,5.153846154,16.34615385,3.353846154,24.18461538,6.269230769
260.0300893,12.1,7.323076923,6.415384615,18.87692308,4.169230769,8.346153846,8.792307692,6.223076923,11.96923077,8.961538462,5.184615385
260.2464402,16.14615385,11.31538462,9.9,11.53846154,5.415384615,14.70769231,14.3,8.153846154,5.723076923,13.23076923,12.13846154
260.462781,6.238461538,7.184615385,14.27692308,19.66153846,9.646153846,11.94615385,15.13846154,12.70769231,7.6,18.24615385,1.546153846
260.6791116,12.89230769,15.66153846,17.13076923,11.92307692,18.78461538,16.23846154,9.869230769,10.44615385,16.13076923,12.76153846,14.19230769
260.8954321,7.207692308,12.26153846,9.669230769,12.99230769,12.12307692,11.75384615,6,16.30769231,7.715384615,6.061538462,4.484615385
261.1117424,15.70769231,7.7,9.369230769,9.2,6.784615385,12.10769231,14.05384615,6.5,17.37692308,21.52307692,10.55384615
261.3280426,6.384615385,7.823076923,14.26153846,9.715384615,6.753846154,12.1,13.91538462,11.81538462,9.153846154,8.684615385,8.023076923
261.5443326,6.930769231,8.046153846,10.10769231,11.76923077,12.31538462,17.43076923,10.06923077,16.6,5.346153846,8.615384615,10.93076923
261.7606124,4.738461538,14.00769231,8.107692308,17.07692308,7.784615385,18.55384615,23,15.39230769,13.23846154,9.646153846,10.4
261.9768821,14.9,13.39230769,11.26923077,7.407692308,12.1,19.66923077,5.907692308,8.315384615,8.638461538,18.49230769,7.484615385
262.1931415,8.976923077,17.02307692,7.315384615,5.992307692,10.98461538,17.06153846,12.20769231,13.73076923,10.46923077,5.884615385,5.253846154
262.4093909,14.44615385,13.6,11.56153846,11,16.00769231,10.40769231,13.48461538,10.26923077,10,12.27692308,7.830769231
262.62563,11.01538462,9.315384615,5.753846154,9.092307692,6.246153846,14.54615385,14.16923077,10.33076923,8.976923077,16.00769231,17.43846154
262.841859,9.969230769,11.36153846,16.6,19.97692308,15.37692308,15.16923077,11.20769231,11.85384615,12.86153846,26.84615385,22.45384615
263.0580778,10.45384615,5.938461538,21.82307692,8.692307692,2.453846154,8.1,11.75384615,4.707692308,6.515384615,9.815384615,6.838461538
263.2742864,6.592307692,15.96153846,11.97692308,20.1,11.86923077,11.61538462,12.26923077,13.19230769,8.592307692,18.26923077,17.62307692
263.4904849,2.230769231,9.215384615,13.46153846,7.584615385,6.6,11.77692308,7.453846154,9.507692308,7.153846154,14.20769231,14.2
263.7066731,19.93846154,9.392307692,10.68461538,6.830769231,10.93846154,9.976923077,18.71538462,9.515384615,7.446153846,12.60769231,6.584615385
263.9228512,9.769230769,14.97692308,12.26923077,11,5.353846154,12.45384615,10.37692308,4,9.061538462,12.92307692,13.15384615
264.139019,12.95384615,9.961538462,8.130769231,13.05384615,6.761538462,13.33846154,3.661538462,13.86923077,16.93076923,10.95384615,11.43846154
264.3551767,7.815384615,5.3,8.369230769,18.76153846,6.4,9.315384615,11.07692308,7.876923077,11.64615385,15.62307692,12.43846154
264.5713242,17.60769231,10.02307692,9.884615385,16.66153846,11.56153846,13.44615385,18.65384615,11.28461538,11.27692308,20.8,18.63076923
264.7874615,6.623076923,8.230769231,12.5,13.13076923,14,7.753846154,12.61538462,12.66923077,13.13846154,6.076923077,5.515384615
265.0035886,11.56923077,11.43076923,20.79230769,19.44615385,13.26153846,7.576923077,15.46923077,11.08461538,14.46923077,16.62307692,16.20769231
265.2197055,12.03846154,9.546153846,5.838461538,9.730769231,11.93846154,6.276923077,9.553846154,12.45384615,10.96923077,7.469230769,7.369230769
265.4358121,10.66923077,9.692307692,17.39230769,15.06923077,7.269230769,16.02307692,13.72307692,12.85384615,7.730769231,8.638461538,7.430769231
265.6519086,11.51538462,2.292307692,13.41538462,4.138461538,1.423076923,7.192307692,7.707692308,7.461538462,8.976923077,13.03076923,0.730769231
265.8679949,10.96923077,14.52307692,11.9,8.892307692,12.48461538,4.561538462,5.453846154,11.99230769,7.184615385,9.123076923,11.16153846
266.0840709,4.684615385,8.453846154,11.46153846,10.46923077,4.407692308,8.753846154,7.961538462,9.061538462,1.953846154,19.9,12.24615385
266.3001368,13.56923077,11.88461538,7.523076923,18.43076923,7.338461538,25.43076923,13.04615385,17.11538462,12.63076923,19.3,14.85384615
266.5161924,8.276923077,3.892307692,14.36923077,14.36923077,7.146153846,6.446153846,12.46923077,8.915384615,9.776923077,14.62307692,10.13076923
266.7322378,13.9,7.884615385,8.453846154,10.91538462,6.823076923,20.73076923,2.138461538,8.553846154,12.58461538,9.176923077,15.6
266.948273,7.7,2.507692308,15.70769231,10.32307692,10.68461538,8.553846154,4.369230769,3.015384615,6.530769231,6.846153846,8.4
267.1642979,14.35384615,10.14615385,13.86153846,11.45384615,9.553846154,14.27692308,16.86153846,5.623076923,9.861538462,16.95384615,7.253846154
267.3803126,6.746153846,5.561538462,6.492307692,9.876923077,11.88461538,12.56153846,7.9,9.338461538,13.31538462,5.669230769,2.707692308
267.5963171,14.08461538,14.66153846,9.515384615,4.738461538,9.969230769,5.738461538,12.20769231,16.13846154,10.76923077,15.72307692,16.91538462
267.8123114,13.43846154,11.01538462,9.046153846,16.66153846,6.530769231,10.43846154,14.90769231,14.16153846,12.48461538,14.9,13.23076923
268.0282954,14.67692308,8.053846154,9.038461538,8.415384615,10.33846154,16.46153846,20.66153846,20.4,9.446153846,13.72307692,11.56153846
268.2442692,9.061538462,2.715384615,8.1,10.27692308,3.146153846,12.11538462,5.684615385,9.169230769,7.738461538,3.646153846,12.03846154
268.4602328,8.769230769,9.323076923,13.04615385,11.84615385,7.207692308,8.192307692,15.46923077,9.692307692,11.44615385,21.82307692,10.93846154
268.6761861,15.44615385,14.52307692,11.62307692,11.82307692,6.538461538,8.269230769,5.976923077,5.215384615,10.25384615,18.73076923,3.3
268.8921292,13.35384615,5.830769231,9.423076923,13.02307692,15.82307692,12.71538462,4.430769231,7.3,16.06153846,6.269230769,8.146153846
269.108062,17.63846154,3.692307692,4.446153846,14.49230769,16.81538462,14.01538462,11.2,10.97692308,11.52307692,7.323076923,7.376923077
269.3239846,10.66923077,6.976923077,11.70769231,8.323076923,5.653846154,11.99230769,12.66923077,7.946153846,12.73076923,13.65384615,6.530769231
269.5398969,11.93076923,7.730769231,11.60769231,11,9.338461538,10.43076923,4.853846154,5.5,11.3,8.7,10.71538462
269.755799,14.4,8.907692308,20.73846154,13.1,19.86153846,11.53076923,13.27692308,9.653846154,15.11538462,8.7,10.61538462
269.9716908,9.7,8.415384615,11.31538462,13.16923077,0.476923077,10.8,10.80769231,11.11538462,6.638461538,9.261538462,6.169230769
270.1875724,19.6,14.30769231,13.96153846,9.676923077,5.607692308,11.39230769,7.692307692,9.507692308,14.43076923,16.39230769,10.33846154
270.4034437,8.538461538,5.061538462,10.11538462,14.46153846,6.8,7.223076923,7.107692308,5.246153846,13.81538462,14.7,6.623076923
270.6193047,10.70769231,9.776923077,4.953846154,12.41538462,11.66923077,9.130769231,14.65384615,9.723076923,12.30769231,21.82307692,9.315384615
270.8351555,12.33846154,7.953846154,9.376923077,9.761538462,7.753846154,5.730769231,10.67692308,7.669230769,10.38461538,10.96923077,4.407692308
271.050996,9.938461538,8.953846154,12.89230769,14.74615385,14.90769231,18.81538462,13.70769231,14.09230769,12.42307692,16.58461538,6.930769231
271.2668262,12.45384615,5.138461538,10.70769231,7.876923077,8.676923077,6.584615385,13.54615385,6.369230769,8.315384615,9.838461538,9.576923077
271.4826462,12.51538462,8.6,14.56153846,13.5,17.16153846,8.715384615,15.23846154,8.969230769,7,14.25384615,8.046153846
271.6984559,14.29230769,13.09230769,8.453846154,12.59230769,14.46923077,5.446153846,10.95384615,10.84615385,6.215384615,14.53076923,8.607692308
271.9142553,4.869230769,6.392307692,10.57692308,16.30769231,5.430769231,19.16153846,12.83846154,16.84615385,14.5,18.79230769,2.938461538
272.1300444,9.715384615,4.661538462,6.807692308,13.88461538,9.9,8.030769231,7.961538462,11.93846154,2.392307692,6.538461538,11.42307692
272.3458233,1.930769231,7.276923077,6.623076923,16.55384615,18.33076923,5.269230769,9.461538462,7.984615385,8.6,10.07692308,5.769230769
272.5615919,13.37692308,2.176923077,9.823076923,5.669230769,10.74615385,8.769230769,16.6,7.030769231,6.469230769,6.630769231,11.86153846
272.7773501,19,12.28461538,13.48461538,9.515384615,13.96153846,7.046153846,0.946153846,11.68461538,13.68461538,19.22307692,9.369230769
272.9930981,6.623076923,4.192307692,6.730769231,10.33076923,5.507692308,11,13.60769231,15.4,7.238461538,6.615384615,8.353846154
273.2088358,10.39230769,7.069230769,6.984615385,10.48461538,10.16153846,9.653846154,9.869230769,10.52307692,12.53846154,15.43846154,14.33846154
273.4245632,6.769230769,8.123076923,6.207692308,12.84615385,6.615384615,13.70769231,7.692307692,15.45384615,12.90769231,11.74615385,5.676923077
273.6402803,13.56153846,13.70769231,9.676923077,17.20769231,6.061538462,9.753846154,9.115384615,4.023076923,8.538461538,23.75384615,5.192307692
273.8559871,11.66153846,11.41538462,7.146153846,16.87692308,8.561538462,14.69230769,14.42307692,17.13846154,9.092307692,12.82307692,9.123076923
274.0716836,6.576923077,5.261538462,12.48461538,9.830769231,7.5,23.53076923,14.70769231,17.33076923,6.515384615,15.54615385,10.22307692
274.2873698,6.146153846,2.992307692,10.24615385,6.892307692,5.238461538,18.51538462,6.815384615,12.95384615,9.292307692,15.03846154,10.26923077
274.5030457,12.65384615,13.40769231,14.89230769,11.06923077,10.92307692,19.45384615,15.3,13.5,11.09230769,14.68461538,11.30769231
274.7187113,6.630769231,10.66923077,10.23076923,13.37692308,15.64615385,14.74615385,12.4,10.45384615,13.68461538,19.13076923,5.507692308
274.9343666,11.66153846,9.130769231,5.884615385,16.76923077,14.6,13.36923077,5.246153846,15.69230769,9.530769231,11.05384615,14.96923077
275.1500116,5.115384615,8.707692308,5.3,9.815384615,3.538461538,16.16923077,8.792307692,6.253846154,16.05384615,7.861538462,8.669230769
275.3656462,13.73846154,4.730769231,17.25384615,12.8,11.47692308,19.07692308,13.50769231,18.63846154,10.26923077,16.80769231,10.16923077
275.5812705,8.123076923,15.92307692,14.69230769,3.961538462,6.807692308,6.730769231,9.692307692,11.83846154,10.02307692,15.43846154,7.630769231
275.7968845,6.738461538,4.776923077,6.261538462,9.923076923,8.8,13.60769231,14.24615385,5.923076923,11.18461538,13.56923077,13.66923077
276.0124882,7.715384615,5.430769231,5.176923077,16.61538462,7.384615385,3.315384615,7.161538462,13.04615385,4.784615385,8.707692308,11.48461538
276.2280816,12.56153846,6.046153846,12.9,7.807692308,5.446153846,11.45384615,8.646153846,10.65384615,6.807692308,12.46923077,4.338461538
276.4436646,7.353846154,3.123076923,7.861538462,14.77692308,9.392307692,16.23076923,10.56153846,12.90769231,5.784615385,8.692307692,15.23846154
276.6592373,10.03846154,4.046153846,15.74615385,14.2,7.015384615,13.94615385,13.56923077,15.83846154,16.54615385,12.86923077,12.61538462
276.8747997,10.34615385,7.261538462,2.484615385,10.92307692,8.930769231,9.530769231,7.461538462,8.461538462,13.42307692,11.83076923,7.153846154
277.0903517,11.28461538,18.79230769,10.73076923,17.54615385,17.69230769,19.47692308,13.63846154,6.669230769,14.63846154,23.73076923,8.976923077
277.3058934,7.607692308,6.530769231,12.64615385,8.315384615,13.61538462,4.315384615,10.01538462,1.253846154,10.34615385,10.07692308,5.184615385
277.5214248,14.74615385,1.984615385,13.90769231,16.9,16.24615385,17.37692308,11.91538462,11.44615385,10.62307692,14.69230769,10.76153846
277.7369458,7.638461538,12.27692308,10.43846154,10.49230769,9.030769231,12.63846154,6.407692308,11.59230769,11.37692308,12.90769231,10.46153846
277.9524564,13.93846154,12.76153846,14.13076923,17.4,8.376923077,10.98461538,15.56153846,18.73846154,9.853846154,20.18461538,12.06923077
278.1679567,12.32307692,5.761538462,10.9,12.96153846,6.4,6.5,9.792307692,8.592307692,11.03846154,10.07692308,4.346153846
278.3834467,10.08461538,7.123076923,11.04615385,15.84615385,13.63846154,16.85384615,13.56923077,10.33846154,6.769230769,6.830769231,14.56923077
278.5989263,6.707692308,10.79230769,9.669230769,16.09230769,16.58461538,16.03076923,3.561538462,10.40769231,2.076923077,4.369230769,5.684615385
278.8143956,6.923076923,8.176923077,11.02307692,10.3,6.9,15.40769231,13.12307692,12.28461538,11.83076923,11.48461538,15.84615385
279.0298545,3.746153846,3.815384615,6.953846154,6.5,10.91538462,14.51538462,14.85384615,8.446153846,7.530769231,11.82307692,15.13846154
279.245303,5.853846154,10.94615385,12.32307692,8.761538462,9.284615385,14.81538462,18.53076923,20.65384615,12.87692308,21.94615385,15.98461538
279.4607412,12.85384615,6.769230769,11.33846154,7.453846154,18.89230769,6.8,11.77692308,8.161538462,7.476923077,12.48461538,8.023076923
279.676169,12.86923077,12.11538462,9.746153846,9.584615385,20.56153846,18.16923077,14.49230769,12.05384615,12.16153846,17.82307692,11.05384615
279.8915865,7.023076923,8.276923077,7.730769231,9.607692308,11.09230769,17.70769231,8.676923077,2.307692308,9.769230769,8.015384615,8
280.1069936,12.59230769,18.91538462,17.30769231,19.68461538,23.8,9.530769231,6.069230769,9.569230769,8.784615385,8.715384615,16.22307692
280.3223903,15.20769231,8.476923077,10.93846154,9.161538462,3.346153846,13.17692308,3.346153846,12.74615385,7.4,12.87692308,2.8
280.5377766,7.053846154,10.47692308,5.715384615,12.53846154,16.61538462,14.82307692,14.55384615,12.70769231,5.384615385,19.8,11.52307692
280.7531526,6.576923077,2.430769231,8.569230769,5.607692308,8.530769231,12.77692308,2.607692308,8.646153846,15.57692308,19.85384615,4.415384615
280.9685182,13.46923077,9.392307692,5.307692308,17.4,8.661538462,8.876923077,18.26923077,7.415384615,4.292307692,19.55384615,16.83846154
281.1838734,13.05384615,5.361538462,10.24615385,17.21538462,9.430769231,18.57692308,7.115384615,12.54615385,7.538461538,8.961538462,7.969230769
281.3992182,18.68461538,13.27692308,14.20769231,13.49230769,13.89230769,12.57692308,8.269230769,11.20769231,20.51538462,13.5,18.14615385
281.6145526,5.030769231,15.41538462,10.17692308,5.738461538,6.453846154,10.82307692,8.476923077,6.692307692,5.353846154,8.907692308,5.946153846
281.8298766,10.54615385,11.17692308,10.03076923,12.11538462,7.876923077,8.753846154,8.638461538,12.69230769,10.06153846,11.03846154,7.976923077
282.0451903,3.646153846,6.730769231,9.476923077,7.223076923,5.9,10.67692308,10.64615385,6.538461538,11.41538462,11.93846154,5.730769231
282.2604936,7.461538462,17.38461538,11.39230769,10.82307692,6.576923077,7.053846154,12.43846154,7.553846154,15.62307692,12.25384615,11.81538462
282.4757864,16.44615385,3.269230769,13.46923077,19.81538462,3.161538462,11.63846154,11.86153846,6.669230769,10.47692308,10.32307692,9.638461538
282.6910689,16.10769231,12.35384615,15.42307692,21.24615385,11.17692308,10.41538462,17.80769231,16.29230769,20.66153846,16.93076923,10.30769231
282.9063409,23.07692308,8.176923077,11.56153846,12.5,8.092307692,9.4,8.846153846,9.015384615,9.315384615,15,4.476923077
283.1216026,11.80769231,7.830769231,13.2,14.96153846,9.915384615,5.046153846,18.71538462,11.64615385,15.56923077,15.76923077,23.37692308
283.3368538,6.215384615,10.69230769,16.01538462,13.66923077,4.692307692,12.16153846,7.769230769,5.115384615,8.246153846,8.046153846,10.17692308
283.5520947,9.969230769,8.338461538,16.82307692,3.915384615,13.92307692,17.63076923,12,6.469230769,11.34615385,6.984615385,14.6
283.7673251,8.138461538,10.4,9.446153846,11.93076923,4.776923077,10.45384615,3.6,5.930769231,9.453846154,11.53076923,5.323076923
283.9825452,11.87692308,8.330769231,11.16153846,10.46923077,8.561538462,5.146153846,9.007692308,14.03076923,12.47692308,10.93076923,14.15384615
284.1977548,8.384615385,8.084615385,9.692307692,10.53846154,10.63846154,11.83076923,11.49230769,11.6,9.776923077,15.52307692,6.369230769
284.4129539,9.092307692,9.761538462,13.79230769,10.04615385,6.123076923,12.00769231,25.66153846,12.50769231,14.8,5.969230769,10.8
284.6281427,10,5.146153846,5.715384615,10.03846154,3.769230769,7.769230769,13.22307692,12.74615385,0.961538462,16.74615385,7.576923077
284.8433211,17.33076923,8.638461538,17.17692308,7.915384615,8.715384615,11.71538462,16.67692308,6.753846154,10.72307692,14.76153846,6.861538462
285.058489,8.053846154,2.6,11.64615385,4.015384615,11.96923077,14.83076923,4.823076923,13.26923077,7.553846154,9.323076923,8.715384615
285.2736465,11.34615385,9.761538462,16.43846154,9.907692308,10.52307692,17.74615385,11.99230769,15.26153846,12.83076923,18.01538462,20.29230769
285.4887935,6.584615385,5.446153846,5.330769231,13.75384615,13.98461538,7.330769231,13.35384615,5.092307692,6.030769231,11.2,13.43846154
285.7039302,14.53076923,9.676923077,10.96923077,5.361538462,14.3,13.15384615,12.35384615,13.66153846,7.376923077,10.73076923,11.32307692
285.9190564,8.361538462,5.461538462,11.99230769,17.88461538,13.42307692,8,6.553846154,8.661538462,4.053846154,4.807692308,18.57692308
286.1341721,15.79230769,9.530769231,15.1,8.338461538,19.12307692,12.43076923,9.392307692,13.26923077,15.47692308,10.30769231,16.53846154
286.3492775,11.6,7.3,8.984615385,9.838461538,9.892307692,10.6,11.23076923,9.515384615,4.438461538,16.07692308,12.54615385
286.5643723,9.692307692,7.946153846,9.4,4.330769231,8.415384615,15.83076923,11.25384615,6.484615385,14.31538462,11.68461538,15.77692308
286.7794568,11.23076923,9.807692308,6.507692308,10.63076923,6.807692308,13.31538462,8.007692308,2.069230769,9.153846154,10.86923077,15.43846154
286.9945308,5.8,5.823076923,18.37692308,16.88461538,19.36923077,11.83846154,16.20769231,9.923076923,19.97692308,16.53846154,11.83076923
287.2095943,9.876923077,4.246153846,12.99230769,6.353846154,4.584615385,11.05384615,15.53846154,9.446153846,11.67692308,8.784615385,6.2
287.4246474,3.923076923,8.146153846,12.40769231,20.43846154,12.63076923,14.23076923,20.51538462,4.784615385,17.73846154,23.64615385,10.27692308
287.63969,6.115384615,7.5,8.061538462,8.423076923,9,7.3,9.053846154,8,8.107692308,14.69230769,7.876923077
287.8547222,9.538461538,7.661538462,8.261538462,17.99230769,10.95384615,14.95384615,13.69230769,13.26923077,8.1,17.67692308,5.146153846
288.0697439,10.78461538,8.2,11.74615385,9.007692308,5.792307692,10.46153846,7.976923077,5.976923077,5.846153846,11.27692308,15.14615385
288.2847552,9.576923077,9.830769231,20.31538462,17.44615385,6.553846154,3.853846154,11.9,6.961538462,8.053846154,23.48461538,20.09230769
288.499756,13.77692308,4.238461538,10.70769231,11.01538462,12.53076923,10.61538462,12.22307692,17.55384615,11.58461538,20.86923077,7.384615385
288.7147463,11.31538462,11.63846154,12.63076923,18.1,15.53076923,14.66923077,11.49230769,9,12.18461538,14.66923077,10.96923077
288.9297262,15.10769231,6.6,5.084615385,10.99230769,13.52307692,9.784615385,7.546153846,2.784615385,11.46153846,9.976923077,4.046153846
289.1446956,9.030769231,11.80769231,14.5,14.16923077,7.169230769,20.04615385,18.2,8.915384615,10.61538462,8.253846154,10.83846154
289.3596545,7.423076923,12.18461538,12.19230769,13.3,9.2,5.807692308,13.60769231,12.9,10.76153846,12.29230769,10.10769231
289.5746029,19.00769231,16.46923077,11.99230769,8.184615385,11.93846154,17.81538462,10.81538462,4.069230769,13.95384615,6.830769231,9.7
289.7895409,14.73846154,9.1,6.515384615,16.48461538,14.96923077,22,7.315384615,10.15384615,10.92307692,20.33076923,8.123076923
290.0044684,27.13846154,10.97692308,10.68461538,17.78461538,25.33076923,12.63846154,8.392307692,13.00769231,13.80769231,10.56923077,9.984615385
290.2193854,6.092307692,7.361538462,7.030769231,5.915384615,4.638461538,11.35384615,11.96923077,8.976923077,10.93076923,11.25384615,14.80769231
290.4342919,15.96153846,6.446153846,10.47692308,10.02307692,17.31538462,14.40769231,20.85384615,13,20.01538462,10.32307692,15.23846154
290.6491879,14.53076923,12.84615385,10.67692308,9.307692308,8.292307692,14.23076923,17.35384615,7.392307692,8.130769231,12.93076923,8.307692308
290.8640735,14.14615385,14.62307692,10.26153846,8.707692308,16.87692308,21.63076923,12.11538462,13.87692308,18.8,11.52307692,7.015384615
291.0789485,10.96153846,11.27692308,5.715384615,18.1,7.746153846,7.676923077,12.82307692,5.284615385,6.269230769,10.73076923,10.13076923
291.2938131,7.430769231,18.11538462,19.38461538,15.88461538,14.67692308,19.05384615,14.52307692,15.3,12.96923077,27.64615385,8.3
291.5086671,6.723076923,3.830769231,8,19.07692308,8.684615385,8.115384615,14.91538462,15.95384615,8.084615385,12.5,3.430769231
291.7235107,18.27692308,13.09230769,11.01538462,20.07692308,18.69230769,15.30769231,13.70769231,11.80769231,14.69230769,15.27692308,13.42307692
291.9383437,13.83076923,11.26153846,10.7,14.3,3.307692308,15.39230769,10.5,12.43076923,8.469230769,5.938461538,2.384615385
292.1531663,17.42307692,8.123076923,14.12307692,15.38461538,7.523076923,17.40769231,12.30769231,7.8,14.63076923,15.05384615,19.94615385
292.3679783,9.461538462,6.623076923,1.969230769,4.353846154,3.946153846,12.28461538,15.25384615,9.615384615,4.069230769,17.24615385,3.484615385
292.5827798,12.06153846,9.484615385,11.16923077,12.46923077,13.41538462,10.56153846,10.31538462,12.79230769,7.492307692,18.50769231,8.846153846
292.7975709,10.82307692,6.076923077,14.23076923,10.74615385,5.069230769,12.86923077,16.15384615,7.423076923,10.56923077,15.32307692,10.49230769
293.0123514,18.08461538,10.42307692,10.40769231,21.07692308,18.56923077,15.54615385,12.01538462,8.4,9.5,17.05384615,9.330769231
293.2271214,9.615384615,8.1,9.523076923,10.95384615,12.70769231,7.130769231,11.06923077,12.06153846,10.34615385,6.438461538,9.092307692
293.4418808,10.48461538,11.61538462,17.62307692,18.76153846,12.26923077,14.53076923,14.64615385,8.430769231,10.88461538,16.75384615,8.038461538
293.6566298,9.992307692,8.215384615,10.16153846,3,11.4,13.25384615,14.84615385,7.015384615,7.892307692,13.43076923,14.94615385
293.8713682,10.70769231,14.40769231,16.47692308,14.20769231,15.36923077,14.76923077,6.423076923,9.376923077,13.84615385,12.57692308,8.392307692
294.0860961,12.40769231,7.969230769,7.207692308,2.684615385,12.07692308,9.615384615,13.00769231,9.438461538,5.338461538,9.546153846,14.35384615
294.3008135,7.153846154,13.07692308,9.292307692,13,5.546153846,20.02307692,10.2,16.07692308,9.876923077,13.56923077,15.11538462
294.5155203,12.59230769,9.253846154,6.6,8.215384615,12.7,12.56923077,11.36923077,5.038461538,9.346153846,9.023076923,8.323076923
294.7302166,8.676923077,5.453846154,10.67692308,11.85384615,15.58461538,17.87692308,18.66153846,19.33846154,7.069230769,13.51538462,16.66923077
294.9449024,3.861538462,6.484615385,14.26153846,15.97692308,6.761538462,20.09230769,9.730769231,8.453846154,12.01538462,12.83076923,8.492307692
295.1595776,16.66923077,12.68461538,11.91538462,12.57692308,10.12307692,14.27692308,11.85384615,24.73846154,12.12307692,10.27692308,10.78461538
295.3742423,15.74615385,11.84615385,8.523076923,11.59230769,9.8,12.38461538,12.38461538,9.776923077,14.95384615,14.52307692,10.91538462
295.5888964,10.86153846,9.430769231,17.66153846,7.992307692,7.192307692,9.430769231,18.71538462,9.015384615,13.58461538,24.69230769,9.853846154
295.80354,12.4,5.323076923,17.03846154,3.430769231,6.915384615,15,5.153846154,3.984615385,8.330769231,5.715384615,9.761538462
296.0181731,10.56153846,8.307692308,12.1,12.79230769,10.28461538,13.83076923,5.261538462,9.4,9.961538462,15.06153846,9.130769231
296.2327956,15.19230769,7.538461538,5.930769231,21.21538462,13.13846154,15.79230769,9.9,9.046153846,12.53076923,24.42307692,7.076923077
296.4474075,8.830769231,6.4,10.04615385,13.50769231,7.261538462,21.50769231,7.246153846,13.59230769,10.02307692,21.13846154,8.423076923
296.6620089,10.92307692,3.315384615,9.146153846,8.323076923,6.823076923,16.23076923,7.269230769,14.09230769,11.90769231,6.638461538,7.523076923
296.8765997,20.47692308,8.053846154,14.64615385,20.87692308,10.40769231,21.15384615,17.36153846,10.74615385,14.1,13.46923077,15.71538462
297.09118,5.776923077,4.946153846,11.20769231,6.730769231,9,9.592307692,12,10.13846154,5.130769231,11.14615385,14.84615385
297.3057497,5.023076923,11.10769231,17.58461538,7.369230769,17.93076923,8.515384615,12,14.25384615,12.37692308,22.76153846,9.207692308
297.5203089,9.515384615,5.915384615,8.838461538,12.77692308,8.076923077,13.89230769,5.676923077,1.761538462,4.476923077,4.184615385,6.6
297.7348574,19.26153846,4.669230769,18.00769231,11.91538462,20.48461538,14.75384615,14.72307692,23.33846154,7.730769231,20.94615385,12.71538462
297.9493955,13.11538462,7.476923077,5.661538462,9.523076923,8,8.446153846,1.830769231,9.215384615,11.96153846,20.17692308,4.646153846
298.1639229,21.63076923,8.723076923,18.11538462,8.923076923,12.74615385,13.69230769,6.746153846,11.93846154,10.58461538,9.769230769,6.161538462
298.3784397,10.94615385,2.738461538,14.86923077,7.9,7.346153846,11.66923077,13.16923077,7.138461538,9.284615385,6.515384615,9.684615385
298.592946,15.46923077,16.53846154,10.19230769,15.66153846,12.03846154,6.330769231,9.715384615,13.18461538,10.29230769,9.069230769,15.4
298.8074417,5.876923077,5.4,11.84615385,7.738461538,7.315384615,13.05384615,8.2,9.469230769,8.976923077,13.99230769,6.146153846
299.0219269,13.43846154,13.5,11.74615385,13,10.99230769,12.67692308,14.02307692,10.03076923,12.76923077,20.73076923,18.9
299.2364014,12.05384615,8.1,15.55384615,23.94615385,7.507692308,14.31538462,7.907692308,16.5,7.746153846,9.823076923,6.907692308
299.4508653,10.6,14.08461538,18.02307692,6.1,13.43076923,10.03846154,10.03846154,19.59230769,9.346153846,14.59230769,6.046153846
299.6653187,5.023076923,8.153846154,12.56153846,13.98461538,4.9,6.792307692,7.861538462,11.58461538,10.48461538,9.415384615,4.769230769
299.8797615,9.561538462,15.50769231,13.42307692,17.8,15.93846154,14.57692308,10.3,7.730769231,11.26923077,19.34615385,10.02307692
300.0941936,10.36153846,14.15384615,6.469230769,9.453846154,12.90769231,18.14615385,2.253846154,10.36153846,7.746153846,12.4,12.13076923
300.3086152,17.76153846,9.169230769,8.053846154,13.23076923,8.384615385,13.29230769,13.16153846,19.86153846,10.46153846,10.32307692,13.03076923
300.5230262,7.461538462,11.73076923,12.44615385,2.361538462,5.446153846,14.43076923,10.72307692,14.7,10.20769231,13.13076923,12.32307692
300.7374266,12.73846154,12.63846154,16.90769231,19.80769231,10.21538462,9.446153846,6.653846154,12.79230769,9.346153846,6.623076923,14.92307692
300.9518164,13.06153846,10.67692308,13.35384615,7.476923077,6.084615385,17.50769231,11.25384615,3.184615385,16.39230769,12.54615385,4.846153846
301.1661955,20.94615385,15.39230769,14.72307692,14.2,16.58461538,7.261538462,12.86153846,14.67692308,15.46923077,14.6,13.19230769
301.3805641,9.176923077,13.73076923,8,10.31538462,9.838461538,6.738461538,4.4,2.461538462,6.684615385,10.66923077,13.93846154
301.594922,15.94615385,10.67692308,7.761538462,11.50769231,14.88461538,15.44615385,16.3,7.853846154,12.11538462,10.43076923,17.67692308
301.8092694,9.230769231,7.9,8.138461538,4.861538462,6.561538462,7.492307692,15.76153846,11.10769231,5.730769231,17.3,3.838461538
302.0236061,13.33846154,16.77692308,7.707692308,9.992307692,7.430769231,17.06923077,12.00769231,3.323076923,13.8,12.11538462,15.74615385
302.2379322,11.44615385,9.730769231,6.853846154,8.769230769,12.63846154,9.815384615,12.21538462,2.607692308,15.53846154,14.56923077,2.284615385
302.4522477,16.7,7.723076923,11.41538462,14.43076923,14.23846154,6.130769231,13.20769231,13.36153846,17.1,21.09230769,4.169230769
302.6665525,7.992307692,6.146153846,10,13.41538462,12.93076923,11.10769231,10.53846154,14.35384615,11.24615385,14.46153846,10.52307692
302.8808468,14.53846154,7.292307692,17.36153846,14.29230769,10.92307692,18.51538462,10.94615385,19.99230769,16.71538462,16.09230769,22.06923077
303.0951304,5.1,10.68461538,7.307692308,3.892307692,0.761538462,10.13076923,11.01538462,13.94615385,9.461538462,20.23076923,11.73846154
303.3094033,10.54615385,6.853846154,11.50769231,11.82307692,8.2,9.315384615,13.3,15.87692308,6.407692308,12.42307692,12.66923077
303.5236657,11.1,1.738461538,12.28461538,4.584615385,15.16153846,19.69230769,13.92307692,13.52307692,12.03076923,10.57692308,12.07692308
303.7379174,19.6,12.54615385,14.86923077,7.623076923,10.88461538,12.99230769,6.823076923,12.63076923,9.907692308,15.63076923,6.6
303.9521585,7.046153846,16.02307692,9.323076923,6.346153846,9.184615385,7.807692308,15.75384615,9.861538462,6.069230769,8.007692308,7.961538462
304.1663889,20.02307692,4.946153846,17.66153846,10.26923077,15.14615385,14.26923077,12.27692308,10.29230769,13.28461538,22.85384615,12.66153846
304.3806087,7.692307692,9.215384615,6.915384615,9.830769231,8.207692308,3.453846154,8.361538462,7.276923077,3.569230769,5.246153846,3.3
304.5948178,16.08461538,9.415384615,12.92307692,9.123076923,12.70769231,17.26923077,18.86153846,16.86153846,11.44615385,12.13076923,4.438461538
304.8090163,17.14615385,10.4,11.86923077,9.461538462,4.184615385,6.353846154,8.961538462,4.476923077,4.646153846,8.469230769,8.961538462
305.0232042,11.80769231,7.9,13.03076923,13.76153846,9.507692308,18.38461538,17.15384615,11.63846154,15.15384615,19.19230769,10.21538462
305.2373813,10.73076923,10.03076923,10.26153846,9.153846154,13.66153846,14.60769231,9.761538462,7.484615385,8.169230769,12.13076923,11.66923077
305.4515479,15,19.47692308,12.92307692,17.6,6.1,8.546153846,15.87692308,12.58461538,11.13076923,16.74615385,8.669230769
305.6657038,4.1,14.06923077,5.8,12.73076923,3.230769231,8.753846154,11.25384615,4.092307692,6.084615385,13.44615385,13.74615385
305.879849,17.24615385,15.87692308,9.338461538,16.97692308,11.46923077,14.53076923,16.80769231,4.915384615,12.36153846,16.40769231,5.992307692
306.0939835,10.43076923,10.05384615,13.26153846,16.96153846,19.31538462,8.330769231,17.96153846,3.161538462,17.69230769,9.5,18.06153846
306.3081074,17.83846154,12.37692308,6.930769231,7.9,8.161538462,15.83846154,19.5,16.86153846,8.623076923,8,13.21538462
306.5222207,6.969230769,15.63846154,22.63846154,15.86923077,6.576923077,10.95384615,5.923076923,12.39230769,11.62307692,27.44615385,12.5
306.7363232,11.55384615,11.02307692,17.70769231,18.66153846,18.63846154,12.39230769,22.20769231,10.70769231,13.46153846,21.04615385,15.66923077
306.9504151,6.023076923,13.76923077,10.22307692,8.907692308,5.207692308,10.11538462,11.86153846,8.523076923,8.023076923,19.23076923,7.223076923
307.1644963,13.4,12.60769231,9.507692308,18.76153846,10.93076923,11.11538462,11.71538462,20.57692308,16.8,18.27692308,7.469230769
307.3785669,7.361538462,2.753846154,14.23076923,10.4,6.453846154,10.63076923,8.876923077,9.769230769,7.384615385,10.87692308,10.41538462
307.5926267,18.44615385,14.25384615,15.96153846,22.37692308,10.06923077,17.11538462,12.05384615,10.66153846,11.20769231,19.48461538,20.21538462
307.8066759,11.82307692,13.58461538,21.22307692,9.915384615,7.592307692,5.692307692,10.78461538,9.661538462,16.8,13.13076923,7.407692308
308.0207144,8.492307692,17.04615385,7.638461538,18.47692308,12.57692308,14.56923077,12.38461538,7.161538462,9.776923077,21.58461538,8.292307692
308.2347422,16.15384615,9.946153846,10.74615385,10.42307692,13.37692308,10.19230769,15.4,7.730769231,13.99230769,16.09230769,12.06923077
308.4487593,13.77692308,13.62307692,4.615384615,14.92307692,11.66923077,4.723076923,9.553846154,13.21538462,9.353846154,12.14615385,6.869230769
308.6627657,11.18461538,10.30769231,6.8,11.07692308,7.161538462,8.630769231,6.723076923,10.93846154,6.530769231,14.03846154,17.8
308.8767615,14.56153846,11.91538462,17.04615385,8.223076923,15.01538462,13.43076923,11.36923077,11.73846154,8.384615385,21.4,10.54615385
309.0907465,12.33846154,13.38461538,5.084615385,3.238461538,6.292307692,8.838461538,6.769230769,9.361538462,7.246153846,9.376923077,3.346153846
309.3047209,18.78461538,7.807692308,17.52307692,18.99230769,24.77692308,12.95384615,13.46923077,8.346153846,15.83846154,14.8,11.71538462
309.5186845,7.907692308,9.161538462,8.476923077,12.1,13.16923077,10.29230769,5.584615385,14.88461538,8.738461538,10.93846154,10.55384615
309.7326374,13.1,16.81538462,4.246153846,5.4,14.86153846,11.45384615,12.56923077,4.015384615,8.646153846,17.76923077,17.05384615
309.9465797,12.97692308,8.269230769,5.976923077,11.13076923,9.915384615,16.46153846,10.25384615,5.969230769,3.492307692,6.507692308,10.65384615
310.1605112,16.93846154,19.09230769,17.32307692,19.47692308,14.20769231,12.79230769,14.62307692,9.692307692,7.353846154,17.16923077,8.953846154
310.374432,17.7,16.92307692,10.47692308,10.66153846,6.946153846,8.123076923,9.492307692,10.22307692,9.2,5.630769231,5.769230769
310.5883421,12.06153846,3.638461538,15.59230769,19.4,7.969230769,19.74615385,16.6,17.73846154,13.12307692,17.7,14.01538462
310.8022415,8.107692308,5.1,6.792307692,11.69230769,6.130769231,6.738461538,7.423076923,9.584615385,11.96153846,16.97692308,11.8
311.0161302,13.70769231,4.076923077,8.538461538,16.36153846,6.023076923,16.53846154,14.10769231,3.323076923,12.12307692,21.66923077,9.392307692
311.2300081,3.730769231,13.23846154,8.492307692,13.58461538,17.10769231,14.64615385,5.830769231,5.923076923,8.923076923,11.36153846,12.77692308
311.4438754,6.923076923,6.969230769,4.892307692,19.73076923,17.08461538,11.33076923,2.330769231,13.66153846,6.907692308,7.615384615,13.85384615
311.6577319,10.46923077,10.33846154,9.415384615,4.738461538,6.538461538,5.338461538,9.284615385,9.107692308,16.19230769,10.07692308,8.553846154
311.8715776,11.57692308,14.84615385,7.292307692,7.415384615,9.046153846,13.65384615,8.715384615,11.90769231,11.17692308,15.50769231,12.86923077
312.0854127,3.376923077,5.838461538,14.53846154,6.769230769,9.761538462,9.723076923,4.884615385,11.00769231,16.91538462,12.54615385,3.161538462
312.299237,17.46153846,12.63076923,19.96153846,23.61538462,11.75384615,22.53076923,4.346153846,13.96153846,20.18461538,29.94615385,17.82307692
312.5130506,11.38461538,10.55384615,6.969230769,13.37692308,16.26923077,15.25384615,15.80769231,8.807692308,13.82307692,19.39230769,10.35384615
312.7268534,17.32307692,16.50769231,10.23076923,6.846153846,14.74615385,14.45384615,10.96923077,10.6,5.992307692,19.16923077,11.44615385
312.9406455,9.4,4.453846154,4.061538462,13.20769231,7.046153846,6.238461538,16.66153846,4.807692308,2.815384615,5.476923077,7.753846154
313.1544269,16.83846154,16,8.815384615,10.4,8.4,12.23846154,14.46923077,11.20769231,7.784615385,11.24615385,12.55384615
313.3681975,16.81538462,7.207692308,1.9,3.253846154,17.48461538,16.00769231,9.9,13.00769231,15.34615385,10.98461538,6.623076923
313.5819574,21.07692308,10.40769231,12.63846154,10.62307692,8.438461538,13.55384615,16.24615385,11.50769231,16.52307692,13.56923077,24.23846154
313.7957065,16.00769231,9.453846154,4.623076923,15.73846154,15.60769231,18.74615385,7.607692308,4.738461538,15.07692308,10.06923077,7.269230769
314.0094449,10.99230769,9.215384615,10.2,17.47692308,12.46153846,15.10769231,22.8,4.407692308,12.91538462,22.8,15.76923077
314.2231725,9.269230769,8.161538462,10.44615385,5.176923077,14.50769231,6.515384615,6.046153846,8.446153846,20.48461538,11.53846154,9.346153846
314.4368893,12.10769231,15.51538462,15.73076923,12.76923077,9.269230769,19.05384615,16.45384615,11.1,9.907692308,12.17692308,11.82307692
314.6505955,7.161538462,5.3,10.43846154,10.73076923,13.23076923,6.623076923,8.269230769,5.830769231,16.72307692,23.84615385,2.930769231
314.8642908,11.26153846,10.73846154,11.32307692,17.31538462,13.4,7.261538462,12.18461538,13.95384615,9.515384615,8.207692308,13.85384615
315.0779754,12.26923077,4.184615385,7.692307692,8.630769231,12.78461538,18.51538462,10.54615385,13.5,6.761538462,24.02307692,6.938461538
315.2916492,12.96923077,2.384615385,15.00769231,13.27692308,11.53076923,13.06923077,14.46923077,8.192307692,11.83076923,15.66923077,10.11538462
315.5053122,4.669230769,6.553846154,10.70769231,12.49230769,11.34615385,9.530769231,8.361538462,7.053846154,6.592307692,10.47692308,4.761538462
315.7189645,14.31538462,5.523076923,9.646153846,7.830769231,11.91538462,13.68461538,19.56153846,20.40769231,8.130769231,21.43076923,13.96153846
315.932606,12.53846154,4.115384615,7.353846154,9.453846154,5.338461538,3.638461538,6.646153846,9.292307692,12.38461538,15.43076923,11.83076923
316.1462367,7.869230769,16.21538462,7.153846154,12.45384615,11.86153846,12.97692308,14.55384615,16.95384615,11.6,21.32307692,10.76153846
316.3598567,11.28461538,10.45384615,8.961538462,8.238461538,9.330769231,16.03076923,7.453846154,21.03846154,12.15384615,15.44615385,4.084615385
316.5734659,17.15384615,6.969230769,10.90769231,13.87692308,18.62307692,13.85384615,18.76923077,13.08461538,15.92307692,14.58461538,9.215384615
316.7870642,9.123076923,9.023076923,5.623076923,15.16923077,12.34615385,10.07692308,15.56153846,10.70769231,14.23076923,10.66923077,10.39230769
317.0006518,12.87692308,8.653846154,13.00769231,9.707692308,9.646153846,13.2,7.953846154,18.11538462,16.53076923,13.93846154,15.89230769
317.2142286,15.14615385,14.37692308,7.430769231,8.823076923,7.384615385,9.976923077,9.276923077,15.25384615,15.85384615,13.16153846,7.715384615
317.4277947,19.53846154,7.230769231,8.846153846,15.17692308,16.85384615,11.27692308,12.47692308,10.99230769,9.846153846,19.33076923,12.94615385
317.6413499,7.907692308,11.43846154,14.92307692,18.6,6.930769231,9.015384615,5.969230769,5.830769231,11.78461538,8.6,8.684615385
317.8548943,12.06923077,3.907692308,10.73076923,15.03846154,8.253846154,18.85384615,12.45384615,8.746153846,12.40769231,13.37692308,11.53076923
318.068428,13.32307692,7.161538462,12.56923077,15.36153846,4.753846154,13.45384615,13.43076923,12.31538462,13.48461538,12.26923077,12.17692308
318.2819508,16.37692308,8.215384615,18.76153846,20.87692308,12.66153846,20.64615385,14.59230769,10.51538462,10.79230769,13.16923077,12.88461538
318.4954629,11.86153846,7.576923077,10.54615385,11.93846154,12.20769231,11.48461538,18.3,14.74615385,13.36923077,15.95384615,5.692307692
318.7089641,14.93846154,16.3,7.961538462,15.01538462,12.01538462,15.09230769,17.82307692,15.8,13.01538462,17.03076923,10.05384615
318.9224545,6.192307692,3.723076923,10.5,9.615384615,8.084615385,19.73846154,9.123076923,10.63076923,7.369230769,15.97692308,3.938461538
319.1359341,15.81538462,4.830769231,4.169230769,16,11.63076923,12.14615385,17.71538462,9.953846154,17.46923077,12.86923077,8.538461538
319.3494029,6.7,8.530769231,16.16153846,6.615384615,12.38461538,12.73076923,13.51538462,14.96153846,9.646153846,11.37692308,7.930769231
319.5628609,13.56153846,10.03076923,9.869230769,16.18461538,9.130769231,13.90769231,10.42307692,9.215384615,17.80769231,8.823076923,8.753846154
319.7763081,7.884615385,9.607692308,13.54615385,9.453846154,4.9,10.79230769,8.476923077,17.65384615,13.63846154,12.6,7.538461538
319.9897444,15.14615385,10.17692308,3.692307692,17.01538462,9.930769231,12.19230769,8.976923077,18.13846154,12.77692308,14.74615385,9.3
320.20317,10.38461538,9.761538462,14.47692308,11.3,4.038461538,10.03846154,5.061538462,11.63846154,8.653846154,13.03846154,14.76923077
320.4165847,6.823076923,12,11.31538462,12.41538462,8.953846154,11.01538462,6.807692308,18.92307692,12.26923077,11.69230769,7.923076923
320.6299886,8.123076923,18.30769231,10.01538462,23.89230769,12.8,10.81538462,15.88461538,12.92307692,10.74615385,17.23076923,6.484615385
320.8433816,25.81538462,7.607692308,9.830769231,15,14.65384615,16.11538462,17.01538462,8.530769231,7.776923077,15.45384615,11.45384615
321.0567638,7.6,3.346153846,10.73076923,14.25384615,7.9,9.953846154,10.33846154,7.438461538,9.269230769,14.03076923,10.32307692
321.2701352,23.44615385,3.546153846,9.746153846,11.08461538,16.96923077,17.2,13.00769231,4.1,13.48461538,10.53846154,4.4
321.4834958,10.40769231,6.369230769,7.453846154,8.961538462,6.184615385,13.45384615,15.88461538,13.25384615,19.32307692,16.48461538,7.553846154
321.6968455,12.00769231,13.70769231,11.39230769,21.66153846,12.75384615,12.74615385,24.1,31.04615385,13.38461538,22.08461538,13.80769231
321.9101844,13.05384615,6.976923077,6,7.615384615,12.79230769,14.53846154,12.95384615,11.75384615,8.607692308,12.48461538,8.115384615
322.1235124,13.78461538,13.06153846,11.44615385,12.15384615,10.58461538,14.15384615,14.35384615,12.5,14.58461538,14.92307692,14
322.3368296,10.40769231,7.669230769,7.746153846,7.438461538,9.738461538,10.37692308,7.038461538,2.976923077,7.492307692,8.384615385,8.430769231
322.5501359,8.207692308,9.776923077,15.12307692,13.81538462,5.215384615,9.376923077,17.27692308,18.32307692,12.62307692,18.03076923,18.85384615
322.7634314,15.13846154,9.792307692,12.19230769,6.523076923,10.22307692,18.85384615,10.07692308,5.592307692,17.67692308,10.41538462,11.55384615
322.9767161,9.169230769,4.523076923,6.623076923,10.92307692,10.51538462,10.06923077,11.33076923,9.130769231,14.6,22.20769231,13.23846154
323.1899898,8.053846154,3.838461538,6.076923077,11.53076923,14.46153846,11.51538462,5.969230769,12.01538462,12.43846154,14.75384615,6.361538462
323.4032528,13.41538462,7.223076923,14.64615385,12.37692308,10.33076923,11.60769231,3.507692308,14.25384615,12.19230769,12.86923077,9.738461538
323.6165048,5.569230769,10.9,12.77692308,4.646153846,15.56923077,6.461538462,4.753846154,5.361538462,10.17692308,17.54615385,0.4
323.829746,19.34615385,17.24615385,11.75384615,20.07692308,6.169230769,18.8,11.71538462,12.93846154,17.48461538,13.95384615,18.44615385
324.0429764,10.40769231,8.946153846,15.1,16.76923077,10.04615385,21.13076923,11.15384615,12.21538462,10.33076923,12.48461538,7.923076923
324.2561958,16.73076923,11.30769231,8.661538462,23.56923077,9.807692308,10.5,10.56153846,20.89230769,12.47692308,16.42307692,14.46153846
324.4694044,17.63846154,10.23076923,7.146153846,14.91538462,13.69230769,15.09230769,15.28461538,12.17692308,13.26153846,12.73846154,11.58461538
324.6826021,11.2,12.25384615,15.56153846,16.72307692,15.2,11.63076923,18.93846154,7.715384615,11.00769231,17.04615385,10.56153846
324.895789,9.076923077,8.330769231,4.3,9.161538462,7.492307692,9.507692308,14.35384615,4.8,16.35384615,15.95384615,14.46923077
325.108965,14.23846154,20.53846154,16.35384615,15.88461538,9.015384615,10.18461538,15.36153846,9.892307692,7.807692308,17.13846154,9.830769231
325.3221301,11.84615385,12.90769231,14.23846154,4.392307692,8.576923077,11.63076923,11.51538462,8.823076923,7.284615385,8.761538462,8.969230769
325.5352843,19.03846154,11.47692308,15.33076923,20.40769231,8.9,10.19230769,15.40769231,16.07692308,13.07692308,12.70769231,17.66153846
325.7484276,10.33846154,6.861538462,10.77692308,15.36153846,5.930769231,17.59230769,11.16153846,14.6,3.853846154,13.51538462,11.85384615
325.96156,8.692307692,5.115384615,9.484615385,15.37692308,13.2,17.05384615,13.16923077,6.176923077,22.86923077,13.5,11.73846154
326.1746816,13.23076923,7.346153846,11.50769231,11,8.053846154,7.346153846,8.184615385,7.123076923,15.66923077,12.87692308,10.40769231
326.3877923,21.51538462,12.00769231,19.37692308,16.43846154,8.107692308,15.32307692,18.26153846,4.307692308,18.05384615,26.72307692,14.76153846
326.600892,13.4,2.607692308,6.207692308,15.57692308,3.323076923,15.64615385,13.29230769,9.315384615,5.253846154,9.276923077,9.284615385
326.8139809,12.75384615,8.561538462,9.646153846,19.12307692,15.11538462,19.40769231,22.3,12.39230769,18.87692308,12.68461538,26.05384615
327.0270589,5.323076923,5.369230769,12.64615385,6.746153846,11.53846154,11.59230769,9.092307692,14.53076923,13.41538462,9.738461538,10.06153846
327.2401259,11.8,7.530769231,17.7,17.82307692,13.64615385,16.33076923,14.85384615,13.52307692,5.407692308,22.2,11.4
327.4531821,3.653846154,5.576923077,6.230769231,5.615384615,8.630769231,6.069230769,6.838461538,14.54615385,11.26923077,10.04615385,8.746153846
327.6662274,20.67692308,6.715384615,16.5,10.92307692,11.8,15.01538462,15.79230769,15.23076923,17.9,15.18461538,17.4
327.8792617,3.7,7.161538462,12.61538462,15.79230769,12.30769231,13.86923077,11.12307692,7.661538462,20.80769231,18.32307692,12.71538462
328.0922851,9.653846154,6.792307692,16.93846154,7.484615385,14.33846154,20.90769231,14.70769231,12.40769231,17.61538462,18.40769231,20.15384615
328.3052977,13.23076923,9.5,10.96153846,9.7,16.49230769,15.13846154,10.1,4.476923077,14.04615385,23.64615385,7.792307692
328.5182993,7.561538462,13.10769231,13.7,12.61538462,13.76923077,11.27692308,13.2,5.246153846,16.25384615,10.33846154,6.084615385
328.73129,17.01538462,9.146153846,9.615384615,10.41538462,5.607692308,19.03076923,7.853846154,11.83846154,13.66923077,9.315384615,9.223076923
328.9442698,14.56153846,7.553846154,11.43846154,11.36153846,12.59230769,14.59230769,13.66153846,18.20769231,12.51538462,22.63076923,13.86923077
329.1572386,6.884615385,9.630769231,6.315384615,11.27692308,18.2,11.19230769,11.74615385,5.561538462,6.946153846,8.7,3.161538462
329.3701965,15.90769231,14.90769231,21.23846154,15.61538462,11.29230769,8.884615385,7.030769231,14.6,11.05384615,13.36923077,18.41538462
329.5831435,15.46153846,11.69230769,18.76923077,16.57692308,9.792307692,12.43846154,8.730769231,1.823076923,10.06153846,10.3,9.969230769
329.7960796,16.03846154,17.57692308,15.44615385,16.88461538,12.36153846,19.97692308,11.55384615,7.830769231,13.33076923,19.42307692,10.49230769
330.0090047,9.507692308,5.584615385,13.59230769,15.50769231,14.6,13,15.21538462,17.35384615,5.938461538,7.646153846,6.692307692
330.2219189,19.29230769,14,16.04615385,9.123076923,9.130769231,18.9,12.66153846,10.44615385,6.792307692,14.45384615,9.392307692
330.4348222,10.61538462,9.415384615,11.14615385,10.5,14.60769231,8.469230769,14.58461538,13.89230769,16.56153846,6.938461538,6.361538462
330.6477145,11.43076923,5.684615385,15.77692308,14.31538462,8.961538462,15.13846154,16,16.69230769,16.43846154,17.66923077,20.51538462
330.8605959,7.092307692,12.31538462,14.54615385,10.10769231,13.61538462,22.16923077,7.376923077,7.415384615,17.56923077,9.223076923,5.838461538
331.0734663,16.96923077,16.14615385,18.28461538,10.00769231,22.63076923,16.76923077,15.15384615,12.13846154,11.07692308,15.17692308,17.7
331.2863258,10.72307692,10.58461538,15.40769231,5.776923077,9.730769231,12.06153846,6.769230769,18.97692308,16.71538462,16.16923077,7.230769231
331.4991744,14.41538462,6.915384615,9.761538462,14.16923077,11.54615385,26.66923077,18.06153846,16.55384615,9.153846154,16.89230769,13.70769231
331.7120119,7.284615385,14.63846154,18.64615385,7.615384615,6.738461538,6.169230769,18.9,10.61538462,8.338461538,15.30769231,11.52307692
331.9248386,10.70769231,12.14615385,20.09230769,16.41538462,17.01538462,15.10769231,24.65384615,13.38461538,17.61538462,17.84615385,12.81538462
332.1376542,11.2,10.06153846,7.323076923,8.876923077,8.007692308,12.84615385,7.561538462,15.22307692,15.46923077,11.61538462,11.92307692
332.350459,11.27692308,11.48461538,15.72307692,14.37692308,14.18461538,21.35384615,15.19230769,14.43076923,9.746153846,14.21538462,8.2
332.5632527,9.492307692,6.569230769,10.33076923,8.469230769,13.16153846,14.19230769,12.01538462,16.68461538,2.407692308,18.92307692,11.90769231
332.7760355,21.38461538,11.53846154,26.72307692,20.52307692,12.81538462,8.692307692,21,13.99230769,19.18461538,21.22307692,10.14615385
332.9888073,13.23846154,11.47692308,13.39230769,12.33076923,14.40769231,7.638461538,13.6,8.023076923,10.98461538,9.538461538,8.5
333.2015682,8.007692308,22.89230769,8.430769231,22.18461538,10.07692308,9.415384615,12.9,19.2,17.11538462,19.53076923,13.62307692
333.4143181,9.776923077,16.99230769,18.4,13,18.31538462,22.04615385,20.31538462,12.81538462,9.869230769,14.74615385,8.784615385
333.627057,13.99230769,9.307692308,19.97692308,21.67692308,8.569230769,25.96923077,13.48461538,15.26153846,21.5,14.61538462,9.876923077
333.8397849,22.39230769,6.715384615,9.1,13.63076923,8.969230769,23.74615385,18.6,5.661538462,8.223076923,23.39230769,4.3
334.0525019,15.84615385,13.64615385,12.94615385,11.24615385,11.49230769,15.90769231,12.66153846,11.55384615,20.94615385,13.93076923,7.438461538
334.2652078,18.78461538,8.246153846,10.60769231,8.1,16.71538462,2.153846154,14.25384615,9.761538462,7.707692308,10.13076923,8.007692308
334.4779028,14.74615385,20.28461538,20.22307692,16.66153846,21.76153846,14.84615385,13.55384615,10.99230769,13.16923077,14.8,16.75384615
334.6905868,12.46923077,13.38461538,21.33846154,15.58461538,9.946153846,15.12307692,9.315384615,14.2,13.74615385,15.82307692,8.223076923
334.9032598,20.58461538,14.36153846,8.8,14.9,12.20769231,24.00769231,13.86153846,10.23846154,19.96153846,16.93846154,9.553846154
335.1159219,10.46923077,9.469230769,7.476923077,14.98461538,13.24615385,10.58461538,11.66923077,6.284615385,13.69230769,14.58461538,6.846153846
335.3285729,10.39230769,5.153846154,19.62307692,18.01538462,18.34615385,19.16923077,21.55384615,20.93846154,17.17692308,14.40769231,7.907692308
335.5412129,11.07692308,11.20769231,8.946153846,12.3,6.423076923,8.792307692,12.26923077,19.54615385,11.66153846,11.23846154,18.08461538
335.753842,13.33076923,14.24615385,22.05384615,13.99230769,15.88461538,19.80769231,15.30769231,10.46923077,13.61538462,16.26153846,18.50769231
335.96646,8.315384615,6.830769231,9.661538462,17.4,12.08461538,22.74615385,7.807692308,10.09230769,10.5,10.80769231,10.55384615
336.1790671,14.41538462,17.34615385,12.10769231,15.8,13.82307692,15.14615385,5.346153846,15.43076923,15.13846154,18.77692308,9.776923077
336.3916631,8.353846154,12.3,6.369230769,8.415384615,16.14615385,14.06923077,6.730769231,12.42307692,10.61538462,6.023076923,9.623076923
336.6042481,19.28461538,12.91538462,10.80769231,21.86153846,16.76923077,15.73076923,13.07692308,20.23846154,15.70769231,19.60769231,15.08461538
336.8168221,15.60769231,9.423076923,18.54615385,12.98461538,17,1.453846154,12.86153846,6.884615385,12.3,14.90769231,14.34615385
337.0293851,12.79230769,23.17692308,14.8,10.61538462,1.246153846,19.19230769,18.28461538,10.11538462,6.938461538,14.8,8.453846154
337.2419371,18.26153846,17.64615385,5.423076923,13.28461538,10.23846154,20.06923077,9.269230769,11.31538462,5.892307692,7.607692308,12.82307692
337.4544781,22.5,12.30769231,19.2,12.37692308,12.59230769,19.14615385,18.2,14.15384615,12.23846154,20.15384615,12.20769231
337.667008,7.038461538,14.53846154,13.02307692,14.9,14.13846154,9.123076923,10.45384615,10.51538462,13.03076923,9.915384615,7.007692308
337.8795269,19.73846154,10.75384615,10.06153846,24.46153846,23.48461538,9.684615385,10.50769231,9.607692308,11.56923077,23.64615385,13.73076923
338.0920348,2.976923077,11.4,17.55384615,18.89230769,10.39230769,15.33846154,8.553846154,12.79230769,15.87692308,21.54615385,13.82307692
338.3045317,20.61538462,28.27692308,16.92307692,14.59230769,17.07692308,20.83076923,9.507692308,11.73846154,12.32307692,20.24615385,19.39230769
338.5170176,10.43846154,12.13846154,15.76923077,20.3,17.83846154,13.09230769,20.6,9.846153846,10.17692308,19.24615385,8.507692308
338.7294924,12.11538462,14.44615385,18.95384615,19.37692308,10.43076923,15.05384615,19.71538462,9.561538462,15.7,17.75384615,14.10769231
338.9419562,16.86153846,16.80769231,4.515384615,19.36153846,10.2,15.35384615,15.7,12.20769231,15.33846154,23.14615385,17.5
339.1544089,17.36153846,14.16923077,9.330769231,21.76153846,17.93076923,22.46923077,8.223076923,19.74615385,13.93076923,20.79230769,10.60769231
339.3668506,11.73076923,7.007692308,6.769230769,16.2,10.18461538,14.35384615,15.65384615,7.076923077,10.01538462,8.884615385,9.438461538
339.5792813,18.89230769,10.27692308,24.73846154,15.03076923,11.97692308,18.64615385,24.16153846,9.223076923,16.51538462,18.42307692,12.5
339.7917009,13.74615385,11.66153846,12.51538462,9.323076923,10.25384615,9.253846154,19.96923077,2.376923077,10.15384615,11.16923077,10.85384615
340.0041095,18.36153846,11.80769231,8.084615385,23.5,15.75384615,14.96923077,24.06153846,21.93846154,15.27692308,21.43076923,17.93076923
340.216507,11.13076923,10.8,14.91538462,9.776923077,8.792307692,5.492307692,16.55384615,10.3,10.53846154,16.76153846,8.369230769
340.4288935,18.87692308,19.46923077,14.86923077,17.01538462,6.361538462,14.34615385,27.81538462,15.15384615,13.89230769,15.43846154,19.47692308
340.6412689,12.46923077,13.8,18.23846154,11.90769231,9.738461538,12.76923077,15.01538462,4.8,12.85384615,16.72307692,4.938461538
340.8536332,10.56153846,22.60769231,19.22307692,14.43846154,16.83076923,9.792307692,21.95384615,16.26153846,19.47692308,19.79230769,12.06153846
341.0659865,15.33076923,9.230769231,11.84615385,9.823076923,14.06923077,17.39230769,9.092307692,17.00769231,10.03846154,11.2,15.07692308
341.2783288,10.13076923,19.76153846,18.09230769,19.3,15.01538462,18.55384615,12.46923077,5.984615385,9.592307692,16.82307692,19.33076923
341.49066,20.77692308,12.15384615,13.83076923,18.07692308,12.67692308,10.51538462,20.41538462,8.7,18.54615385,20.96153846,12.96923077
341.7029801,24.11538462,11.26923077,12.64615385,24.96153846,21.30769231,9.630769231,12.59230769,10.25384615,4.346153846,26.46153846,15.10769231
341.9152891,3.8,6.692307692,16.88461538,20.29230769,5.884615385,9.446153846,11.52307692,10.83076923,14.76153846,14.2,3.369230769
342.1275871,17.32307692,9.692307692,15.47692308,16.9,12.01538462,12.49230769,17.36923077,18.33846154,9.576923077,21.02307692,18.23076923
342.339874,14.03076923,7.038461538,8.676923077,19.67692308,11.54615385,18.11538462,6.469230769,21.48461538,7.030769231,14.59230769,16.46153846
342.5521498,23.77692308,12.54615385,11.27692308,15.37692308,9.492307692,18.53076923,18.8,16.38461538,20.78461538,23.84615385,13.53846154
342.7644146,8.638461538,11.03076923,15.72307692,14.8,9.592307692,17.43076923,17.14615385,16.40769231,11.20769231,9.976923077,7.8
342.9766683,18.86153846,18.57692308,16.80769231,19.77692308,13.66153846,17.51538462,10.40769231,18.42307692,17.37692308,25.45384615,12.30769231
343.1889108,10,11.63076923,12.94615385,6.038461538,9.323076923,14.91538462,12.41538462,9.723076923,12.33076923,13.03076923,21.4
343.4011424,11.31538462,15.66923077,23.13846154,23.56153846,13.84615385,15.36923077,13.52307692,19.34615385,18.2,16.87692308,10.29230769
343.6133628,10.73076923,8.830769231,13.60769231,12.7,8.569230769,15.24615385,12.03076923,14.50769231,16.35384615,9.853846154,15.80769231
343.8255721,16.53846154,6.984615385,18.6,24.06153846,20.2,22.18461538,20.33846154,12.7,15.91538462,24.8,14.03076923
344.0377703,10.58461538,14.13076923,11.87692308,14.98461538,13.16923077,6.938461538,16.86153846,18.13076923,16.03846154,16.33076923,8.184615385
344.2499575,11.75384615,13.03846154,20.06153846,26.47692308,12.23846154,14.46153846,14.22307692,11.46153846,19.66153846,22.8,11.33076923
344.4621335,9.807692308,14.8,10.41538462,9.876923077,8.392307692,22.64615385,10.77692308,12.25384615,12.85384615,12.14615385,14.80769231
344.6742984,14.43846154,11.65384615,18.92307692,23.37692308,12.17692308,21.50769231,24.74615385,16.33076923,11.65384615,18.45384615,16.9
344.8864523,19.47692308,7.484615385,20.97692308,17.2,17.16153846,5.730769231,20.1,15.06923077,15.66153846,19.22307692,17.34615385
345.098595,13.43076923,12.93846154,12.16153846,16.46153846,10.7,26.66923077,17.30769231,14.07692308,12.81538462,13.21538462,15.87692308
345.3107267,12.17692308,12.10769231,13.3,19.66153846,13.43846154,11.46153846,20.1,18.64615385,15.77692308,12.78461538,7.184615385
345.5228472,19.83846154,14.41538462,22.43846154,15.13846154,15.97692308,17.70769231,8.215384615,19.03846154,10.96923077,23.84615385,15.04615385
345.7349566,19.79230769,15.66153846,10.15384615,14.77692308,8.269230769,26.16923077,22.13846154,14.11538462,7.992307692,14.95384615,12.73076923
345.9470549,26.17692308,8.792307692,22.30769231,22.47692308,16.13846154,7.869230769,18.06153846,18.5,8.776923077,31.54615385,12.50769231
346.1591421,10.67692308,11.83076923,22.06153846,21.5,12.78461538,20.64615385,14.05384615,22.43846154,19.16153846,19.26153846,22.2
346.3712181,15.07692308,12.42307692,17.19230769,17.78461538,19.36153846,24.35384615,18.66923077,20.93846154,12.16923077,17.00769231,11.66923077
346.583283,13.59230769,5.561538462,17.77692308,7.638461538,15.09230769,13.40769231,12.85384615,14.32307692,6.292307692,18.06923077,8.461538462
346.7953369,21.79230769,18.01538462,20.30769231,25.56153846,22.93846154,21.13076923,33.81538462,19.2,22.42307692,20.6,20.06923077
347.0073796,8.723076923,14.53076923,24.40769231,13.59230769,10.9,13.43846154,23.86153846,16.93076923,22.93076923,16.9,9
347.2194111,20.2,15.56153846,23.07692308,21.97692308,17.51538462,16.33076923,19.94615385,24.18461538,25.07692308,9.084615385,23.61538462
347.4314315,10.77692308,12.61538462,11.55384615,12.71538462,14.8,8.946153846,11.72307692,13.60769231,13.66923077,9.253846154,13.43076923
347.6434408,22.04615385,16.00769231,25.43846154,23.76153846,21.06153846,26.99230769,17.32307692,23.15384615,23.08461538,22.94615385,21.47692308
347.855439,8.515384615,14.31538462,23.00769231,19.61538462,13.45384615,10.34615385,17.65384615,15.02307692,13.33076923,15.17692308,15.26153846
348.067426,19.17692308,11.96153846,16.05384615,17.57692308,18.5,17.15384615,18.61538462,21.23846154,20.37692308,21.32307692,11.46153846
348.2794019,23.63846154,16.14615385,14.4,11.55384615,15.74615385,11.80769231,8.276923077,7.292307692,15.54615385,22.82307692,9.407692308
348.4913666,24.27692308,14.53846154,17.02307692,24.26153846,14.83846154,22.03846154,21,13.90769231,20.37692308,20.63076923,11.83076923
348.7033202,18.83846154,11.72307692,16.87692308,14.56153846,16.26153846,23.38461538,20.3,15.46153846,10.03076923,21.04615385,14.01538462
348.9152627,15.15384615,16.41538462,19.74615385,14.41538462,11.22307692,26.06923077,16.05384615,16.68461538,23.16923077,14.77692308,14.94615385
349.127194,13.53076923,8.646153846,25.70769231,14.77692308,13.23846154,23.26923077,17.26923077,16.63846154,16.16923077,23.35384615,10.67692308
349.3391141,24.34615385,15.52307692,21.26153846,23.97692308,13.79230769,14.99230769,13.83076923,14.03846154,19.46153846,22.05384615,13.70769231
349.5510231,20.07692308,11.55384615,12.26153846,15.13076923,12.1,23.73076923,8.415384615,15.15384615,12.33846154,14.60769231,9.692307692
349.7629209,19.9,15.38461538,19.26923077,27.66923077,21.63846154,28.46923077,19.4,19.9,26.63846154,32.35384615,31.70769231
349.9748076,8.461538462,13.3,16.89230769,16.14615385,12.13846154,24.47692308,16.46153846,15.18461538,14.62307692,17.72307692,19.50769231
350.1866831,10.20769231,21.87692308,30.42307692,20.54615385,15.13846154,26.84615385,14.35384615,23.74615385,22.53076923,23.54615385,23.08461538
350.3985474,21.31538462,13.49230769,25.23846154,25.06923077,14.53846154,22.63076923,21.96153846,10.09230769,25.96923077,15.55384615,18.16923077
350.6104006,9.061538462,17.90769231,15.19230769,20.59230769,30.13846154,12.17692308,16.72307692,31.93846154,11.33846154,24.74615385,20.50769231
350.8222426,17.84615385,21.67692308,17.53846154,12.34615385,16.75384615,13.72307692,13.9,16.46153846,13.20769231,18.60769231,14.01538462
351.0340734,15.64615385,19.43076923,10.30769231,27.26153846,25.66923077,16.86923077,28.86923077,15.33076923,17.58461538,20.75384615,21.90769231
351.2458931,24.93076923,12.72307692,15.05384615,15.3,22.52307692,13.73076923,9.161538462,6.630769231,17.03076923,19.8,11.98461538
351.4577016,17.47692308,18.99230769,20.69230769,17.16153846,13.51538462,23.24615385,29.96153846,7.723076923,18.66923077,27.64615385,21.40769231
351.6694989,26.93076923,11.91538462,18.17692308,10.28461538,10.40769231,21.13076923,12.44615385,15.05384615,21.1,14.37692308,19.73846154
351.881285,20.97692308,25.77692308,21.03846154,17.66153846,20.45384615,23.43076923,14.5,21.85384615,21.44615385,33.42307692,31.40769231
352.0930599,13.31538462,19,14.88461538,12.76153846,13.64615385,17.31538462,14.76923077,10.84615385,16.00769231,20.3,12.03076923
352.3048237,18.16153846,13.71538462,20.86153846,24.47692308,24.98461538,16.19230769,16.75384615,17.50769231,22.68461538,26.39230769,16.20769231
352.5165763,13.69230769,14.20769231,17.22307692,22.29230769,14.58461538,16.70769231,26.66153846,16.54615385,11.16153846,21.44615385,21.11538462
352.7283176,20.43076923,24.57692308,17.56923077,27.96153846,15.63846154,26.16923077,21.23076923,24.75384615,22.26923077,24.44615385,25.80769231
352.9400478,20.84615385,13.60769231,13.40769231,21.27692308,24.28461538,21.76923077,11.26923077,9.353846154,14.65384615,23.32307692,17.33076923
353.1517668,18,14.44615385,21.60769231,18.16153846,19.53846154,23.34615385,19.53076923,22.63846154,15.56923077,21.15384615,20.8
353.3634746,13.96923077,10.7,20.63846154,15.45384615,17.43846154,15.18461538,22.54615385,20.63846154,15.93076923,19.4,9.930769231
353.5751711,11.90769231,21.33076923,17.08461538,15.86923077,15.87692308,15.46923077,20.71538462,23.60769231,24.27692308,28.44615385,11.51538462
353.7868565,26.94615385,11.27692308,20.61538462,15.44615385,23.93076923,18.92307692,17.04615385,16.79230769,15.55384615,11.50769231,20.7
353.9985307,25.11538462,17.40769231,19.15384615,17.06153846,20.76153846,32.94615385,19.14615385,18.24615385,20.1,25.73846154,26.57692308
354.2101936,22.03846154,21.9,20.79230769,27.67692308,14.40769231,26.73076923,11.3,18.54615385,24.97692308,18.99230769,17.24615385
354.4218454,28.07692308,23.61538462,26.42307692,19.64615385,17.14615385,21.83076923,22.18461538,21.15384615,17.51538462,24.14615385,30.83076923
354.6334859,23.24615385,8.623076923,13.08461538,19.97692308,10.1,23.45384615,23.36153846,25.33076923,14.77692308,33.44615385,24.30769231
354.8451153,13.9,24.70769231,13.52307692,28.5,34.83846154,15.33076923,12.31538462,23.65384615,19.06153846,22.9,26.27692308
355.0567334,19.37692308,15.39230769,11.94615385,30.07692308,15.50769231,20.12307692,26.36153846,6.823076923,17.61538462,27.35384615,11.3
355.2683402,17.33076923,16.23846154,19.94615385,31.74615385,20.08461538,29.08461538,21.06923077,23.95384615,27.56923077,25.82307692,23.87692308
355.4799359,11.44615385,15.6,17.46923077,26.76153846,14.16923077,31.42307692,19.25384615,17.95384615,21.96153846,18.56153846,26.20769231
355.6915203,19.51538462,19.91538462,22.36923077,23.9,32.73846154,25.43076923,23.34615385,15.88461538,17.03846154,14.23076923,12.66153846
355.9030936,11.14615385,11.51538462,14.9,21.70769231,16.16923077,20.86923077,17.84615385,16.03846154,19.47692308,30.34615385,21.1
356.1146555,27.67692308,22.07692308,17.92307692,25.98461538,22.36153846,36.34615385,14.6,17.6,24.36923077,27.64615385,18.33846154
356.3262063,21.14615385,21.30769231,17.61538462,11.71538462,17.78461538,22.42307692,15.17692308,14.45384615,18.84615385,16.15384615,21.20769231
356.5377458,33.67692308,22.08461538,27.79230769,25.36923077,21.79230769,20.13076923,22.96153846,14.50769231,30.87692308,25.34615385,23.13846154
356.7492741,25.84615385,12.68461538,21.87692308,13.63846154,20.35384615,17.46923077,20.86923077,15.68461538,16.07692308,18.34615385,12.50769231
356.9607911,15.22307692,19.91538462,23.75384615,24.47692308,23.56923077,26.34615385,21.54615385,29.52307692,19.46923077,26.54615385,32.80769231
357.1722969,29.50769231,16.80769231,20.33846154,20.27692308,18.73846154,25.74615385,19.46153846,34.33076923,12.13076923,23.74615385,21.52307692
357.3837914,24.86923077,33.57692308,27.63846154,22.57692308,11.73076923,32.06923077,23.96153846,23.63846154,13.47692308,26.49230769,21.13076923
357.5952747,28.37692308,19.16923077,27.12307692,17.29230769,22.86153846,23.84615385,11.1,22.03846154,23.68461538,29.50769231,16.60769231
357.8067468,22.23846154,12.74615385,17.50769231,19.65384615,22.31538462,28.14615385,15.46153846,23.09230769,14.16153846,39.74615385,19.94615385
358.0182076,24.97692308,12.86923077,18.84615385,23.2,13.81538462,21.26923077,19.46153846,21.35384615,11.02307692,17.16923077,18.26923077
358.2296571,30.97692308,22.67692308,25.6,28.16153846,22.16153846,33.24615385,14.95384615,25.58461538,18.76153846,24.7,25.96923077
358.4410954,27.37692308,19.02307692,22.89230769,23.96153846,19.10769231,18.94615385,18.55384615,21.75384615,29.47692308,30.19230769,14.53846154
358.6525224,34.77692308,29.60769231,35.07692308,26.96153846,25.41538462,29.34615385,30.26153846,19.94615385,31.17692308,28.25384615,29.1
358.8639382,17.03846154,5.815384615,11.26153846,17.37692308,18.90769231,20.94615385,15.9,19.43846154,22.62307692,27.26923077,17.00769231
359.0753427,29.58461538,16.50769231,18.12307692,22.36153846,24.73846154,21.53076923,22.71538462,19.24615385,23.17692308,29.24615385,15.61538462
359.286736,21,17.00769231,27.72307692,24.07692308,19.28461538,18.09230769,21.26153846,25.83076923,32.27692308,17.85384615,10.69230769
359.4981179,22.87692308,22.88461538,29.02307692,26.53076923,24.03846154,18.28461538,13.89230769,22.16923077,22.57692308,32.35384615,19.06923077
359.7094886,22.44615385,24.72307692,21.02307692,21.76923077,18.12307692,17.48461538,21.56153846,16.8,25.37692308,19.04615385,24.56923077
359.920848,22.27692308,26.78461538,22.77692308,33.07692308,28.99230769,27.76923077,19.86153846,20.83846154,24.27692308,27.44615385,26.80769231
360.1321962,17.60769231,26.41538462,30.37692308,24.94615385,20.53846154,27.35384615,11.14615385,15.47692308,20.03076923,26.34615385,23.91538462
360.3435331,30.37692308,35.57692308,42.12307692,26.66923077,22.66923077,18.48461538,32.56153846,16.8,17.08461538,29.44615385,24.53076923
360.5548586,21.10769231,23.70769231,16.52307692,19.96153846,17.47692308,22.94615385,26.66153846,27.23846154,17.40769231,30.14615385,25.63846154
360.7661729,28.86923077,13.91538462,19.10769231,29.86153846,27.00769231,23.60769231,15.96923077,25.93846154,26.73076923,29.14615385,27.83076923
360.977476,21.40769231,8.738461538,18.59230769,22.09230769,21.09230769,19.46923077,27.84615385,20.28461538,21.47692308,22.12307692,16.28461538
361.1887677,31.37692308,14.30769231,24.42307692,25.76153846,29.83846154,35.74615385,28.05384615,24.83846154,24.41538462,47.44615385,29.13846154
361.4000481,20.5,16.37692308,25.99230769,23.26153846,15.79230769,16.96153846,27.06153846,22.73846154,24.74615385,32.2,19.65384615
361.6113173,34.57692308,21.06153846,24.29230769,33.66153846,22.71538462,32.44615385,31.96153846,33.23846154,33.27692308,38.34615385,23.90769231
361.8225751,17.18461538,25.69230769,19.84615385,25.16153846,19.76923077,19.03846154,25.96153846,17.53846154,13.50769231,24.54615385,17.57692308
362.0338217,27.64615385,32.17692308,24.45384615,24.27692308,15.42307692,20.46923077,22.06153846,19.55384615,33.37692308,38.24615385,24.43846154
362.2450569,20.23076923,30.97692308,25.62307692,16.77692308,17.68461538,23.23076923,27.2,20.93846154,18.62307692,30.15384615,25.80769231
362.4562809,32.01538462,29.74615385,21.23076923,31.07692308,32.71538462,39.63076923,26.01538462,31.33846154,33.88461538,38.7,27.70769231
362.6674935,51.97692308,35.97692308,45.52307692,35.96153846,44.93846154,38.64615385,40.86153846,44.13846154,59.47692308,47.04615385,41.83846154
362.8786949,64.77692308,65.37692308,55.92307692,54.66153846,44.63846154,59.34615385,59.86153846,58.43846154,51.57692308,58.44615385,54.30769231
363.0898849,75.97692308,69.27692308,72.02307692,74.66153846,64.63846154,67.64615385,73.26153846,83.43846154,64.07692308,71.34615385,66.50769231
363.3010636,96.47692308,92.57692308,105.4230769,98.66153846,97.63846154,106.2461538,90.66153846,87.53846154,97.67692308,103.6461538,104.2076923
363.512231,114.0769231,118.7769231,127.1230769,133.3615385,133.2384615,125.1461538,118.7615385,112.7384615,132.4769231,126.6461538,107.4076923
363.7233871,164.3769231,150.0769231,157.1230769,159.4615385,162.5384615,157.4461538,157.9615385,165.5384615,157.9769231,156.8461538,151.8076923
363.9345319,188.3769231,198.7769231,209.0230769,204.7615385,198.5384615,206.0461538,198.8615385,192.5384615,196.0769231,212.3461538,185.6076923
364.1456653,258.7769231,249.8769231,258.5230769,265.4615385,256.5384615,263.3461538,250.6615385,263.6384615,252.4769231,254.5461538,252.5076923
364.3567874,306.5769231,300.3769231,313.2230769,319.4615385,314.0384615,310.9461538,296.5615385,306.2384615,303.3769231,299.5461538,300.1076923
364.5678982,348.9769231,362.9769231,348.3230769,355.3615385,370.2384615,365.5461538,364.4615385,362.9384615,356.5769231,361.3461538,343.7076923
364.7789977,392.6769231,387.4769231,391.7230769,393.6615385,401.7384615,410.8461538,404.4615385,398.9384615,394.5769231,405.6461538,378.8076923
364.9900858,426.5769231,416.1769231,418.7230769,425.7615385,435.4384615,433.2461538,413.2615385,415.7384615,424.3769231,419.7461538,418.7076923
365.2011626,427.2769231,411.5769231,423.2230769,429.7615385,416.7384615,416.6461538,427.4615385,420.1384615,418.5769231,426.0461538,415.2076923
365.4122281,394.9769231,401.0769231,411.3230769,400.8615385,402.1384615,400.6461538,408.9615385,396.2384615,395.9769231,405.3461538,388.8076923
365.6232822,345.8769231,354.2769231,357.0230769,349.3615385,359.8384615,362.8461538,365.0615385,356.4384615,350.3769231,353.3461538,349.6076923
365.834325,308.9769231,315.7769231,301.2230769,315.1615385,322.6384615,329.6461538,310.7615385,313.1384615,322.7769231,315.2461538,307.9076923
366.0453564,257.6769231,255.6769231,251.9230769,261.6615385,261.3384615,263.1461538,265.2615385,273.6384615,249.3769231,273.4461538,265.5076923
366.2563765,215.5769231,209.0769231,224.4230769,220.6615385,221.8384615,216.0461538,217.8615385,214.9384615,224.0769231,207.1461538,217.2076923
366.4673853,170.0769231,157.6769231,169.6230769,179.7615385,169.9384615,168.8461538,170.5615385,172.4384615,163.9769231,161.1461538,166.9076923
366.6783827,132.3769231,122.1769231,128.2230769,132.5615385,142.9384615,142.1461538,135.6615385,130.2384615,122.4769231,128.8461538,123.5076923
366.8893687,93.37692308,97.17692308,96.52307692,110.1615385,103.9384615,100.8461538,90.36153846,101.9384615,104.5769231,101.3461538,95.20769231
367.1003434,83.37692308,82.17692308,83.02307692,79.26153846,75.93846154,88.04615385,77.16153846,79.03846154,70.67692308,81.24615385,74.60769231
367.3113067,55.27692308,45.17692308,59.52307692,66.86153846,48.23846154,60.94615385,61.36153846,57.03846154,62.67692308,55.54615385,56.70769231
367.5222587,43.37692308,48.07692308,47.82307692,55.46153846,43.83846154,43.24615385,50.96153846,43.13846154,54.37692308,45.94615385,46.10769231
367.7331993,33.67692308,35.37692308,34.72307692,42.46153846,41.5,42.74615385,47.06153846,35.13846154,42.87692308,44.54615385,36.40769231
367.9441285,39.47692308,36.97692308,31.42307692,41.36153846,24.64615385,34.73076923,34.06153846,34.33846154,40.97692308,38.14615385,39.30769231
368.1550464,31.01538462,30.49230769,31.83846154,26.26153846,31.21538462,41.54615385,23.16153846,21.54615385,26.14615385,46.64615385,31.70769231
368.3659529,32.63076923,36.97692308,32.06923077,35.26153846,30.63846154,14.01538462,27.46153846,21.53846154,33.23076923,35.94615385,24.50769231
368.576848,24.26153846,21.28461538,27.4,25.06153846,24.90769231,29.94615385,35.06153846,23.96153846,22.71538462,30.34615385,26.93846154
368.7877317,27.87692308,29.77692308,27.72307692,29.78461538,27.13846154,38.54615385,30.06153846,24.94615385,27.17692308,35.14615385,24.46153846
368.9986041,33.67692308,20.54615385,17.62307692,28.46153846,13.3,21.56923077,18.76153846,23.63846154,22.56153846,33.24615385,21.90769231
369.2094651,27.14615385,25.58461538,30.92307692,38.26153846,17.43846154,42.14615385,26.16153846,30.73076923,29.41538462,39.52307692,23.7
369.4203147,29.27692308,34.87692308,24.22307692,28.57692308,25.53846154,30.93076923,23.7,25.26153846,23.33076923,26.05384615,32.23846154
369.6311529,25.37692308,25.01538462,25.52307692,33.86153846,24.63846154,30.84615385,22.7,37.83846154,28.07692308,26.34615385,25.10769231
369.8419798,23.87692308,20.81538462,28.46153846,31.96153846,23.66923077,24.01538462,27.31538462,18.80769231,27.67692308,23.72307692,31.30769231
370.0527952,28.27692308,22.96153846,33.02307692,31.66153846,28.80769231,30.14615385,32.46153846,36.33846154,21.50769231,22.55384615,27.55384615
370.2635993,23.11538462,30.91538462,29.69230769,24.86153846,31.37692308,37.44615385,29.3,23.03846154,32.26153846,31.12307692,29.90769231
370.4743919,28.03846154,21.17692308,24.32307692,28.97692308,20.78461538,34.04615385,23.06153846,30.23076923,24.64615385,30.86923077,27.20769231
370.6851732,32.87692308,20.57692308,18.02307692,18.59230769,16.63846154,30.74615385,16.33846154,32.83076923,32.54615385,27.92307692,24.83076923
370.895943,22.77692308,19.26923077,21.66923077,21.03846154,42.03846154,23.43076923,25.16153846,29.58461538,28.67692308,22.24615385,27.97692308
371.1067015,25.00769231,23.60769231,20.89230769,34.86153846,23.01538462,29.44615385,33.26153846,19.43076923,25.14615385,30.54615385,17.20769231
371.3174486,24.05384615,27.97692308,20.52307692,31.86153846,25.81538462,20.26923077,28.16153846,38.23846154,19.16923077,39.64615385,30.40769231
371.5281842,23.26923077,29.07692308,24.00769231,35.56923077,21.13846154,25.96923077,28.46153846,28.43846154,25.04615385,28.59230769,17.66153846
371.7389085,30.57692308,19.37692308,30.02307692,31.66153846,33.13846154,37.64615385,19.56153846,33.26153846,36.97692308,34.14615385,31.70769231
371.9496213,25.07692308,26.17692308,18.19230769,23.31538462,23.95384615,37.04615385,28.06153846,18.93076923,31.96923077,22.44615385,19.80769231
372.1603227,40.67692308,29.37692308,27.27692308,28.14615385,28.83846154,17.06923077,30.86153846,29.55384615,20.2,36.84615385,27.60769231
372.3710127,28.36153846,18.17692308,14.16153846,27.66153846,23.45384615,25.23076923,25.01538462,12.21538462,19.45384615,37.52307692,22.93076923
372.5816913,23.21538462,25.53846154,29.42307692,23.86153846,17.72307692,28.98461538,29.96923077,28.65384615,34.17692308,23.99230769,35.00769231
372.7923584,33.24615385,24.90769231,20.05384615,22.97692308,24.30769231,19.34615385,20.07692308,25.43076923,18.46153846,24.98461538,20.05384615
373.0030142,19.79230769,25.31538462,32.02307692,20.86153846,12.46153846,26.73076923,24.46923077,33.35384615,27.51538462,28.64615385,22.16923077
373.2136585,19.91538462,19.77692308,20.76153846,27.16153846,16.24615385,23.50769231,20.85384615,17.95384615,24.01538462,23.15384615,21.18461538
373.4242914,31.74615385,23.33846154,27.62307692,21.38461538,19.57692308,19.15384615,25.61538462,29.73846154,36.47692308,29.74615385,24.57692308
373.6349128,25.06923077,23.33846154,22.72307692,22.66153846,13.7,26.79230769,24.6,21.05384615,35.27692308,32.94615385,19.09230769
373.8455228,29.01538462,26.97692308,31.22307692,27.96153846,38.73846154,27.54615385,30.16153846,20.33846154,23.56153846,36.12307692,29.83846154
374.0561214,34.57692308,22.86153846,26.62307692,24.91538462,23.83846154,16.06923077,25.01538462,28.93846154,24.34615385,32.7,23.7
374.2667086,28.57692308,39.77692308,18.37692308,26.36153846,30.23846154,14.83076923,40.36153846,27.13846154,31.53076923,32.44615385,22.77692308
374.4772843,23.17692308,30.41538462,30.36153846,27.47692308,28.20769231,22.04615385,34.96153846,35.13846154,24.93076923,21.94615385,25.60769231
374.6878485,35.27692308,23.93076923,23.72307692,24.26153846,29.71538462,27.14615385,28.26153846,24.84615385,28.54615385,35.24615385,33.20769231
374.8984014,24.44615385,24.01538462,30.00769231,27.36153846,23.43846154,22.46923077,31.41538462,10.23846154,28.26153846,24.72307692,24.68461538
375.1089427,23.97692308,21.23846154,21.30769231,25.07692308,22.33846154,28.45384615,39.16153846,36.33846154,30.07692308,25.89230769,30.93076923
375.3194726,28.07692308,20.87692308,21.43076923,31.97692308,36.82307692,27.03076923,34.56153846,28.93846154,20.64615385,26.84615385,20.33846154
375.5299911,28.77692308,28.27692308,30.53846154,23.67692308,23.83846154,44.74615385,33.66153846,23.23076923,42.11538462,27.74615385,30.90769231
375.7404981,24.33076923,18.11538462,28.02307692,20.17692308,26.23846154,22.40769231,36.66153846,31.96153846,26.57692308,30.45384615,17.83846154
375.9509937,25.64615385,23.77692308,28.26153846,19.76153846,25.13076923,26.06923077,28.66153846,23.40769231,34.37692308,28.96923077,28.71538462
376.1614778,25.47692308,21.86923077,30.32307692,27.07692308,25.60769231,28.64615385,17.46153846,28.03846154,18.16923077,22.94615385,23.83076923
376.3719504,44.97692308,28.27692308,42.02307692,21.77692308,28.13846154,38.74615385,25.46153846,26.63846154,30.68461538,26.62307692,21.91538462
376.5824116,23.53076923,32.27692308,27.72307692,22.26153846,21.73076923,35.86923077,18.8,28.73846154,22.21538462,29.74615385,21.73846154
376.7928613,27.97692308,22.78461538,26.43846154,34.06923077,24.43846154,34.04615385,33.36153846,25.29230769,34.87692308,29.32307692,32.10769231
377.0032995,23.87692308,22.57692308,24.22307692,24.79230769,30.93846154,26.12307692,27.86153846,26.93846154,21.55384615,37.94615385,27
377.2137263,21.77692308,35.07692308,41.15384615,32.36153846,32.83076923,34.74615385,43.86153846,39.13846154,20.23076923,43.14615385,26.60769231
377.4241415,30.21538462,17.89230769,35.92307692,25.07692308,28.83846154,35.44615385,27.7,28.33076923,25.47692308,33.95384615,20.47692308
377.6345454,30.17692308,36.17692308,32.62307692,35.66153846,26.23846154,46.24615385,33.65384615,26.13076923,37.41538462,38.84615385,32.70769231
377.8449377,27.78461538,21.67692308,33.72307692,33.46153846,22.70769231,26.44615385,26.40769231,24.33846154,27.56153846,37.34615385,30.61538462
378.0553185,37.17692308,42.47692308,27.57692308,25.96153846,36.85384615,43.94615385,34.66153846,37.63846154,43.07692308,43.84615385,28.00769231
378.2656879,36.47692308,29.43846154,29.12307692,37.06153846,30.73846154,34.34615385,36.66153846,29.43846154,28.47692308,30.84615385,29.20769231
378.4760458,39.77692308,43.23076923,31.52307692,43.06153846,39.23846154,39.64615385,32.76153846,42.23076923,25.36153846,35.54615385,36.70769231
378.6863922,28.47692308,42.67692308,42.92307692,32.18461538,36.43846154,32.74615385,30.26153846,37.13846154,25.73076923,38.24615385,25.63846154
378.8967271,30.67692308,32.18461538,34.82307692,39.36153846,31.03846154,45.74615385,42.96153846,32.03846154,31.44615385,47.24615385,46.50769231
379.1070505,33.75384615,33.27692308,35.52307692,25.16153846,33.53846154,38.74615385,40.66153846,46.93846154,41.77692308,33.14615385,26.10769231
379.3173624,36.07692308,39.08461538,35.92307692,46.06153846,41.23846154,38.14615385,43.96153846,48.73846154,49.97692308,46.54615385,43.00769231
379.5276628,38.47692308,32.87692308,34.42307692,41.46153846,32.61538462,30.54615385,39.06153846,25.2,35.27692308,41.04615385,34.70769231
379.7379517,48.67692308,29.77692308,45.32307692,45.16153846,49.10769231,42.34615385,50.96153846,49.43846154,45.47692308,58.34615385,31.30769231
379.9482291,38.27692308,29.47692308,30.02307692,44.26153846,40.23846154,43.34615385,29.26153846,32.63846154,31.57692308,35.04615385,35.77692308
380.158495,49.87692308,46.47692308,46.52307692,37.36153846,41.73846154,54.14615385,47.26153846,37.53846154,41.47692308,50.54615385,37.40769231
380.3687494,39.97692308,40.97692308,35.75384615,35.06153846,37.03846154,34.36923077,37.46153846,30.23846154,31.87692308,32.94615385,34.20769231
380.5789923,42.17692308,32.17692308,40.02307692,43.06153846,50.63846154,54.74615385,44.06153846,35.83846154,39.87692308,58.74615385,48.20769231
380.7892236,38.17692308,33.17692308,41.52307692,35.06153846,34.93846154,47.14615385,34.06153846,46.53846154,42.07692308,40.14615385,34.60769231
380.9994435,29.9,41.86153846,37.92307692,52.26153846,45.43846154,48.84615385,38.16153846,40.73846154,46.37692308,50.44615385,48.10769231
381.2096518,38.93076923,39.17692308,29.53846154,39.26153846,35.03846154,41.74615385,32.66153846,31.34615385,29.77692308,36.74615385,33.83076923
381.4198486,33.53076923,30.27692308,31.42307692,44.76153846,26.83846154,49.44615385,50.26153846,47.33846154,35.47692308,34.74615385,46.80769231
381.6300339,35.37692308,34.77692308,36.82307692,41.16153846,37.23846154,33.64615385,36.26153846,30.93846154,33.07692308,31.18461538,27.60769231
381.8402077,38.67692308,31.77692308,35.52307692,42.86153846,42.63846154,49.54615385,35.56153846,29.53076923,47.07692308,38.44615385,42.70769231
382.0503699,36.93076923,30.07692308,33.92307692,35.76153846,35.62307692,37.14615385,27.06153846,37.93846154,40.46923077,36.34615385,35.60769231
382.2605206,35.97692308,43.07692308,37.67692308,33.56153846,44.46923077,31.84615385,37.76153846,34.73846154,39.87692308,46.54615385,39.40769231
382.4706598,42.90769231,31.46153846,36.33846154,30.6,37.43846154,34.14615385,32.36153846,39.96153846,32.03076923,33.35384615,30.20769231
382.6807874,35.29230769,35.67692308,36.32307692,40.67692308,31.83846154,45.14615385,46.76153846,32.63846154,42.44615385,38.09230769,37.50769231
382.8909035,31.34615385,31.37692308,21.65384615,37.06153846,35.4,28.03076923,49.26153846,34.85384615,26.64615385,35.64615385,31.60769231
383.1010081,42.97692308,32.47692308,23.67692308,37.06153846,46.93846154,45.04615385,44.96153846,34.83846154,51.67692308,38.14615385,29.63846154
383.3111011,21.1,33.37692308,33.62307692,41.96153846,27.13846154,32.44615385,39.66153846,35.93846154,32.77692308,32.54615385,21.17692308
383.5211826,36.67692308,32.37692308,35.26153846,35.46153846,34.23846154,34.34615385,36.36153846,32.03846154,41.57692308,38.64615385,35.70769231
383.7312525,29.87692308,20.7,34.12307692,43.06153846,31.43846154,28.04615385,35.86153846,23.93846154,26.5,31.32307692,25.57692308
383.9413109,33.64615385,26.37692308,44.52307692,34.37692308,34.23846154,43.64615385,37.46153846,32.83846154,43.37692308,46.84615385,38.80769231
384.1513577,34.17692308,25.77692308,33.4,37.26153846,21.48461538,32.74615385,22.76153846,19.75384615,31.57692308,36.04615385,23.1
384.361393,26.43076923,26.77692308,31.13846154,33.4,34.21538462,29.94615385,41.36153846,20.53846154,24.27692308,36.54615385,32.61538462
384.5714167,31.30769231,31.77692308,27.47692308,42.76153846,24.51538462,32.24615385,37.86153846,31.05384615,31.07692308,41.34615385,33.3
384.7814289,39.57692308,33.77692308,25.04615385,28.96153846,26.93846154,31.74615385,35.16153846,37.13846154,36.67692308,28.84615385,24.00769231
384.9914295,42.57692308,21.77692308,25.02307692,39.66923077,27.53846154,32.44615385,32.26153846,37.93846154,30.37692308,22.94615385,32.90769231
385.2014185,27.83076923,27.03846154,26.22307692,28.86153846,27.10769231,25.94615385,34.66153846,43.33846154,36.17692308,38.24615385,34.54615385
385.411396,36.13076923,35.38461538,30.05384615,21.97692308,26.11538462,38.94615385,34.36153846,26.83846154,30.07692308,30.98461538,31.60769231
385.6213619,38.64615385,27.27692308,29.66153846,27.1,28.93846154,35.04615385,37.66153846,34.24615385,36.54615385,43.84615385,27.90769231
385.8313162,16.26153846,30.90769231,27.22307692,30.46153846,21.33846154,37.93076923,31.11538462,21.23076923,27.87692308,27.34615385,23.98461538
386.041259,31.68461538,26.60769231,32.52307692,20.26153846,26.73076923,44.64615385,35.46153846,34.93076923,30.77692308,46.34615385,24.00769231
386.2511902,30.67692308,22.63076923,20.26153846,31.26153846,32.16923077,28.54615385,30.76153846,21.04615385,22.80769231,30.34615385,31.80769231
386.4611098,41.47692308,34.47692308,38.62307692,33.06153846,23.4,25.93076923,36.46153846,24.40769231,37.74615385,35.34615385,22.43846154
386.6710178,21.97692308,22.54615385,28.55384615,25.87692308,30.82307692,16.39230769,25.06153846,21.83846154,29.57692308,24.03846154,20.73846154
386.8809142,36.94615385,30.07692308,30.52307692,31.86153846,30.6,34.44615385,34.3,33.74615385,30.48461538,40.14615385,24.50769231
387.0907991,25.78461538,19.19230769,26.73846154,22.59230769,25.41538462,27.08461538,20.11538462,29.63846154,26.74615385,42.84615385,25.00769231
387.3006723,35.37692308,26.97692308,30.29230769,28.77692308,28.93846154,21.36923077,27.24615385,32.73846154,33.58461538,26.14615385,34.10769231
387.510534,30.67692308,10.06153846,21.66923077,22.77692308,19.66923077,29.46923077,22.8,24.68461538,26.13076923,35.04615385,34.30769231
387.7203841,39.07692308,37.37692308,42.33846154,34.16153846,24.91538462,16.70769231,18.46153846,26.53076923,29.55384615,45.84615385,42.20769231
387.9302226,23.60769231,26.77692308,25.32307692,28.86923077,30.45384615,26.83076923,30.7,16.16153846,21.94615385,27.92307692,25.80769231
388.1400495,33.57692308,27.27692308,24.1,32.46153846,23.39230769,25.13076923,26.97692308,32.93846154,26.83076923,31.89230769,37.10769231
388.3498648,29.30769231,28.32307692,25.85384615,29.37692308,24.08461538,27.34615385,24.11538462,23.77692308,31.13076923,35.40769231,21.45384615
388.5596684,36.97692308,32.17692308,36.27692308,36.06153846,34.53846154,29.50769231,36.06153846,30.26153846,28.87692308,36.24615385,22.40769231
388.7694605,33.37692308,23.16923077,21.72307692,25.96153846,32.33846154,29.74615385,25.8,24.84615385,44.17692308,30.64615385,19.71538462
388.979241,30.44615385,27.90769231,33.12307692,21.67692308,26.93846154,31.54615385,27.46153846,15.73846154,27.57692308,34.88461538,34.20769231
389.1890099,28.61538462,11.84615385,22.82307692,33.77692308,25.96153846,36.14615385,35.71538462,37.33846154,19.37692308,30.42307692,32.00769231
389.3987671,29.23076923,31.60769231,31.19230769,37.06153846,32.53846154,39.14615385,32.86153846,32.8,27.57692308,33.54615385,32.03846154
389.6085127,26.07692308,29.56153846,28.07692308,23.67692308,35.83846154,35.24615385,29.46153846,32.96153846,27.57692308,35.44615385,30.70769231
389.8182468,30.34615385,30.47692308,28.54615385,37.76153846,30.73846154,33.35384615,26.53846154,25.63846154,40.87692308,44.54615385,32.30769231
390.0279692,30.43846154,25.43846154,29.62307692,39.76153846,27.43846154,32.20769231,26.51538462,38.13846154,32.07692308,27.42307692,27.76923077
390.2376799,46.27692308,35.28461538,31.40769231,44.26153846,51.53846154,27.06923077,41.86153846,28.23846154,24.63076923,47.34615385,31.80769231
390.4473791,36.27692308,36.47692308,24.52307692,27.46153846,39.13846154,30.36923077,28.26153846,31.77692308,24.17692308,24.94615385,21.56923077
390.6570666,37.97692308,28.80769231,34.23846154,35.86153846,34.20769231,30.74615385,45.86153846,44.33846154,39.07692308,33.24615385,37.80769231
390.8667425,39.67692308,30.07692308,26.43846154,36.36153846,32.93846154,35.76923077,25.96153846,35.66153846,37.57692308,36.88461538,42.80769231
391.0764068,36.27692308,30.01538462,42.62307692,28.37692308,25.96153846,31.73076923,30.76153846,32.33846154,24.77692308,42.34615385,41.00769231
391.2860594,23.03076923,17.00769231,34.52307692,26.56153846,34.03846154,26.04615385,27.06153846,40.13846154,27.81538462,28.44615385,32.70769231
391.4957004,31.97692308,33.57692308,42.42307692,37.56153846,33.63846154,24.04615385,32.46153846,26.63846154,36.76153846,37.18461538,41.70769231
391.7053298,26.07692308,27.07692308,25.97692308,19.77692308,24.63846154,27.24615385,38.64615385,27.13846154,23.97692308,26.99230769,32.70769231
391.9149475,27.51538462,22.71538462,30.12307692,29.86153846,33.93846154,27.34615385,25.31538462,24.75384615,30.47692308,37.44615385,32.40769231
392.1245536,36.57692308,26.07692308,25.32307692,30.16153846,34.83846154,28.44615385,26.13076923,27.2,21.07692308,29.83076923,19.50769231
392.334148,25.74615385,25.17692308,27.43846154,26.66153846,35.23846154,32.96923077,32.76153846,24.33846154,25.67692308,27.98461538,33.50769231
392.5437308,39.37692308,39.97692308,25.37692308,28.54615385,26.13846154,32.14615385,33.45384615,32.33846154,19.24615385,31.84615385,21.40769231
392.7533019,43.17692308,27.27692308,22.65384615,22.19230769,26,37.14615385,21.16153846,27.23846154,30.58461538,35.24615385,27.50769231
392.9628614,10.3,32.12307692,22.94615385,29.87692308,17.86923077,39.14615385,26.16153846,31.35384615,20.34615385,30.14615385,25.4
393.1724092,39.67692308,21.07692308,35.52307692,27.37692308,28.13846154,43.34615385,25.98461538,32.43076923,24.06923077,37.24615385,20.23076923
393.3819454,23.86923077,17.60769231,35.12307692,16.04615385,19.90769231,22.72307692,30.76153846,31.73846154,31.71538462,33.79230769,21.53846154
393.5914699,27.97692308,25.07692308,44.52307692,36.26153846,33.93846154,36.14615385,31.46153846,43.13846154,31.47692308,50.14615385,29.93846154
393.8009827,32.53846154,27.28461538,31.62307692,36.66153846,21.39230769,29.25384615,31.46153846,23.93846154,25.71538462,31.12307692,33.10769231
394.0104839,35.13846154,26.23846154,23.97692308,19.46923077,35.13846154,32.34615385,36.06153846,31.03846154,42.67692308,36.44615385,40.90769231
394.2199734,28.2,22.17692308,20.19230769,28.36153846,24.78461538,22.33076923,28.15384615,34.03846154,25.07692308,30.54615385,27.2
394.4294512,33.27692308,26.04615385,28.52307692,28.97692308,23.91538462,32.23076923,38.36153846,34.23846154,39.11538462,41.34615385,31.70769231
394.6389174,27.27692308,27.97692308,28.75384615,33.37692308,28.73846154,24.39230769,26.66153846,17.25384615,29.17692308,25.94615385,32.40769231
394.8483719,40.2,26.01538462,45.82307692,40.26153846,32.23846154,32.44615385,41.96153846,24.83076923,38.17692308,42.34615385,31.33846154
395.0578147,24.16923077,18.69230769,26.45384615,33.96153846,29.73846154,21.63076923,24.46153846,21.18461538,30.87692308,27.94615385,31.33846154
395.2672458,39.37692308,30.67692308,35.72307692,26.57692308,34.33846154,43.64615385,35.86153846,33.53846154,29.87692308,38.64615385,31.00769231
395.4766652,41.7,27.88461538,34.72307692,34.57692308,29.23846154,34.43076923,27.36153846,28.83846154,30.27692308,46.14615385,29.83846154
395.686073,43.27692308,30.53846154,25.45384615,37.36153846,38.43846154,38.14615385,30.86153846,27.53846154,42.27692308,40.24615385,29.00769231
395.8954691,33.47692308,20.61538462,38.22307692,42.96153846,30.43846154,35.44615385,37.06153846,39.23846154,29.27692308,37.84615385,34.10769231
396.1048535,46.87692308,38.77692308,32.02307692,39.76153846,45.83846154,43.14615385,33.66153846,39.65384615,41.27692308,54.44615385,33.80769231
396.3142262,37.57692308,27.07692308,24.83846154,31.26153846,22.63846154,32.42307692,25.86153846,35.93846154,24.1,31.25384615,28.83846154
396.5235872,46.07692308,27.57692308,28.57692308,25.86153846,32.53846154,38.84615385,42.66153846,46.63846154,36.37692308,40.44615385,36.53076923
396.7329365,34.20769231,31.00769231,25.12307692,31.86153846,37.23846154,30.24615385,30.16153846,34.14615385,28.63076923,29.04615385,30.00769231
396.9422741,42.57692308,40.21538462,40.10769231,38.96153846,38.93846154,30.84615385,43.06153846,42.23846154,35.77692308,46.54615385,35.80769231
397.1516,33.77692308,34.97692308,31.22307692,40.36153846,34.93846154,35.68461538,28.81538462,37.43846154,26.57692308,35.54615385,32.70769231
397.3609142,48.77692308,34.21538462,42.32307692,31.76153846,41.73846154,36.94615385,46.46153846,42.43846154,44.27692308,44.04615385,35.93846154
397.5702167,32.97692308,37.07692308,28.02307692,42.8,25.73846154,40.54615385,41.76153846,35.15384615,40.31538462,42.64615385,35.60769231
397.7795074,42.97692308,37.90769231,37.50769231,51.06153846,32.13846154,43.54615385,40.26153846,46.13846154,40.17692308,47.92307692,32.40769231
397.9887865,38.87692308,30.41538462,31.13846154,30.06153846,36.03076923,38.34615385,38.56153846,31.33846154,26.38461538,47.84615385,48.10769231
398.1980539,49.37692308,53.37692308,43.92307692,41.26153846,47.33846154,46.64615385,42.36153846,50.23846154,46.57692308,42.74615385,47.70769231
398.4073095,40.27692308,40.87692308,35.82307692,44.66153846,42.43846154,46.44615385,38.06153846,39.83846154,39.47692308,53.04615385,36.90769231
398.6165534,50.77692308,38.77692308,44.12307692,52.16153846,38.23846154,56.14615385,45.56153846,45.33846154,47.87692308,50.04615385,48.90769231
398.8257856,39.57692308,35.47692308,29.92307692,47.06153846,39.83846154,48.44615385,44.96153846,46.03846154,39.57692308,49.14615385,39.10769231
399.0350061,47.47692308,37.57692308,35.32307692,47.46153846,52.13846154,32.82307692,59.76153846,41.43846154,46.17692308,45.14615385,42.90769231
399.2442149,44.27692308,43.47692308,40.72307692,39.96153846,42.83846154,42.44615385,40.76153846,40.13846154,48.07692308,49.44615385,27.50769231
399.4534119,50.17692308,44.77692308,40.22307692,45.36153846,44.73846154,49.04615385,48.56153846,47.73846154,53.37692308,48.04615385,41.60769231
399.6625972,50.27692308,39.37692308,42.72307692,47.76153846,44.83846154,38.54615385,40.3,43.73846154,38.17692308,48.34615385,42.90769231
399.8717707,56.47692308,51.57692308,56.92307692,40.36153846,42.33846154,57.94615385,60.46153846,61.13846154,48.47692308,54.94615385,53.00769231
400.0809326,43.47692308,43.27692308,46.62307692,43.96153846,45.33846154,51.44615385,40.06153846,40.98461538,52.27692308,68.74615385,43.50769231
400.2900827,40.97692308,54.97692308,51.02307692,73.46153846,56.43846154,50.94615385,62.46153846,61.53846154,52.67692308,54.64615385,49.90769231
400.499221,52.27692308,44.67692308,48.12307692,34.46153846,50.73846154,45.44615385,29.06923077,46.23846154,47.37692308,61.84615385,39.60769231
400.7083476,59.87692308,49.17692308,57.62307692,51.66153846,61.93846154,42.44615385,59.36153846,49.33846154,53.17692308,49.44615385,48.30769231
400.9174625,58.17692308,42.17692308,43.32307692,52.36153846,49.03846154,57.14615385,62.56153846,61.73846154,53.27692308,46.34615385,48.80769231
401.1265656,65.97692308,53.51538462,51.52307692,55.16153846,59.23846154,58.04615385,60.26153846,54.13846154,71.87692308,62.74615385,58.50769231
401.3356569,55.67692308,54.17692308,55.92307692,58.76153846,53.33846154,63.24615385,63.66153846,53.33846154,54.97692308,64.64615385,59.30769231
401.5447366,63.07692308,50.97692308,57.02307692,65.96153846,60.03846154,63.24615385,66.86153846,70.43846154,67.07692308,60.24615385,70.40769231
401.7538044,64.97692308,59.77692308,52.12307692,68.76153846,53.63846154,65.94615385,68.86153846,62.33846154,66.27692308,73.14615385,57.90769231
401.9628605,90.87692308,86.27692308,95.02307692,86.86153846,96.33846154,87.24615385,104.1615385,96.83846154,86.07692308,106.8461538,88.10769231
402.1719048,133.4769231,132.6769231,132.0230769,123.6615385,125.5384615,124.8461538,132.5615385,132.1384615,145.4769231,139.2461538,128.1076923
402.3809374,208.3769231,192.4769231,198.1230769,214.8615385,201.8384615,199.6461538,198.5615385,207.6384615,209.1769231,211.8461538,199.6076923
402.5899582,309.3769231,295.2769231,288.5230769,290.1615385,290.9384615,305.3461538,300.6615385,297.2384615,316.9769231,306.9461538,305.2076923
402.7989673,472.4769231,441.4769231,450.0230769,454.7615385,455.5384615,463.8461538,456.8615385,469.8384615,451.6769231,462.2461538,460.7076923
403.0079646,609.2769231,576.0769231,582.3230769,615.0615385,602.7384615,597.3461538,604.0615385,597.4384615,611.1769231,634.0461538,629.1076923
403.2169501,862.7769231,808.3769231,807.3230769,818.3615385,815.5384615,826.4461538,844.0615385,838.3384615,839.4769231,855.7461538,849.6076923
403.4259238,1126.176923,1056.676923,1070.223077,1072.661538,1085.438462,1103.546154,1095.761538,1083.738462,1103.076923,1116.546154,1126.607692
403.6348857,1436.276923,1345.476923,1354.123077,1381.461538,1374.838462,1398.746154,1400.261538,1396.938462,1421.676923,1422.446154,1406.007692
403.8438359,1801.076923,1687.976923,1697.123077,1710.461538,1725.638462,1728.646154,1732.261538,1761.838462,1775.476923,1775.546154,1804.707692
404.0527743,2242.176923,2106.776923,2106.823077,2114.761538,2147.738462,2148.446154,2164.061538,2177.038462,2204.976923,2201.846154,2218.507692
404.2617009,2485.776923,2309.676923,2311.123077,2319.761538,2351.338462,2374.946154,2386.161538,2417.438462,2427.676923,2457.346154,2451.007692
404.4706157,2658.676923,2514.676923,2512.423077,2530.861538,2583.338462,2558.346154,2579.361538,2597.338462,2593.676923,2643.446154,2648.407692
404.6795188,2701.276923,2524.376923,2535.423077,2558.561538,2582.638462,2605.446154,2609.861538,2645.638462,2650.476923,2701.446154,2693.707692
404.88841,2509.476923,2343.476923,2333.823077,2399.361538,2390.538462,2423.546154,2425.061538,2455.338462,2460.276923,2524.346154,2518.307692
405.0972895,2306.276923,2132.976923,2157.623077,2199.861538,2209.738462,2215.846154,2231.661538,2240.338462,2253.676923,2263.346154,2294.407692
405.3061571,2033.876923,1903.976923,1906.723077,1940.461538,1936.538462,1944.646154,1966.261538,2005.138462,1995.476923,2017.746154,2023.307692
405.515013,1675.976923,1572.376923,1590.223077,1581.861538,1621.438462,1631.246154,1627.261538,1628.938462,1667.476923,1661.146154,1678.007692
405.723857,1349.576923,1236.376923,1244.523077,1299.261538,1271.338462,1291.246154,1306.361538,1313.738462,1325.076923,1347.646154,1346.107692
405.9326893,1078.176923,1006.176923,1018.323077,1033.161538,1038.238462,1051.346154,1071.361538,1043.138462,1075.876923,1066.146154,1085.807692
406.1415097,837.8769231,791.0769231,790.8230769,800.9615385,805.2384615,813.0461538,803.1615385,818.9384615,816.1769231,848.6461538,833.0076923
406.3503183,642.4769231,599.3769231,597.1230769,611.7615385,616.7384615,619.0461538,625.9615385,638.8384615,638.1769231,637.5461538,650.3076923
406.5591152,548.4769231,513.0769231,513.0230769,528.6615385,537.4384615,534.7461538,528.7615385,523.4384615,532.3769231,550.0461538,549.0076923
406.7679002,430.5769231,414.3769231,414.8230769,415.1615385,417.9384615,431.0461538,430.9615385,445.9384615,438.1769231,438.8461538,424.1076923
406.9766734,391.8769231,348.5769231,371.8230769,369.8615385,371.5384615,371.6461538,372.3615385,376.0384615,386.9769231,380.2461538,383.9076923
407.1854348,377.9769231,354.8769231,353.1230769,361.5615385,358.4384615,372.3461538,372.4615385,366.6384615,365.8769231,376.3461538,367.3076923
407.3941843,359.9769231,342.9769231,343.5230769,358.3615385,347.7384615,347.8461538,362.3615385,362.4384615,372.2769231,363.1461538,368.6076923
407.6029221,374.7769231,349.6769231,355.5230769,350.9615385,345.5384615,358.8461538,364.9615385,363.4384615,365.7769231,361.1461538,378.7076923
407.811648,375.7769231,358.4769231,356.5230769,366.6615385,361.5384615,383.3461538,374.1615385,365.8384615,381.4769231,368.9461538,374.0076923
408.0203621,365.4769231,342.4769231,335.6230769,356.0615385,351.5384615,356.2461538,351.0615385,367.0384615,339.1769231,366.6461538,361.9076923
408.2290643,344.2769231,332.5769231,328.9230769,332.9615385,331.1384615,332.5461538,341.3615385,330.9384615,327.6769231,342.0461538,343.8076923
408.4377547,309.2769231,286.0769231,291.5230769,300.6615385,301.9384615,300.1461538,305.0615385,296.7384615,311.4769231,323.2461538,310.7076923
408.6464333,312.4769231,269.3769231,275.1230769,291.6615385,287.1384615,285.8461538,294.8615385,294.0384615,288.3769231,301.4461538,306.0076923
408.8551001,264.8769231,250.4769231,251.4230769,257.4615385,257.4384615,259.9461538,255.0615385,260.4384615,257.2769231,276.9461538,262.4076923
409.063755,240.2769231,228.6769231,230.7230769,248.7615385,250.5384615,234.0461538,246.6615385,233.0384615,252.9769231,244.8461538,243.8076923
409.2723981,241.6769231,213.9769231,217.8230769,225.0615385,217.0384615,223.7461538,238.0615385,221.5384615,230.1769231,226.6461538,227.3076923
409.4810293,221.9769231,223.0769231,220.8230769,227.0615385,211.6384615,229.8461538,228.0615385,219.5384615,231.2769231,228.9461538,230.4076923
409.6896487,227.0769231,205.7769231,195.4230769,219.6615385,211.0384615,205.0461538,203.2615385,199.4384615,213.4769231,223.8461538,217.4076923
409.8982562,219.6769231,187.9769231,202.7230769,194.9615385,214.6384615,221.4461538,213.6615385,200.6384615,216.6769231,219.5461538,212.3076923
410.1068519,211.9769231,194.7769231,200.8230769,206.0615385,204.3384615,215.4461538,206.3615385,221.3384615,222.5769231,225.6461538,219.0076923
410.3154357,223.7769231,196.4769231,200.9230769,199.9615385,210.8384615,216.4461538,199.0615385,216.1384615,205.3769231,210.9461538,214.0076923
410.5240077,226.9769231,202.7769231,193.8230769,198.5615385,224.8384615,218.3461538,226.0615385,221.9384615,216.7769231,220.2461538,221.1076923
410.7325678,231.1769231,217.9769231,209.9230769,207.4615385,229.7384615,219.7461538,215.3615385,225.6384615,227.7769231,227.6461538,221.8076923
410.941116,223.7769231,223.1769231,216.1230769,236.1615385,220.9384615,227.3461538,221.6615385,222.3384615,218.6769231,232.2461538,230.6076923
411.1496524,246.3769231,219.6769231,224.9230769,243.1615385,227.2384615,232.2461538,228.0615385,252.0384615,235.2769231,237.5461538,231.6076923
411.3581769,246.4769231,229.4769231,232.6230769,248.8615385,226.7384615,247.7461538,237.4615385,245.4384615,239.0769231,247.2461538,250.8076923
411.5666896,264.4769231,235.2769231,234.3230769,241.0615385,246.8384615,262.7461538,245.6615385,257.9384615,255.0769231,257.1461538,253.4076923
411.7751904,261.2769231,244.0769231,244.7230769,243.3615385,255.7384615,242.9461538,262.7615385,253.1384615,265.5769231,256.1461538,263.1076923
411.9836793,276.6769231,253.2769231,250.4230769,247.3615385,260.1384615,259.6461538,256.2615385,268.1384615,270.9769231,274.5461538,265.5076923
412.1921563,291.6769231,254.3769231,256.2230769,254.8615385,264.1384615,268.2461538,257.9615385,271.6384615,273.5769231,290.9461538,281.6076923
412.4006215,280.7769231,261.7769231,266.2230769,270.2615385,268.8384615,279.8461538,273.9615385,268.9384615,282.4769231,292.4461538,272.0076923
412.6090747,298.6769231,262.7769231,274.2230769,285.2615385,272.0384615,279.4461538,290.4615385,289.3384615,288.6769231,288.8461538,291.2076923
412.8175161,310.9769231,282.7769231,274.3230769,286.2615385,292.0384615,294.9461538,288.4615385,287.8384615,297.0769231,305.0461538,307.9076923
413.0259456,302.0769231,279.1769231,272.4230769,300.8615385,287.0384615,294.7461538,288.7615385,293.0384615,299.3769231,304.6461538,319.5076923
413.2343632,320.0769231,290.9769231,300.8230769,289.4615385,301.9384615,309.7461538,314.4615385,308.8384615,307.9769231,324.6461538,310.9076923
413.442769,314.1769231,290.0769231,289.8230769,301.1615385,301.6384615,304.7461538,297.2615385,319.0384615,313.2769231,328.3461538,303.6076923
413.6511628,322.0769231,296.3769231,317.4230769,310.3615385,322.1384615,309.3461538,329.3615385,300.5384615,319.6769231,333.4461538,323.5076923
413.8595447,336.5769231,304.2769231,310.5230769,329.0615385,310.1384615,336.2461538,325.5615385,317.4384615,324.5769231,339.9461538,343.7076923
414.0679148,352.0769231,316.2769231,328.9230769,330.1615385,338.2384615,341.8461538,335.4615385,338.7384615,345.1769231,335.3461538,344.9076923
414.2762729,359.0769231,333.5769231,329.1230769,331.9615385,335.6384615,347.3461538,343.0615385,339.7384615,336.9769231,348.9461538,352.1076923
414.4846191,357.7769231,335.7769231,335.6230769,345.9615385,341.4384615,333.0461538,348.6615385,355.7384615,343.6769231,365.0461538,351.2076923
414.6929535,369.3769231,332.3769231,335.8230769,335.8615385,342.6384615,349.3461538,334.7615385,333.0384615,347.0769231,348.9461538,354.7076923
414.9012759,373.7769231,352.6769231,350.3230769,356.4615385,358.5384615,370.2461538,357.6615385,379.7384615,370.9769231,381.7461538,381.8076923
415.1095864,400.1769231,363.2769231,361.0230769,371.1615385,373.6384615,372.3461538,385.5615385,380.6384615,387.2769231,393.6461538,389.1076923
415.317885,394.3769231,356.1769231,358.7230769,359.2615385,384.3384615,362.1461538,370.7615385,385.1384615,383.6769231,385.7461538,385.0076923
415.5261717,419.3769231,377.2769231,389.3230769,393.9615385,373.7384615,395.5461538,400.0615385,401.1384615,392.6769231,401.2461538,398.5076923
415.7344465,404.4769231,390.6769231,384.6230769,395.0615385,395.6384615,398.6461538,392.3615385,399.5384615,408.7769231,409.3461538,399.2076923
415.9427093,416.7769231,379.2769231,400.5230769,402.8615385,402.6384615,414.5461538,401.4615385,406.5384615,402.5769231,422.1461538,417.4076923
416.1509603,437.2769231,397.9769231,410.1230769,418.1615385,413.2384615,427.0461538,419.6615385,416.8384615,421.8769231,416.4461538,430.7076923
416.3591993,436.4769231,404.4769231,416.6230769,417.6615385,423.8384615,420.6461538,410.2615385,428.8384615,421.5769231,436.0461538,414.3076923
416.5674264,449.1769231,416.4769231,410.7230769,435.7615385,427.7384615,419.4461538,437.1615385,423.7384615,440.4769231,440.9461538,431.7076923
416.7756415,454.2769231,418.2769231,430.9230769,422.7615385,411.2384615,434.4461538,434.9615385,436.1384615,433.8769231,459.5461538,449.2076923
416.9838447,482.0769231,450.0769231,453.9230769,442.4615385,444.8384615,460.6461538,451.2615385,463.1384615,460.0769231,467.1461538,457.3076923
417.192036,458.8769231,422.3769231,438.0230769,455.2615385,450.1384615,454.8461538,450.8615385,458.8384615,459.3769231,457.4461538,467.0076923
417.4002154,485.1769231,459.9769231,442.8230769,465.8615385,454.3384615,466.0461538,463.5615385,462.4384615,473.1769231,478.7461538,479.7076923
417.6083828,479.1769231,434.5769231,446.7230769,447.5615385,445.7384615,445.3461538,460.8615385,465.3384615,459.0769231,470.8461538,464.3076923
417.8165383,508.9769231,468.5769231,470.4230769,466.9615385,462.0384615,487.1461538,490.7615385,492.6384615,491.2769231,490.9461538,488.0076923
418.0246818,501.3769231,475.1769231,474.3230769,474.0615385,476.4384615,487.1461538,494.5615385,498.1384615,507.9769231,500.3461538,499.7076923
418.2328134,536.7769231,480.2769231,495.4230769,511.6615385,503.1384615,521.6461538,510.0615385,499.0384615,514.8769231,535.5461538,515.3076923
418.440933,512.8769231,481.0769231,486.7230769,490.5615385,489.6384615,494.6461538,505.6615385,490.5384615,511.3769231,522.1461538,510.5076923
418.6490407,551.1769231,507.9769231,520.5230769,517.0615385,519.7384615,522.2461538,525.6615385,529.1384615,519.3769231,539.7461538,535.6076923
418.8571364,543.1769231,509.1769231,515.2230769,531.4615385,525.1384615,542.3461538,536.0615385,532.3384615,548.6769231,543.4461538,556.0076923
419.0652202,559.2769231,524.8769231,528.4230769,539.6615385,529.8384615,546.8461538,516.9615385,543.9384615,551.6769231,559.1461538,549.8076923
419.273292,553.8769231,505.8769231,508.2230769,528.3615385,527.0384615,512.8461538,543.1615385,550.4384615,546.3769231,556.2461538,553.2076923
419.4813519,571.6769231,530.8769231,528.9230769,549.7615385,547.1384615,559.3461538,551.5615385,558.4384615,567.6769231,577.4461538,578.9076923
419.6893998,617.4769231,562.6769231,582.8230769,575.3615385,585.8384615,593.6461538,583.9615385,600.1384615,594.9769231,595.7461538,598.1076923
419.8974357,619.8769231,571.3769231,583.8230769,601.8615385,586.0384615,598.8461538,602.7615385,595.2384615,601.5769231,613.7461538,605.5076923
420.1054597,614.4769231,569.0769231,578.6230769,582.1615385,586.8384615,589.3461538,585.9615385,591.1384615,603.3769231,600.7461538,613.5076923
420.3134716,618.6769231,581.9769231,581.8230769,585.6615385,586.6384615,607.6461538,621.5615385,603.6384615,611.3769231,621.4461538,623.0076923
420.5214717,621.1769231,566.7769231,580.0230769,586.0615385,615.0384615,613.4461538,617.1615385,587.4384615,608.5769231,607.8461538,615.6076923
420.7294597,638.3769231,591.6769231,608.8230769,596.9615385,607.6384615,618.6461538,611.8615385,611.1384615,629.4769231,631.1461538,636.1076923
420.9374358,652.8769231,602.3769231,615.7230769,610.3615385,631.5384615,636.7461538,622.6615385,623.1384615,646.7769231,638.8461538,645.8076923
421.1453999,667.5769231,630.9769231,644.2230769,641.7615385,654.8384615,641.4461538,671.6615385,649.0384615,658.6769231,657.9461538,667.4076923
421.353352,662.7769231,628.9769231,631.6230769,660.1615385,638.6384615,668.6461538,660.8615385,658.8384615,662.2769231,668.5461538,661.6076923
421.5612921,718.4769231,654.9769231,660.0230769,671.5615385,664.8384615,676.8461538,667.5615385,687.7384615,702.3769231,704.4461538,706.0076923
421.7692202,703.1769231,663.3769231,661.1230769,668.2615385,662.5384615,686.2461538,673.7615385,684.1384615,685.7769231,712.1461538,716.2076923
421.9771364,729.1769231,701.5769231,697.2230769,678.2615385,704.8384615,714.7461538,705.4615385,716.6384615,710.6769231,732.7461538,720.3076923
422.1850405,685.9769231,666.8769231,659.3230769,663.4615385,674.7384615,673.0461538,692.2615385,690.3384615,693.8769231,698.7461538,706.2076923
422.3929327,762.1769231,717.3769231,709.0230769,724.2615385,715.5384615,736.8461538,736.5615385,747.1384615,734.3769231,747.4461538,748.5076923
422.6008128,763.8769231,721.1769231,720.5230769,723.3615385,738.1384615,749.7461538,742.2615385,751.7384615,765.7769231,770.0461538,762.2076923
422.808681,768.7769231,713.7769231,732.4230769,736.4615385,732.8384615,742.3461538,758.1615385,736.4384615,763.3769231,742.0461538,774.8076923
423.0165371,770.5769231,723.1769231,730.7230769,731.1615385,743.6384615,741.2461538,751.6615385,752.0384615,766.0769231,754.3461538,763.1076923
423.2243813,789.3769231,743.7769231,752.7230769,765.4615385,754.1384615,768.5461538,771.4615385,767.5384615,769.0769231,777.4461538,778.3076923
423.4322135,810.7769231,751.6769231,760.7230769,763.7615385,769.6384615,790.8461538,777.7615385,805.2384615,805.3769231,802.0461538,795.9076923
423.6400336,799.7769231,749.6769231,754.0230769,772.1615385,755.4384615,770.9461538,786.1615385,792.0384615,797.0769231,813.2461538,793.3076923
423.8478417,867.7769231,805.0769231,816.3230769,804.9615385,821.7384615,831.5461538,824.3615385,848.6384615,850.8769231,860.2461538,864.4076923
424.0556378,820.5769231,777.8769231,775.4230769,774.8615385,781.4384615,809.8461538,795.9615385,806.5384615,815.1769231,817.5461538,815.9076923
424.2634219,880.9769231,819.8769231,837.8230769,832.1615385,844.3384615,853.2461538,840.4615385,863.5384615,862.2769231,864.6461538,867.2076923
424.471194,889.3769231,813.6769231,828.1230769,838.3615385,828.4384615,847.7461538,862.0615385,849.0384615,869.0769231,873.9461538,874.6076923
424.6789541,854.3769231,818.1769231,833.2230769,835.9615385,828.6384615,835.3461538,848.6615385,856.3384615,848.1769231,866.9461538,864.2076923
424.8867021,916.3769231,855.8769231,876.9230769,875.8615385,874.2384615,883.8461538,896.5615385,884.4384615,891.0769231,912.2461538,911.5076923
425.0944381,917.7769231,875.3769231,875.7230769,874.9615385,887.7384615,902.2461538,897.6615385,894.2384615,900.1769231,930.4461538,913.1076923
425.3021621,932.8769231,874.0769231,867.1230769,902.2615385,883.0384615,897.7461538,886.4615385,910.3384615,904.6769231,928.9461538,921.6076923
425.5098741,945.1769231,875.8769231,885.6230769,903.8615385,910.9384615,901.4461538,927.4615385,925.4384615,940.0769231,940.4461538,927.7076923
425.717574,971.2769231,908.0769231,912.5230769,924.8615385,925.7384615,921.8461538,926.6615385,935.9384615,944.1769231,934.2461538,942.6076923
425.9252619,956.7769231,897.8769231,903.5230769,921.5615385,938.0384615,951.3461538,928.8615385,939.0384615,944.8769231,941.0461538,940.0076923
426.1329377,986.4769231,931.1769231,939.3230769,950.4615385,951.9384615,942.5461538,955.8615385,973.0384615,979.6769231,983.7461538,964.9076923
426.3406015,1029.976923,959.8769231,954.3230769,980.7615385,964.7384615,992.1461538,999.9615385,1004.038462,1000.876923,991.8461538,1003.007692
426.5482533,1055.176923,991.0769231,1002.423077,1005.961538,1017.638462,1021.346154,1036.361538,1035.638462,1050.376923,1047.746154,1054.107692
426.755893,1046.176923,982.8769231,987.3230769,1006.761538,1004.638462,1017.646154,1042.961538,1023.138462,1052.476923,1050.246154,1024.607692
426.9635207,1047.276923,1012.176923,994.6230769,1026.961538,1002.338462,1026.046154,1021.561538,1039.238462,1055.976923,1044.846154,1066.507692
427.1711363,1107.776923,1021.576923,1024.723077,1043.861538,1041.038462,1061.546154,1041.261538,1068.238462,1085.876923,1078.346154,1079.207692
427.3787399,1106.276923,1053.476923,1050.323077,1061.761538,1055.238462,1072.246154,1100.761538,1092.538462,1090.676923,1106.846154,1108.707692
427.5863314,1092.076923,1045.276923,1034.023077,1060.761538,1057.538462,1073.946154,1069.061538,1065.338462,1075.476923,1089.246154,1097.107692
427.7939109,1112.076923,1062.776923,1062.123077,1083.361538,1100.138462,1109.646154,1105.761538,1095.138462,1108.576923,1139.246154,1122.507692
428.0014783,1171.976923,1087.976923,1108.723077,1117.661538,1130.538462,1135.046154,1124.761538,1148.338462,1143.376923,1159.846154,1155.207692
428.2090336,1221.376923,1141.076923,1152.623077,1159.961538,1157.238462,1182.046154,1172.961538,1190.138462,1189.176923,1197.946154,1217.707692
428.4165769,1165.676923,1097.276923,1108.323077,1121.861538,1127.538462,1151.646154,1117.161538,1149.038462,1150.676923,1151.746154,1160.607692
428.6241081,1236.476923,1151.976923,1175.323077,1174.061538,1168.338462,1192.746154,1202.661538,1201.638462,1198.576923,1219.746154,1203.407692
428.8316272,1205.676923,1117.976923,1157.323077,1176.761538,1183.638462,1186.646154,1192.661538,1174.938462,1207.876923,1219.946154,1225.207692
429.0391343,1207.976923,1146.576923,1157.123077,1178.861538,1168.938462,1152.146154,1184.961538,1190.538462,1184.276923,1207.846154,1184.207692
429.2466293,1192.076923,1126.876923,1137.523077,1148.061538,1154.838462,1157.946154,1166.561538,1171.538462,1180.176923,1192.846154,1186.207692
429.4541122,1265.376923,1216.176923,1213.523077,1260.461538,1230.338462,1240.046154,1259.061538,1258.138462,1272.776923,1275.246154,1289.107692
429.661583,1353.376923,1271.576923,1298.223077,1274.861538,1303.638462,1329.746154,1326.761538,1325.338462,1328.676923,1342.846154,1342.007692
429.8690418,1272.976923,1197.076923,1187.423077,1227.161538,1225.638462,1255.546154,1237.861538,1233.938462,1256.576923,1271.546154,1256.007692
430.0764885,1313.176923,1254.776923,1267.623077,1279.861538,1289.938462,1310.846154,1300.361538,1302.138462,1311.976923,1329.846154,1324.407692
430.283923,1279.476923,1209.076923,1234.923077,1234.561538,1221.138462,1259.946154,1242.561538,1243.438462,1259.576923,1273.446154,1275.207692
430.4913455,1352.076923,1266.776923,1264.123077,1268.961538,1268.538462,1270.746154,1272.261538,1297.038462,1294.776923,1295.246154,1313.007692
430.6987559,1392.576923,1310.376923,1324.023077,1345.161538,1339.838462,1337.046154,1364.161538,1371.938462,1383.976923,1363.746154,1381.707692
430.9061543,1362.276923,1293.776923,1289.423077,1326.461538,1311.838462,1314.746154,1341.061538,1327.838462,1327.576923,1345.446154,1347.207692
431.1135405,1374.376923,1299.076923,1298.323077,1301.761538,1306.138462,1326.546154,1314.161538,1324.038462,1323.476923,1347.546154,1348.807692
431.3209146,1371.576923,1327.576923,1335.223077,1347.361538,1320.338462,1344.246154,1346.961538,1360.938462,1375.076923,1383.846154,1387.007692
431.5282766,1402.476923,1340.976923,1342.423077,1358.061538,1372.038462,1366.346154,1383.361538,1375.638462,1386.276923,1379.046154,1388.207692
431.7356265,1479.076923,1386.176923,1391.523077,1413.561538,1416.438462,1432.646154,1441.061538,1426.438462,1437.276923,1461.746154,1442.207692
431.9429643,1506.176923,1439.576923,1439.423077,1454.461538,1452.338462,1493.246154,1484.361538,1505.638462,1494.276923,1494.946154,1497.807692
432.15029,1459.776923,1402.076923,1393.623077,1414.561538,1409.038462,1446.146154,1424.061538,1439.938462,1453.876923,1461.946154,1463.307692
432.3576036,1455.976923,1411.876923,1396.023077,1413.961538,1429.138462,1417.846154,1440.261538,1435.738462,1459.676923,1464.746154,1466.007692
432.5649051,1525.076923,1470.176923,1470.823077,1463.361538,1502.838462,1484.146154,1519.361538,1507.938462,1505.776923,1523.246154,1521.107692
432.7721945,1567.876923,1479.776923,1477.923077,1523.361538,1502.338462,1504.746154,1533.761538,1542.838462,1535.476923,1568.346154,1549.607692
432.9794717,1638.776923,1549.676923,1555.523077,1586.661538,1581.838462,1579.146154,1600.061538,1599.838462,1615.176923,1626.146154,1617.507692
433.1867368,1713.976923,1631.976923,1643.723077,1644.161538,1676.938462,1664.246154,1692.661538,1677.838462,1699.176923,1692.046154,1723.507692
433.3939898,1893.376923,1800.276923,1828.523077,1839.861538,1847.138462,1864.446154,1874.961538,1852.938462,1887.676923,1895.546154,1898.507692
433.6012307,2397.376923,2285.876923,2307.723077,2316.261538,2311.038462,2340.546154,2336.061538,2350.238462,2370.276923,2345.846154,2379.707692
433.8084595,2956.076923,2855.876923,2846.723077,2865.761538,2885.938462,2903.446154,2917.961538,2913.338462,2902.676923,2938.646154,2959.207692
434.0156761,3640.576923,3493.176923,3567.523077,3557.461538,3560.338462,3595.546154,3609.661538,3608.038462,3619.876923,3631.946154,3650.207692
434.2228806,4651.276923,4515.476923,4536.523077,4550.561538,4525.338462,4552.746154,4592.761538,4611.838462,4609.576923,4589.846154,4629.107692
434.4300729,6137.476923,5965.576923,5965.523077,5997.061538,6019.138462,6071.346154,6052.461538,6111.538462,6127.776923,6148.546154,6118.807692
434.6372532,7602.176923,7316.376923,7413.023077,7451.761538,7510.038462,7507.346154,7517.661538,7521.238462,7581.576923,7558.246154,7585.307692
434.8444212,10042.17692,9749.376923,9762.623077,9846.761538,9878.138462,9936.746154,9960.361538,9994.538462,9993.976923,10027.84615,10025.60769
435.0515772,11771.17692,11386.17692,11507.42308,11529.06154,11550.13846,11647.84615,11666.06154,11670.33846,11757.77692,11698.54615,11814.40769
435.258721,13410.87692,12968.87692,13020.92308,13052.26154,13169.33846,13206.14615,13171.96154,13283.33846,13333.87692,13360.44615,13362.10769
435.4658526,14809.07692,14331.87692,14408.42308,14429.86154,14533.23846,14598.44615,14627.06154,14675.73846,14735.47692,14690.64615,14831.60769
435.6729721,15190.77692,14666.87692,14776.42308,14834.06154,14859.63846,14984.74615,14923.66154,15063.53846,15114.47692,15123.94615,15167.00769
435.8800795,15793.77692,15185.27692,15249.02308,15385.06154,15480.23846,15558.64615,15558.76154,15575.93846,15669.77692,15677.94615,15799.20769
436.0871747,15451.77692,14886.47692,15038.42308,15120.16154,15153.93846,15241.04615,15293.76154,15306.03846,15367.17692,15347.24615,15427.30769
436.2942577,13871.27692,13339.17692,13454.92308,13492.96154,13620.83846,13679.74615,13673.66154,13765.83846,13763.37692,13770.94615,13860.70769
436.5013286,11549.57692,11158.87692,11254.22308,11295.26154,11379.33846,11431.74615,11461.76154,11484.93846,11517.37692,11545.34615,11586.90769
436.7083873,9932.176923,9606.176923,9621.023077,9739.961538,9765.938462,9804.046154,9818.361538,9912.638462,9869.876923,9913.846154,9918.607692
436.9154338,8468.776923,8160.876923,8208.123077,8297.561538,8274.638462,8335.346154,8372.061538,8385.138462,8381.776923,8399.246154,8470.207692
437.1224682,7141.776923,6885.576923,6943.023077,6931.561538,6994.138462,7031.246154,7025.461538,7071.038462,7061.976923,7138.146154,7146.507692
437.3294904,5800.976923,5603.376923,5623.323077,5665.561538,5706.338462,5745.646154,5761.861538,5737.938462,5761.576923,5839.846154,5820.507692
437.5365005,4939.476923,4727.176923,4805.323077,4813.261538,4821.638462,4860.946154,4867.861538,4854.238462,4907.776923,4912.946154,4902.007692
437.7434984,4161.776923,3944.476923,3983.923077,4016.261538,4021.938462,4075.846154,4058.461538,4096.338462,4117.676923,4103.946154,4151.307692
437.9504841,3367.776923,3222.976923,3240.223077,3260.561538,3270.238462,3305.346154,3304.861538,3327.138462,3304.176923,3328.046154,3330.207692
438.1574576,2974.176923,2837.876923,2848.323077,2877.961538,2870.638462,2883.446154,2897.961538,2891.638462,2928.976923,2932.146154,2941.407692
438.3644189,2600.376923,2500.376923,2529.223077,2523.161538,2534.938462,2571.846154,2577.261538,2573.438462,2597.676923,2581.946154,2603.007692
438.5713681,2301.076923,2216.976923,2247.023077,2244.361538,2256.438462,2283.446154,2283.961538,2268.238462,2306.476923,2322.846154,2324.907692
438.7783051,2129.076923,2075.476923,2063.823077,2090.861538,2110.238462,2097.646154,2110.161538,2118.638462,2141.176923,2129.946154,2130.407692
438.9852298,2178.076923,2093.876923,2120.823077,2126.661538,2120.338462,2132.046154,2166.361538,2145.238462,2152.576923,2190.946154,2183.907692
439.1921424,2093.276923,1981.576923,2000.423077,2016.461538,2028.538462,2037.946154,2039.261538,2032.138462,2062.776923,2084.146154,2049.907692
439.3990428,2096.076923,2023.576923,2036.023077,2032.761538,2043.038462,2067.046154,2055.261538,2089.338462,2071.176923,2087.746154,2081.507692
439.6059311,2038.176923,1946.176923,1959.323077,1951.961538,1975.738462,1992.346154,2006.961538,2024.238462,1993.276923,2024.746154,2017.007692
439.8128071,2111.176923,2023.676923,2041.623077,2047.061538,2040.738462,2087.246154,2090.361538,2071.938462,2091.476923,2113.846154,2082.607692
440.0196709,2196.876923,2078.376923,2094.023077,2109.861538,2122.438462,2132.746154,2159.961538,2148.138462,2155.776923,2162.946154,2178.507692
440.2265225,2092.076923,2001.376923,2025.723077,2055.061538,2058.038462,2064.346154,2087.761538,2086.138462,2096.976923,2115.846154,2104.507692
440.4333619,2066.576923,1975.976923,1992.623077,2005.661538,2010.238462,1986.246154,2026.261538,2030.138462,2037.976923,2046.746154,2061.707692
440.6401891,2104.676923,2023.776923,2026.623077,2046.561538,2054.338462,2068.046154,2062.361538,2082.238462,2080.976923,2099.246154,2107.907692
440.8470041,2068.276923,1989.876923,1999.323077,1991.861538,2021.638462,2015.746154,2023.061538,2035.038462,2024.676923,2051.046154,2070.307692
441.0538068,2091.776923,1994.276923,1987.023077,2034.761538,2018.338462,2038.046154,2039.361538,2043.238462,2070.076923,2069.546154,2083.407692
441.2605974,2138.976923,2068.976923,2068.923077,2110.661538,2118.238462,2122.146154,2082.361538,2120.138462,2147.676923,2156.546154,2163.207692
441.4673758,2117.576923,2044.876923,2028.223077,2044.561538,2059.538462,2065.846154,2060.161538,2064.438462,2090.876923,2094.746154,2082.707692
441.6741419,2144.976923,2023.176923,2059.423077,2067.861538,2060.638462,2084.046154,2097.561538,2095.238462,2106.076923,2103.546154,2117.907692
441.8808958,2158.576923,2081.476923,2090.823077,2118.261538,2101.138462,2135.346154,2135.061538,2125.538462,2138.976923,2162.446154,2166.107692
442.0876375,2179.676923,2103.576923,2087.623077,2105.561538,2121.038462,2143.246154,2136.761538,2144.238462,2149.776923,2156.146154,2169.107692
442.2943669,2155.376923,2055.376923,2047.523077,2067.561538,2095.638462,2093.046154,2098.561538,2110.138462,2097.476923,2116.446154,2145.007692
442.5010841,2147.276923,2049.276923,2084.623077,2086.161538,2108.338462,2094.646154,2111.761538,2130.838462,2123.476923,2132.046154,2127.307692
442.7077891,2167.376923,2076.476923,2079.723077,2101.561538,2126.338462,2114.346154,2120.861538,2139.938462,2153.676923,2130.446154,2149.107692
442.9144819,2201.676923,2110.676923,2133.623077,2111.361538,2141.838462,2171.646154,2143.961538,2144.438462,2158.276923,2185.346154,2187.507692
443.1211624,2271.076923,2163.876923,2188.223077,2187.461538,2191.238462,2222.846154,2224.461538,2223.338462,2227.476923,2226.346154,2237.307692
443.3278307,2175.576923,2083.076923,2114.923077,2131.561538,2102.538462,2134.846154,2127.961538,2137.338462,2153.076923,2144.346154,2148.007692
443.5344867,2301.576923,2245.576923,2242.123077,2250.261538,2241.238462,2281.346154,2273.361538,2265.238462,2282.776923,2280.646154,2283.907692
443.7411305,2212.476923,2144.976923,2147.323077,2147.361538,2156.038462,2179.846154,2169.061538,2185.438462,2164.276923,2215.346154,2194.807692
443.9477621,2135.576923,2035.376923,2065.823077,2077.061538,2076.438462,2099.446154,2117.661538,2101.038462,2094.976923,2123.346154,2112.007692
444.1543814,2238.476923,2167.376923,2170.123077,2195.961538,2197.838462,2210.646154,2208.761538,2234.838462,2211.676923,2256.046154,2243.307692
444.3609885,2238.676923,2138.176923,2156.223077,2168.561538,2184.138462,2195.146154,2199.761538,2211.638462,2231.976923,2212.946154,2224.707692
444.5675833,2187.976923,2108.776923,2115.923077,2141.061538,2148.438462,2157.946154,2169.961538,2157.938462,2176.676923,2192.246154,2163.707692
444.7741658,2170.076923,2083.176923,2070.923077,2087.161538,2091.338462,2113.246154,2119.661538,2096.838462,2168.976923,2147.146154,2158.007692
444.9807361,2142.876923,2067.176923,2080.823077,2092.161538,2124.838462,2131.346154,2115.961538,2118.038462,2151.576923,2128.946154,2144.407692
445.1872941,2176.576923,2093.676923,2115.723077,2139.861538,2131.138462,2162.846154,2163.361538,2157.038462,2183.276923,2173.346154,2182.607692
445.3938399,2249.176923,2166.776923,2148.623077,2198.361538,2177.338462,2203.146154,2215.061538,2202.538462,2228.676923,2233.946154,2225.707692
445.6003734,2191.276923,2108.576923,2109.523077,2124.461538,2147.238462,2146.146154,2164.461538,2174.638462,2171.476923,2181.846154,2185.407692
445.8068946,2330.176923,2256.676923,2261.923077,2294.261538,2300.438462,2312.646154,2297.461538,2298.738462,2310.276923,2316.146154,2322.807692
446.0134036,2235.076923,2146.476923,2169.723077,2170.061538,2155.338462,2179.346154,2181.561538,2201.338462,2192.076923,2233.146154,2235.007692
446.2199003,2236.276923,2166.176923,2159.323077,2163.361538,2182.538462,2200.246154,2177.061538,2194.038462,2184.776923,2217.546154,2227.707692
446.4263847,2287.476923,2239.076923,2223.723077,2233.561538,2231.838462,2256.346154,2248.761538,2278.738462,2267.176923,2275.446154,2287.207692
446.6328569,2260.376923,2178.576923,2201.823077,2203.061538,2195.638462,2213.046154,2206.161538,2232.438462,2236.276923,2244.246154,2252.107692
446.8393167,2316.476923,2235.076923,2243.023077,2246.461538,2270.638462,2273.946154,2261.961538,2301.638462,2278.876923,2290.346154,2305.707692
447.0457643,2198.876923,2122.976923,2137.823077,2141.861538,2164.538462,2175.046154,2170.661538,2191.838462,2182.976923,2194.146154,2207.407692
447.2521996,2298.076923,2201.476923,2199.723077,2240.661538,2255.638462,2272.546154,2269.361538,2279.738462,2266.376923,2286.146154,2295.807692
447.4586226,2252.676923,2211.376923,2192.723077,2183.161538,2201.138462,2204.546154,2209.961538,2262.638462,2244.576923,2248.346154,2261.307692
447.6650333,2205.476923,2129.676923,2147.423077,2149.561538,2179.938462,2171.646154,2174.461538,2184.638462,2201.476923,2200.646154,2212.807692
447.8714318,2304.276923,2220.576923,2245.823077,2243.661538,2247.838462,2283.646154,2274.861538,2279.938462,2288.376923,2294.746154,2276.107692
448.0778179,2377.076923,2322.676923,2299.823077,2327.061538,2326.738462,2336.946154,2371.461538,2367.238462,2377.676923,2358.546154,2351.907692
448.2841917,2249.076923,2152.076923,2154.623077,2177.061538,2188.538462,2196.146154,2221.161538,2192.438462,2198.276923,2236.646154,2217.707692
448.4905533,2267.876923,2174.676923,2215.123077,2183.561538,2217.538462,2226.146154,2238.861538,2221.238462,2251.976923,2237.446154,2251.307692
448.6969025,2308.876923,2231.176923,2256.423077,2241.161538,2260.538462,2288.646154,2278.861538,2274.738462,2306.576923,2302.446154,2308.407692
448.9032394,2307.976923,2229.976923,2264.923077,2264.361538,2267.838462,2285.546154,2279.261538,2272.638462,2315.876923,2300.746154,2299.507692
449.1095641,2329.676923,2226.276923,2255.623077,2245.061538,2279.538462,2282.346154,2292.661538,2283.438462,2295.676923,2310.046154,2309.907692
449.3158764,2297.576923,2219.776923,2224.123077,2222.261538,2257.538462,2255.846154,2273.461538,2235.138462,2276.076923,2263.146154,2272.807692
449.5221764,2295.276923,2236.776923,2232.123077,2254.461538,2251.338462,2278.446154,2273.961538,2288.138462,2275.876923,2298.346154,2309.807692
449.7284641,2346.476923,2228.676923,2265.023077,2298.161538,2275.038462,2311.046154,2292.861538,2295.538462,2296.476923,2319.346154,2340.507692
449.9347395,2292.276923,2244.876923,2233.223077,2248.161538,2259.838462,2274.046154,2247.861538,2267.438462,2304.676923,2294.746154,2305.407692
450.1410025,2307.876923,2237.776923,2221.723077,2242.961538,2260.038462,2253.446154,2254.761538,2270.538462,2281.676923,2291.246154,2290.107692
450.3472533,2336.276923,2252.376923,2254.323077,2292.061538,2292.138462,2322.546154,2328.861538,2288.738462,2319.576923,2321.446154,2326.007692
450.5534917,2260.376923,2181.476923,2180.523077,2167.261538,2199.038462,2220.946154,2231.761538,2227.538462,2218.076923,2242.946154,2219.107692
450.7597178,2268.176923,2197.376923,2190.723077,2190.261538,2224.438462,2234.546154,2224.661538,2229.338462,2254.576923,2250.046154,2261.407692
450.9659315,2372.376923,2271.676923,2284.123077,2295.161538,2317.738462,2331.946154,2334.361538,2325.038462,2361.076923,2345.346154,2354.607692
451.172133,2304.376923,2207.076923,2201.023077,2236.761538,2225.838462,2239.446154,2248.561538,2273.138462,2285.376923,2282.946154,2285.907692
451.3783221,2375.776923,2313.976923,2268.223077,2303.761538,2326.638462,2324.846154,2325.161538,2329.538462,2342.376923,2358.346154,2355.307692
451.5844988,2316.776923,2237.476923,2250.123077,2267.361538,2270.638462,2305.046154,2263.261538,2292.238462,2291.376923,2295.846154,2313.307692
451.7906633,2331.076923,2257.476923,2270.023077,2269.461538,2298.338462,2295.946154,2289.461538,2281.438462,2307.676923,2302.646154,2309.907692
451.9968153,2330.276923,2234.276923,2249.923077,2237.261538,2266.338462,2269.146154,2269.961538,2279.138462,2274.776923,2291.846154,2305.607692
452.2029551,2364.476923,2308.776923,2296.623077,2303.761538,2323.138462,2314.746154,2308.361538,2329.938462,2366.476923,2359.446154,2351.907692
452.4090825,2395.576923,2313.176923,2331.323077,2338.761538,2353.038462,2333.546154,2352.961538,2372.138462,2384.576923,2395.246154,2390.707692
452.6151975,2317.376923,2259.576923,2264.823077,2289.361538,2297.538462,2315.646154,2302.861538,2294.038462,2308.776923,2329.346154,2339.707692
452.8213002,2310.776923,2237.076923,2239.523077,2245.161538,2275.938462,2268.446154,2265.161538,2285.338462,2281.576923,2303.046154,2307.807692
453.0273906,2286.676923,2184.576923,2202.723077,2194.161538,2228.338462,2219.246154,2227.761538,2242.438462,2234.876923,2240.646154,2264.807692
453.2334686,2360.976923,2294.876923,2297.423077,2316.761538,2326.138462,2332.646154,2324.961538,2351.838462,2334.176923,2352.246154,2375.407692
453.4395342,2296.176923,2216.376923,2236.823077,2274.161538,2260.638462,2299.546154,2261.061538,2264.838462,2280.876923,2302.846154,2266.707692
453.6455875,2323.176923,2255.676923,2270.423077,2288.861538,2280.438462,2279.646154,2278.461538,2291.638462,2311.576923,2328.846154,2298.207692
453.8516284,2320.776923,2252.376923,2283.623077,2276.961538,2295.738462,2320.546154,2296.061538,2317.538462,2317.076923,2329.046154,2318.907692
454.057657,2374.676923,2336.376923,2317.423077,2322.461538,2306.638462,2350.846154,2335.161538,2346.538462,2330.676923,2373.246154,2357.007692
454.2636732,2361.676923,2279.476923,2291.423077,2266.461538,2295.538462,2313.246154,2309.061538,2307.538462,2328.076923,2340.546154,2343.207692
454.469677,2378.076923,2301.176923,2322.423077,2345.761538,2331.238462,2364.946154,2353.261538,2344.538462,2362.476923,2367.246154,2377.907692
454.6756684,2328.376923,2257.476923,2262.923077,2276.061538,2297.738462,2305.046154,2309.861538,2323.138462,2313.776923,2325.246154,2345.607692
454.8816475,2482.576923,2386.876923,2389.423077,2410.861538,2408.838462,2421.546154,2434.561538,2421.638462,2447.276923,2438.446154,2461.707692
455.0876142,2284.476923,2212.876923,2220.223077,2250.161538,2222.938462,2241.046154,2263.161538,2272.538462,2279.776923,2283.546154,2295.207692
455.2935685,2324.676923,2269.076923,2256.323077,2287.361538,2292.238462,2265.646154,2286.661538,2300.138462,2309.476923,2310.346154,2332.007692
455.4995105,2412.076923,2317.676923,2310.923077,2353.161538,2375.638462,2376.746154,2373.561538,2365.038462,2398.776923,2401.346154,2407.407692
455.70544,2373.676923,2316.976923,2306.023077,2325.761538,2338.338462,2361.046154,2341.861538,2353.538462,2354.976923,2377.046154,2358.607692
455.9113572,2326.976923,2277.176923,2273.223077,2280.161538,2295.338462,2323.746154,2306.161538,2328.738462,2330.676923,2328.846154,2323.707692
456.117262,2345.376923,2251.876923,2294.223077,2257.061538,2281.138462,2308.446154,2299.461538,2316.638462,2329.476923,2325.346154,2306.707692
456.3231543,2369.776923,2278.576923,2275.723077,2262.661538,2291.938462,2316.546154,2308.661538,2308.338462,2322.376923,2338.446154,2353.107692
456.5290343,2294.276923,2227.476923,2217.123077,2250.961538,2223.938462,2264.246154,2269.261538,2264.138462,2265.076923,2269.046154,2255.007692
456.7349019,2372.176923,2339.676923,2335.523077,2347.161538,2342.238462,2351.546154,2371.361538,2362.238462,2371.476923,2362.646154,2382.407692
456.9407571,2362.176923,2305.876923,2298.323077,2297.461538,2339.938462,2335.946154,2338.661538,2340.638462,2331.376923,2360.746154,2367.607692
457.1465999,2375.976923,2311.676923,2291.323077,2304.161538,2327.238462,2328.446154,2336.561538,2338.438462,2339.176923,2344.646154,2368.607692
457.3524303,2323.276923,2254.976923,2265.023077,2245.161538,2289.838462,2297.146154,2283.861538,2296.438462,2302.076923,2298.846154,2328.907692
457.5582483,2331.276923,2239.576923,2231.823077,2273.261538,2235.338462,2306.746154,2279.961538,2272.738462,2275.376923,2289.646154,2315.907692
457.7640539,2368.076923,2299.776923,2282.323077,2295.761538,2313.738462,2323.846154,2331.561538,2334.138462,2327.076923,2333.846154,2367.907692
457.9698471,2335.476923,2285.176923,2296.323077,2296.661538,2342.638462,2318.546154,2311.461538,2323.138462,2343.076923,2351.646154,2334.407692
458.1756278,2331.576923,2272.176923,2300.423077,2297.661538,2316.338462,2319.246154,2313.761538,2326.438462,2335.776923,2342.146154,2354.307692
458.3813962,2364.576923,2306.276923,2289.123077,2329.561538,2320.238462,2341.546154,2327.161538,2352.438462,2355.776923,2358.646154,2368.107692
458.5871521,2329.876923,2243.576923,2225.523077,2272.061538,2257.138462,2285.246154,2281.461538,2293.138462,2278.576923,2309.146154,2322.207692
458.7928956,2392.076923,2329.576923,2331.423077,2311.861538,2337.238462,2334.946154,2355.061538,2335.838462,2365.276923,2393.146154,2370.007692
458.9986267,2277.776923,2166.976923,2188.423077,2197.861538,2240.338462,2219.146154,2223.661538,2213.638462,2260.476923,2231.246154,2230.807692
459.2043454,2491.076923,2388.876923,2389.323077,2423.861538,2432.338462,2451.646154,2452.961538,2443.638462,2459.376923,2479.946154,2463.007692
459.4100516,2487.376923,2405.176923,2416.723077,2417.261538,2436.438462,2461.646154,2438.661538,2458.838462,2474.876923,2466.846154,2467.707692
459.6157454,2323.376923,2257.076923,2260.123077,2272.661538,2268.938462,2309.146154,2295.761538,2301.038462,2307.876923,2302.846154,2321.007692
459.8214268,2395.376923,2323.876923,2285.823077,2324.861538,2352.938462,2340.546154,2348.961538,2339.238462,2356.076923,2367.646154,2375.507692
460.0270957,2439.776923,2358.076923,2369.223077,2369.561538,2392.738462,2384.246154,2395.961538,2409.138462,2412.376923,2404.046154,2446.407692
460.2327522,2430.476923,2340.376923,2364.923077,2375.861538,2374.038462,2399.446154,2402.461538,2404.538462,2422.076923,2410.946154,2419.307692
460.4383963,2353.876923,2278.676923,2268.923077,2281.361538,2325.238462,2326.846154,2315.661538,2319.638462,2303.876923,2334.546154,2350.507692
460.6440279,2440.476923,2361.476923,2333.023077,2364.961538,2372.538462,2388.446154,2409.061538,2376.838462,2397.776923,2398.746154,2411.807692
460.8496471,2350.876923,2272.376923,2289.323077,2286.561538,2292.838462,2311.146154,2329.961538,2324.738462,2319.876923,2330.346154,2361.407692
461.0552538,2325.476923,2261.976923,2259.823077,2259.561538,2295.638462,2272.546154,2306.261538,2286.138462,2310.876923,2316.246154,2341.107692
461.2608481,2409.276923,2322.376923,2309.623077,2317.561538,2322.538462,2333.746154,2338.661538,2337.638462,2372.576923,2365.546154,2358.907692
461.46643,2253.776923,2179.676923,2182.723077,2198.661538,2194.338462,2199.746154,2214.361538,2213.938462,2219.176923,2239.946154,2253.207692
461.6719993,2215.276923,2160.976923,2145.523077,2170.761538,2175.138462,2189.946154,2177.861538,2210.138462,2175.176923,2186.646154,2208.307692
461.8775563,2383.376923,2317.576923,2296.323077,2359.261538,2334.838462,2344.546154,2374.761538,2369.938462,2363.076923,2361.446154,2378.307692
462.0831007,2268.676923,2210.276923,2205.823077,2208.361538,2225.338462,2247.546154,2228.061538,2247.938462,2253.276923,2251.546154,2246.507692
462.2886327,2243.976923,2185.576923,2149.823077,2180.461538,2187.638462,2201.546154,2204.761538,2191.438462,2200.076923,2209.146154,2234.207692
462.4941523,2235.376923,2168.176923,2165.223077,2193.961538,2200.238462,2212.046154,2217.161538,2205.138462,2226.176923,2239.646154,2229.207692
462.6996593,2188.276923,2108.776923,2098.223077,2116.861538,2145.538462,2144.846154,2144.861538,2164.038462,2146.776923,2160.646154,2127.807692
462.9051539,2144.776923,2083.476923,2117.423077,2105.961538,2091.738462,2122.946154,2128.661538,2130.438462,2143.376923,2141.646154,2141.207692
463.1106361,2252.976923,2189.876923,2207.123077,2193.261538,2233.638462,2237.046154,2243.561538,2239.538462,2243.976923,2243.146154,2249.407692
463.3161057,2313.976923,2245.976923,2237.723077,2257.861538,2271.338462,2300.046154,2267.361538,2301.538462,2261.076923,2290.646154,2296.807692
463.5215629,2285.076923,2208.476923,2200.423077,2213.661538,2237.738462,2246.146154,2248.661538,2243.838462,2265.876923,2263.446154,2253.907692
463.7270076,2336.876923,2270.476923,2273.023077,2283.661538,2303.238462,2318.946154,2304.161538,2300.838462,2339.676923,2343.246154,2342.207692
463.9324399,2384.676923,2285.276923,2284.223077,2286.061538,2330.638462,2315.846154,2319.061538,2334.038462,2348.076923,2333.246154,2345.907692
464.1378596,2392.976923,2320.476923,2337.723077,2324.961538,2330.538462,2346.746154,2343.161538,2357.838462,2386.576923,2373.246154,2387.607692
464.3432669,2391.976923,2311.676923,2327.523077,2350.361538,2345.038462,2354.146154,2361.261538,2370.738462,2363.176923,2375.546154,2385.707692
464.5486616,2317.976923,2244.276923,2256.923077,2288.661538,2270.138462,2312.146154,2330.161538,2306.938462,2304.676923,2319.846154,2301.407692
464.7540439,2418.076923,2341.276923,2352.923077,2369.961538,2398.338462,2413.046154,2405.861538,2398.138462,2401.976923,2431.146154,2428.007692
464.9594137,2437.476923,2337.276923,2323.623077,2369.761538,2383.238462,2374.246154,2395.961538,2395.838462,2378.876923,2400.046154,2403.807692
465.164771,2458.076923,2395.676923,2382.923077,2412.061538,2433.138462,2439.646154,2440.961538,2439.138462,2447.476923,2446.646154,2443.107692
465.3701158,2343.676923,2260.276923,2271.523077,2295.961538,2287.938462,2285.846154,2334.761538,2319.238462,2305.076923,2313.346154,2337.007692
465.5754481,2321.476923,2270.976923,2267.723077,2258.561538,2249.338462,2297.446154,2319.861538,2308.438462,2325.176923,2300.746154,2320.107692
465.7807679,2429.376923,2338.076923,2336.823077,2364.961538,2350.538462,2390.046154,2388.561538,2393.438462,2408.776923,2407.346154,2420.007692
465.9860752,2465.876923,2380.176923,2380.623077,2407.461538,2418.538462,2433.846154,2416.661538,2442.338462,2422.276923,2431.746154,2421.607692
466.19137,2366.976923,2313.676923,2335.223077,2345.161538,2342.638462,2367.946154,2359.861538,2374.338462,2370.776923,2358.846154,2385.907692
466.3966523,2385.276923,2302.076923,2306.223077,2332.961538,2330.938462,2357.346154,2357.361538,2352.838462,2359.476923,2367.046154,2349.407692
466.601922,2279.676923,2197.776923,2204.023077,2229.461538,2224.238462,2219.146154,2237.261538,2245.338462,2236.676923,2253.446154,2260.107692
466.8071793,2359.476923,2280.176923,2301.823077,2286.461538,2311.338462,2333.946154,2327.761538,2338.038462,2357.776923,2339.546154,2356.807692
467.012424,2377.876923,2307.476923,2310.223077,2330.361538,2337.438462,2346.646154,2356.961538,2352.638462,2368.876923,2368.246154,2346.107692
467.2176562,2361.976923,2272.976923,2277.523077,2311.761538,2309.238462,2329.746154,2325.661538,2315.038462,2323.176923,2355.846154,2346.007692
467.4228759,2385.776923,2325.876923,2320.623077,2349.661538,2355.838462,2350.046154,2371.461538,2366.138462,2373.676923,2398.046154,2402.507692
467.6280831,2408.076923,2330.276923,2345.123077,2337.761538,2335.738462,2375.946154,2373.661538,2390.838462,2381.876923,2394.546154,2393.807692
467.8332777,2518.776923,2445.476923,2443.723077,2468.461538,2493.238462,2484.946154,2497.961538,2512.338462,2524.576923,2510.546154,2533.907692
468.0384599,2422.776923,2340.476923,2359.923077,2367.661538,2385.438462,2396.446154,2406.961538,2387.738462,2394.876923,2410.746154,2406.707692
468.2436294,2359.376923,2300.676923,2287.223077,2302.761538,2312.238462,2324.946154,2353.061538,2348.538462,2345.876923,2362.646154,2363.907692
468.4487865,2476.176923,2385.676923,2385.723077,2402.761538,2409.938462,2430.446154,2438.661538,2431.938462,2432.876923,2419.646154,2445.007692
468.653931,2430.176923,2345.176923,2357.523077,2383.261538,2381.838462,2393.546154,2380.161538,2378.538462,2410.376923,2383.646154,2408.707692
468.859063,2417.476923,2373.176923,2353.823077,2377.361538,2369.838462,2393.446154,2413.761538,2405.838462,2406.076923,2389.846154,2449.407692
469.0641824,2438.576923,2377.176923,2345.523077,2358.961538,2382.738462,2384.846154,2388.061538,2403.938462,2391.176923,2413.946154,2406.707692
469.2692893,2338.976923,2261.476923,2289.223077,2273.361538,2273.938462,2313.746154,2293.461538,2319.038462,2316.676923,2328.046154,2326.807692
469.4743837,2391.776923,2317.676923,2327.923077,2308.061538,2357.138462,2368.046154,2363.861538,2368.138462,2361.876923,2376.146154,2383.407692
469.6794655,2435.376923,2365.876923,2365.223077,2395.761538,2395.538462,2385.846154,2398.361538,2399.338462,2412.976923,2428.946154,2440.207692
469.8845347,2412.976923,2326.676923,2317.223077,2334.061538,2365.438462,2370.946154,2356.761538,2382.138462,2355.576923,2384.646154,2389.107692
470.0895914,2440.276923,2367.976923,2389.023077,2382.861538,2390.738462,2406.246154,2407.561538,2414.338462,2431.976923,2427.546154,2451.207692
470.2946355,2450.776923,2355.176923,2376.423077,2399.061538,2397.938462,2401.146154,2419.561538,2405.138462,2422.876923,2417.146154,2429.507692
470.4996671,2397.476923,2318.276923,2320.323077,2325.961538,2344.738462,2330.746154,2362.261538,2345.438462,2368.376923,2360.946154,2384.007692
470.7046861,2424.376923,2358.176923,2332.623077,2367.261538,2386.038462,2376.446154,2375.861538,2406.938462,2401.576923,2423.846154,2409.507692
470.9096926,2413.376923,2317.576923,2331.523077,2354.761538,2353.438462,2376.246154,2399.361538,2379.938462,2400.576923,2391.846154,2398.307692
471.1146865,2388.976923,2334.576923,2322.923077,2342.161538,2352.238462,2352.446154,2359.661538,2375.338462,2354.876923,2397.646154,2406.607692
471.3196678,2451.976923,2396.176923,2387.323077,2385.961538,2409.638462,2414.046154,2410.161538,2456.138462,2418.976923,2431.946154,2456.807692
471.5246366,2421.576923,2360.376923,2356.723077,2407.361538,2409.838462,2411.546154,2426.461538,2419.338462,2430.676923,2431.646154,2439.207692
471.7295928,2427.676923,2348.776923,2356.123077,2367.761538,2364.438462,2406.546154,2417.161538,2410.538462,2441.576923,2419.246154,2425.507692
471.9345364,2428.076923,2346.376923,2356.623077,2377.461538,2372.238462,2409.546154,2411.561538,2403.838462,2418.276923,2450.446154,2403.807692
472.1394674,2406.576923,2314.476923,2298.523077,2324.561538,2350.038462,2368.146154,2359.061538,2369.538462,2349.976923,2388.746154,2398.607692
472.3443859,2444.876923,2350.776923,2374.123077,2366.261538,2396.638462,2405.446154,2394.461538,2408.138462,2415.576923,2407.346154,2411.307692
472.5492918,2410.776923,2331.976923,2317.923077,2344.761538,2358.038462,2362.446154,2368.661538,2377.538462,2385.876923,2380.646154,2408.907692
472.754185,2438.576923,2378.176923,2359.323077,2406.661538,2367.238462,2423.046154,2428.961538,2389.838462,2396.576923,2436.146154,2436.907692
472.9590657,2417.876923,2320.676923,2319.223077,2338.561538,2326.238462,2370.646154,2345.361538,2337.938462,2385.076923,2409.746154,2413.907692
473.1639339,2363.576923,2304.476923,2310.923077,2320.061538,2347.138462,2356.346154,2341.061538,2341.738462,2359.876923,2384.846154,2379.607692
473.3687894,2365.776923,2317.676923,2307.323077,2319.961538,2319.638462,2347.346154,2357.261538,2328.238462,2353.076923,2366.046154,2364.207692
473.5736323,2450.076923,2373.176923,2386.523077,2378.961538,2393.238462,2415.446154,2412.261538,2401.638462,2424.476923,2454.946154,2451.407692
473.7784626,2464.776923,2385.976923,2370.323077,2388.561538,2397.938462,2429.346154,2438.661538,2415.238462,2446.976923,2439.246154,2457.807692
473.9832804,2447.276923,2396.576923,2381.623077,2404.361538,2404.038462,2397.146154,2418.861538,2415.038462,2438.976923,2444.646154,2446.607692
474.1880855,2462.476923,2397.476923,2397.523077,2392.461538,2413.138462,2441.046154,2441.061538,2442.638462,2456.676923,2476.546154,2474.407692
474.392878,2418.376923,2335.176923,2337.523077,2326.661538,2377.738462,2349.146154,2382.661538,2361.238462,2366.576923,2392.646154,2391.707692
474.597658,2430.276923,2365.076923,2353.923077,2368.061538,2349.538462,2378.646154,2387.761538,2427.438462,2417.776923,2410.746154,2406.007692
474.8024253,2404.376923,2342.476923,2330.023077,2368.661538,2360.938462,2375.546154,2393.561538,2392.738462,2403.876923,2411.746154,2413.507692
475.00718,2446.576923,2374.076923,2372.823077,2403.461538,2393.138462,2426.046154,2424.161538,2415.438462,2425.076923,2445.346154,2432.607692
475.2119221,2448.576923,2358.576923,2390.423077,2389.561538,2400.738462,2411.046154,2435.861538,2433.038462,2456.976923,2463.746154,2467.907692
475.4166515,2391.676923,2294.476923,2316.223077,2320.261538,2329.938462,2349.346154,2356.561538,2352.538462,2373.976923,2376.146154,2379.407692
475.6213684,2408.076923,2320.676923,2314.023077,2336.761538,2337.538462,2348.846154,2360.161538,2373.538462,2383.276923,2391.146154,2391.907692
475.8260726,2416.676923,2320.376923,2338.523077,2359.261538,2361.138462,2365.846154,2373.061538,2404.638462,2396.676923,2398.746154,2410.907692
476.0307642,2417.276923,2345.076923,2344.223077,2348.761538,2371.838462,2370.446154,2398.661538,2380.138462,2394.776923,2405.146154,2409.107692
476.2354432,2386.876923,2326.376923,2313.423077,2347.361538,2341.338462,2362.546154,2362.261538,2353.838462,2378.976923,2372.246154,2378.207692
476.4401096,2454.276923,2365.876923,2358.123077,2373.361538,2377.338462,2395.946154,2396.661538,2411.238462,2432.776923,2422.946154,2442.007692
476.6447633,2394.676923,2339.876923,2350.923077,2370.961538,2360.438462,2377.846154,2360.561538,2370.438462,2376.576923,2389.146154,2397.907692
476.8494044,2480.776923,2392.376923,2398.623077,2418.661538,2389.438462,2416.146154,2452.261538,2443.938462,2407.976923,2451.946154,2430.607692
477.0540329,2465.176923,2371.076923,2382.323077,2369.561538,2392.338462,2416.446154,2408.261538,2408.438462,2430.576923,2437.346154,2422.307692
477.2586487,2447.076923,2374.576923,2367.023077,2399.961538,2401.438462,2452.946154,2435.061538,2427.738462,2440.876923,2430.746154,2447.407692
477.4632519,2480.176923,2372.876923,2383.023077,2379.261538,2400.738462,2436.446154,2431.561538,2428.738462,2438.076923,2428.646154,2449.807692
477.6678424,2422.976923,2325.276923,2332.023077,2352.761538,2375.838462,2374.146154,2389.561538,2393.238462,2378.876923,2392.446154,2423.207692
477.8724203,2497.576923,2406.576923,2401.323077,2431.661538,2419.738462,2437.946154,2415.261538,2453.238462,2440.376923,2456.546154,2472.907692
478.0769856,2477.276923,2374.676923,2358.323077,2391.261538,2429.138462,2432.746154,2436.161538,2429.838462,2454.476923,2447.746154,2449.707692
478.2815382,2437.576923,2341.976923,2341.423077,2381.961538,2397.138462,2396.046154,2398.761538,2416.138462,2443.676923,2436.546154,2421.407692
478.4860781,2461.976923,2353.676923,2360.723077,2394.061538,2414.838462,2400.946154,2411.661538,2409.538462,2433.276923,2426.446154,2439.907692
478.6906054,2468.476923,2378.276923,2386.023077,2389.161538,2393.638462,2432.446154,2419.761538,2432.638462,2426.976923,2443.946154,2463.907692
478.89512,2491.576923,2397.776923,2391.223077,2416.061538,2424.638462,2436.646154,2461.361538,2438.638462,2452.876923,2453.746154,2465.907692
479.099622,2473.176923,2376.876923,2390.623077,2390.661538,2427.138462,2443.446154,2430.661538,2450.238462,2462.376923,2473.246154,2472.307692
479.3041113,2506.576923,2420.176923,2421.523077,2421.861538,2454.938462,2466.246154,2453.661538,2479.338462,2495.076923,2476.346154,2515.607692
479.508588,2478.376923,2385.176923,2401.423077,2409.161538,2409.638462,2446.546154,2453.561538,2443.638462,2464.076923,2464.146154,2458.007692
479.713052,2594.776923,2469.376923,2501.523077,2485.661538,2502.038462,2503.246154,2515.261538,2537.338462,2536.676923,2547.046154,2546.507692
479.9175033,2538.176923,2442.876923,2445.323077,2455.461538,2463.238462,2503.046154,2497.461538,2499.338462,2514.076923,2521.146154,2539.907692
480.1219419,2562.476923,2445.176923,2457.723077,2478.061538,2484.038462,2476.946154,2500.061538,2512.438462,2526.576923,2527.246154,2528.907692
480.3263679,2621.976923,2513.376923,2531.523077,2569.161538,2545.538462,2570.346154,2586.561538,2587.638462,2611.076923,2605.046154,2627.107692
480.5307812,2660.376923,2563.676923,2551.823077,2562.761538,2590.938462,2615.146154,2612.261538,2630.238462,2622.576923,2647.046154,2650.007692
480.7351818,2669.376923,2555.476923,2571.623077,2587.561538,2606.438462,2605.446154,2638.761538,2638.938462,2639.776923,2654.046154,2645.307692
480.9395698,2719.576923,2620.676923,2623.723077,2649.561538,2629.538462,2666.146154,2678.261538,2684.538462,2696.976923,2722.646154,2689.507692
481.143945,2846.676923,2740.076923,2746.023077,2766.661538,2796.938462,2769.046154,2817.361538,2790.538462,2826.776923,2843.046154,2827.207692
481.3483076,2804.276923,2688.076923,2686.823077,2723.161538,2732.738462,2734.246154,2753.461538,2773.438462,2768.976923,2775.646154,2812.107692
481.5526575,2920.776923,2789.976923,2796.823077,2838.061538,2830.238462,2862.246154,2859.961538,2837.138462,2893.676923,2889.946154,2915.207692
481.7569947,2951.576923,2825.876923,2835.523077,2858.461538,2866.738462,2885.546154,2917.161538,2885.538462,2906.876923,2930.546154,2932.707692
481.9613191,3122.676923,2962.076923,2982.823077,2976.761538,3017.838462,3034.746154,3017.061538,3047.138462,3065.376923,3094.046154,3084.707692
482.1656309,3201.876923,3069.376923,3068.323077,3110.961538,3131.038462,3136.446154,3138.761538,3158.338462,3188.376923,3164.446154,3209.107692
482.36993,3304.176923,3182.976923,3203.523077,3232.461538,3206.038462,3244.546154,3266.261538,3276.138462,3294.276923,3303.946154,3303.207692
482.5742165,3395.176923,3240.576923,3264.423077,3299.961538,3269.138462,3330.546154,3342.261538,3327.438462,3368.876923,3365.446154,3385.507692
482.7784901,3554.676923,3399.476923,3422.923077,3436.261538,3446.538462,3452.346154,3461.561538,3475.838462,3494.376923,3540.546154,3530.107692
482.9827511,3755.676923,3607.576923,3618.523077,3623.061538,3650.338462,3635.946154,3658.561538,3721.538462,3726.476923,3713.346154,3733.307692
483.1869994,3843.776923,3695.876923,3698.923077,3728.361538,3742.938462,3773.346154,3780.061538,3784.538462,3821.876923,3812.646154,3811.407692
483.391235,4057.576923,3885.776923,3902.823077,3926.361538,3924.538462,3983.146154,3953.961538,3986.738462,4038.876923,4085.846154,4055.807692
483.5954579,4234.176923,3988.676923,4026.123077,4063.461538,4093.538462,4127.446154,4137.461538,4161.538462,4150.976923,4187.446154,4205.507692
483.799668,4377.476923,4191.176923,4155.823077,4190.761538,4226.138462,4252.146154,4252.361538,4281.238462,4314.076923,4306.946154,4336.607692
484.0038654,4598.776923,4415.276923,4412.523077,4432.561538,4450.838462,4482.346154,4491.861538,4531.138462,4562.376923,4574.546154,4587.907692
484.2080502,4853.776923,4622.876923,4635.823077,4671.761538,4692.138462,4736.946154,4722.161538,4762.938462,4788.576923,4812.746154,4832.307692
484.4122222,5021.376923,4794.076923,4816.823077,4838.761538,4840.238462,4917.646154,4902.961538,4905.038462,4985.476923,4980.246154,4981.107692
484.6163814,5273.276923,4989.976923,5010.023077,5070.661538,5076.138462,5106.046154,5144.461538,5184.338462,5199.476923,5207.746154,5244.207692
484.820528,5521.376923,5254.376923,5302.723077,5330.361538,5377.638462,5382.246154,5390.061538,5424.838462,5506.176923,5513.146154,5507.807692
485.0246618,5715.576923,5427.176923,5456.123077,5478.061538,5492.638462,5570.846154,5588.161538,5591.638462,5646.276923,5618.046154,5681.507692
485.2287828,6082.076923,5801.376923,5827.623077,5853.361538,5887.138462,5958.746154,5943.261538,5980.238462,6020.776923,6046.246154,6053.107692
485.4328912,6232.776923,5916.476923,5944.123077,6000.461538,6051.738462,6089.746154,6069.461538,6115.138462,6189.676923,6191.346154,6198.407692
485.6369868,6513.176923,6239.476923,6285.723077,6345.861538,6350.838462,6401.846154,6411.961538,6435.738462,6520.076923,6528.446154,6518.507692
485.8410697,6690.776923,6393.276923,6385.223077,6483.261538,6468.438462,6553.546154,6547.561538,6581.338462,6646.176923,6658.946154,6668.807692
486.0451398,6920.976923,6582.976923,6624.723077,6642.361538,6693.538462,6709.446154,6769.861538,6779.638462,6822.276923,6849.646154,6860.407692
486.2491972,7107.076923,6770.776923,6793.023077,6833.161538,6903.038462,6944.746154,6956.861538,6978.938462,7062.476923,7051.046154,7103.207692
486.4532418,7217.776923,6894.076923,6913.223077,6979.961538,6986.638462,7030.546154,7051.661538,7109.838462,7150.076923,7135.046154,7150.307692
486.6572737,7392.576923,7020.876923,7034.723077,7088.561538,7104.738462,7187.846154,7222.961538,7210.338462,7259.176923,7274.346154,7311.707692
486.8612928,7507.976923,7168.576923,7171.923077,7211.661538,7276.638462,7300.646154,7310.761538,7363.138462,7450.376923,7415.146154,7456.507692
487.0652992,7311.476923,6945.276923,6941.823077,7036.961538,7048.938462,7133.146154,7129.561538,7154.338462,7221.176923,7219.446154,7278.207692
487.2692928,7433.676923,7081.776923,7082.923077,7147.661538,7166.338462,7228.246154,7262.061538,7251.238462,7341.676923,7330.446154,7370.507692
487.4732737,7339.776923,7012.976923,7011.723077,7067.061538,7077.138462,7139.646154,7184.861538,7217.738462,7255.676923,7272.546154,7288.207692
487.6772418,7367.576923,7038.076923,7104.823077,7116.061538,7149.738462,7196.346154,7226.861538,7224.938462,7330.076923,7320.446154,7317.907692
487.8811972,7317.076923,6935.176923,7010.023077,7041.061538,7078.038462,7135.646154,7153.061538,7179.938462,7255.376923,7228.146154,7269.307692
488.0851397,7134.576923,6781.776923,6809.823077,6870.961538,6912.438462,6961.846154,6982.761538,7020.838462,7079.676923,7076.446154,7109.807692
488.2890695,7069.676923,6732.576923,6714.023077,6788.561538,6822.038462,6874.946154,6860.761538,6930.138462,7044.676923,6990.846154,7001.607692
488.4929866,6892.376923,6537.976923,6582.423077,6645.761538,6664.638462,6723.446154,6750.861538,6776.238462,6825.776923,6837.146154,6883.007692
488.6968909,6799.376923,6424.076923,6475.623077,6518.261538,6565.438462,6620.146154,6642.161538,6683.238462,6707.376923,6734.146154,6738.107692
488.9007823,6627.576923,6334.676923,6344.523077,6378.861538,6391.438462,6446.546154,6491.261538,6503.838462,6561.476923,6607.846154,6571.107692
489.1046611,6502.276923,6140.376923,6208.123077,6236.661538,6297.538462,6318.946154,6330.361538,6350.638462,6426.976923,6454.846154,6458.207692
489.308527,6382.176923,6033.876923,6052.023077,6120.661538,6159.738462,6194.346154,6175.561538,6214.438462,6311.576923,6264.546154,6353.407692
489.5123801,6238.876923,5903.876923,5935.423077,6003.361538,6037.638462,6059.046154,6068.861538,6134.438462,6154.476923,6173.346154,6229.207692
489.7162205,6093.476923,5761.476923,5815.923077,5839.461538,5872.638462,5915.146154,5959.161538,5970.438462,6042.376923,6038.646154,6066.907692
489.9200481,5981.376923,5690.076923,5690.223077,5751.861538,5773.538462,5815.646154,5846.561538,5876.238462,5927.476923,5897.246154,5960.307692
490.1238629,5845.576923,5579.076923,5580.923077,5607.461538,5646.938462,5685.746154,5720.561538,5738.838462,5795.976923,5773.846154,5824.107692
490.3276649,5860.176923,5588.876923,5616.323077,5665.461538,5693.238462,5718.246154,5739.761538,5778.938462,5816.276923,5812.546154,5865.007692
490.5314541,5742.676923,5434.176923,5457.323077,5513.261538,5519.338462,5560.246154,5586.061538,5628.138462,5647.476923,5684.746154,5731.107692
490.7352305,5676.376923,5402.276923,5441.823077,5465.461538,5526.438462,5547.946154,5553.661538,5597.238462,5638.276923,5646.346154,5639.007692
490.9389941,5652.676923,5374.176923,5377.723077,5415.361538,5455.438462,5501.146154,5520.661538,5534.538462,5583.476923,5605.446154,5596.907692
491.1427449,5534.176923,5291.576923,5274.923077,5329.961538,5361.038462,5399.046154,5399.661538,5419.338462,5500.876923,5469.146154,5523.807692
491.3464829,5448.176923,5189.976923,5218.823077,5238.161538,5272.438462,5320.846154,5315.661538,5345.538462,5392.576923,5424.646154,5474.007692
491.5502081,5463.376923,5188.576923,5235.723077,5245.561538,5297.838462,5313.046154,5352.861538,5340.338462,5400.876923,5398.346154,5481.507692
491.7539205,5380.876923,5119.876923,5113.923077,5181.261538,5169.538462,5246.746154,5223.361538,5270.238462,5330.576923,5347.146154,5353.407692
491.95762,5292.576923,5052.076923,5046.323077,5080.561538,5130.538462,5154.046154,5149.761538,5179.838462,5236.076923,5222.446154,5240.507692
492.1613068,5160.476923,4945.476923,4927.423077,4997.861538,5016.338462,5055.246154,5062.961538,5052.038462,5104.176923,5152.746154,5136.707692
492.3649807,5092.576923,4857.576923,4866.923077,4893.561538,4930.938462,4948.046154,4937.761538,5038.438462,5044.576923,5058.146154,5075.907692
492.5686419,4958.276923,4720.676923,4744.223077,4782.061538,4816.138462,4830.446154,4890.261538,4885.838462,4945.976923,4945.146154,4966.007692
492.7722902,4881.176923,4657.676923,4660.723077,4691.961538,4685.038462,4729.146154,4750.861538,4783.338462,4835.476923,4837.546154,4864.207692
492.9759257,4803.476923,4580.076923,4603.323077,4611.361538,4651.138462,4704.046154,4682.361538,4725.638462,4737.576923,4770.046154,4814.707692
493.1795483,4734.776923,4480.676923,4517.623077,4570.761538,4585.338462,4614.446154,4595.161538,4626.138462,4687.976923,4694.646154,4720.107692
493.3831581,4688.676923,4468.376923,4466.223077,4496.161538,4522.138462,4577.046154,4572.961538,4607.838462,4625.476923,4647.146154,4655.707692
493.5867551,4597.576923,4392.776923,4400.823077,4427.461538,4475.738462,4478.746154,4505.361538,4536.938462,4573.876923,4557.046154,4595.207692
493.7903393,4507.476923,4282.376923,4322.523077,4337.761538,4378.038462,4426.546154,4423.961538,4466.638462,4483.476923,4512.146154,4498.607692
493.9939106,4376.476923,4136.276923,4143.023077,4204.361538,4229.738462,4260.646154,4267.361538,4288.938462,4337.276923,4321.846154,4358.107692
494.1974691,4333.176923,4108.176923,4136.823077,4184.261538,4166.938462,4255.846154,4247.461538,4224.338462,4280.376923,4307.046154,4323.207692
494.4010147,4285.676923,4081.976923,4082.323077,4106.161538,4127.238462,4135.946154,4179.261538,4181.338462,4208.776923,4247.246154,4280.007692
494.6045475,4185.576923,3980.476923,3960.023077,4019.861538,4061.238462,4083.446154,4069.061538,4084.638462,4137.376923,4129.846154,4175.107692
494.8080675,4172.376923,3942.376923,3955.723077,3980.461538,4036.638462,4016.946154,4055.361538,4082.138462,4110.976923,4107.146154,4144.607692
495.0115746,4063.876923,3855.776923,3873.723077,3868.661538,3925.038462,3932.746154,3955.061538,3931.438462,4006.076923,4008.446154,4008.607692
495.2150689,4016.576923,3788.876923,3815.523077,3794.961538,3864.238462,3869.346154,3889.661538,3912.738462,3947.676923,3957.746154,3945.907692
495.4185503,3917.576923,3734.376923,3745.423077,3783.461538,3794.838462,3818.346154,3822.561538,3840.938462,3877.376923,3879.246154,3914.107692
495.6220188,3814.776923,3643.576923,3641.923077,3711.361538,3722.838462,3724.846154,3750.761538,3771.338462,3813.576923,3813.446154,3823.707692
495.8254745,3803.476923,3607.276923,3605.123077,3664.261538,3706.838462,3689.746154,3726.761538,3720.138462,3761.476923,3779.846154,3783.707692
496.0289173,3722.576923,3525.176923,3569.723077,3595.261538,3617.538462,3620.546154,3627.661538,3669.838462,3694.776923,3697.446154,3716.807692
496.2323473,3723.276923,3540.876923,3521.923077,3565.261538,3587.038462,3641.146154,3607.661538,3634.138462,3672.376923,3693.246154,3690.707692
496.4357644,3644.176923,3421.976923,3449.023077,3480.961538,3509.238462,3521.846154,3534.761538,3530.738462,3587.476923,3590.046154,3606.607692
496.6391687,3609.076923,3441.076923,3468.023077,3493.261538,3481.638462,3517.546154,3526.161538,3547.138462,3589.776923,3579.746154,3590.307692
496.84256,3519.076923,3344.076923,3353.823077,3381.561538,3395.938462,3415.446154,3446.161538,3455.738462,3465.076923,3453.746154,3516.707692
497.0459385,3503.676923,3327.076923,3355.623077,3392.161538,3384.138462,3404.046154,3432.661538,3445.538462,3468.376923,3490.846154,3483.907692
497.2493042,3454.776923,3263.876923,3264.923077,3287.961538,3314.338462,3323.446154,3353.861538,3357.938462,3426.276923,3426.246154,3438.607692
497.4526569,3348.776923,3214.676923,3234.023077,3237.661538,3272.338462,3297.046154,3308.961538,3289.638462,3329.876923,3351.846154,3368.807692
497.6559968,3310.676923,3157.776923,3166.623077,3207.561538,3241.038462,3246.546154,3258.761538,3258.338462,3281.276923,3293.346154,3315.007692
497.8593238,3287.676923,3096.576923,3126.023077,3134.261538,3134.738462,3164.546154,3178.761538,3192.138462,3231.876923,3212.046154,3237.607692
498.0626379,3202.076923,3036.776923,3056.123077,3100.761538,3063.838462,3105.646154,3136.261538,3141.038462,3154.076923,3160.046154,3190.307692
498.2659391,3179.276923,3025.876923,3015.623077,3063.761538,3076.238462,3111.146154,3117.961538,3126.638462,3141.276923,3160.946154,3162.907692
498.4692274,3082.476923,2936.776923,2978.523077,2973.761538,3007.238462,3012.046154,3017.361538,3045.938462,3076.876923,3069.946154,3081.707692
498.6725028,3019.676923,2861.076923,2886.423077,2917.161538,2922.838462,2934.146154,2966.861538,2993.638462,2984.376923,2988.046154,3011.207692
498.8757654,3007.476923,2867.576923,2870.923077,2900.661538,2918.038462,2927.546154,2936.961538,2947.138462,2986.276923,2981.546154,3030.207692
499.079015,2974.476923,2794.176923,2827.023077,2831.661538,2854.338462,2865.346154,2909.361538,2933.938462,2944.676923,2932.446154,2961.407692
499.2822518,2880.976923,2735.676923,2744.223077,2766.061538,2769.338462,2791.046154,2798.061538,2836.438462,2857.276923,2838.046154,2869.407692
499.4854756,2870.476923,2738.576923,2766.623077,2743.161538,2798.438462,2801.046154,2803.461538,2822.638462,2838.876923,2813.646154,2863.107692
499.6886865,2816.176923,2647.376923,2669.223077,2712.161538,2713.338462,2734.446154,2747.361538,2745.438462,2766.076923,2803.746154,2792.107692
499.8918846,2780.276923,2647.176923,2665.823077,2680.361538,2693.138462,2693.746154,2726.061538,2735.838462,2754.976923,2756.846154,2784.807692
500.0950697,2722.476923,2588.076923,2592.823077,2642.261538,2615.838462,2646.546154,2648.161538,2679.638462,2681.576923,2694.146154,2691.207692
500.2982419,2709.376923,2586.076923,2598.523077,2602.661538,2594.838462,2671.446154,2682.761538,2694.238462,2697.676923,2710.846154,2740.907692
500.5014012,2638.276923,2524.176923,2528.423077,2556.361538,2581.438462,2584.146154,2584.061538,2592.538462,2628.276923,2628.046154,2616.007692
500.7045476,2639.776923,2514.576923,2493.623077,2537.961538,2560.438462,2562.146154,2590.961538,2626.338462,2625.176923,2624.646154,2626.007692
500.9076811,2633.976923,2465.276923,2495.523077,2518.661538,2531.838462,2543.546154,2568.261538,2572.038462,2594.676923,2620.146154,2594.407692
501.1108016,2578.976923,2436.776923,2483.823077,2472.761538,2482.538462,2512.946154,2507.361538,2524.638462,2533.776923,2548.346154,2546.207692
501.3139093,2556.476923,2430.476923,2457.723077,2442.061538,2438.038462,2489.746154,2477.961538,2501.138462,2515.176923,2538.446154,2541.007692
501.517004,2538.976923,2385.476923,2395.223077,2426.961538,2461.038462,2442.646154,2458.661538,2461.038462,2470.176923,2494.846154,2513.707692
501.7200857,2506.676923,2399.476923,2377.523077,2420.061538,2414.438462,2447.646154,2459.361538,2480.338462,2496.476923,2502.246154,2472.707692
501.9231546,2448.476923,2343.376923,2362.123077,2352.361538,2383.238462,2401.246154,2384.961538,2384.938462,2407.576923,2445.346154,2437.207692
502.1262105,2476.676923,2345.776923,2355.823077,2382.561538,2396.538462,2387.046154,2424.161538,2431.838462,2435.176923,2468.746154,2468.507692
502.3292535,2473.976923,2326.576923,2357.923077,2340.861538,2382.538462,2366.346154,2411.461538,2427.338462,2420.576923,2435.846154,2433.107692
502.5322835,2407.376923,2309.076923,2322.723077,2340.461538,2343.038462,2354.346154,2356.261538,2381.638462,2395.876923,2402.746154,2415.507692
502.7353006,2415.176923,2313.076923,2300.623077,2307.161538,2334.538462,2340.746154,2350.861538,2373.138462,2386.176923,2379.746154,2387.407692
502.9383048,2405.876923,2286.276923,2286.023077,2311.261538,2318.638462,2340.946154,2352.161538,2339.038462,2349.476923,2393.146154,2392.007692
503.141296,2396.676923,2273.876923,2280.023077,2274.761538,2300.938462,2341.446154,2333.261538,2334.238462,2359.176923,2377.746154,2375.907692
503.3442743,2399.876923,2264.376923,2290.723077,2290.461538,2335.138462,2335.246154,2331.961538,2356.838462,2376.976923,2386.546154,2403.107692
503.5472396,2344.376923,2250.876923,2257.723077,2280.761538,2287.338462,2310.446154,2295.761538,2317.738462,2324.376923,2355.746154,2344.807692
503.7501919,2364.476923,2271.076923,2261.323077,2282.861538,2303.738462,2272.646154,2318.461538,2327.738462,2348.176923,2355.046154,2360.807692
503.9531313,2401.476923,2256.776923,2275.523077,2294.861538,2303.238462,2328.146154,2324.061538,2338.938462,2342.076923,2338.746154,2374.907692
504.1560578,2361.976923,2259.176923,2265.923077,2274.961538,2291.738462,2305.646154,2311.361538,2334.838462,2341.776923,2354.046154,2359.007692
504.3589713,2365.476923,2254.776923,2259.523077,2265.861538,2284.638462,2313.446154,2304.261538,2319.638462,2346.576923,2348.646154,2369.807692
504.5618718,2359.376923,2247.876923,2263.023077,2260.861538,2272.838462,2301.046154,2294.861538,2287.338462,2313.876923,2348.946154,2336.407692
504.7647594,2392.376923,2257.076923,2272.923077,2293.161538,2314.238462,2332.346154,2318.461538,2344.338462,2391.076923,2358.446154,2365.407692
504.967634,2401.176923,2255.176923,2272.323077,2293.961538,2336.738462,2313.846154,2323.461538,2321.838462,2364.976923,2368.146154,2358.607692
505.1704956,2397.176923,2269.076923,2282.823077,2277.061538,2299.938462,2334.246154,2330.161538,2352.338462,2345.276923,2372.446154,2350.207692
505.3733443,2383.776923,2269.476923,2289.823077,2276.861538,2328.938462,2321.346154,2334.661538,2324.138462,2347.176923,2350.646154,2341.207692
505.57618,2403.576923,2289.076923,2303.023077,2297.661538,2323.738462,2350.346154,2357.661538,2354.438462,2379.476923,2393.546154,2401.607692
505.7790027,2417.076923,2297.776923,2294.223077,2317.261538,2348.238462,2358.146154,2362.461538,2378.138462,2399.576923,2383.546154,2388.107692
505.9818124,2406.776923,2321.476923,2296.423077,2329.861538,2316.238462,2374.646154,2356.761538,2367.738462,2365.576923,2387.246154,2384.007692
506.1846092,2444.176923,2326.676923,2351.123077,2371.661538,2370.738462,2401.446154,2396.761538,2398.938462,2423.776923,2417.446154,2432.407692
506.387393,2445.876923,2348.976923,2349.623077,2368.561538,2353.838462,2374.946154,2398.361538,2402.138462,2416.176923,2410.946154,2437.207692
506.5901637,2465.876923,2358.676923,2366.123077,2369.361538,2384.938462,2431.146154,2392.761538,2409.438462,2418.476923,2431.746154,2458.507692
506.7929215,2516.576923,2384.276923,2396.123077,2405.361538,2429.938462,2426.146154,2459.761538,2479.538462,2459.376923,2474.046154,2482.507692
506.9956663,2465.576923,2378.876923,2349.523077,2381.561538,2406.238462,2410.046154,2428.361538,2448.538462,2460.176923,2453.346154,2477.607692
507.1983982,2542.376923,2422.476923,2434.923077,2436.561538,2465.638462,2462.646154,2482.061538,2488.838462,2527.076923,2507.046154,2517.307692
507.401117,2526.876923,2379.776923,2422.323077,2427.961538,2437.038462,2482.746154,2467.361538,2486.138462,2488.976923,2506.446154,2509.107692
507.6038228,2556.976923,2418.876923,2447.023077,2462.661538,2478.838462,2482.646154,2494.761538,2502.338462,2513.476923,2559.346154,2530.607692
507.8065156,2583.776923,2477.376923,2463.823077,2497.261538,2517.638462,2537.846154,2535.061538,2549.238462,2544.276923,2555.046154,2578.507692
508.0091954,2589.376923,2471.976923,2499.823077,2513.161538,2528.838462,2530.446154,2569.661538,2553.738462,2573.076923,2575.346154,2601.407692
508.2118623,2609.076923,2499.776923,2508.423077,2536.061538,2538.038462,2571.946154,2555.961538,2572.838462,2592.476923,2598.646154,2599.507692
508.4145161,2648.876923,2559.276923,2552.223077,2556.961538,2569.738462,2595.646154,2589.961538,2619.138462,2628.576923,2618.846154,2627.507692
508.6171569,2665.776923,2547.976923,2551.723077,2592.361538,2610.038462,2621.946154,2616.761538,2640.038462,2638.176923,2674.346154,2678.207692
508.8197846,2659.776923,2548.676923,2583.623077,2582.061538,2611.538462,2622.246154,2648.961538,2642.438462,2639.376923,2636.246154,2675.807692
509.0223994,2671.976923,2579.276923,2574.723077,2591.061538,2609.138462,2600.346154,2621.761538,2633.938462,2656.876923,2653.946154,2664.707692
509.2250012,2721.676923,2610.976923,2643.823077,2625.861538,2630.638462,2644.946154,2675.161538,2675.638462,2710.876923,2721.446154,2723.307692
509.4275899,2725.776923,2638.576923,2633.223077,2657.361538,2692.738462,2713.746154,2698.661538,2713.338462,2739.776923,2742.246154,2735.307692
509.6301656,2787.376923,2651.376923,2675.223077,2675.861538,2655.638462,2677.446154,2697.261538,2719.838462,2747.176923,2734.846154,2750.307692
509.8327283,2759.376923,2673.276923,2666.323077,2692.761538,2688.238462,2704.546154,2723.761538,2731.238462,2751.576923,2753.846154,2760.507692
510.0352779,2833.976923,2699.076923,2730.423077,2720.761538,2751.238462,2776.246154,2779.461538,2775.838462,2796.976923,2798.346154,2793.207692
510.2378146,2788.976923,2643.876923,2697.023077,2727.861538,2719.238462,2733.746154,2750.861538,2747.838462,2762.576923,2770.446154,2780.507692
510.4403382,2844.276923,2729.476923,2725.023077,2749.061538,2730.838462,2766.646154,2785.361538,2757.338462,2791.776923,2833.146154,2820.507692
510.6428487,2855.076923,2743.176923,2761.723077,2780.561538,2804.938462,2805.946154,2807.961538,2837.038462,2843.776923,2863.746154,2852.907692
510.8453463,2861.276923,2764.476923,2783.923077,2804.761538,2818.038462,2811.146154,2839.661538,2832.638462,2870.176923,2867.746154,2877.307692
511.0478308,2891.476923,2755.376923,2765.423077,2772.761538,2802.138462,2811.646154,2808.861538,2819.338462,2851.576923,2830.846154,2850.707692
511.2503022,2902.276923,2784.876923,2789.823077,2809.061538,2809.838462,2848.646154,2845.561538,2839.738462,2873.876923,2871.046154,2882.907692
511.4527606,2891.676923,2776.076923,2791.323077,2825.561538,2854.238462,2827.146154,2838.761538,2843.938462,2880.376923,2865.246154,2890.307692
511.655206,2986.676923,2868.976923,2852.923077,2882.561538,2907.338462,2915.346154,2947.561538,2943.038462,2979.876923,2947.546154,2982.007692
511.8576383,2939.276923,2842.476923,2788.723077,2833.161538,2868.338462,2875.646154,2857.561538,2883.238462,2904.376923,2927.846154,2897.007692
512.0600575,2962.976923,2837.976923,2871.523077,2883.161538,2878.138462,2887.246154,2909.761538,2886.138462,2932.076923,2916.446154,2934.107692
512.2624637,2961.876923,2866.076923,2836.323077,2894.761538,2899.438462,2915.746154,2902.361538,2948.438462,2944.976923,2961.246154,2970.607692
512.4648569,2955.076923,2835.676923,2875.523077,2875.661538,2890.938462,2906.346154,2910.561538,2909.338462,2952.076923,2926.946154,2925.007692
512.667237,2979.276923,2870.376923,2890.123077,2896.061538,2915.338462,2916.746154,2942.861538,2933.338462,2980.976923,2955.846154,2992.507692
512.869604,3008.176923,2872.876923,2892.323077,2903.861538,2892.338462,2918.046154,2951.561538,2964.438462,2984.276923,2993.546154,2977.007692
513.071958,2961.776923,2862.876923,2886.023077,2885.361538,2900.738462,2955.046154,2926.261538,2951.538462,2966.276923,2982.846154,2986.307692
513.2742989,3029.576923,2890.276923,2882.423077,2915.861538,2916.038462,2937.146154,2959.661538,2971.938462,2984.876923,3000.246154,3013.907692
513.4766267,3056.176923,2916.976923,2929.223077,2950.761538,2944.338462,2975.146154,2956.461538,2983.338462,3007.376923,3027.446154,3043.607692
513.6789415,3045.976923,2910.076923,2929.523077,2925.661538,2960.638462,2985.046154,2953.061538,2964.438462,3021.176923,3003.346154,3028.207692
513.8812432,3039.476923,2922.376923,2939.023077,2965.261538,2972.838462,2963.746154,2986.361538,2996.138462,3012.576923,2998.046154,3027.307692
514.0835318,3017.076923,2886.076923,2931.423077,2931.661538,2947.638462,2979.546154,2966.461538,2974.738462,3005.076923,3021.046154,3008.407692
514.2858073,3033.276923,2870.576923,2914.423077,2927.161538,2966.438462,2965.746154,2981.861538,2962.638462,2996.476923,3012.246154,2990.507692
514.4880698,2995.076923,2865.176923,2913.123077,2912.261538,2931.138462,2952.546154,2946.861538,2968.238462,2995.476923,2992.646154,3005.407692
514.6903192,3041.376923,2938.476923,2932.123077,2975.261538,2977.938462,3000.846154,3004.261538,3002.438462,3007.876923,3011.346154,3033.207692
514.8925554,3022.776923,2898.476923,2935.323077,2948.461538,2962.638462,2986.846154,2995.061538,2984.938462,2986.376923,3004.346154,3007.007692
515.0947787,3001.376923,2876.776923,2915.823077,2925.661538,2935.638462,2955.346154,2977.261538,2961.638462,2979.476923,2971.746154,3017.107692
515.2969888,3016.676923,2887.176923,2883.623077,2909.261538,2956.538462,2955.546154,2959.661538,2957.638462,2992.776923,2985.746154,3000.007692
515.4991858,3007.276923,2864.076923,2881.923077,2897.761538,2924.338462,2942.246154,2920.961538,2955.138462,2993.176923,2973.346154,2975.707692
515.7013697,2998.076923,2872.476923,2882.223077,2917.061538,2911.838462,2927.946154,2955.761538,2978.738462,2974.876923,2974.046154,2990.407692
515.9035405,3019.176923,2895.976923,2911.723077,2913.761538,2906.538462,2953.946154,2968.861538,2958.338462,2966.276923,2959.746154,2995.707692
516.1056983,2971.376923,2859.876923,2876.323077,2899.061538,2923.038462,2928.946154,2929.161538,2934.338462,2949.576923,2935.546154,2956.507692
516.3078429,2945.976923,2863.476923,2860.823077,2880.061538,2893.538462,2919.546154,2916.061538,2948.638462,2940.576923,2950.246154,2974.207692
516.5099744,2998.076923,2864.576923,2873.623077,2896.161538,2897.338462,2913.246154,2920.961538,2933.938462,2952.876923,2967.946154,2978.807692
516.7120929,2935.276923,2823.376923,2841.823077,2836.561538,2884.738462,2908.946154,2890.561538,2927.538462,2923.076923,2937.646154,2929.607692
516.9141982,2935.276923,2826.076923,2805.523077,2840.261538,2860.638462,2866.746154,2879.861538,2894.638462,2917.576923,2909.146154,2925.907692
517.1162904,2960.376923,2829.076923,2844.223077,2867.761538,2899.438462,2900.246154,2910.761538,2893.838462,2919.776923,2916.746154,2945.107692
517.3183694,2934.676923,2805.576923,2809.023077,2816.761538,2845.238462,2844.246154,2866.661538,2851.538462,2883.276923,2882.946154,2881.607692
517.5204354,2907.576923,2754.076923,2776.723077,2809.761538,2791.938462,2845.246154,2823.161538,2841.438462,2867.876923,2887.446154,2876.107692
517.7224883,2879.176923,2749.476923,2760.623077,2775.661538,2817.638462,2815.146154,2811.661538,2820.138462,2838.876923,2870.746154,2855.807692
517.924528,2864.376923,2739.876923,2759.023077,2797.161538,2818.138462,2803.446154,2833.961538,2831.338462,2839.476923,2849.746154,2865.607692
518.1265546,2883.676923,2745.276923,2749.323077,2786.061538,2790.238462,2816.046154,2805.361538,2802.238462,2828.876923,2841.246154,2836.007692
518.3285681,2846.476923,2710.176923,2739.523077,2742.661538,2762.138462,2778.846154,2779.161538,2781.638462,2820.276923,2820.446154,2822.007692
518.5305684,2802.776923,2678.176923,2697.523077,2690.561538,2726.838462,2750.146154,2754.661538,2753.138462,2778.576923,2770.346154,2776.607692
518.7325556,2820.276923,2716.076923,2718.023077,2706.361538,2721.038462,2736.546154,2743.161538,2758.838462,2786.076923,2805.646154,2792.907692
518.9345297,2809.976923,2693.876923,2685.123077,2710.561538,2731.038462,2738.346154,2741.961538,2743.138462,2776.776923,2771.446154,2778.907692
519.1364907,2783.176923,2660.576923,2659.023077,2663.861538,2683.938462,2714.446154,2710.761538,2706.338462,2736.176923,2719.846154,2753.607692
519.3384385,2765.376923,2655.376923,2635.023077,2665.461538,2675.438462,2705.346154,2715.661538,2710.438462,2736.376923,2761.946154,2744.607692
519.5403732,2723.676923,2626.976923,2638.123077,2648.961538,2640.038462,2684.446154,2682.661538,2674.438462,2706.676923,2702.746154,2722.607692
519.7422947,2723.976923,2619.076923,2599.923077,2652.661538,2624.138462,2653.446154,2658.761538,2669.738462,2700.576923,2724.846154,2700.607692
519.9442031,2670.576923,2559.476923,2593.923077,2617.061538,2616.338462,2628.346154,2649.061538,2648.638462,2653.976923,2669.246154,2666.107692
520.1460983,2713.176923,2574.376923,2590.523077,2627.861538,2642.938462,2646.546154,2634.361538,2654.038462,2654.876923,2667.446154,2687.407692
520.3479804,2680.976923,2560.876923,2552.623077,2600.161538,2606.638462,2616.646154,2621.161538,2644.538462,2644.576923,2663.046154,2666.507692
520.5498493,2624.876923,2519.476923,2524.723077,2568.361538,2568.138462,2599.246154,2586.761538,2590.638462,2627.676923,2627.946154,2644.807692
520.7517051,2642.576923,2521.476923,2510.223077,2527.361538,2544.238462,2559.946154,2593.461538,2570.038462,2596.876923,2607.446154,2594.807692
520.9535477,2615.276923,2517.276923,2505.223077,2541.761538,2567.338462,2575.946154,2585.261538,2561.338462,2588.276923,2615.846154,2621.507692
521.1553772,2581.076923,2424.276923,2460.423077,2473.461538,2502.738462,2503.546154,2513.961538,2540.438462,2532.976923,2557.146154,2551.507692
521.3571935,2558.676923,2462.776923,2473.223077,2483.961538,2500.038462,2518.546154,2514.461538,2532.438462,2554.676923,2561.946154,2545.507692
521.5589966,2562.076923,2442.676923,2471.123077,2480.261538,2500.138462,2490.146154,2501.061538,2528.138462,2558.876923,2548.746154,2522.207692
521.7607866,2538.676923,2437.276923,2433.923077,2464.061538,2486.938462,2491.946154,2503.961538,2478.338462,2520.676923,2536.946154,2536.707692
521.9625634,2509.076923,2405.076923,2402.223077,2447.861538,2437.638462,2464.346154,2451.861538,2446.838462,2478.376923,2469.246154,2485.907692
522.164327,2475.676923,2366.576923,2398.423077,2393.061538,2407.938462,2432.046154,2452.761538,2447.738462,2469.376923,2462.346154,2465.707692
522.3660775,2483.676923,2345.976923,2358.523077,2380.661538,2391.038462,2416.246154,2439.961538,2436.538462,2442.976923,2463.746154,2455.307692
522.5678148,2445.076923,2354.976923,2360.523077,2371.061538,2378.738462,2398.546154,2418.161538,2382.438462,2430.776923,2421.946154,2420.207692
522.7695389,2460.176923,2320.376923,2341.023077,2334.161538,2356.638462,2385.046154,2388.461538,2403.838462,2402.276923,2416.046154,2426.807692
522.9712498,2424.976923,2335.276923,2352.123077,2367.161538,2363.738462,2382.646154,2380.961538,2387.238462,2389.176923,2427.746154,2413.407692
523.1729475,2407.676923,2278.876923,2305.823077,2314.961538,2333.738462,2379.046154,2342.961538,2341.038462,2355.776923,2372.346154,2376.107692
523.3746321,2394.976923,2248.876923,2283.923077,2279.661538,2291.238462,2320.546154,2325.361538,2324.138462,2376.176923,2349.746154,2375.407692
523.5763034,2340.476923,2252.776923,2256.223077,2268.861538,2283.338462,2286.246154,2308.961538,2303.638462,2335.076923,2337.246154,2340.707692
523.7779616,2329.776923,2216.676923,2226.023077,2231.961538,2251.838462,2259.846154,2271.261538,2274.438462,2294.876923,2288.546154,2284.207692
523.9796066,2314.476923,2203.576923,2212.923077,2243.161538,2243.738462,2250.646154,2271.861538,2262.238462,2309.276923,2303.446154,2321.107692
524.1812383,2300.176923,2196.376923,2201.023077,2226.561538,2222.638462,2276.646154,2279.361538,2257.238462,2275.176923,2286.646154,2288.607692
524.3828569,2279.576923,2155.176923,2179.123077,2208.661538,2236.238462,2233.146154,2243.461538,2240.938462,2243.276923,2261.646154,2266.907692
524.5844623,2277.176923,2154.376923,2174.423077,2193.561538,2203.438462,2220.046154,2240.161538,2225.938462,2257.976923,2251.846154,2255.707692
524.7860545,2245.776923,2125.776923,2144.423077,2176.161538,2170.538462,2208.446154,2213.561538,2216.538462,2233.876923,2232.046154,2238.807692
524.9876334,2183.676923,2106.476923,2135.623077,2141.361538,2133.438462,2155.446154,2179.961538,2174.438462,2202.876923,2179.846154,2194.807692
525.1891992,2204.476923,2128.576923,2126.123077,2122.861538,2158.838462,2149.446154,2171.161538,2173.838462,2195.976923,2192.846154,2191.507692
525.3907517,2178.276923,2102.076923,2093.923077,2115.361538,2121.938462,2148.146154,2151.861538,2166.438462,2161.576923,2180.846154,2187.907692
525.5922911,2162.876923,2066.676923,2098.523077,2119.561538,2110.438462,2119.446154,2141.061538,2135.438462,2150.376923,2183.146154,2167.707692
525.7938172,2141.676923,2077.676923,2067.123077,2084.361538,2098.338462,2118.446154,2115.261538,2122.738462,2125.876923,2140.046154,2152.207692
525.9953301,2174.176923,2035.476923,2074.123077,2071.961538,2088.238462,2088.746154,2115.061538,2108.238462,2108.576923,2140.846154,2138.707692
526.1968298,2104.876923,2032.876923,1996.323077,2067.561538,2031.738462,2089.546154,2074.461538,2070.338462,2109.676923,2126.846154,2101.107692
526.3983162,2103.676923,2004.876923,2002.223077,2039.761538,2053.638462,2050.746154,2057.561538,2056.138462,2075.976923,2077.146154,2088.807692
526.5997895,2098.376923,2006.576923,2013.323077,2030.961538,2029.038462,2057.946154,2051.361538,2048.738462,2061.476923,2070.146154,2080.907692
526.8012495,2071.476923,1983.476923,2010.223077,2011.961538,2032.138462,2038.646154,2013.361538,2054.038462,2053.476923,2074.046154,2078.507692
527.0026963,2043.376923,1948.776923,1954.223077,1999.661538,2002.838462,2023.646154,2025.061538,2039.638462,2023.876923,2061.446154,2051.607692
527.2041298,2042.976923,1942.376923,1950.523077,1981.361538,1966.938462,1984.346154,2000.361538,1978.838462,2030.976923,2044.246154,2033.607692
527.4055501,2021.376923,1943.876923,1939.123077,1954.661538,1966.438462,1988.646154,1995.561538,1975.838462,2005.076923,2028.346154,2012.607692
527.6069572,2010.676923,1943.676923,1935.023077,1946.561538,1962.638462,1963.346154,1992.861538,1969.838462,1993.076923,1999.746154,1995.207692
527.808351,1985.276923,1888.176923,1918.523077,1915.261538,1938.138462,1959.446154,1965.761538,1942.838462,1972.676923,1970.646154,1960.307692
528.0097316,1942.076923,1852.976923,1881.523077,1887.661538,1895.538462,1918.246154,1921.261538,1903.938462,1948.176923,1946.246154,1956.407692
528.211099,1960.576923,1854.476923,1871.923077,1888.861538,1896.338462,1902.146154,1917.661538,1897.238462,1946.076923,1919.746154,1930.407692
528.4124531,1975.676923,1876.376923,1893.023077,1882.361538,1903.138462,1906.646154,1921.561538,1914.838462,1948.676923,1951.046154,1953.407692
528.6137939,1927.976923,1829.076923,1842.423077,1860.161538,1875.538462,1894.946154,1914.461538,1898.238462,1898.376923,1930.746154,1937.807692
528.8151215,1922.976923,1826.676923,1825.423077,1831.061538,1843.638462,1853.046154,1863.461538,1884.638462,1875.076923,1892.146154,1885.807692
529.0164358,1900.876923,1809.976923,1824.223077,1830.561538,1856.738462,1852.946154,1873.561538,1862.538462,1887.776923,1873.546154,1916.207692
529.2177369,1864.276923,1765.376923,1790.523077,1793.361538,1823.338462,1821.146154,1835.261538,1816.638462,1868.376923,1865.846154,1868.307692
529.4190248,1841.476923,1763.476923,1774.923077,1787.061538,1816.238462,1810.546154,1819.161538,1824.038462,1855.776923,1835.246154,1841.207692
529.6202993,1849.576923,1749.676923,1756.523077,1777.561538,1797.838462,1808.646154,1801.661538,1806.238462,1839.576923,1814.946154,1833.407692
529.8215606,1827.676923,1764.276923,1725.123077,1748.261538,1768.538462,1778.046154,1768.861538,1774.638462,1806.876923,1798.846154,1830.907692
530.0228087,1809.976923,1710.976923,1729.623077,1749.961538,1761.938462,1781.046154,1762.261538,1785.138462,1788.576923,1798.846154,1798.607692
530.2240434,1793.776923,1703.576923,1733.623077,1734.361538,1741.638462,1760.246154,1753.461538,1751.738462,1766.476923,1774.246154,1790.507692
530.4252649,1796.676923,1686.676923,1707.923077,1719.861538,1720.538462,1740.346154,1746.761538,1759.938462,1781.376923,1754.446154,1787.707692
530.6264732,1767.476923,1673.976923,1689.723077,1712.361538,1705.538462,1748.646154,1731.561538,1734.838462,1742.876923,1745.046154,1758.407692
530.8276681,1757.876923,1665.176923,1672.923077,1684.661538,1695.238462,1707.846154,1703.561538,1690.038462,1734.976923,1731.846154,1748.207692
531.0288498,1794.576923,1672.976923,1690.623077,1705.961538,1718.438462,1708.246154,1745.261538,1733.038462,1738.076923,1751.146154,1767.807692
531.2300182,1753.476923,1641.576923,1654.323077,1675.961538,1686.438462,1714.846154,1699.461538,1720.738462,1735.776923,1731.446154,1728.607692
531.4311733,1747.876923,1657.476923,1676.823077,1685.261538,1711.138462,1741.546154,1703.061538,1692.838462,1727.476923,1729.946154,1729.107692
531.6323151,1767.676923,1672.176923,1680.823077,1689.761538,1684.638462,1720.146154,1706.061538,1714.238462,1733.776923,1746.546154,1748.507692
531.8334436,1774.876923,1691.076923,1700.223077,1712.661538,1711.738462,1720.046154,1737.261538,1716.638462,1735.176923,1760.646154,1758.507692
532.0345589,1812.176923,1704.076923,1701.923077,1739.261538,1725.338462,1732.946154,1746.561538,1738.038462,1781.976923,1791.546154,1810.907692
532.2356608,1846.976923,1748.176923,1741.723077,1745.961538,1771.338462,1795.646154,1794.961538,1788.338462,1809.276923,1826.146154,1821.407692
532.4367495,1870.776923,1793.376923,1806.723077,1800.961538,1815.338462,1827.446154,1851.661538,1835.538462,1858.876923,1855.746154,1875.907692
532.6378249,1909.976923,1810.876923,1817.023077,1823.661538,1821.838462,1866.446154,1849.561538,1852.438462,1877.176923,1886.446154,1881.107692
532.8388869,1949.876923,1855.676923,1848.923077,1888.361538,1866.138462,1900.346154,1897.061538,1894.038462,1929.276923,1940.546154,1938.907692
533.0399357,1991.776923,1870.176923,1894.623077,1903.561538,1931.938462,1939.646154,1935.061538,1936.738462,1990.176923,1970.446154,1963.407692
533.2409711,2003.076923,1865.576923,1905.123077,1938.161538,1921.338462,1933.546154,1937.761538,1959.938462,1954.176923,1983.646154,1977.807692
533.4419933,2025.276923,1913.676923,1925.923077,1965.961538,1978.838462,1955.346154,1977.661538,1961.638462,2000.376923,1990.246154,2001.507692
533.6430021,2011.976923,1904.276923,1914.223077,1926.161538,1922.738462,1958.446154,1955.761538,1979.738462,1995.276923,1974.146154,1979.107692
533.8439976,1975.376923,1875.276923,1897.423077,1893.261538,1925.938462,1925.146154,1939.261538,1948.638462,1964.576923,1974.746154,1976.907692
534.0449798,2008.976923,1878.276923,1897.323077,1912.961538,1935.538462,1931.646154,1962.861538,1960.638462,1984.676923,1978.746154,1996.007692
534.2459487,1959.876923,1862.776923,1863.723077,1864.061538,1887.238462,1890.446154,1900.761538,1920.838462,1933.576923,1946.546154,1943.907692
534.4469043,1992.876923,1881.176923,1869.823077,1896.561538,1919.138462,1949.946154,1944.761538,1923.738462,1961.776923,1961.846154,1963.207692
534.6478465,1951.476923,1843.976923,1875.523077,1881.261538,1902.038462,1917.846154,1926.261538,1931.738462,1959.076923,1963.646154,1954.007692
534.8487755,2008.576923,1873.676923,1891.123077,1923.361538,1923.438462,1945.046154,1937.161538,1959.838462,1983.076923,1969.146154,2001.907692
535.0496911,2008.876923,1889.976923,1905.623077,1910.061538,1921.638462,1951.546154,1953.361538,1954.238462,1971.376923,1969.346154,1995.407692
535.2505933,2055.676923,1934.776923,1953.323077,1954.461538,1980.838462,1998.946154,2003.761538,2002.038462,2025.176923,2004.146154,2022.207692
535.4514823,2081.476923,1966.176923,1996.923077,1999.761538,2002.238462,2023.746154,2045.361538,2032.438462,2061.676923,2081.846154,2078.807692
535.6523579,2153.476923,2035.576923,2059.923077,2071.961538,2083.638462,2101.046154,2108.161538,2111.138462,2162.576923,2167.146154,2161.307692
535.8532201,2262.676923,2110.776923,2137.523077,2155.561538,2169.138462,2180.146154,2171.461538,2186.838462,2206.476923,2218.746154,2228.407692
536.0540691,2370.976923,2206.376923,2257.323077,2256.361538,2260.438462,2309.546154,2299.061538,2296.038462,2346.976923,2344.046154,2343.707692
536.2549047,2516.976923,2368.076923,2381.223077,2393.261538,2410.938462,2418.446154,2445.261538,2459.838462,2489.476923,2497.446154,2488.007692
536.4557269,2624.876923,2505.976923,2514.723077,2539.261538,2554.638462,2563.546154,2585.061538,2560.838462,2618.676923,2611.346154,2612.707692
536.6565358,2894.176923,2725.476923,2728.223077,2757.561538,2782.138462,2801.146154,2832.661538,2793.338462,2846.576923,2855.346154,2866.607692
536.8573313,3072.676923,2895.376923,2927.223077,2937.961538,2976.438462,2982.546154,2997.761538,3012.038462,3055.876923,3048.646154,3047.307692
537.0581135,3303.376923,3088.776923,3106.023077,3138.861538,3168.038462,3189.546154,3207.861538,3205.938462,3246.576923,3258.146154,3290.507692
537.2588824,3559.176923,3364.276923,3381.523077,3420.161538,3435.138462,3444.646154,3464.461538,3472.638462,3522.976923,3522.446154,3563.907692
537.4596379,3805.676923,3580.476923,3606.123077,3639.861538,3662.738462,3670.546154,3705.861538,3714.238462,3762.176923,3738.646154,3773.207692
537.66038,4018.376923,3797.376923,3858.923077,3833.461538,3909.338462,3916.346154,3923.261538,3943.838462,3986.176923,3993.746154,4027.807692
537.8611088,4260.876923,4032.376923,4025.823077,4104.061538,4108.138462,4151.746154,4152.761538,4171.438462,4216.176923,4238.646154,4237.707692
538.0618242,4542.676923,4269.676923,4276.723077,4314.261538,4358.138462,4384.046154,4381.961538,4422.038462,4465.976923,4457.046154,4503.307692
538.2625262,4851.476923,4545.976923,4572.223077,4621.061538,4650.338462,4693.146154,4715.161538,4734.538462,4801.576923,4791.346154,4813.907692
538.4632149,5158.876923,4849.676923,4880.523077,4881.561538,4950.038462,4987.046154,5020.161538,5023.938462,5061.776923,5079.146154,5103.907692
538.6638902,5529.776923,5229.276923,5226.223077,5268.661538,5311.438462,5355.646154,5374.261538,5418.238462,5459.576923,5446.146154,5494.507692
538.8645522,6050.776923,5714.376923,5714.123077,5757.161538,5817.438462,5870.846154,5880.561538,5890.438462,5944.176923,5984.646154,6039.807692
539.0652007,6707.176923,6320.876923,6345.923077,6408.961538,6408.038462,6490.646154,6468.061538,6529.538462,6625.076923,6605.046154,6635.807692
539.2658359,7328.876923,6941.576923,6941.523077,6987.561538,7063.938462,7093.546154,7125.661538,7131.238462,7209.576923,7245.446154,7274.207692
539.4664577,8325.276923,7869.376923,7890.923077,7975.561538,7990.638462,8087.746154,8110.261538,8121.338462,8235.576923,8210.546154,8281.807692
539.6670661,9273.276923,8743.876923,8804.223077,8876.661538,8934.938462,8991.346154,9035.961538,9052.938462,9139.576923,9139.846154,9182.707692
539.8676611,10646.37692,10073.27692,10111.32308,10223.16154,10288.13846,10351.74615,10360.26154,10422.33846,10544.27692,10531.64615,10580.60769
540.0682428,12058.07692,11425.77692,11501.12308,11557.06154,11651.23846,11712.74615,11747.56154,11851.13846,11937.17692,11956.84615,12024.50769
540.268811,13784.57692,13114.17692,13150.92308,13234.66154,13314.53846,13433.44615,13483.56154,13509.93846,13710.07692,13682.84615,13769.80769
540.4693659,15961.07692,15170.87692,15213.72308,15290.86154,15376.63846,15550.94615,15574.66154,15644.83846,15816.97692,15797.04615,15891.80769
540.6699074,17977.07692,17058.77692,17074.22308,17257.06154,17293.43846,17460.74615,17465.06154,17616.23846,17781.17692,17785.74615,17844.40769
540.8704355,20125.97692,19156.87692,19183.72308,19376.46154,19466.23846,19587.24615,19626.36154,19748.13846,19942.07692,19953.14615,20059.00769
541.0709501,22075.87692,21069.47692,21101.12308,21222.46154,21397.43846,21537.04615,21536.96154,21646.63846,21842.37692,21905.54615,22001.50769
541.2714514,23921.57692,22671.77692,22751.62308,22909.96154,23084.93846,23201.24615,23289.36154,23405.63846,23608.77692,23620.84615,23806.60769
541.4719393,25014.97692,23846.57692,23901.82308,24086.26154,24229.43846,24336.24615,24403.76154,24573.43846,24780.97692,24796.44615,24941.90769
541.6724137,25620.77692,24385.77692,24469.92308,24610.36154,24800.63846,24895.64615,24941.46154,25126.43846,25366.27692,25334.14615,25500.20769
541.8728748,25996.07692,24763.07692,24825.52308,25011.96154,25091.03846,25239.14615,25354.96154,25524.93846,25757.57692,25749.14615,25913.50769
542.0733224,25702.37692,24391.67692,24514.62308,24678.06154,24863.03846,24968.14615,25110.76154,25241.13846,25473.97692,25471.04615,25605.70769
542.2737567,25945.67692,24594.47692,24776.62308,24989.96154,25065.83846,25255.14615,25282.26154,25426.73846,25664.77692,25733.04615,25854.10769
542.4741775,25332.17692,24108.77692,24171.82308,24353.26154,24458.03846,24643.44615,24744.36154,24841.33846,25072.77692,25100.14615,25219.80769
542.6745849,24779.37692,23530.57692,23549.92308,23746.46154,23874.83846,24126.54615,24138.76154,24264.53846,24506.47692,24510.84615,24613.60769
542.8749788,24584.47692,23408.47692,23501.92308,23668.36154,23833.13846,23953.54615,24070.56154,24119.53846,24424.47692,24370.74615,24527.40769
543.0753594,24047.77692,22813.37692,22893.32308,23006.16154,23201.93846,23368.04615,23450.36154,23568.53846,23761.07692,23804.54615,23904.20769
543.2757265,23486.87692,22252.37692,22337.12308,22569.86154,22710.33846,22819.54615,22861.56154,23020.13846,23214.87692,23252.54615,23351.30769
543.4760802,23548.67692,22282.57692,22428.72308,22559.36154,22731.53846,22901.24615,22899.56154,23064.93846,23284.97692,23261.34615,23470.00769
543.6764205,23091.87692,21912.47692,21995.72308,22116.56154,22327.63846,22386.64615,22454.16154,22559.73846,22825.57692,22809.94615,22948.20769
543.8767473,23013.87692,21858.27692,21901.52308,22001.86154,22176.93846,22325.54615,22400.36154,22512.43846,22758.07692,22767.54615,22956.30769
544.0770607,22825.97692,21599.47692,21721.92308,21872.56154,21974.53846,22152.34615,22220.76154,22341.83846,22511.37692,22646.34615,22753.00769
544.2773607,22886.87692,21693.17692,21741.32308,21954.96154,22085.33846,22246.74615,22322.16154,22390.63846,22670.07692,22641.14615,22796.10769
544.4776472,23326.77692,22100.27692,22244.12308,22390.46154,22495.83846,22683.44615,22748.66154,22883.03846,23151.77692,23099.34615,23185.10769
544.6779203,24212.67692,23031.17692,23096.02308,23301.56154,23426.13846,23529.54615,23642.16154,23797.63846,24002.47692,23923.54615,24076.00769
544.8781799,25855.57692,24513.57692,24599.22308,24761.86154,24886.33846,25032.24615,25157.46154,25267.33846,25524.97692,25531.74615,25649.30769
545.0784261,27776.37692,26445.87692,26456.72308,26714.26154,26846.53846,27017.04615,27086.66154,27246.93846,27507.47692,27496.54615,27685.00769
545.2786588,29669.47692,28320.57692,28395.52308,28576.26154,28772.13846,28929.14615,28972.96154,29193.03846,29378.07692,29440.94615,29572.10769
545.4788781,31085.47692,29793.57692,29864.82308,30019.66154,30216.53846,30381.74615,30492.46154,30621.53846,30841.57692,30828.94615,30979.10769
545.6790839,31365.37692,30937.77692,30988.72308,31105.86154,31266.23846,31334.24615,31345.06154,31363.23846,31366.27692,31369.24615,31363.70769
545.8792763,31365.37692,31241.07692,31268.52308,31356.96154,31367.73846,31369.74615,31368.46154,31366.83846,31366.27692,31369.24615,31363.70769
546.0794552,31365.37692,31100.27692,31129.02308,31248.86154,31340.93846,31369.74615,31368.46154,31366.83846,31366.27692,31369.24615,31363.70769
546.2796207,31365.37692,30201.67692,30225.02308,30509.66154,30752.43846,30885.04615,30951.66154,31124.63846,31307.17692,31272.74615,31360.30769
546.4797726,30551.97692,28737.37692,28817.82308,29015.96154,29239.83846,29496.64615,29613.36154,29812.33846,30081.47692,30148.24615,30363.40769
546.6799112,29069.57692,27443.27692,27533.22308,27762.36154,27922.43846,28133.64615,28206.66154,28379.33846,28659.47692,28707.34615,28929.40769
546.8800362,27379.67692,25916.17692,26057.32308,26214.76154,26335.93846,26494.04615,26582.96154,26737.53846,26982.47692,27036.64615,27217.70769
547.0801478,25672.17692,24283.57692,24388.22308,24590.16154,24756.23846,24872.34615,24972.56154,25101.93846,25363.17692,25390.04615,25537.30769
547.2802459,24142.07692,22907.07692,22948.92308,23099.56154,23322.13846,23469.54615,23468.16154,23631.63846,23817.67692,23886.24615,24092.60769
547.4803305,22585.77692,21441.57692,21464.32308,21656.76154,21779.03846,21934.74615,22007.76154,22185.63846,22374.67692,22334.24615,22449.70769
547.6804016,21483.17692,20358.77692,20457.42308,20596.76154,20694.53846,20835.04615,20948.96154,21045.13846,21259.37692,21267.34615,21389.50769
547.8804593,20084.57692,19005.77692,19080.22308,19250.66154,19345.23846,19520.74615,19561.16154,19697.23846,19832.77692,19854.34615,19999.60769
548.0805035,19077.77692,18137.07692,18100.52308,18283.16154,18445.33846,18577.24615,18562.46154,18661.13846,18885.27692,18875.54615,18996.40769
548.2805342,17908.27692,16995.37692,17035.92308,17081.56154,17316.73846,17423.84615,17434.06154,17537.63846,17685.07692,17712.94615,17807.70769
548.4805514,16721.77692,15852.07692,15898.72308,15977.76154,16159.83846,16268.04615,16292.86154,16377.43846,16521.47692,16507.34615,16627.30769
548.6805551,15829.47692,15008.67692,15032.12308,15182.16154,15251.63846,15369.54615,15407.46154,15528.63846,15645.77692,15657.84615,15737.50769
548.8805453,14745.77692,13982.37692,14011.72308,14107.96154,14261.23846,14355.14615,14427.36154,14461.63846,14620.87692,14569.64615,14678.20769
549.080522,13832.67692,13089.27692,13160.22308,13237.86154,13361.13846,13481.44615,13466.06154,13565.13846,13713.87692,13726.44615,13777.70769
549.2804853,12855.07692,12222.97692,12262.12308,12314.86154,12426.93846,12476.64615,12562.96154,12598.63846,12749.27692,12752.94615,12824.20769
549.480435,12235.37692,11531.47692,11623.92308,11726.76154,11770.43846,11854.44615,11895.26154,11937.43846,12072.77692,12076.74615,12138.20769
549.6803712,11406.17692,10792.07692,10844.42308,10956.66154,11031.63846,11096.54615,11080.06154,11195.53846,11270.87692,11301.44615,11354.50769
549.8802939,10920.97692,10324.87692,10395.62308,10459.96154,10555.63846,10552.44615,10600.86154,10655.83846,10785.07692,10791.84615,10832.20769
550.0802032,10162.17692,9611.976923,9640.523077,9719.461538,9772.638462,9900.746154,9896.161538,9928.538462,10035.57692,10066.14615,10089.00769
550.2800989,9672.776923,9123.076923,9129.223077,9230.061538,9285.538462,9346.546154,9388.061538,9468.538462,9526.876923,9500.146154,9589.607692
550.479981,9032.276923,8542.876923,8595.923077,8625.961538,8700.238462,8759.846154,8814.061538,8903.438462,8931.476923,8966.946154,9001.207692
550.6798497,8632.076923,8170.576923,8214.323077,8247.061538,8295.138462,8342.546154,8359.861538,8433.838462,8512.276923,8531.346154,8561.407692
550.8797049,8030.276923,7623.276923,7654.323077,7701.561538,7771.438462,7847.746154,7811.861538,7870.538462,7966.876923,7965.746154,8037.607692
551.0795465,7589.276923,7193.176923,7210.623077,7256.261538,7307.538462,7342.246154,7404.361538,7415.038462,7535.676923,7522.346154,7564.907692
551.2793746,7200.176923,6768.976923,6795.023077,6894.961538,6926.938462,6976.146154,6962.361538,7018.438462,7106.576923,7095.346154,7177.907692
551.4791892,6730.176923,6357.576923,6395.623077,6459.161538,6505.438462,6521.046154,6558.561538,6621.538462,6641.776923,6655.546154,6687.107692
551.6789902,6360.776923,6035.076923,6065.923077,6129.061538,6125.238462,6173.146154,6244.461538,6240.338462,6306.776923,6291.246154,6301.707692
551.8787778,5972.676923,5659.176923,5707.623077,5740.661538,5768.338462,5811.246154,5839.861538,5868.938462,5889.376923,5904.346154,5962.007692
552.0785518,5721.776923,5421.776923,5414.323077,5445.661538,5496.438462,5509.246154,5587.061538,5571.238462,5641.876923,5629.546154,5670.407692
552.2783122,5323.676923,5055.076923,5083.023077,5119.461538,5155.938462,5138.646154,5234.561538,5203.438462,5256.176923,5274.046154,5305.507692
552.4780592,5050.876923,4759.776923,4805.823077,4867.261538,4853.838462,4908.346154,4945.561538,4949.238462,4990.776923,5006.746154,5009.507692
552.6777925,4779.076923,4509.276923,4493.323077,4531.161538,4602.638462,4602.246154,4639.361538,4635.338462,4715.076923,4699.846154,4753.907692
552.8775124,4542.176923,4262.476923,4290.423077,4358.761538,4357.538462,4412.046154,4379.061538,4445.938462,4446.676923,4471.446154,4491.107692
553.0772187,4219.776923,4003.176923,4039.523077,4057.461538,4072.938462,4112.346154,4114.561538,4164.738462,4227.676923,4191.146154,4212.407692
553.2769114,3987.476923,3769.376923,3796.423077,3830.561538,3844.338462,3886.446154,3858.761538,3905.038462,3933.276923,3949.146154,3945.307692
553.4765906,3783.876923,3614.176923,3633.023077,3643.061538,3679.338462,3697.446154,3729.061538,3767.538462,3759.276923,3795.146154,3781.407692
553.6762563,3556.076923,3381.576923,3397.423077,3404.761538,3434.438462,3470.146154,3481.561538,3482.938462,3521.576923,3533.246154,3568.307692
553.8759084,3364.476923,3172.876923,3212.823077,3208.761538,3239.738462,3261.746154,3270.561538,3273.138462,3339.976923,3324.746154,3335.907692
554.0755469,3153.276923,2996.876923,3002.823077,3006.361538,3055.738462,3077.346154,3068.361538,3077.138462,3112.276923,3129.646154,3138.207692
554.2751719,2996.976923,2792.476923,2808.723077,2857.461538,2855.138462,2884.546154,2889.061538,2887.438462,2921.276923,2952.846154,2943.907692
554.4747833,2777.776923,2621.176923,2662.323077,2661.461538,2659.138462,2693.746154,2701.361538,2716.338462,2737.476923,2740.646154,2755.807692
554.6743812,2623.876923,2491.676923,2500.823077,2532.861538,2520.238462,2540.846154,2587.561538,2546.738462,2586.776923,2617.246154,2617.907692
554.8739655,2510.976923,2338.976923,2327.123077,2396.361538,2404.738462,2417.746154,2414.861538,2428.838462,2461.876923,2453.746154,2470.607692
555.0735362,2344.476923,2207.476923,2206.323077,2221.561538,2255.738462,2258.346154,2267.761538,2288.438462,2290.476923,2293.546154,2312.207692
555.2730934,2205.976923,2116.076923,2110.723077,2129.161538,2131.738462,2175.846154,2169.761538,2173.538462,2170.376923,2187.346154,2192.207692
555.4726369,2101.576923,1980.776923,1997.623077,1989.561538,2018.038462,2030.746154,2025.461538,2046.938462,2058.576923,2060.546154,2066.507692
555.672167,1968.876923,1869.476923,1867.723077,1888.061538,1887.738462,1915.346154,1944.061538,1925.038462,1942.976923,1951.646154,1956.307692
555.8716834,1846.476923,1776.576923,1771.623077,1778.561538,1807.738462,1800.146154,1818.761538,1825.738462,1849.176923,1844.746154,1861.507692
556.0711862,1776.076923,1697.876923,1683.623077,1711.661538,1730.538462,1738.946154,1740.161538,1744.938462,1748.276923,1769.846154,1778.907692
556.2706755,1703.176923,1609.176923,1624.523077,1631.661538,1635.238462,1650.346154,1668.761538,1660.538462,1674.576923,1689.146154,1682.807692
556.4701512,1624.776923,1522.276923,1529.423077,1546.861538,1562.638462,1578.846154,1577.461538,1584.238462,1593.476923,1613.146154,1605.907692
556.6696133,1520.376923,1433.576923,1465.623077,1473.561538,1464.938462,1496.846154,1483.261538,1490.538462,1503.676923,1520.746154,1511.007692
556.8690618,1469.676923,1384.776923,1393.423077,1387.761538,1425.638462,1436.546154,1438.861538,1434.638462,1466.376923,1474.546154,1470.607692
557.0684967,1417.976923,1350.476923,1356.223077,1367.661538,1356.738462,1368.546154,1400.961538,1393.038462,1411.276923,1404.546154,1409.607692
557.267918,1364.076923,1271.676923,1297.323077,1300.561538,1311.338462,1314.146154,1329.061538,1330.238462,1351.376923,1350.046154,1338.307692
557.4673257,1300.476923,1252.276923,1242.923077,1241.361538,1258.338462,1269.446154,1272.461538,1274.838462,1284.876923,1273.246154,1270.707692
557.6667198,1264.176923,1199.076923,1201.623077,1210.461538,1215.938462,1229.946154,1235.561538,1254.638462,1241.576923,1233.746154,1249.207692
557.8661003,1206.876923,1142.676923,1167.923077,1164.261538,1161.138462,1159.046154,1186.561538,1164.838462,1198.676923,1193.646154,1185.907692
558.0654672,1160.076923,1114.076923,1128.623077,1132.261538,1143.638462,1129.946154,1141.761538,1162.338462,1165.276923,1160.746154,1175.107692
558.2648205,1119.976923,1069.576923,1098.223077,1086.661538,1085.438462,1087.946154,1089.261538,1094.538462,1122.076923,1118.646154,1124.207692
558.4641602,1105.976923,1032.776923,1057.823077,1055.261538,1063.338462,1073.246154,1083.161538,1074.238462,1085.676923,1066.646154,1080.107692
558.6634863,1045.276923,1010.276923,1021.623077,1018.561538,1036.438462,1042.846154,1024.761538,1032.138462,1062.776923,1067.946154,1070.407692
558.8627987,1031.476923,969.3769231,966.5230769,975.1615385,994.4384615,1001.046154,1002.561538,992.5384615,1017.876923,1002.946154,1001.807692
559.0620976,1007.476923,947.6769231,946.3230769,969.4615385,955.8384615,974.1461538,980.9615385,971.6384615,992.5769231,995.9461538,995.2076923
559.2613828,958.0769231,896.5769231,908.5230769,932.9615385,925.6384615,925.5461538,942.5615385,944.4384615,936.9769231,942.5461538,952.8076923
559.4606544,937.8769231,902.5769231,906.5230769,897.9615385,922.7384615,905.7461538,931.6615385,922.4384615,927.6769231,939.7461538,940.7076923
559.6599124,905.6769231,867.5769231,874.3230769,886.5615385,879.3384615,878.0461538,871.6615385,885.5384615,895.9769231,907.2461538,893.6076923
559.8591568,878.6769231,835.5769231,837.4230769,861.0615385,862.3384615,864.5461538,856.2615385,855.0384615,887.8769231,879.9461538,882.0076923
560.0583875,875.7769231,834.0769231,832.9230769,848.9615385,835.9384615,849.0461538,835.0615385,844.1384615,864.0769231,870.6461538,856.7076923
560.2576046,842.7769231,790.0769231,811.2230769,818.4615385,807.0384615,818.7461538,837.5615385,828.6384615,847.9769231,837.5461538,837.0076923
560.456808,827.8769231,785.1769231,785.6230769,794.3615385,788.1384615,790.2461538,797.2615385,802.6384615,815.2769231,817.8461538,814.4076923
560.6559979,805.8769231,787.5769231,778.5230769,763.4615385,774.5384615,800.3461538,811.9615385,792.6384615,802.2769231,807.0461538,808.8076923
560.8551741,795.2769231,755.9769231,753.8230769,765.7615385,763.8384615,788.4461538,768.1615385,787.6384615,794.4769231,778.1461538,794.6076923
561.0543366,785.7769231,743.9769231,745.9230769,731.8615385,753.9384615,762.1461538,761.6615385,756.2384615,773.1769231,773.1461538,771.7076923
561.2534855,763.1769231,721.6769231,735.8230769,737.6615385,732.6384615,754.2461538,755.4615385,746.8384615,764.9769231,747.5461538,752.5076923
561.4526208,759.3769231,718.8769231,727.9230769,733.1615385,745.9384615,740.4461538,740.0615385,728.8384615,733.1769231,745.8461538,748.2076923
561.6517424,745.9769231,700.6769231,716.8230769,724.2615385,720.8384615,719.3461538,725.4615385,721.3384615,727.3769231,744.3461538,747.6076923
561.8508503,748.0769231,708.5769231,709.6230769,714.1615385,699.6384615,709.9461538,732.6615385,715.7384615,730.4769231,723.6461538,721.5076923
562.0499446,730.2769231,677.7769231,675.5230769,704.2615385,690.9384615,694.2461538,702.7615385,707.6384615,711.5769231,719.2461538,708.2076923
562.2490253,713.7769231,649.9769231,677.9230769,667.0615385,668.6384615,677.7461538,681.4615385,689.4384615,682.3769231,682.2461538,701.9076923
562.4480923,686.9769231,676.9769231,672.8230769,676.5615385,687.0384615,700.4461538,690.4615385,684.0384615,697.8769231,708.3461538,709.3076923
562.6471456,682.1769231,648.8769231,656.5230769,669.5615385,662.5384615,661.2461538,677.5615385,673.7384615,662.7769231,670.8461538,658.3076923
562.8461853,664.8769231,644.2769231,645.0230769,635.1615385,656.8384615,668.2461538,655.9615385,666.6384615,663.6769231,665.1461538,671.2076923
563.0452113,662.2769231,626.8769231,622.3230769,635.2615385,646.1384615,646.7461538,643.3615385,640.6384615,641.1769231,645.0461538,641.6076923
563.2442236,647.5769231,614.5769231,624.3230769,624.8615385,623.2384615,635.3461538,640.7615385,629.9384615,636.2769231,642.3461538,629.0076923
563.4432223,614.7769231,608.4769231,601.1230769,618.6615385,617.0384615,620.5461538,637.5615385,615.0384615,615.3769231,634.5461538,629.7076923
563.6422073,618.6769231,598.2769231,586.0230769,601.1615385,604.8384615,608.5461538,603.9615385,619.5384615,607.3769231,614.0461538,622.2076923
563.8411786,599.3769231,586.4769231,595.7230769,582.6615385,612.4384615,602.6461538,604.6615385,588.7384615,600.4769231,600.6461538,606.3076923
564.0401362,616.6769231,563.3769231,562.7230769,586.2615385,587.5384615,592.2461538,598.0615385,568.5384615,593.7769231,594.6461538,600.9076923
564.2390802,583.6769231,554.1769231,556.0230769,571.6615385,570.0384615,578.9461538,584.2615385,578.5384615,579.9769231,582.7461538,581.4076923
564.4380105,577.9769231,553.4769231,560.3230769,565.8615385,565.2384615,562.9461538,568.7615385,568.1384615,568.4769231,586.3461538,565.9076923
564.6369271,578.6769231,550.1769231,540.3230769,536.2615385,540.8384615,551.2461538,567.9615385,548.9384615,555.9769231,556.6461538,552.3076923
564.83583,552.3769231,535.9769231,544.1230769,538.0615385,558.5384615,556.5461538,533.6615385,537.6384615,553.2769231,540.7461538,550.9076923
565.0347192,541.1769231,521.0769231,502.2230769,519.3615385,512.0384615,528.1461538,524.0615385,535.7384615,522.7769231,539.7461538,533.1076923
565.2335947,543.8769231,511.0769231,524.2230769,511.7615385,525.8384615,534.6461538,525.7615385,524.7384615,521.3769231,525.5461538,534.6076923
565.4324566,540.3769231,502.4769231,497.7230769,498.8615385,509.4384615,506.0461538,508.3615385,519.6384615,520.2769231,522.4461538,522.7076923
565.6313047,528.5769231,504.0769231,507.4230769,498.9615385,494.6384615,518.0461538,512.1615385,508.8384615,509.2769231,513.6461538,510.3076923
565.8301391,499.8769231,485.9769231,478.8230769,486.1615385,486.7384615,496.4461538,496.3615385,494.2384615,491.8769231,515.6461538,501.0076923
566.0289599,500.5769231,478.8769231,480.5230769,466.8615385,505.2384615,485.3461538,499.3615385,496.8384615,512.5769231,503.5461538,489.3076923
566.2277669,499.9769231,461.3769231,473.7230769,481.4615385,478.0384615,483.2461538,483.3615385,475.6384615,479.4769231,495.8461538,482.8076923
566.4265602,488.4769231,474.1769231,467.1230769,478.8615385,474.1384615,484.1461538,486.2615385,479.6384615,489.6769231,489.2461538,497.9076923
566.6253398,474.0769231,455.6769231,451.5230769,467.5615385,463.8384615,485.0461538,467.4615385,465.0384615,474.7769231,463.8461538,470.6076923
566.8241057,485.5769231,451.9769231,461.3230769,477.8615385,464.3384615,461.6461538,470.1615385,467.1384615,473.7769231,474.7461538,478.1076923
567.0228579,476.0769231,449.8769231,453.3230769,471.3615385,476.8384615,456.0461538,478.9615385,459.5384615,469.9769231,467.8461538,472.0076923
567.2215964,475.5769231,436.3769231,450.5230769,470.6615385,455.9384615,463.0461538,460.9615385,451.0384615,464.3769231,462.4461538,454.8076923
567.4203212,469.2769231,438.8769231,452.9230769,452.1615385,446.8384615,460.4461538,458.9615385,462.3384615,467.2769231,464.0461538,464.0076923
567.6190322,469.2769231,447.1769231,458.8230769,456.5615385,455.3384615,461.1461538,463.1615385,453.6384615,449.2769231,467.7461538,454.4076923
567.8177295,451.2769231,442.1769231,427.6230769,456.3615385,448.0384615,441.4461538,452.2615385,437.1384615,456.3769231,453.3461538,469.5076923
568.0164131,458.6769231,436.3769231,427.9230769,440.4615385,455.8384615,448.7461538,444.3615385,448.0384615,459.6769231,452.9461538,457.6076923
568.215083,451.9769231,438.8769231,429.6230769,439.3615385,440.1384615,450.8461538,451.7615385,443.1384615,461.6769231,454.3461538,452.4076923
568.4137391,451.6769231,438.4769231,449.1230769,447.8615385,454.4384615,446.6461538,451.3615385,449.0384615,430.5769231,455.3461538,448.3076923
568.6123815,445.6769231,423.7769231,422.9230769,430.9615385,444.1384615,442.1461538,445.9615385,431.9384615,434.0769231,432.1461538,448.9076923
568.8110101,444.0769231,431.1769231,427.4230769,425.4615385,431.3384615,435.4461538,428.1615385,418.9384615,445.3769231,441.6461538,444.9076923
569.0096251,429.0769231,404.7769231,413.6230769,414.0615385,420.9384615,430.8461538,430.8615385,417.1384615,423.8769231,424.0461538,417.7076923
569.2082263,428.5769231,406.2769231,421.0230769,408.0615385,410.0384615,418.0461538,422.1615385,422.6384615,412.4769231,425.9461538,416.0076923
569.4068137,429.4769231,399.1769231,406.1230769,399.7615385,407.1384615,422.6461538,411.2615385,396.4384615,410.2769231,422.9461538,417.0076923
569.6053874,417.5769231,394.1769231,390.4230769,385.2615385,394.0384615,404.8461538,417.4615385,404.9384615,411.1769231,412.3461538,402.2076923
569.8039473,400.4769231,369.5769231,392.5230769,391.0615385,390.2384615,403.3461538,396.1615385,390.7384615,405.3769231,395.6461538,388.8076923
570.0024935,398.0769231,380.8769231,376.0230769,380.4615385,391.2384615,388.9461538,382.9615385,385.3384615,383.0769231,394.1461538,376.6076923
570.201026,376.3769231,376.0769231,359.8230769,369.1615385,374.5384615,376.5461538,370.0615385,379.5384615,386.3769231,372.7461538,380.5076923
570.3995447,386.7769231,357.5769231,362.1230769,371.4615385,372.8384615,365.1461538,376.0615385,368.0384615,383.5769231,373.0461538,370.8076923
570.5980496,364.8769231,341.1769231,352.0230769,355.5615385,359.0384615,367.8461538,360.9615385,369.5384615,361.1769231,357.7461538,357.2076923
570.7965408,364.1769231,343.0769231,341.3230769,338.8615385,359.3384615,341.3461538,372.5615385,362.0384615,367.3769231,370.0461538,349.1076923
570.9950182,357.5769231,337.6769231,330.3230769,342.2615385,355.5384615,348.4461538,346.8615385,332.0384615,357.7769231,354.1461538,350.3076923
571.1934818,346.4769231,318.2769231,344.8230769,328.9615385,337.5384615,345.7461538,344.1615385,333.2384615,344.1769231,352.0461538,347.4076923
571.3919317,340.8769231,328.5769231,322.2230769,331.4615385,332.9384615,345.6461538,352.7615385,332.2384615,345.2769231,336.4461538,329.5076923
571.5903678,354.7769231,318.4769231,327.7230769,339.6615385,331.8384615,341.1461538,343.7615385,341.1384615,326.9769231,347.8461538,343.3076923
571.7887902,341.2769231,326.4769231,322.4230769,328.8615385,332.9384615,317.8461538,334.4615385,332.1384615,332.7769231,333.6461538,339.9076923
571.9871988,337.4769231,330.5769231,320.7230769,336.9615385,333.3384615,334.4461538,330.4615385,324.2384615,334.6769231,341.0461538,337.7076923
572.1855935,324.5769231,326.5769231,315.1230769,321.4615385,329.2384615,318.2461538,326.8615385,304.0384615,326.9769231,330.8461538,330.4076923
572.3839746,329.6769231,317.8769231,322.1230769,327.8615385,327.1384615,321.9461538,317.4615385,325.9384615,329.4769231,318.3461538,331.0076923
572.5823418,332.2769231,310.2769231,304.7230769,311.3615385,324.3384615,318.1461538,325.9615385,334.0384615,323.6769231,326.4461538,321.1076923
572.7806952,333.7769231,316.6769231,318.4230769,321.8615385,321.2384615,332.7461538,320.6615385,330.2384615,325.7769231,335.7461538,318.2076923
572.9790349,319.0769231,297.0769231,307.1230769,308.9615385,313.7384615,337.4461538,311.1615385,323.4384615,315.4769231,318.5461538,314.6076923
573.1773608,340.8769231,313.9769231,317.4230769,332.2615385,310.8384615,322.8461538,319.7615385,320.9384615,325.1769231,324.8461538,323.7076923
573.3756729,325.3769231,309.5769231,316.6230769,319.2615385,316.3384615,319.2461538,327.6615385,325.4384615,324.4769231,325.2461538,328.5076923
573.5739711,334.4769231,310.6769231,319.4230769,332.1615385,314.9384615,324.1461538,314.0615385,318.7384615,344.0769231,320.7461538,322.4076923
573.7722556,338.6769231,321.7769231,318.1230769,327.3615385,324.8384615,336.6461538,337.9615385,320.6384615,337.2769231,326.9461538,316.8076923
573.9705263,341.1769231,327.2769231,329.0230769,327.3615385,326.6384615,338.1461538,333.7615385,335.2384615,338.1769231,340.8461538,337.3076923
574.1687832,335.7769231,323.8769231,332.9230769,331.6615385,330.4384615,322.4461538,331.3615385,332.2384615,338.0769231,338.3461538,329.8076923
574.3670263,356.2769231,343.0769231,347.8230769,349.8615385,347.1384615,351.2461538,360.1615385,349.0384615,346.5769231,354.2461538,361.3076923
574.5652556,372.2769231,345.8769231,347.9230769,345.2615385,359.8384615,350.6461538,357.8615385,355.2384615,356.9769231,361.7461538,354.5076923
574.7634711,375.7769231,368.1769231,365.7230769,365.1615385,361.7384615,372.7461538,382.6615385,371.5384615,376.7769231,368.1461538,379.1076923
574.9616727,395.7769231,391.9769231,398.8230769,380.9615385,393.5384615,404.3461538,389.0615385,392.2384615,402.4769231,403.0461538,386.8076923
575.1598606,454.8769231,432.7769231,422.8230769,443.4615385,434.8384615,457.1461538,449.6615385,442.0384615,456.2769231,462.2461538,460.8076923
575.3580346,554.6769231,521.1769231,533.8230769,545.2615385,540.8384615,559.0461538,541.9615385,552.6384615,555.1769231,552.3461538,558.5076923
575.5561949,728.1769231,718.4769231,716.7230769,717.1615385,738.8384615,720.7461538,734.8615385,728.7384615,738.7769231,753.6461538,728.4076923
575.7543413,1082.876923,1027.076923,1043.623077,1034.661538,1049.438462,1060.646154,1068.761538,1041.738462,1070.876923,1075.246154,1079.407692
575.9524738,1512.376923,1441.276923,1454.823077,1462.161538,1457.438462,1460.846154,1500.061538,1484.838462,1484.676923,1524.946154,1518.807692
576.1505926,2049.476923,1919.876923,1943.723077,1932.261538,1971.138462,1965.546154,1974.161538,1987.738462,1991.576923,2020.546154,1994.307692
576.3486975,2424.776923,2311.176923,2313.523077,2341.361538,2356.038462,2352.846154,2377.261538,2378.138462,2401.376923,2407.646154,2423.607692
576.5467886,2827.376923,2644.576923,2657.023077,2702.061538,2684.738462,2751.146154,2722.261538,2762.138462,2785.476923,2764.746154,2821.307692
576.7448659,3063.376923,2887.276923,2890.423077,2906.761538,2913.338462,2950.546154,2972.261538,2971.338462,2994.776923,3011.246154,3051.807692
576.9429293,3115.676923,2934.576923,2938.523077,2939.961538,2987.338462,2993.846154,3012.661538,3022.438462,3062.676923,3056.246154,3064.107692
577.1409789,2995.076923,2814.176923,2854.323077,2857.761538,2859.238462,2910.646154,2911.161538,2934.938462,2951.176923,2955.446154,2990.307692
577.3390147,2868.476923,2685.076923,2677.523077,2719.061538,2763.138462,2742.246154,2772.061538,2797.938462,2800.676923,2838.146154,2823.207692
577.5370366,2727.276923,2575.576923,2599.823077,2592.961538,2634.438462,2660.146154,2685.561538,2701.838462,2719.576923,2741.946154,2753.907692
577.7350447,2741.076923,2581.976923,2597.523077,2618.961538,2656.638462,2648.646154,2656.461538,2671.538462,2695.976923,2691.446154,2719.307692
577.9330389,2879.476923,2706.676923,2705.723077,2710.161538,2766.538462,2803.446154,2801.861538,2802.538462,2834.376923,2822.546154,2849.607692
578.1310193,3127.376923,2938.876923,2959.023077,2985.861538,2977.438462,3037.946154,3045.161538,3076.638462,3068.276923,3082.046154,3091.007692
578.3289858,3402.576923,3180.176923,3168.323077,3235.061538,3237.638462,3234.346154,3282.661538,3290.338462,3314.876923,3346.346154,3350.807692
578.5269384,3577.376923,3378.376923,3363.023077,3403.761538,3431.738462,3454.846154,3454.061538,3487.038462,3537.876923,3540.646154,3555.107692
578.7248773,3758.676923,3531.676923,3550.723077,3581.461538,3612.838462,3627.146154,3672.861538,3659.638462,3688.276923,3746.046154,3723.307692
578.9228022,3842.176923,3631.176923,3628.923077,3656.961538,3683.238462,3718.446154,3746.061538,3752.738462,3773.076923,3765.446154,3817.207692
579.1207133,3794.276923,3538.776923,3596.423077,3588.561538,3625.638462,3682.146154,3656.261538,3705.538462,3722.576923,3741.446154,3772.607692
579.3186105,3693.476923,3468.776923,3465.123077,3537.261538,3533.138462,3566.546154,3577.561538,3588.338462,3636.176923,3645.946154,3675.507692
579.5164939,3598.176923,3410.876923,3434.623077,3474.461538,3498.838462,3525.446154,3518.261538,3539.738462,3564.176923,3588.046154,3602.507692
579.7143634,3552.076923,3342.976923,3369.023077,3389.961538,3401.038462,3435.646154,3452.961538,3469.338462,3479.876923,3517.046154,3540.907692
579.912219,3486.376923,3310.976923,3336.323077,3331.461538,3357.338462,3380.346154,3396.861538,3395.638462,3458.076923,3425.946154,3454.607692
580.1100608,3409.976923,3229.776923,3231.023077,3242.861538,3277.838462,3304.946154,3324.261538,3325.438462,3351.876923,3370.146154,3376.107692
580.3078887,3336.176923,3150.576923,3174.023077,3198.961538,3221.238462,3223.446154,3262.361538,3267.238462,3310.776923,3302.046154,3326.707692
580.5057026,3243.176923,3082.676923,3056.423077,3080.361538,3105.838462,3143.146154,3158.061538,3155.438462,3188.176923,3178.046154,3204.607692
580.7035028,3122.476923,2935.876923,2979.223077,2984.961538,3005.638462,3021.346154,3031.561538,3052.238462,3068.876923,3067.846154,3087.207692
580.901289,3086.076923,2917.876923,2946.923077,2959.261538,2985.738462,3015.346154,3023.361538,3036.438462,3077.176923,3077.646154,3061.907692
581.0990614,3104.476923,2955.076923,2972.523077,2982.561538,2999.738462,3012.146154,3021.261538,3046.638462,3078.576923,3064.246154,3085.107692
581.2968198,3124.076923,2951.276923,2972.623077,3002.161538,3003.838462,3036.646154,3050.461538,3051.138462,3091.076923,3086.546154,3109.807692
581.4945644,3179.576923,3016.976923,3042.823077,3047.761538,3088.338462,3103.846154,3115.761538,3122.838462,3147.076923,3138.046154,3160.807692
581.6922951,3326.176923,3156.476923,3137.623077,3168.261538,3217.038462,3211.746154,3218.761538,3252.038462,3259.576923,3268.446154,3300.007692
581.8900119,3414.276923,3228.576923,3234.723077,3272.761538,3319.538462,3306.946154,3318.961538,3353.638462,3379.976923,3388.946154,3380.207692
582.0877147,3590.676923,3449.576923,3412.123077,3458.161538,3488.738462,3516.146154,3513.261538,3511.838462,3563.676923,3567.846154,3578.807692
582.2854037,3747.576923,3553.276923,3546.423077,3600.461538,3604.638462,3638.146154,3659.461538,3664.438462,3689.276923,3699.446154,3734.007692
582.4830788,3930.176923,3726.576923,3747.723077,3779.361538,3793.938462,3825.746154,3826.761538,3854.838462,3902.576923,3891.546154,3908.507692
582.68074,4069.676923,3880.576923,3851.023077,3914.961538,3931.638462,3958.946154,3969.761538,4002.838462,4038.776923,4033.846154,4075.307692
582.8783873,4204.476923,3999.776923,3989.623077,4040.361538,4039.638462,4065.246154,4091.461538,4124.138462,4163.576923,4186.746154,4196.807692
583.0760206,4343.876923,4121.876923,4127.423077,4175.261538,4212.738462,4229.446154,4235.961538,4248.538462,4286.276923,4279.746154,4321.807692
583.2736401,4482.576923,4253.576923,4279.823077,4327.261538,4331.038462,4357.046154,4381.961538,4391.938462,4449.876923,4477.246154,4464.907692
583.4712456,4502.876923,4265.576923,4281.223077,4354.161538,4337.438462,4399.946154,4384.061538,4427.038462,4465.876923,4443.046154,4502.507692
583.6688372,4579.576923,4334.876923,4392.123077,4401.261538,4426.138462,4469.846154,4501.861538,4485.038462,4532.576923,4550.746154,4543.707692
583.866415,4612.576923,4351.576923,4408.423077,4408.561538,4460.138462,4476.846154,4479.461538,4485.938462,4558.676923,4542.746154,4570.907692
584.0639787,4633.776923,4402.576923,4433.823077,4452.561538,4477.438462,4496.346154,4518.061538,4516.938462,4588.876923,4604.146154,4640.007692
584.2615286,4587.176923,4360.176923,4351.823077,4406.361538,4451.038462,4444.446154,4453.861538,4509.638462,4538.576923,4539.446154,4579.407692
584.4590645,4603.576923,4374.976923,4377.123077,4388.461538,4424.238462,4474.746154,4480.161538,4506.338462,4540.676923,4545.746154,4560.907692
584.6565865,4528.876923,4296.376923,4301.923077,4364.061538,4368.538462,4405.746154,4406.861538,4429.238462,4449.076923,4468.646154,4486.607692
584.8540946,4502.876923,4251.376923,4279.523077,4305.561538,4317.538462,4364.846154,4380.461538,4413.138462,4427.476923,4457.446154,4461.407692
585.0515887,4356.876923,4127.076923,4162.423077,4199.861538,4192.238462,4228.246154,4235.361538,4238.038462,4317.276923,4315.746154,4307.807692
585.2490689,4332.076923,4111.376923,4116.523077,4158.961538,4178.138462,4219.846154,4229.261538,4231.238462,4272.976923,4311.046154,4308.307692
585.4465352,4243.376923,4055.276923,4053.223077,4080.161538,4095.538462,4132.546154,4158.461538,4163.838462,4224.876923,4229.346154,4220.907692
585.6439875,4206.176923,3975.176923,3980.823077,4015.861538,4013.938462,4074.846154,4083.161538,4108.738462,4142.676923,4139.646154,4165.607692
585.8414259,4262.276923,3996.176923,4013.423077,4090.261538,4100.238462,4123.946154,4116.961538,4146.138462,4188.276923,4176.546154,4190.307692
586.0388503,4376.976923,4138.376923,4137.723077,4159.861538,4194.838462,4199.346154,4247.361538,4280.438462,4308.776923,4342.746154,4323.907692
586.2362608,4490.876923,4250.776923,4269.523077,4303.461538,4330.038462,4362.746154,4385.261538,4366.738462,4436.976923,4439.146154,4433.207692
586.4336574,4725.776923,4458.676923,4491.323077,4534.361538,4542.538462,4611.346154,4628.961538,4639.838462,4683.476923,4693.746154,4705.307692
586.6310399,4958.476923,4744.476923,4755.223077,4790.061538,4827.338462,4854.946154,4862.261538,4905.838462,4939.776923,4948.746154,4949.507692
586.8284086,5223.076923,4964.176923,4970.923077,4997.461538,5029.038462,5112.546154,5116.061538,5120.338462,5161.876923,5199.946154,5203.207692
587.0257632,5382.076923,5068.976923,5108.823077,5121.461538,5177.938462,5191.346154,5233.761538,5241.938462,5302.876923,5295.646154,5319.507692
587.2231039,5390.876923,5090.976923,5125.023077,5168.561538,5170.538462,5247.246154,5222.561538,5269.338462,5331.076923,5301.546154,5358.207692
587.4204307,5259.576923,4992.676923,5009.923077,5060.761538,5085.338462,5113.146154,5120.361538,5127.438462,5220.676923,5220.546154,5222.207692
587.6177435,5069.776923,4808.976923,4871.223077,4884.461538,4929.238462,4951.046154,4981.261538,4946.438462,4976.176923,5026.646154,5049.607692
587.8150423,4765.976923,4584.276923,4564.023077,4590.961538,4623.138462,4662.646154,4686.261538,4689.538462,4744.376923,4728.446154,4767.007692
588.0123271,4521.276923,4323.576923,4327.023077,4343.061538,4378.838462,4422.746154,4428.661538,4438.638462,4501.876923,4481.746154,4521.107692
588.209598,4277.776923,4070.276923,4091.023077,4095.061538,4126.538462,4154.946154,4167.961538,4209.138462,4240.776923,4217.946154,4246.407692
588.4068549,4077.776923,3870.876923,3865.823077,3906.061538,3943.438462,3969.246154,3958.561538,3973.638462,4040.076923,4033.946154,4025.607692
588.6040978,3809.676923,3610.976923,3631.823077,3665.861538,3674.038462,3714.246154,3710.961538,3743.038462,3773.276923,3782.446154,3768.407692
588.8013268,3588.976923,3383.376923,3406.523077,3425.961538,3460.838462,3479.646154,3509.461538,3497.038462,3540.176923,3532.446154,3561.007692
588.9985417,3410.776923,3198.776923,3217.223077,3272.461538,3267.738462,3307.446154,3317.861538,3310.038462,3374.576923,3374.446154,3404.207692
589.1957427,3203.776923,3086.076923,3063.523077,3104.361538,3109.538462,3134.646154,3132.961538,3181.438462,3179.576923,3190.946154,3226.007692
589.3929297,3093.676923,2955.076923,2927.823077,2955.861538,2979.938462,2998.646154,3023.061538,3008.838462,3053.376923,3063.746154,3053.807692
589.5901027,2938.276923,2773.176923,2788.023077,2819.461538,2837.638462,2852.646154,2887.161538,2886.138462,2909.976923,2911.646154,2901.507692
589.7872617,2839.276923,2699.976923,2694.123077,2717.961538,2742.738462,2785.846154,2777.261538,2773.038462,2816.476923,2824.346154,2817.207692
589.9844067,2740.876923,2636.376923,2625.423077,2630.161538,2636.138462,2674.146154,2716.861538,2687.938462,2713.276923,2744.646154,2729.307692
590.1815377,2703.176923,2555.576923,2552.923077,2585.561538,2590.038462,2621.346154,2610.761538,2657.338462,2655.876923,2652.046154,2674.007692
590.3786547,2681.376923,2537.976923,2530.523077,2557.561538,2569.438462,2611.246154,2615.561538,2604.938462,2637.976923,2634.346154,2647.307692
590.5757577,2633.776923,2498.276923,2500.023077,2517.461538,2556.038462,2568.646154,2571.061538,2579.238462,2620.276923,2626.546154,2616.207692
590.7728467,2620.476923,2487.376923,2483.323077,2519.761538,2560.738462,2578.746154,2566.361538,2572.938462,2602.376923,2611.246154,2630.907692
590.9699218,2637.876923,2485.476923,2516.123077,2542.161538,2570.938462,2567.746154,2570.161538,2562.238462,2629.676923,2620.546154,2628.207692
591.1669827,2722.176923,2547.476923,2565.323077,2574.161538,2599.238462,2644.546154,2612.561538,2633.938462,2681.976923,2687.046154,2687.707692
591.3640297,2724.376923,2605.376923,2624.323077,2630.161538,2641.138462,2663.646154,2673.461538,2657.838462,2717.076923,2708.746154,2719.107692
591.5610627,2869.276923,2718.976923,2721.223077,2752.661538,2764.738462,2781.046154,2793.861538,2787.738462,2828.376923,2848.146154,2851.207692
591.7580817,3004.876923,2841.076923,2853.823077,2879.361538,2902.238462,2896.646154,2921.161538,2932.438462,2956.476923,2957.946154,2983.607692
591.9550866,3195.176923,3016.376923,3034.023077,3059.861538,3078.138462,3091.146154,3113.261538,3119.538462,3160.976923,3158.446154,3197.507692
592.1520775,3434.876923,3253.576923,3246.023077,3288.661538,3313.238462,3355.546154,3346.161538,3356.238462,3401.676923,3398.146154,3429.807692
592.3490544,3605.776923,3442.576923,3462.923077,3506.861538,3481.938462,3530.746154,3540.761538,3543.638462,3585.676923,3613.946154,3610.207692
592.5460173,3835.376923,3646.776923,3633.423077,3695.961538,3719.938462,3739.446154,3723.461538,3740.938462,3798.776923,3784.446154,3823.507692
592.7429661,3954.376923,3782.376923,3769.323077,3819.661538,3814.338462,3837.146154,3886.961538,3889.738462,3935.576923,3932.246154,3939.807692
592.9399009,3992.076923,3795.676923,3817.923077,3853.561538,3822.238462,3899.946154,3876.861538,3931.838462,3956.376923,3958.346154,3968.807692
593.1368217,4012.676923,3847.476923,3821.723077,3872.361538,3862.838462,3885.946154,3916.261538,3928.338462,3937.276923,3973.746154,4001.907692
593.3337285,3966.976923,3734.776923,3771.423077,3784.061538,3790.838462,3842.746154,3842.861538,3848.138462,3881.076923,3890.046154,3909.907692
593.5306212,3738.576923,3554.876923,3581.523077,3610.561538,3602.538462,3640.746154,3660.861538,3640.738462,3728.276923,3700.246154,3713.307692
593.7274998,3571.976923,3425.476923,3418.923077,3423.561538,3466.438462,3514.446154,3511.061538,3530.638462,3571.176923,3559.846154,3571.207692
593.9243645,3391.876923,3229.476923,3243.423077,3274.761538,3289.938462,3289.946154,3324.161538,3321.838462,3346.176923,3354.846154,3368.507692
594.121215,3183.076923,3010.276923,3050.823077,3039.761538,3036.038462,3089.146154,3090.061538,3094.938462,3147.376923,3125.646154,3163.307692
594.3180516,3010.476923,2855.576923,2845.523077,2874.861538,2917.338462,2917.946154,2930.161538,2946.738462,2956.876923,3004.846154,2982.007692
594.514874,2793.376923,2633.376923,2637.523077,2686.361538,2663.938462,2694.346154,2696.161538,2706.138462,2751.776923,2747.246154,2733.307692
594.7116825,2626.676923,2504.776923,2518.023077,2532.161538,2537.538462,2560.446154,2592.761538,2587.638462,2625.776923,2613.646154,2619.307692
594.9084769,2485.776923,2331.476923,2331.023077,2358.461538,2383.538462,2410.846154,2407.061538,2401.538462,2432.276923,2432.146154,2455.407692
595.1052572,2310.676923,2222.076923,2241.023077,2235.661538,2243.538462,2273.746154,2276.061538,2272.038462,2298.876923,2307.546154,2304.407692
595.3020234,2180.076923,2078.176923,2104.523077,2101.361538,2106.038462,2132.246154,2143.761538,2147.738462,2180.776923,2169.446154,2184.907692
595.4987756,2088.776923,1972.076923,2012.123077,2000.361538,2014.238462,2025.846154,2046.761538,2033.938462,2054.076923,2051.146154,2044.607692
595.6955138,1979.576923,1885.976923,1896.423077,1935.161538,1929.638462,1934.546154,1934.061538,1949.638462,1968.476923,1981.846154,1989.407692
595.8922378,1894.076923,1769.676923,1801.223077,1811.361538,1816.038462,1832.046154,1849.161538,1857.138462,1869.776923,1884.546154,1854.307692
596.0889478,1818.376923,1737.976923,1743.123077,1750.161538,1763.738462,1782.146154,1814.961538,1788.838462,1813.076923,1816.246154,1799.807692
596.2856437,1742.276923,1636.976923,1652.223077,1663.261538,1690.038462,1707.546154,1721.861538,1716.438462,1732.576923,1748.146154,1730.307692
596.4823256,1689.376923,1609.976923,1611.423077,1633.661538,1642.338462,1646.146154,1651.561538,1644.738462,1670.976923,1671.046154,1701.907692
596.6789934,1634.576923,1531.376923,1554.023077,1567.861538,1570.438462,1594.946154,1610.461538,1613.438462,1602.276923,1614.846154,1624.407692
596.8756471,1632.876923,1532.776923,1548.223077,1546.261538,1565.038462,1563.146154,1553.661538,1584.038462,1600.376923,1608.946154,1584.407692
597.0722867,1575.876923,1497.676923,1493.523077,1508.261538,1534.638462,1529.946154,1552.461538,1538.838462,1564.376923,1559.246154,1576.607692
597.2689122,1570.076923,1499.776923,1505.323077,1523.061538,1517.038462,1557.746154,1556.661538,1544.738462,1578.376923,1581.246154,1570.207692
597.4655237,1604.176923,1501.076923,1513.123077,1501.361538,1523.238462,1537.346154,1527.261538,1558.738462,1553.976923,1575.146154,1578.007692
597.662121,1623.376923,1542.076923,1542.323077,1568.461538,1573.738462,1582.346154,1580.461538,1577.938462,1613.176923,1623.346154,1617.807692
597.8587043,1699.076923,1596.476923,1605.223077,1623.361538,1638.338462,1642.346154,1648.261538,1656.538462,1661.376923,1666.146154,1684.507692
598.0552735,1803.676923,1679.676923,1694.823077,1699.661538,1726.238462,1717.446154,1743.361538,1747.738462,1754.276923,1789.446154,1755.607692
598.2518285,1879.676923,1779.976923,1796.623077,1804.761538,1810.138462,1831.146154,1842.661538,1842.138462,1843.076923,1880.646154,1882.507692
598.4483695,2010.276923,1907.776923,1921.923077,1910.161538,1919.838462,1950.246154,1955.361538,1966.238462,1979.776923,1978.446154,2008.407692
598.6448964,2131.376923,2023.776923,2019.723077,2027.961538,2056.338462,2064.246154,2087.161538,2088.338462,2099.176923,2121.446154,2134.107692
598.8414092,2246.476923,2125.676923,2118.523077,2137.561538,2168.938462,2189.146154,2179.061538,2201.238462,2211.476923,2205.746154,2229.607692
599.0379079,2360.976923,2236.976923,2236.623077,2245.361538,2270.038462,2284.646154,2294.261538,2274.338462,2339.676923,2323.146154,2341.907692
599.2343924,2432.276923,2310.776923,2337.223077,2345.161538,2363.138462,2379.146154,2385.861538,2394.538462,2402.076923,2416.246154,2418.507692
599.4308629,2458.776923,2313.676923,2345.023077,2333.561538,2372.338462,2391.446154,2404.661538,2398.838462,2420.476923,2415.846154,2419.807692
599.6273192,2475.776923,2360.176923,2360.423077,2367.361538,2372.238462,2398.946154,2418.161538,2402.838462,2450.076923,2442.446154,2455.207692
599.8237614,2446.176923,2320.876923,2334.423077,2348.761538,2357.238462,2388.446154,2393.261538,2392.938462,2398.076923,2404.746154,2434.607692
600.0201896,2359.676923,2270.876923,2260.623077,2297.961538,2279.638462,2310.346154,2328.261538,2316.538462,2349.076923,2355.346154,2364.107692
600.2166035,2305.076923,2183.476923,2208.823077,2226.461538,2217.338462,2236.546154,2237.461538,2258.938462,2272.576923,2283.246154,2279.207692
600.4130034,2192.876923,2094.176923,2091.723077,2111.361538,2117.838462,2137.346154,2154.961538,2143.038462,2183.876923,2197.646154,2192.207692
600.6093892,2071.376923,1960.876923,2015.323077,2020.061538,2019.938462,2035.546154,2024.761538,2064.738462,2084.476923,2067.146154,2087.707692
600.8057608,1970.476923,1894.876923,1888.923077,1919.261538,1919.038462,1932.446154,1925.661538,1955.538462,1954.176923,1955.846154,1977.007692
601.0021183,1867.976923,1772.176923,1800.723077,1791.061538,1813.738462,1828.746154,1843.061538,1834.538462,1853.976923,1864.146154,1873.307692
601.1984616,1760.376923,1693.776923,1658.123077,1725.761538,1717.138462,1716.646154,1744.861538,1733.738462,1737.376923,1753.246154,1748.907692
601.3947908,1634.776923,1560.976923,1590.223077,1597.361538,1601.538462,1610.946154,1607.161538,1607.938462,1638.876923,1631.846154,1659.607692
601.5911059,1555.976923,1489.776923,1493.723077,1501.161538,1506.038462,1531.446154,1532.261538,1516.138462,1549.176923,1530.046154,1550.707692
601.7874069,1456.076923,1380.376923,1392.223077,1392.361538,1421.238462,1418.646154,1441.061538,1447.238462,1443.376923,1448.846154,1456.807692
601.9836937,1375.576923,1288.676923,1301.823077,1325.661538,1332.938462,1355.346154,1339.361538,1357.438462,1342.876923,1384.946154,1362.107692
602.1799663,1303.176923,1259.676923,1235.723077,1253.461538,1253.438462,1271.546154,1288.561538,1278.538462,1294.476923,1300.646154,1289.107692
602.3762248,1229.876923,1164.976923,1180.823077,1164.461538,1178.138462,1208.646154,1206.361538,1194.838462,1217.776923,1223.646154,1236.307692
602.5724692,1147.576923,1094.176923,1120.223077,1129.161538,1123.038462,1133.146154,1136.061538,1145.538462,1156.776923,1169.846154,1156.207692
602.7686994,1137.276923,1084.476923,1072.023077,1080.161538,1099.638462,1092.646154,1097.461538,1082.438462,1106.376923,1129.546154,1116.407692
602.9649155,1081.676923,1009.376923,1020.323077,1045.661538,1039.238462,1054.046154,1058.261538,1060.238462,1070.876923,1072.246154,1058.107692
603.1611174,1071.476923,1002.876923,1006.723077,1013.161538,1024.338462,1024.346154,1031.161538,1020.738462,1035.076923,1048.846154,1050.407692
603.3573051,1019.276923,960.0769231,965.9230769,993.3615385,1005.838462,1000.246154,1012.661538,996.0384615,1015.176923,1029.446154,1022.307692
603.5534787,1014.976923,987.1769231,971.1230769,974.1615385,980.9384615,1014.046154,1010.461538,1001.238462,998.6769231,1004.746154,1028.907692
603.7496381,1018.476923,968.0769231,967.6230769,974.7615385,977.7384615,992.6461538,987.7615385,1004.538462,1009.076923,1004.246154,1005.507692
603.9457834,1024.176923,961.4769231,950.6230769,969.1615385,976.4384615,993.8461538,981.4615385,988.7384615,998.1769231,1008.746154,1014.307692
604.1419145,1036.576923,961.1769231,964.3230769,977.0615385,972.3384615,987.6461538,997.5615385,999.0384615,997.3769231,1010.446154,1008.907692
604.3380314,1012.076923,965.0769231,952.4230769,970.0615385,978.2384615,987.1461538,992.8615385,1002.938462,1012.676923,1017.646154,1028.007692
604.5341341,1031.976923,968.5769231,965.8230769,970.6615385,995.1384615,997.3461538,1011.261538,1007.338462,1012.376923,1013.446154,1027.007692
604.7302227,1041.476923,970.9769231,967.7230769,995.2615385,1007.238462,1009.946154,1004.561538,1000.638462,1021.476923,1023.746154,1002.507692
604.9262971,1043.876923,975.0769231,984.5230769,1012.661538,1005.538462,1002.946154,1010.861538,1013.738462,1027.576923,1036.146154,1046.807692
605.1223573,1071.676923,1019.976923,1000.723077,1028.561538,1029.038462,1054.646154,1053.161538,1047.438462,1054.476923,1053.946154,1070.607692
605.3184033,1111.076923,1015.976923,1028.023077,1048.461538,1053.738462,1053.446154,1057.161538,1069.638462,1066.176923,1076.946154,1084.207692
605.5144352,1119.376923,1043.676923,1062.723077,1059.461538,1058.438462,1088.746154,1076.761538,1081.338462,1094.976923,1105.746154,1100.407692
605.7104528,1129.576923,1069.076923,1090.823077,1093.761538,1103.138462,1109.446154,1115.061538,1126.438462,1127.076923,1139.646154,1130.407692
605.9064563,1187.176923,1140.276923,1123.523077,1153.661538,1141.738462,1157.446154,1176.161538,1163.638462,1191.776923,1183.346154,1175.707692
606.1024455,1216.376923,1163.476923,1158.323077,1164.861538,1190.338462,1191.146154,1206.761538,1202.638462,1200.076923,1220.746154,1209.007692
606.2984206,1316.276923,1219.076923,1220.923077,1240.061538,1240.638462,1246.746154,1249.761538,1265.338462,1280.476923,1279.946154,1281.207692
606.4943815,1340.876923,1261.876923,1264.223077,1277.561538,1284.138462,1289.946154,1317.461538,1301.438462,1326.576923,1324.446154,1335.507692
606.6903282,1415.376923,1345.676923,1324.523077,1356.361538,1384.438462,1375.446154,1388.061538,1378.038462,1380.076923,1382.346154,1420.407692
606.8862607,1472.876923,1395.076923,1413.123077,1404.961538,1394.338462,1433.646154,1444.361538,1434.438462,1450.876923,1461.846154,1435.507692
607.0821789,1549.976923,1438.776923,1468.023077,1465.161538,1475.938462,1507.346154,1494.061538,1478.038462,1547.276923,1518.546154,1530.307692
607.278083,1648.776923,1539.276923,1546.723077,1585.661538,1590.238462,1602.946154,1566.161538,1600.238462,1636.976923,1622.146154,1639.507692
607.4739729,1747.176923,1627.076923,1635.023077,1639.561538,1652.638462,1681.246154,1679.961538,1693.038462,1706.176923,1728.946154,1719.307692
607.6698485,1873.776923,1762.276923,1749.823077,1774.661538,1802.638462,1810.246154,1826.161538,1808.938462,1854.376923,1867.946154,1845.707692
607.8657099,1998.976923,1880.976923,1865.523077,1886.061538,1901.838462,1918.346154,1933.561538,1946.838462,1986.276923,1979.046154,1991.307692
608.0615571,2181.176923,2066.376923,2069.723077,2100.361538,2133.938462,2113.646154,2147.961538,2139.338462,2162.976923,2174.146154,2199.907692
608.2573901,2412.876923,2257.176923,2261.023077,2302.961538,2301.638462,2318.246154,2331.861538,2338.538462,2369.476923,2381.546154,2372.307692
608.4532089,2647.076923,2508.676923,2495.823077,2535.861538,2555.338462,2572.446154,2573.561538,2583.038462,2623.776923,2656.846154,2637.307692
608.6490135,3002.076923,2795.076923,2802.723077,2852.961538,2853.338462,2905.146154,2896.461538,2922.838462,2966.076923,2958.446154,2993.007692
608.8448038,3396.776923,3174.776923,3186.023077,3232.261538,3238.838462,3238.046154,3276.061538,3294.738462,3368.176923,3351.346154,3375.907692
609.0405799,3938.976923,3635.776923,3663.923077,3694.861538,3741.238462,3741.946154,3793.861538,3816.938462,3887.076923,3866.646154,3910.207692
609.2363418,4626.376923,4306.676923,4344.523077,4393.761538,4417.438462,4465.946154,4480.061538,4506.838462,4548.376923,4572.346154,4599.307692
609.4320894,5593.976923,5232.976923,5256.423077,5288.561538,5362.638462,5391.746154,5411.961538,5428.138462,5534.576923,5474.446154,5503.007692
609.6278228,6979.576923,6516.976923,6540.423077,6626.461538,6637.738462,6726.846154,6722.861538,6743.338462,6845.276923,6882.246154,6923.407692
609.8235419,8936.276923,8446.076923,8528.623077,8588.961538,8601.638462,8692.346154,8717.161538,8719.038462,8895.176923,8872.746154,8903.707692
610.0192469,11704.77692,11051.37692,11160.82308,11196.16154,11293.93846,11345.64615,11383.46154,11443.43846,11579.57692,11630.94615,11682.00769
610.2149375,15243.37692,14515.67692,14532.32308,14606.06154,14762.83846,14857.84615,14896.26154,14988.53846,15097.07692,15118.84615,15203.20769
610.410614,19395.77692,18434.97692,18525.02308,18628.86154,18761.03846,18858.74615,18990.56154,18988.83846,19162.67692,19189.34615,19313.40769
610.6062761,22961.77692,21937.07692,22040.12308,22138.46154,22308.63846,22400.44615,22472.96154,22596.73846,22780.87692,22856.74615,22905.80769
610.8019241,26428.27692,25275.07692,25295.52308,25565.56154,25636.63846,25835.14615,25875.86154,26026.43846,26187.87692,26151.54615,26230.20769
610.9975578,28623.97692,27469.77692,27498.42308,27659.76154,27762.73846,27981.54615,28005.86154,28154.63846,28325.67692,28405.24615,28531.90769
611.1931772,29866.67692,28636.07692,28682.52308,28964.66154,29077.93846,29223.54615,29255.76154,29326.53846,29589.07692,29652.54615,29662.60769
611.3887823,30025.17692,28846.37692,28820.62308,29022.16154,29140.63846,29341.64615,29405.96154,29509.93846,29735.37692,29718.54615,29868.50769
611.5843732,29436.37692,28126.67692,28145.92308,28397.36154,28497.63846,28652.04615,28770.36154,28877.33846,29100.57692,29128.74615,29276.70769
611.7799499,28285.67692,26977.17692,27037.82308,27217.36154,27412.93846,27562.14615,27631.66154,27749.23846,28024.47692,27958.94615,28165.90769
611.9755123,27089.77692,25828.07692,25934.52308,26082.66154,26227.93846,26326.94615,26468.36154,26643.73846,26789.77692,26782.64615,27008.30769
612.1710604,25483.87692,24396.17692,24536.12308,24685.46154,24775.93846,24963.94615,24968.86154,25108.73846,25375.97692,25365.44615,25478.80769
612.3665942,24166.77692,23018.47692,23087.32308,23229.46154,23358.13846,23571.44615,23629.56154,23748.93846,23927.37692,23941.74615,24076.30769
612.5621138,22710.87692,21688.47692,21691.42308,21865.56154,22022.43846,22122.54615,22172.16154,22319.63846,22486.17692,22531.74615,22591.80769
612.7576191,21250.47692,20267.77692,20316.02308,20489.96154,20527.03846,20676.04615,20757.96154,20841.83846,21073.07692,21007.64615,21130.80769
612.9531101,20088.07692,19166.77692,19166.92308,19356.26154,19459.33846,19554.14615,19677.66154,19693.13846,19904.57692,19891.64615,19998.30769
613.1485868,19171.27692,18260.67692,18358.02308,18436.46154,18534.93846,18656.44615,18752.86154,18870.23846,18990.47692,19039.74615,19115.30769
613.3440493,17879.37692,17012.97692,17071.32308,17260.16154,17230.93846,17383.14615,17422.96154,17555.83846,17673.47692,17654.04615,17773.80769
613.5394975,17136.47692,16297.37692,16389.22308,16497.66154,16577.13846,16748.14615,16725.36154,16838.03846,17006.77692,16986.04615,17061.40769
613.7349313,16001.47692,15254.17692,15338.92308,15442.06154,15529.23846,15596.04615,15703.86154,15725.83846,15910.47692,15909.74615,15924.40769
613.9303509,15179.67692,14509.57692,14519.82308,14639.06154,14713.63846,14757.04615,14827.46154,14909.63846,15040.07692,15037.54615,15108.30769
614.1257562,14314.37692,13604.07692,13628.12308,13780.06154,13778.23846,13902.94615,13923.26154,13990.43846,14170.57692,14156.74615,14252.40769
614.3211472,13560.57692,12934.97692,12979.62308,13024.86154,13111.23846,13190.74615,13247.76154,13291.03846,13462.17692,13476.14615,13535.10769
614.516524,12641.57692,12038.67692,12048.72308,12174.36154,12214.23846,12307.64615,12336.36154,12370.03846,12478.97692,12564.94615,12573.50769
614.7118864,11741.57692,11223.97692,11229.02308,11251.46154,11387.23846,11459.44615,11501.46154,11495.23846,11653.07692,11677.14615,11726.70769
614.9072345,10879.87692,10350.07692,10406.72308,10458.86154,10565.83846,10576.34615,10681.96154,10700.93846,10815.07692,10808.84615,10848.90769
615.1025683,10226.47692,9701.776923,9741.623077,9782.861538,9838.238462,9915.446154,9940.861538,9995.438462,10094.07692,10103.24615,10141.50769
615.2978878,9359.576923,8897.676923,8927.923077,8988.161538,9047.438462,9085.946154,9137.261538,9162.338462,9300.576923,9298.746154,9334.007692
615.493193,8767.476923,8325.376923,8312.123077,8412.761538,8452.938462,8532.446154,8567.061538,8582.438462,8643.276923,8707.946154,8715.307692
615.6884839,7965.576923,7516.476923,7589.823077,7695.661538,7703.938462,7771.046154,7766.361538,7827.238462,7897.676923,7867.946154,7961.607692
615.8837605,7495.076923,7145.176923,7129.823077,7208.561538,7263.338462,7338.946154,7317.661538,7346.438462,7435.176923,7401.846154,7492.907692
616.0790227,6835.476923,6445.076923,6470.723077,6552.061538,6571.438462,6610.646154,6669.461538,6716.138462,6747.376923,6790.546154,6794.807692
616.2742707,6434.676923,6092.876923,6106.923077,6141.261538,6178.938462,6227.446154,6198.561538,6281.738462,6339.276923,6360.446154,6374.207692
616.4695043,5907.576923,5591.576923,5623.223077,5661.261538,5694.538462,5745.546154,5762.461538,5785.038462,5833.676923,5834.046154,5870.707692
616.6647236,5516.976923,5211.976923,5230.723077,5258.061538,5299.738462,5325.346154,5346.561538,5369.438462,5431.776923,5454.946154,5500.807692
616.8599285,5115.976923,4811.576923,4850.123077,4899.161538,4903.838462,4978.846154,4979.661538,4972.538462,5051.376923,5071.246154,5079.807692
617.0551192,4770.876923,4532.276923,4494.523077,4557.361538,4591.338462,4639.946154,4621.361538,4655.638462,4695.276923,4754.346154,4754.707692
617.2502955,4461.276923,4205.076923,4242.123077,4256.161538,4294.638462,4329.746154,4343.761538,4348.838462,4399.076923,4432.146154,4446.407692
617.4454575,4254.776923,3987.876923,4014.423077,4058.561538,4066.538462,4069.446154,4111.261538,4113.538462,4188.876923,4202.746154,4220.907692
617.6406051,3922.676923,3717.176923,3723.123077,3746.461538,3757.438462,3814.546154,3831.561538,3837.338462,3874.976923,3886.646154,3908.307692
617.8357384,3785.676923,3577.776923,3582.723077,3631.661538,3628.738462,3690.746154,3681.261538,3706.838462,3751.276923,3741.846154,3726.707692
618.0308574,3551.876923,3351.876923,3347.723077,3403.861538,3412.538462,3436.146154,3445.161538,3472.638462,3501.376923,3507.746154,3541.007692
618.225962,3472.776923,3272.176923,3302.423077,3310.061538,3318.638462,3316.746154,3343.061538,3357.538462,3426.676923,3386.946154,3418.007692
618.4210523,3273.876923,3115.076923,3136.823077,3150.861538,3182.638462,3200.446154,3214.861538,3238.338462,3286.476923,3298.046154,3299.507692
618.6161282,3250.576923,3075.076923,3085.223077,3094.861538,3136.238462,3145.046154,3153.461538,3184.238462,3234.476923,3232.446154,3219.307692
618.8111898,3121.676923,2951.876923,2989.523077,2995.561538,3005.438462,3053.346154,3056.061538,3071.838462,3120.076923,3092.946154,3119.007692
619.006237,3120.876923,2951.076923,2976.523077,2987.661538,3026.338462,3043.146154,3072.661538,3077.838462,3108.176923,3108.246154,3109.807692
619.2012699,3075.276923,2887.776923,2908.323077,2934.361538,2972.438462,2991.646154,2990.361538,3009.638462,3039.776923,3057.246154,3040.307692
619.3962884,3100.176923,2920.376923,2951.723077,2961.561538,2999.538462,2991.246154,3003.561538,3037.338462,3064.176923,3085.046154,3069.507692
619.5912926,3104.676923,2915.476923,2933.823077,2945.761538,2980.938462,2994.446154,3016.061538,3021.738462,3051.076923,3050.646154,3081.107692
619.7862824,3172.576923,3002.176923,3001.023077,3035.661538,3075.238462,3067.746154,3091.261538,3111.038462,3148.876923,3129.946154,3164.507692
619.9812578,3165.376923,3008.776923,3007.823077,3016.861538,3082.738462,3092.746154,3136.561538,3091.638462,3167.176923,3145.546154,3169.907692
620.1762189,3281.976923,3105.976923,3103.523077,3123.761538,3146.838462,3187.546154,3216.461538,3221.138462,3249.476923,3273.346154,3256.007692
620.3711656,3279.876923,3120.176923,3113.423077,3138.961538,3190.338462,3206.646154,3198.161538,3218.938462,3243.276923,3269.546154,3266.607692
620.5660979,3355.476923,3183.376923,3222.723077,3260.561538,3271.138462,3291.946154,3297.161538,3276.238462,3338.876923,3348.146154,3341.107692
620.7610159,3378.276923,3195.676923,3240.623077,3250.561538,3260.538462,3290.246154,3293.561538,3328.338462,3356.776923,3373.146154,3371.607692
620.9559195,3427.876923,3247.276923,3264.723077,3278.761538,3308.238462,3368.146154,3357.461538,3366.638462,3413.076923,3405.846154,3435.107692
621.1508087,3404.576923,3226.276923,3258.023077,3256.661538,3286.038462,3309.946154,3315.261538,3350.938462,3380.976923,3357.946154,3373.007692
621.3456835,3460.676923,3265.776923,3277.523077,3324.661538,3332.238462,3326.346154,3360.561538,3369.838462,3419.176923,3430.746154,3443.107692
621.5405439,3418.676923,3222.476923,3262.023077,3260.661538,3292.938462,3308.946154,3334.461538,3324.938462,3375.676923,3391.446154,3407.607692
621.73539,3450.776923,3269.876923,3301.523077,3322.761538,3346.138462,3389.446154,3371.461538,3371.438462,3426.976923,3424.346154,3450.707692
621.9302216,3402.776923,3280.276923,3255.823077,3277.561538,3328.538462,3361.446154,3348.361538,3356.338462,3403.476923,3377.846154,3445.807692
622.1250389,3503.176923,3324.776923,3336.723077,3360.661538,3404.938462,3404.746154,3414.961538,3423.538462,3485.076923,3476.546154,3504.107692
622.3198418,3491.376923,3302.276923,3323.723077,3360.361538,3358.338462,3406.146154,3400.361538,3421.338462,3456.276923,3481.146154,3477.307692
622.5146303,3588.476923,3409.976923,3396.223077,3436.061538,3471.338462,3478.246154,3499.761538,3491.238462,3556.076923,3557.946154,3567.607692
622.7094043,3599.776923,3441.276923,3418.523077,3503.461538,3520.238462,3512.546154,3527.161538,3527.338462,3590.976923,3609.146154,3616.407692
622.904164,3687.076923,3472.976923,3514.823077,3541.961538,3551.038462,3588.546154,3582.561538,3604.638462,3654.576923,3656.546154,3665.207692
623.0989093,3702.576923,3535.276923,3549.523077,3591.961538,3608.338462,3597.546154,3617.261538,3639.638462,3687.376923,3679.246154,3709.707692
623.2936402,3791.076923,3561.476923,3612.023077,3639.861538,3638.138462,3698.246154,3693.361538,3697.838462,3737.076923,3757.246154,3756.607692
623.4883567,3774.876923,3596.076923,3605.523077,3630.061538,3657.438462,3692.546154,3685.761538,3701.138462,3749.676923,3728.846154,3792.307692
623.6830587,3831.476923,3640.176923,3660.623077,3652.461538,3715.138462,3732.846154,3724.861538,3767.538462,3808.376923,3794.546154,3812.807692
623.8777464,3803.376923,3612.176923,3628.323077,3684.361538,3692.738462,3740.846154,3730.661538,3760.438462,3756.576923,3771.746154,3775.807692
624.0724196,3870.076923,3690.076923,3693.823077,3723.361538,3747.538462,3786.346154,3767.361538,3768.938462,3821.976923,3793.746154,3859.907692
624.2670784,3889.676923,3708.776923,3696.123077,3737.761538,3757.138462,3800.746154,3809.361538,3791.438462,3877.576923,3865.246154,3872.507692
624.4617228,3899.876923,3696.576923,3723.923077,3748.161538,3771.138462,3764.246154,3792.061538,3807.738462,3835.376923,3856.746154,3875.907692
624.6563528,3912.976923,3710.276923,3713.023077,3717.761538,3768.138462,3788.246154,3794.561538,3813.838462,3841.176923,3835.746154,3843.107692
624.8509683,3922.776923,3761.676923,3759.023077,3798.361538,3820.938462,3854.746154,3857.161538,3851.138462,3879.876923,3901.446154,3924.107692
625.0455695,3930.676923,3730.676923,3733.723077,3764.661538,3778.338462,3844.846154,3843.661538,3858.338462,3905.276923,3896.546154,3889.107692
625.2401561,3958.676923,3745.376923,3746.923077,3769.961538,3800.938462,3825.746154,3845.961538,3891.538462,3884.076923,3898.246154,3903.707692
625.4347284,3948.776923,3728.476923,3753.023077,3778.261538,3803.238462,3813.146154,3821.661538,3858.338462,3901.476923,3896.246154,3915.707692
625.6292862,3927.576923,3741.076923,3728.923077,3774.261538,3781.138462,3843.146154,3839.461538,3853.238462,3873.576923,3865.246154,3916.107692
625.8238296,3912.676923,3717.076923,3752.223077,3745.961538,3795.538462,3798.946154,3826.061538,3821.438462,3875.076923,3868.646154,3906.107692
626.0183586,3900.576923,3694.576923,3692.023077,3725.261538,3786.138462,3775.846154,3786.261538,3833.738462,3854.476923,3829.246154,3851.807692
626.2128731,3798.876923,3623.076923,3588.123077,3648.961538,3659.838462,3693.946154,3741.061538,3718.938462,3761.676923,3762.946154,3769.007692
626.4073731,3786.376923,3599.276923,3650.023077,3670.161538,3671.038462,3716.546154,3697.061538,3739.238462,3769.876923,3762.046154,3781.007692
626.6018588,3698.276923,3536.676923,3539.723077,3561.661538,3581.938462,3631.846154,3646.161538,3639.438462,3680.076923,3644.246154,3662.507692
626.7963299,3686.376923,3520.376923,3525.923077,3554.661538,3567.738462,3581.446154,3610.361538,3628.738462,3661.876923,3644.446154,3677.907692
626.9907867,3636.376923,3406.676923,3432.423077,3472.761538,3504.938462,3536.046154,3521.661538,3537.538462,3601.276923,3573.446154,3575.907692
627.1852289,3516.876923,3337.376923,3359.723077,3386.761538,3408.938462,3434.446154,3427.761538,3454.538462,3482.076923,3482.046154,3500.907692
627.3796567,3432.676923,3259.376923,3263.423077,3290.961538,3323.038462,3352.246154,3346.761538,3384.038462,3401.376923,3400.746154,3415.607692
627.5740701,3339.176923,3181.976923,3216.323077,3208.761538,3255.638462,3264.046154,3272.361538,3291.138462,3339.776923,3304.946154,3342.007692
627.768469,3251.976923,3112.176923,3130.923077,3130.661538,3151.538462,3199.146154,3184.461538,3215.338462,3237.676923,3242.546154,3244.807692
627.9628534,3187.876923,3039.076923,3075.923077,3066.061538,3072.338462,3105.546154,3094.461538,3141.538462,3166.176923,3162.746154,3175.807692
628.1572234,3117.976923,2941.776923,2946.523077,3009.561538,2997.738462,3008.146154,3030.961538,3036.538462,3064.176923,3075.146154,3120.407692
628.3515789,3058.276923,2884.076923,2945.923077,2949.161538,2960.638462,2999.346154,2995.061538,2985.538462,3035.176923,3044.546154,3050.007692
628.5459199,2960.776923,2816.176923,2846.023077,2856.061538,2884.038462,2887.146154,2933.661538,2921.838462,2979.476923,2968.146154,2965.007692
628.7402464,2994.076923,2821.576923,2830.423077,2867.561538,2857.838462,2882.746154,2928.261538,2936.338462,2948.576923,2946.346154,2975.507692
628.9345585,2977.976923,2770.276923,2798.423077,2810.661538,2801.038462,2863.446154,2871.161538,2868.738462,2892.976923,2915.946154,2924.607692
629.1288561,2968.076923,2809.276923,2822.523077,2828.561538,2872.038462,2872.746154,2861.161538,2904.338462,2924.476923,2904.746154,2934.807692
629.3231392,2970.076923,2826.076923,2836.023077,2888.061538,2879.138462,2914.046154,2908.661538,2908.738462,2953.876923,2959.646154,2967.007692
629.5174079,3074.176923,2926.776923,2931.123077,2963.061538,2983.838462,2988.946154,3025.661538,3033.038462,3043.076923,3057.246154,3079.207692
629.711662,3270.576923,3109.076923,3103.923077,3140.361538,3164.038462,3181.646154,3184.161538,3207.338462,3233.976923,3234.846154,3240.407692
629.9059017,3491.076923,3334.676923,3308.823077,3353.861538,3391.638462,3417.046154,3407.361538,3443.138462,3490.576923,3486.446154,3487.307692
630.1001269,3733.476923,3550.376923,3559.123077,3583.061538,3612.838462,3627.446154,3645.761538,3648.038462,3695.776923,3705.446154,3705.607692
630.2943375,4051.176923,3846.076923,3849.523077,3878.361538,3899.038462,3929.046154,3985.561538,3974.138462,3977.076923,4019.946154,4044.507692
630.4885337,4296.876923,4076.776923,4095.423077,4135.361538,4145.838462,4187.346154,4182.661538,4202.938462,4253.276923,4230.746154,4292.707692
630.6827154,4505.976923,4272.976923,4290.623077,4313.761538,4312.438462,4365.446154,4376.261538,4393.438462,4442.876923,4412.746154,4439.907692
630.8768826,4503.276923,4274.076923,4302.123077,4344.661538,4366.038462,4392.246154,4391.261538,4411.038462,4456.976923,4467.346154,4476.007692
631.0710353,4449.576923,4247.876923,4262.823077,4281.761538,4288.238462,4346.546154,4346.961538,4312.838462,4402.776923,4374.446154,4399.107692
631.2651735,4308.676923,4120.876923,4090.823077,4161.261538,4190.938462,4211.446154,4233.161538,4252.338462,4278.376923,4290.246154,4306.507692
631.4592972,4059.576923,3859.476923,3866.523077,3904.661538,3922.738462,3946.946154,3981.461538,3981.638462,4014.876923,4007.646154,4028.807692
631.6534063,3745.476923,3588.376923,3627.623077,3642.561538,3641.138462,3667.946154,3691.961538,3693.038462,3700.676923,3727.046154,3757.807692
631.847501,3452.076923,3312.976923,3334.923077,3319.461538,3355.238462,3367.546154,3389.561538,3406.438462,3439.576923,3425.146154,3439.807692
632.0415811,3157.476923,3014.476923,3028.323077,3037.961538,3053.738462,3071.746154,3113.061538,3093.038462,3123.176923,3168.146154,3173.807692
632.2356468,2919.476923,2749.276923,2760.123077,2784.361538,2807.638462,2822.746154,2824.761538,2868.038462,2874.576923,2878.946154,2895.007692
632.4296979,2619.276923,2484.676923,2519.323077,2523.061538,2527.738462,2546.846154,2574.561538,2564.538462,2594.476923,2579.246154,2622.607692
632.6237345,2386.876923,2289.176923,2285.723077,2309.861538,2309.338462,2342.146154,2351.261538,2342.938462,2364.776923,2363.046154,2381.807692
632.8177565,2158.376923,2048.976923,2064.823077,2096.061538,2087.238462,2116.746154,2124.461538,2119.738462,2139.676923,2147.846154,2158.607692
633.0117641,1938.476923,1853.376923,1848.123077,1874.561538,1869.038462,1881.946154,1900.961538,1895.138462,1940.576923,1920.746154,1935.907692
633.2057571,1782.876923,1692.576923,1694.423077,1701.761538,1711.838462,1728.646154,1742.861538,1729.138462,1750.476923,1760.246154,1773.207692
633.3997355,1624.676923,1539.376923,1539.023077,1568.161538,1530.438462,1551.846154,1567.161538,1563.838462,1600.176923,1599.846154,1624.407692
633.5936995,1444.276923,1365.276923,1377.923077,1402.461538,1404.738462,1424.946154,1428.761538,1421.638462,1447.476923,1441.646154,1456.407692
633.7876489,1318.576923,1264.276923,1260.223077,1286.061538,1281.638462,1294.846154,1292.261538,1294.438462,1304.876923,1301.146154,1312.707692
633.9815838,1203.476923,1146.976923,1146.723077,1165.161538,1162.238462,1180.146154,1189.861538,1172.838462,1204.876923,1183.146154,1199.007692
634.1755041,1082.876923,1044.776923,1047.823077,1054.961538,1062.738462,1068.646154,1085.861538,1074.338462,1108.076923,1109.046154,1087.707692
634.3694099,1001.376923,963.2769231,958.6230769,959.9615385,975.7384615,983.7461538,976.6615385,982.6384615,996.7769231,1012.946154,1011.507692
634.5633011,942.5769231,881.7769231,904.9230769,896.9615385,884.9384615,900.5461538,902.7615385,910.0384615,905.4769231,922.1461538,923.2076923
634.7571778,859.1769231,827.1769231,828.4230769,846.4615385,830.3384615,815.3461538,839.0615385,838.9384615,851.5769231,855.1461538,864.9076923
634.95104,810.9769231,767.1769231,769.4230769,760.5615385,771.0384615,794.5461538,781.5615385,791.4384615,792.9769231,810.1461538,800.0076923
635.1448876,766.7769231,736.4769231,725.8230769,740.8615385,741.9384615,756.7461538,745.4615385,760.9384615,756.3769231,764.5461538,753.1076923
635.3387206,735.5769231,678.3769231,691.8230769,702.7615385,693.1384615,695.9461538,719.1615385,716.0384615,724.0769231,717.6461538,720.0076923
635.5325391,696.2769231,658.0769231,659.7230769,667.9615385,666.3384615,679.2461538,666.0615385,676.0384615,690.8769231,696.2461538,689.2076923
635.726343,675.0769231,633.2769231,631.2230769,632.9615385,641.2384615,649.3461538,658.2615385,651.2384615,667.1769231,662.1461538,649.7076923
635.9201323,649.1769231,612.3769231,608.5230769,629.2615385,627.3384615,646.8461538,631.0615385,629.5384615,621.5769231,643.4461538,640.2076923
636.1139071,627.6769231,603.6769231,595.5230769,613.8615385,620.0384615,613.1461538,607.1615385,613.3384615,618.5769231,630.9461538,615.7076923
636.3076674,620.6769231,594.7769231,572.8230769,593.7615385,605.9384615,587.0461538,596.3615385,583.2384615,615.6769231,618.8461538,615.3076923
636.501413,597.0769231,550.3769231,570.9230769,559.4615385,585.0384615,565.6461538,583.8615385,582.3384615,587.8769231,597.1461538,594.4076923
636.6951441,588.1769231,552.2769231,552.3230769,562.3615385,558.2384615,556.2461538,588.1615385,584.1384615,575.5769231,582.2461538,588.7076923
636.8888606,570.7769231,522.4769231,543.4230769,542.8615385,540.7384615,552.0461538,556.4615385,564.3384615,556.6769231,559.4461538,557.6076923
637.0825625,567.8769231,522.6769231,541.7230769,540.2615385,542.5384615,537.1461538,542.2615385,556.0384615,552.6769231,543.2461538,555.8076923
637.2762499,527.2769231,516.0769231,521.3230769,515.8615385,529.2384615,522.5461538,523.7615385,527.6384615,526.2769231,534.0461538,532.6076923
637.4699227,528.5769231,506.8769231,507.4230769,520.8615385,514.4384615,529.6461538,536.8615385,520.0384615,519.6769231,538.0461538,530.1076923
637.6635808,534.8769231,490.0769231,491.3230769,507.6615385,507.9384615,524.2461538,510.3615385,514.2384615,526.8769231,512.7461538,513.3076923
637.8572244,532.7769231,499.1769231,489.4230769,506.4615385,503.3384615,502.8461538,503.2615385,508.4384615,512.4769231,515.2461538,518.3076923
638.0508535,510.4769231,476.9769231,480.8230769,482.1615385,496.3384615,491.7461538,483.5615385,502.5384615,499.9769231,514.6461538,514.9076923
638.2444679,497.2769231,457.1769231,474.1230769,487.4615385,487.9384615,493.1461538,491.5615385,498.9384615,498.9769231,504.0461538,490.2076923
638.4380677,501.3769231,474.9769231,454.6230769,485.1615385,474.2384615,487.0461538,474.8615385,478.0384615,484.6769231,493.4461538,487.3076923
638.6316529,489.9769231,469.6769231,471.9230769,467.0615385,472.6384615,493.3461538,480.3615385,472.1384615,480.6769231,494.2461538,479.6076923
638.8252236,475.7769231,437.7769231,443.0230769,465.7615385,448.2384615,458.3461538,461.6615385,467.2384615,456.3769231,478.5461538,457.2076923
639.0187796,478.5769231,446.8769231,442.6230769,452.9615385,453.5384615,454.7461538,457.4615385,470.7384615,463.4769231,462.2461538,459.4076923
639.212321,456.9769231,440.1769231,440.0230769,441.6615385,445.8384615,452.2461538,465.7615385,443.8384615,465.1769231,450.0461538,451.9076923
639.4058478,461.9769231,442.2769231,434.5230769,440.7615385,456.1384615,466.1461538,463.9615385,445.1384615,461.5769231,458.5461538,455.5076923
639.5993601,448.3769231,425.8769231,434.7230769,439.8615385,448.9384615,432.9461538,446.0615385,446.7384615,451.5769231,463.6461538,449.3076923
639.7928577,470.5769231,430.4769231,432.0230769,445.5615385,436.0384615,438.5461538,451.2615385,440.4384615,450.7769231,459.5461538,446.2076923
639.9863407,449.2769231,429.2769231,417.4230769,415.3615385,422.3384615,439.7461538,446.6615385,435.6384615,449.4769231,430.0461538,447.9076923
640.179809,463.9769231,427.7769231,432.3230769,436.6615385,445.5384615,442.4461538,431.0615385,434.1384615,449.2769231,459.4461538,450.2076923
640.3732628,458.2769231,429.0769231,431.5230769,425.5615385,436.0384615,436.5461538,427.4615385,436.3384615,434.9769231,430.6461538,440.1076923
640.5667019,434.7769231,422.7769231,430.3230769,423.5615385,428.4384615,427.1461538,438.6615385,429.3384615,444.6769231,438.5461538,433.7076923
640.7601264,449.7769231,422.4769231,419.3230769,422.4615385,429.2384615,435.1461538,428.4615385,434.3384615,430.2769231,442.6461538,437.1076923
640.9535363,440.8769231,430.0769231,438.5230769,424.8615385,443.0384615,435.7461538,441.7615385,429.6384615,439.9769231,434.3461538,438.7076923
641.1469316,450.3769231,421.8769231,420.1230769,422.9615385,432.1384615,427.9461538,431.7615385,433.6384615,437.1769231,443.9461538,436.0076923
641.3403122,457.2769231,430.9769231,426.7230769,440.3615385,424.2384615,448.5461538,443.3615385,433.3384615,443.4769231,449.9461538,454.4076923
641.5336782,440.6769231,433.5769231,426.9230769,433.5615385,434.8384615,431.4461538,443.0615385,434.9384615,461.9769231,446.7461538,437.0076923
641.7270296,450.1769231,427.7769231,434.5230769,447.7615385,439.6384615,447.3461538,443.6615385,445.0384615,447.9769231,445.4461538,458.7076923
641.9203663,453.1769231,425.6769231,436.3230769,433.7615385,433.3384615,438.9461538,444.8615385,445.7384615,443.0769231,452.5461538,440.5076923
642.1136884,452.0769231,443.0769231,440.6230769,455.2615385,438.9384615,450.1461538,447.3615385,439.1384615,450.3769231,461.6461538,456.6076923
642.3069958,447.6769231,419.5769231,432.0230769,432.9615385,429.7384615,446.9461538,437.5615385,448.7384615,447.6769231,453.4461538,458.3076923
642.5002886,468.7769231,437.5769231,439.1230769,447.8615385,439.0384615,460.0461538,444.6615385,461.7384615,465.6769231,462.6461538,466.7076923
642.6935668,463.3769231,428.8769231,440.4230769,432.0615385,449.3384615,450.1461538,440.3615385,452.5384615,463.4769231,458.0461538,455.6076923
642.8868303,458.3769231,420.5769231,432.0230769,444.6615385,459.2384615,462.3461538,453.0615385,449.8384615,459.8769231,463.9461538,455.2076923
643.0800791,476.1769231,447.8769231,444.3230769,452.1615385,463.3384615,451.4461538,476.7615385,448.0384615,473.8769231,470.5461538,458.4076923
643.2733133,469.7769231,448.3769231,446.6230769,458.5615385,462.6384615,469.6461538,471.8615385,454.3384615,470.8769231,482.6461538,467.3076923
643.4665329,483.9769231,436.8769231,438.4230769,448.0615385,454.8384615,465.1461538,468.9615385,465.3384615,484.2769231,480.9461538,468.1076923
643.6597377,481.7769231,454.7769231,444.5230769,461.9615385,470.4384615,483.1461538,466.7615385,463.3384615,471.5769231,476.5461538,465.5076923
643.852928,470.4769231,451.9769231,449.8230769,462.6615385,463.7384615,464.8461538,467.7615385,491.3384615,469.6769231,465.6461538,464.2076923
644.0461035,499.9769231,461.7769231,458.9230769,456.4615385,469.5384615,472.1461538,472.3615385,459.1384615,466.4769231,493.2461538,472.6076923
644.2392644,482.8769231,464.3769231,463.3230769,478.8615385,469.6384615,471.2461538,475.9615385,478.7384615,487.8769231,478.5461538,478.7076923
644.4324106,496.5769231,445.8769231,473.1230769,481.4615385,466.1384615,474.3461538,471.0615385,464.5384615,478.5769231,485.7461538,477.3076923
644.6255422,492.7769231,459.2769231,468.4230769,454.5615385,473.9384615,470.7461538,472.9615385,471.7384615,485.0769231,489.3461538,485.7076923
644.8186591,489.6769231,469.9769231,453.9230769,467.2615385,479.3384615,478.0461538,469.4615385,478.5384615,480.7769231,490.2461538,483.6076923
645.0117613,475.3769231,445.0769231,453.0230769,472.4615385,466.2384615,472.2461538,473.2615385,480.6384615,495.0769231,486.2461538,476.9076923
645.2048488,484.6769231,470.3769231,472.6230769,471.7615385,472.5384615,476.0461538,495.1615385,478.8384615,489.1769231,479.9461538,491.9076923
645.3979216,495.2769231,456.7769231,461.6230769,469.1615385,471.2384615,486.2461538,485.0615385,473.1384615,472.5769231,496.1461538,471.6076923
645.5909798,485.9769231,452.7769231,466.4230769,466.7615385,478.6384615,479.5461538,470.2615385,488.2384615,476.3769231,487.7461538,482.3076923
645.7840232,483.9769231,459.9769231,463.5230769,464.1615385,477.6384615,472.3461538,491.1615385,461.0384615,482.4769231,475.5461538,485.2076923
645.977052,481.1769231,455.2769231,456.2230769,469.5615385,465.8384615,480.3461538,478.5615385,465.6384615,487.1769231,486.0461538,491.3076923
646.1700661,484.8769231,441.6769231,463.8230769,474.2615385,465.9384615,492.3461538,472.4615385,478.3384615,489.9769231,478.4461538,477.6076923
646.3630655,470.4769231,465.0769231,459.2230769,459.1615385,473.8384615,483.7461538,466.9615385,482.0384615,472.0769231,494.8461538,471.0076923
646.5560502,484.7769231,458.4769231,458.6230769,464.2615385,465.6384615,481.4461538,460.9615385,480.4384615,472.8769231,461.1461538,472.7076923
646.7490202,503.7769231,462.2769231,467.0230769,476.0615385,463.0384615,471.6461538,483.1615385,482.5384615,480.8769231,487.1461538,476.7076923
646.9419755,490.0769231,459.5769231,460.6230769,468.4615385,469.6384615,472.6461538,483.6615385,478.3384615,489.1769231,493.5461538,475.0076923
647.1349162,490.4769231,464.1769231,474.5230769,476.2615385,480.8384615,474.6461538,486.8615385,487.5384615,488.6769231,491.0461538,488.9076923
647.3278421,494.6769231,461.1769231,452.5230769,464.4615385,476.5384615,483.6461538,468.7615385,479.5384615,473.1769231,485.3461538,494.3076923
647.5207532,502.3769231,472.6769231,482.0230769,488.4615385,475.4384615,491.0461538,495.0615385,477.0384615,503.6769231,492.6461538,499.8076923
647.7136497,488.1769231,463.9769231,466.6230769,459.9615385,468.5384615,493.0461538,486.4615385,486.6384615,486.0769231,496.9461538,492.6076923
647.9065315,501.4769231,475.2769231,489.2230769,489.0615385,479.2384615,495.1461538,497.0615385,479.6384615,498.7769231,512.3461538,516.3076923
648.0993986,519.9769231,483.4769231,491.1230769,486.9615385,495.0384615,503.8461538,501.4615385,501.8384615,506.3769231,505.2461538,483.4076923
648.2922509,513.7769231,496.6769231,500.2230769,510.6615385,500.6384615,504.1461538,519.3615385,511.1384615,504.6769231,521.6461538,534.5076923
648.4850885,524.6769231,491.8769231,494.2230769,503.4615385,503.0384615,517.3461538,497.5615385,512.1384615,515.8769231,520.9461538,534.6076923
648.6779114,551.0769231,497.9769231,521.6230769,530.4615385,529.2384615,547.8461538,542.7615385,528.9384615,539.3769231,534.6461538,537.4076923
648.8707196,581.4769231,539.9769231,541.4230769,568.6615385,565.0384615,562.3461538,578.2615385,560.2384615,576.8769231,568.8461538,572.5076923
649.063513,628.6769231,589.3769231,592.0230769,607.0615385,613.2384615,600.9461538,591.5615385,618.5384615,618.5769231,622.2461538,635.8076923
649.2562917,701.8769231,677.0769231,684.1230769,672.2615385,679.0384615,674.8461538,689.9615385,685.4384615,705.3769231,706.9461538,699.6076923
649.4490557,807.6769231,763.8769231,756.8230769,777.4615385,772.5384615,794.7461538,784.2615385,792.5384615,804.0769231,805.3461538,797.5076923
649.641805,929.3769231,850.1769231,891.4230769,880.9615385,871.1384615,896.3461538,903.2615385,905.7384615,907.8769231,920.8461538,914.4076923
649.8345395,1042.876923,976.1769231,974.9230769,994.4615385,975.7384615,1002.646154,1005.361538,1011.938462,1030.976923,1025.446154,1018.307692
650.0272593,1100.376923,1073.976923,1071.323077,1071.361538,1084.938462,1097.446154,1092.361538,1109.138462,1105.276923,1121.446154,1123.807692
650.2199643,1196.776923,1126.676923,1142.323077,1147.761538,1164.838462,1163.446154,1175.261538,1170.338462,1188.276923,1195.146154,1201.307692
650.4126546,1237.376923,1171.576923,1190.723077,1195.861538,1198.238462,1207.846154,1192.161538,1218.538462,1227.776923,1233.046154,1236.807692
650.6053301,1236.776923,1194.676923,1187.423077,1211.961538,1219.838462,1200.046154,1219.961538,1242.538462,1237.576923,1231.846154,1231.207692
650.7979909,1210.976923,1157.476923,1162.523077,1184.861538,1179.938462,1201.646154,1188.261538,1205.438462,1206.476923,1186.046154,1209.407692
650.990637,1162.876923,1116.476923,1119.723077,1137.361538,1130.838462,1160.746154,1151.461538,1137.038462,1176.476923,1158.046154,1149.707692
651.1832683,1130.476923,1071.576923,1079.723077,1079.061538,1082.738462,1097.746154,1103.361538,1119.738462,1128.776923,1138.146154,1119.507692
651.3758848,1103.876923,1029.076923,1033.523077,1043.561538,1055.938462,1048.946154,1042.961538,1046.038462,1078.876923,1066.046154,1065.007692
651.5684866,1036.376923,1000.676923,985.4230769,1004.961538,1014.938462,1018.446154,1023.661538,1002.638462,1014.276923,1032.046154,1039.407692
651.7610736,1010.176923,958.6769231,945.7230769,951.3615385,962.9384615,979.7461538,976.5615385,977.8384615,1008.276923,990.0461538,990.5076923
651.9536459,972.8769231,915.3769231,920.5230769,909.5615385,950.4384615,942.1461538,957.3615385,949.6384615,954.4769231,972.6461538,948.7076923
652.1462034,948.4769231,902.8769231,907.4230769,933.8615385,908.1384615,928.1461538,942.8615385,933.2384615,960.2769231,949.7461538,940.9076923
652.3387461,942.4769231,887.2769231,902.3230769,906.5615385,903.1384615,894.2461538,915.4615385,925.8384615,941.6769231,939.7461538,920.1076923
652.531274,946.7769231,896.2769231,902.7230769,909.1615385,921.5384615,904.2461538,908.9615385,947.4384615,919.9769231,925.0461538,914.1076923
652.7237872,919.9769231,858.3769231,878.1230769,879.6615385,881.4384615,897.1461538,907.8615385,888.4384615,908.3769231,899.4461538,905.3076923
652.9162856,893.2769231,836.6769231,854.8230769,866.7615385,863.1384615,878.0461538,876.8615385,868.3384615,893.3769231,885.8461538,915.7076923
653.1087692,879.4769231,841.1769231,846.5230769,857.9615385,849.3384615,867.0461538,872.2615385,857.4384615,880.9769231,870.5461538,883.4076923
653.3012381,862.1769231,822.4769231,828.3230769,829.9615385,826.5384615,845.5461538,826.6615385,844.6384615,847.4769231,867.5461538,834.8076923
653.4936922,826.8769231,784.8769231,791.5230769,786.6615385,787.9384615,800.9461538,798.8615385,811.1384615,809.2769231,803.9461538,814.4076923
653.6861314,781.4769231,755.7769231,741.8230769,760.2615385,758.5384615,785.8461538,771.3615385,764.3384615,782.5769231,787.1461538,782.8076923
653.8785559,756.3769231,736.5769231,739.2230769,730.0615385,732.1384615,740.5461538,731.2615385,740.6384615,757.5769231,743.2461538,747.7076923
654.0709656,746.5769231,703.2769231,702.5230769,706.8615385,701.3384615,713.7461538,718.0615385,725.3384615,736.8769231,739.8461538,734.6076923
654.2633605,707.9769231,655.2769231,672.1230769,680.3615385,674.9384615,689.7461538,692.4615385,688.1384615,711.5769231,701.0461538,695.8076923
654.4557406,698.2769231,664.9769231,655.0230769,680.2615385,666.8384615,674.8461538,674.6615385,682.3384615,688.3769231,684.8461538,678.5076923
654.648106,665.3769231,645.5769231,646.6230769,644.2615385,643.0384615,661.8461538,661.2615385,662.8384615,674.8769231,666.9461538,668.6076923
654.8404565,646.2769231,621.4769231,590.8230769,613.4615385,621.1384615,635.3461538,635.6615385,648.8384615,637.5769231,651.9461538,646.2076923
655.0327922,631.6769231,599.7769231,601.8230769,616.5615385,614.6384615,629.5461538,626.9615385,619.7384615,626.7769231,629.0461538,631.1076923
655.2251131,628.5769231,604.1769231,604.5230769,600.5615385,601.5384615,609.5461538,614.1615385,614.1384615,622.9769231,622.1461538,626.9076923
655.4174192,603.5769231,587.8769231,579.5230769,585.6615385,600.8384615,591.4461538,595.7615385,586.1384615,588.5769231,613.6461538,605.8076923
655.6097105,607.9769231,570.5769231,574.6230769,569.7615385,581.8384615,581.5461538,583.4615385,593.3384615,598.7769231,588.4461538,586.4076923
655.801987,579.6769231,552.1769231,551.5230769,565.2615385,547.7384615,569.1461538,584.4615385,582.1384615,572.4769231,581.3461538,574.6076923
655.9942487,583.4769231,561.8769231,543.4230769,576.2615385,552.3384615,565.5461538,564.7615385,561.0384615,588.8769231,563.8461538,578.2076923
656.1864955,571.1769231,540.8769231,540.2230769,556.3615385,558.0384615,540.8461538,569.6615385,567.3384615,559.6769231,562.5461538,558.5076923
656.3787276,573.4769231,538.5769231,536.3230769,551.3615385,545.9384615,554.0461538,554.6615385,537.4384615,572.0769231,568.8461538,567.6076923
656.5709448,565.7769231,536.7769231,532.2230769,546.3615385,536.0384615,559.3461538,557.0615385,542.5384615,548.4769231,559.8461538,552.8076923
656.7631472,571.3769231,528.9769231,545.8230769,540.0615385,545.1384615,551.2461538,558.3615385,542.5384615,559.5769231,559.9461538,558.1076923
656.9553348,554.0769231,530.2769231,538.2230769,547.3615385,549.2384615,549.5461538,556.5615385,555.9384615,557.2769231,555.4461538,564.7076923
657.1475075,579.8769231,552.7769231,545.1230769,559.0615385,533.8384615,569.9461538,568.9615385,567.5384615,573.2769231,569.3461538,578.1076923
657.3396654,582.2769231,557.3769231,555.3230769,551.8615385,551.2384615,577.1461538,567.1615385,562.5384615,567.4769231,565.1461538,575.2076923
657.5318085,578.4769231,551.0769231,551.7230769,557.8615385,551.8384615,572.0461538,578.9615385,580.4384615,572.5769231,583.2461538,569.3076923
657.7239367,585.4769231,539.6769231,535.3230769,562.5615385,559.2384615,558.7461538,570.0615385,561.5384615,563.1769231,568.6461538,570.9076923
657.9160501,572.2769231,549.5769231,550.1230769,551.6615385,549.0384615,559.8461538,558.6615385,569.1384615,560.1769231,579.8461538,577.5076923
658.1081487,549.3769231,525.3769231,540.2230769,538.6615385,536.9384615,533.9461538,542.8615385,540.6384615,554.3769231,553.0461538,553.7076923
658.3002324,542.2769231,512.6769231,513.0230769,531.4615385,516.7384615,519.9461538,527.5615385,533.6384615,540.6769231,545.1461538,527.5076923
658.4923013,524.7769231,481.0769231,484.5230769,511.3615385,508.2384615,506.9461538,499.7615385,506.3384615,525.7769231,514.9461538,509.1076923
658.6843553,508.3769231,481.4769231,472.4230769,485.9615385,480.5384615,487.6461538,490.5615385,504.3384615,506.8769231,491.4461538,508.2076923
658.8763945,495.3769231,472.4769231,459.7230769,476.1615385,475.9384615,470.0461538,480.2615385,471.4384615,479.9769231,483.1461538,476.0076923
659.0684188,477.1769231,441.3769231,463.2230769,451.8615385,459.4384615,459.1461538,464.9615385,459.6384615,470.4769231,474.6461538,471.3076923
659.2604283,458.3769231,443.3769231,438.6230769,443.2615385,438.4384615,433.5461538,446.7615385,446.5384615,451.9769231,464.9461538,457.5076923
659.4524229,432.7769231,431.4769231,434.1230769,420.1615385,423.3384615,443.0461538,440.7615385,443.3384615,442.8769231,426.1461538,450.8076923
659.6444026,429.4769231,408.4769231,409.0230769,421.3615385,412.9384615,418.0461538,415.2615385,410.9384615,413.5769231,425.4461538,439.7076923
659.8363675,415.2769231,387.7769231,399.0230769,408.3615385,400.9384615,417.2461538,407.2615385,419.6384615,409.4769231,423.9461538,425.5076923
660.0283175,400.4769231,392.1769231,385.9230769,394.9615385,402.8384615,411.5461538,399.4615385,403.5384615,406.3769231,413.8461538,400.7076923
660.2202527,386.2769231,382.4769231,379.9230769,384.3615385,393.5384615,400.8461538,385.6615385,386.1384615,390.2769231,394.4461538,391.5076923
660.412173,383.1769231,371.8769231,363.5230769,369.5615385,389.1384615,375.1461538,369.8615385,382.0384615,375.0769231,395.7461538,388.1076923
660.6040784,377.3769231,363.5769231,374.2230769,371.1615385,368.8384615,380.2461538,380.0615385,375.8384615,388.5769231,397.9461538,379.2076923
660.7959689,387.1769231,366.4769231,373.9230769,377.1615385,377.1384615,380.6461538,379.7615385,384.9384615,392.0769231,394.1461538,382.9076923
660.9878446,415.1769231,394.6769231,387.0230769,395.0615385,378.7384615,409.0461538,410.4615385,410.6384615,410.6769231,421.9461538,411.8076923
661.1797054,435.1769231,413.9769231,416.5230769,414.9615385,404.1384615,425.2461538,428.6615385,428.2384615,443.0769231,431.5461538,435.3076923
661.3715513,472.8769231,467.9769231,464.6230769,476.3615385,462.3384615,475.2461538,474.0615385,484.1384615,491.8769231,489.4461538,490.1076923
661.5633823,563.3769231,529.4769231,517.5230769,524.1615385,525.7384615,526.4461538,525.6615385,545.3384615,540.6769231,553.9461538,537.9076923
661.7551985,603.5769231,579.6769231,591.4230769,585.8615385,594.9384615,587.9461538,603.0615385,598.0384615,602.2769231,607.6461538,615.0076923
661.9469997,684.7769231,628.0769231,636.7230769,644.6615385,649.4384615,664.3461538,669.0615385,667.1384615,662.1769231,677.0461538,675.7076923
662.1387861,715.4769231,680.8769231,695.9230769,684.2615385,707.7384615,707.6461538,705.7615385,725.1384615,722.0769231,703.3461538,714.4076923
662.3305575,745.5769231,716.8769231,716.7230769,705.3615385,734.7384615,742.0461538,730.2615385,731.9384615,738.7769231,742.7461538,743.6076923
662.5223141,752.1769231,724.8769231,732.7230769,725.5615385,731.7384615,749.4461538,738.5615385,758.1384615,751.8769231,764.2461538,753.3076923
662.7140558,755.4769231,708.3769231,703.4230769,710.3615385,724.1384615,729.9461538,733.3615385,733.6384615,743.4769231,736.9461538,743.9076923
662.9057825,744.2769231,708.9769231,689.4230769,714.2615385,705.3384615,712.8461538,719.1615385,713.2384615,722.5769231,740.5461538,724.6076923
663.0974944,705.1769231,681.0769231,672.3230769,683.5615385,690.0384615,696.5461538,691.2615385,689.2384615,711.5769231,694.7461538,700.1076923
663.2891913,674.2769231,639.7769231,652.0230769,655.2615385,652.3384615,669.4461538,663.2615385,665.4384615,676.8769231,679.5461538,679.0076923
663.4808734,646.9769231,622.3769231,626.2230769,634.2615385,635.7384615,642.9461538,636.5615385,650.4384615,650.2769231,664.6461538,646.2076923
663.6725405,640.7769231,592.2769231,606.5230769,615.2615385,609.7384615,624.3461538,614.0615385,622.9384615,635.4769231,652.6461538,615.1076923
663.8641927,602.8769231,580.3769231,571.3230769,575.0615385,578.3384615,594.1461538,597.9615385,588.9384615,601.3769231,603.8461538,608.7076923
664.0558301,589.3769231,556.5769231,553.8230769,572.8615385,573.8384615,566.0461538,552.3615385,577.9384615,583.6769231,578.6461538,591.2076923
664.2474525,560.0769231,532.7769231,545.2230769,546.2615385,544.6384615,554.3461538,548.8615385,548.7384615,561.9769231,563.2461538,575.2076923
664.4390599,526.9769231,509.0769231,522.4230769,519.4615385,511.7384615,508.7461538,519.5615385,532.6384615,521.6769231,530.9461538,534.6076923
664.6306525,516.3769231,490.5769231,479.4230769,498.9615385,484.6384615,506.3461538,508.3615385,511.2384615,512.4769231,508.9461538,519.6076923
664.8222301,503.5769231,474.0769231,473.7230769,493.6615385,474.7384615,492.4461538,490.6615385,487.4384615,489.2769231,500.8461538,493.8076923
665.0137928,480.1769231,452.5769231,437.6230769,464.9615385,457.9384615,463.7461538,466.6615385,471.1384615,475.3769231,477.4461538,480.7076923
665.2053406,464.5769231,445.0769231,441.6230769,453.6615385,454.3384615,455.5461538,451.7615385,453.0384615,457.4769231,468.2461538,453.3076923
665.3968734,441.9769231,421.3769231,418.4230769,421.1615385,433.7384615,429.1461538,425.5615385,434.5384615,438.6769231,441.1461538,433.8076923
665.5883913,450.0769231,420.0769231,432.7230769,423.2615385,418.5384615,428.8461538,429.1615385,433.9384615,446.2769231,434.7461538,428.6076923
665.7798943,421.5769231,394.7769231,407.7230769,412.1615385,412.8384615,411.5461538,402.0615385,406.9384615,416.8769231,418.9461538,419.4076923
665.9713823,417.9769231,399.0769231,384.6230769,405.1615385,405.5384615,403.9461538,408.4615385,413.5384615,420.6769231,416.7461538,412.2076923
666.1628554,414.4769231,389.2769231,398.5230769,390.7615385,391.2384615,389.9461538,396.8615385,401.5384615,405.2769231,398.2461538,411.5076923
666.3543135,408.7769231,393.8769231,389.4230769,391.0615385,398.1384615,405.8461538,404.8615385,408.1384615,407.7769231,409.8461538,394.6076923
666.5457567,410.1769231,377.2769231,378.7230769,398.1615385,401.3384615,401.6461538,380.3615385,393.0384615,395.4769231,406.1461538,388.6076923
666.7371849,405.6769231,368.6769231,383.5230769,391.8615385,384.4384615,388.3461538,397.9615385,390.5384615,404.9769231,393.6461538,404.3076923
666.9285982,403.4769231,386.7769231,372.3230769,395.5615385,375.8384615,382.9461538,374.2615385,398.0384615,402.4769231,399.9461538,387.2076923
667.1199966,401.9769231,371.6769231,372.8230769,392.3615385,385.4384615,396.5461538,399.3615385,392.6384615,390.8769231,407.1461538,398.6076923
667.3113799,394.3769231,385.2769231,377.8230769,376.3615385,396.5384615,385.8461538,393.1615385,378.1384615,385.9769231,397.3461538,384.1076923
667.5027484,404.5769231,383.7769231,377.9230769,389.8615385,395.1384615,380.5461538,393.3615385,375.7384615,392.5769231,393.3461538,394.7076923
667.6941018,396.1769231,360.1769231,373.0230769,380.4615385,376.5384615,379.1461538,374.4615385,386.7384615,394.9769231,387.7461538,392.5076923
667.8854403,401.8769231,366.4769231,381.1230769,390.5615385,376.5384615,363.6461538,380.4615385,376.3384615,399.9769231,387.2461538,379.7076923
668.0767638,381.7769231,352.3769231,356.3230769,356.5615385,369.9384615,372.9461538,379.0615385,370.5384615,381.8769231,377.2461538,370.8076923
668.2680724,376.6769231,364.8769231,346.6230769,358.4615385,367.9384615,366.1461538,372.7615385,374.6384615,376.7769231,381.0461538,378.3076923
668.459366,382.3769231,339.8769231,358.8230769,360.4615385,363.2384615,367.1461538,343.8615385,368.4384615,375.0769231,363.4461538,365.6076923
668.6506446,373.3769231,350.9769231,351.1230769,367.7615385,350.6384615,360.1461538,370.7615385,367.0384615,356.2769231,360.2461538,366.5076923
668.8419082,356.6769231,346.1769231,347.9230769,347.9615385,347.2384615,349.7461538,351.7615385,351.6384615,351.6769231,363.9461538,356.5076923
669.0331569,371.8769231,339.9769231,343.7230769,353.0615385,332.3384615,344.3461538,353.3615385,358.8384615,360.6769231,357.9461538,354.0076923
669.2243906,341.4769231,341.7769231,332.7230769,346.7615385,341.1384615,352.9461538,342.3615385,334.8384615,345.9769231,357.4461538,350.6076923
669.4156093,354.6769231,342.3769231,344.3230769,349.7615385,351.2384615,353.6461538,346.3615385,346.8384615,362.3769231,364.0461538,352.4076923
669.606813,349.5769231,327.5769231,333.3230769,335.6615385,332.4384615,339.5461538,344.0615385,339.9384615,348.9769231,341.2461538,347.7076923
669.7980017,355.5769231,328.6769231,322.9230769,342.5615385,330.1384615,335.9461538,341.3615385,330.4384615,337.2769231,349.7461538,342.9076923
669.9891754,342.3769231,327.5769231,340.9230769,334.6615385,338.8384615,342.9461538,346.0615385,344.5384615,330.4769231,348.8461538,335.8076923
670.1803342,354.2769231,320.0769231,330.8230769,320.0615385,340.0384615,332.4461538,336.2615385,318.7384615,340.4769231,348.1461538,342.6076923
670.3714779,342.1769231,322.0769231,326.6230769,327.9615385,323.4384615,331.3461538,334.3615385,332.5384615,338.0769231,325.9461538,324.8076923
670.5626067,345.6769231,311.7769231,320.0230769,315.3615385,333.7384615,319.9461538,348.5615385,340.9384615,340.0769231,347.9461538,337.3076923
670.7537204,348.3769231,331.7769231,318.1230769,336.3615385,333.0384615,333.8461538,337.3615385,333.0384615,328.6769231,337.9461538,340.0076923
670.9448192,340.1769231,325.4769231,314.9230769,331.5615385,330.5384615,319.8461538,330.6615385,338.7384615,348.4769231,338.9461538,341.5076923
671.1359029,336.1769231,325.3769231,326.4230769,325.9615385,335.6384615,327.7461538,334.8615385,329.7384615,347.5769231,346.4461538,339.1076923
671.3269717,350.2769231,316.9769231,329.5230769,328.2615385,326.8384615,345.7461538,333.1615385,314.2384615,341.3769231,345.9461538,344.7076923
671.5180254,333.1769231,318.4769231,315.4230769,320.4615385,346.8384615,325.4461538,339.9615385,339.2384615,332.2769231,348.7461538,330.5076923
671.7090641,337.0769231,324.9769231,323.5230769,325.3615385,330.2384615,347.4461538,338.9615385,326.5384615,345.1769231,335.4461538,333.0076923
671.9000878,328.8769231,313.9769231,317.8230769,315.8615385,318.1384615,333.4461538,329.9615385,337.3384615,344.4769231,333.5461538,311.6076923
672.0910965,322.9769231,314.5769231,320.9230769,333.6615385,313.5384615,327.1461538,325.2615385,333.9384615,330.3769231,335.5461538,334.5076923
672.2820901,318.3769231,306.2769231,307.3230769,322.2615385,316.3384615,320.3461538,324.8615385,309.5384615,313.0769231,331.1461538,320.9076923
672.4730688,330.0769231,304.3769231,305.1230769,314.8615385,321.2384615,314.2461538,322.1615385,318.8384615,311.1769231,325.1461538,313.4076923
672.6640324,331.8769231,304.7769231,299.3230769,310.0615385,307.1384615,309.0461538,317.4615385,302.6384615,323.1769231,314.2461538,332.2076923
672.854981,315.0769231,311.0769231,308.2230769,303.7615385,304.7384615,309.3461538,308.7615385,316.2384615,323.6769231,327.0461538,314.7076923
673.0459145,307.6769231,296.3769231,304.6230769,310.8615385,294.3384615,306.6461538,304.0615385,304.3384615,298.7769231,311.4461538,311.0076923
673.2368331,309.2769231,308.3769231,284.7230769,298.2615385,311.9384615,314.3461538,299.3615385,303.8384615,304.9769231,313.1461538,331.6076923
673.4277366,313.1769231,285.1769231,286.4230769,296.0615385,286.2384615,311.7461538,303.0615385,291.9384615,303.7769231,318.1461538,301.0076923
673.618625,309.7769231,291.4769231,299.8230769,303.4615385,309.3384615,311.7461538,313.6615385,280.7384615,305.5769231,307.7461538,300.5076923
673.8094984,289.1769231,276.5769231,285.8230769,290.4615385,291.6384615,297.9461538,291.3615385,296.6384615,293.2769231,301.0461538,295.8076923
674.0003568,301.2769231,284.7769231,285.0230769,286.0615385,287.0384615,301.1461538,296.5615385,306.3384615,308.1769231,304.1461538,288.5076923
674.1912001,295.1769231,281.3769231,272.5230769,288.8615385,269.3384615,282.0461538,293.3615385,282.7384615,287.4769231,285.4461538,297.9076923
674.3820284,301.3769231,269.1769231,278.2230769,282.8615385,283.0384615,298.6461538,286.5615385,281.3384615,291.3769231,286.6461538,284.7076923
674.5728417,277.1769231,263.7769231,277.6230769,281.7615385,280.6384615,282.0461538,273.1615385,281.6384615,283.8769231,286.1461538,294.3076923
674.7636399,295.0769231,264.4769231,266.9230769,272.8615385,270.9384615,285.2461538,294.3615385,289.9384615,284.4769231,290.7461538,284.7076923
674.954423,295.4769231,265.4769231,262.6230769,285.3615385,275.7384615,284.7461538,288.5615385,282.2384615,278.9769231,283.9461538,285.8076923
675.1451911,277.9769231,270.1769231,276.0230769,277.8615385,275.9384615,276.1461538,280.7615385,276.9384615,285.6769231,277.7461538,295.3076923
675.3359441,277.5769231,274.3769231,259.8230769,266.5615385,275.2384615,271.7461538,267.6615385,277.1384615,281.6769231,277.4461538,280.9076923
675.5266821,274.8769231,255.3769231,269.8230769,272.4615385,266.0384615,279.5461538,264.7615385,264.8384615,274.2769231,290.4461538,282.0076923
675.717405,274.1769231,246.4769231,269.8230769,257.1615385,261.8384615,270.2461538,268.9615385,264.0384615,270.8769231,267.5461538,270.3076923
675.9081128,267.1769231,258.8769231,258.6230769,261.9615385,251.8384615,275.2461538,264.9615385,267.4384615,280.2769231,271.6461538,277.3076923
676.0988056,262.2769231,245.4769231,246.9230769,266.6615385,257.1384615,262.5461538,252.8615385,259.4384615,259.7769231,266.5461538,274.9076923
676.2894833,260.6769231,250.2769231,259.8230769,268.8615385,252.9384615,258.9461538,260.3615385,261.4384615,265.0769231,267.5461538,269.4076923
676.4801459,259.8769231,242.7769231,249.7230769,251.7615385,258.6384615,263.3461538,262.6615385,254.4384615,259.8769231,267.2461538,262.4076923
676.6707934,264.7769231,255.2769231,250.6230769,258.4615385,254.9384615,250.6461538,262.5615385,252.0384615,270.2769231,274.8461538,252.4076923
676.8614259,276.1769231,253.1769231,257.9230769,263.5615385,257.6384615,263.8461538,264.8615385,258.2384615,255.2769231,267.7461538,267.7076923
677.0520433,272.5769231,252.6769231,265.7230769,255.1615385,249.1384615,258.9461538,261.7615385,261.5384615,263.7769231,277.3461538,245.8076923
677.2426456,262.3769231,244.6769231,244.2230769,244.7615385,257.9384615,253.2461538,257.0615385,257.9384615,245.1769231,280.7461538,260.8076923
677.4332328,263.1769231,253.2769231,257.3230769,259.5615385,252.3384615,257.8461538,247.8615385,253.4384615,263.6769231,258.2461538,274.0076923
677.623805,260.8769231,247.2769231,259.9230769,252.9615385,267.0384615,265.5461538,268.3615385,265.5384615,248.4769231,258.8461538,250.7076923
677.814362,271.0769231,254.0769231,260.8230769,263.1615385,257.5384615,266.0461538,264.8615385,281.7384615,272.3769231,262.9461538,258.7076923
678.004904,262.1769231,245.2769231,265.2230769,257.9615385,260.0384615,271.1461538,261.7615385,266.4384615,262.6769231,276.7461538,258.9076923
678.1954308,278.1769231,268.9769231,273.8230769,251.5615385,253.5384615,260.3461538,266.7615385,274.7384615,258.6769231,276.5461538,266.2076923
678.3859426,270.3769231,261.2769231,270.7230769,276.0615385,262.3384615,278.0461538,272.2615385,270.0384615,276.7769231,268.3461538,279.0076923
678.5764393,286.1769231,268.3769231,271.2230769,272.3615385,276.2384615,277.0461538,265.3615385,273.5384615,283.9769231,281.6461538,275.5076923
678.7669208,290.7769231,273.8769231,268.9230769,283.1615385,277.8384615,272.2461538,289.7615385,276.6384615,288.7769231,294.5461538,283.8076923
678.9573873,299.9769231,276.5769231,282.2230769,287.0615385,267.5384615,287.6461538,289.4615385,294.9384615,304.9769231,285.6461538,297.5076923
679.1478387,305.6769231,273.5769231,280.0230769,293.0615385,295.5384615,298.1461538,305.5615385,302.7384615,303.3769231,300.8461538,306.1076923
679.3382749,305.1769231,291.6769231,296.3230769,296.8615385,296.2384615,313.5461538,308.3615385,291.8384615,312.3769231,314.0461538,308.6076923
679.528696,320.3769231,300.5769231,297.9230769,305.3615385,313.9384615,311.0461538,318.3615385,304.5384615,316.5769231,318.6461538,308.6076923
679.7191021,323.7769231,321.2769231,320.7230769,316.2615385,311.4384615,330.0461538,320.5615385,329.0384615,321.2769231,321.5461538,322.6076923
679.909493,338.9769231,318.4769231,320.4230769,338.3615385,328.6384615,336.6461538,332.1615385,330.5384615,327.7769231,339.5461538,330.6076923
680.0998688,352.1769231,337.2769231,344.3230769,322.7615385,336.0384615,351.2461538,344.1615385,338.6384615,333.6769231,344.4461538,338.3076923
680.2902294,343.9769231,321.4769231,337.5230769,327.6615385,338.7384615,322.1461538,342.5615385,344.9384615,347.0769231,343.5461538,337.6076923
680.480575,351.6769231,337.6769231,336.5230769,341.4615385,330.6384615,346.5461538,342.8615385,352.8384615,351.3769231,364.8461538,352.2076923
680.6709054,354.4769231,335.7769231,330.3230769,341.6615385,343.7384615,341.3461538,345.8615385,358.4384615,335.7769231,355.0461538,357.7076923
680.8612207,348.9769231,334.5769231,335.5230769,344.5615385,348.7384615,343.4461538,360.4615385,352.9384615,346.0769231,359.4461538,346.5076923
681.0515208,337.1769231,329.7769231,330.5230769,335.5615385,342.7384615,339.9461538,340.6615385,341.2384615,342.2769231,351.1461538,348.9076923
681.2418058,356.0769231,327.2769231,329.2230769,335.2615385,323.0384615,328.2461538,352.4615385,342.1384615,342.9769231,359.5461538,340.4076923
681.4320757,342.4769231,328.9769231,316.4230769,340.3615385,337.1384615,329.0461538,334.6615385,344.1384615,346.6769231,340.1461538,351.1076923
681.6223305,345.1769231,327.2769231,333.1230769,324.0615385,322.1384615,326.3461538,332.7615385,338.3384615,338.5769231,343.0461538,344.4076923
681.8125701,327.7769231,313.7769231,311.5230769,312.7615385,307.7384615,322.7461538,324.5615385,323.1384615,333.9769231,342.2461538,321.9076923
682.0027946,330.0769231,308.5769231,308.4230769,321.1615385,307.8384615,333.2461538,326.1615385,324.6384615,337.9769231,338.4461538,318.7076923
682.1930039,321.5769231,308.6769231,295.7230769,311.0615385,323.6384615,311.3461538,305.1615385,314.3384615,321.4769231,311.5461538,314.8076923
682.3831981,325.2769231,289.6769231,312.7230769,317.2615385,316.6384615,320.0461538,314.1615385,322.9384615,318.3769231,320.1461538,315.6076923
682.5733771,317.6769231,291.5769231,297.8230769,299.8615385,312.8384615,306.9461538,302.1615385,308.2384615,310.4769231,315.7461538,305.7076923
682.763541,316.0769231,300.4769231,294.2230769,304.8615385,304.5384615,310.2461538,297.2615385,307.8384615,298.0769231,316.1461538,303.6076923
682.9536897,303.1769231,286.8769231,287.0230769,293.5615385,290.4384615,305.2461538,302.7615385,306.2384615,310.0769231,299.2461538,299.2076923
683.1438232,307.5769231,290.9769231,282.0230769,281.6615385,296.3384615,295.4461538,298.4615385,294.8384615,308.4769231,304.4461538,301.5076923
683.3339416,295.9769231,262.0769231,278.8230769,280.7615385,285.3384615,297.5461538,285.1615385,290.3384615,296.6769231,294.2461538,285.2076923
683.5240449,303.9769231,278.8769231,274.4230769,284.2615385,284.5384615,286.8461538,285.7615385,292.9384615,296.6769231,286.3461538,291.7076923
683.714133,290.2769231,279.7769231,281.9230769,260.5615385,274.8384615,278.0461538,279.7615385,274.4384615,292.4769231,298.5461538,288.3076923
683.9042059,295.1769231,269.3769231,276.4230769,276.8615385,277.7384615,290.2461538,292.6615385,290.5384615,290.8769231,291.1461538,300.2076923
684.0942636,287.8769231,275.3769231,282.0230769,282.2615385,274.6384615,287.6461538,286.5615385,275.3384615,298.6769231,294.7461538,279.8076923
684.2843062,293.4769231,272.3769231,273.5230769,289.5615385,297.3384615,281.0461538,288.3615385,283.2384615,290.0769231,284.7461538,282.7076923
684.4743336,294.5769231,273.2769231,286.4230769,291.5615385,280.2384615,284.4461538,288.9615385,294.8384615,291.3769231,290.5461538,292.7076923
684.6643458,305.5769231,289.0769231,280.0230769,284.5615385,292.2384615,295.4461538,293.9615385,286.4384615,293.4769231,291.2461538,291.6076923
684.8543428,300.3769231,289.0769231,294.0230769,285.9615385,292.2384615,286.8461538,294.0615385,295.7384615,308.5769231,297.9461538,299.9076923
685.0443247,301.5769231,293.9769231,287.0230769,302.5615385,296.4384615,297.9461538,313.4615385,290.7384615,289.8769231,301.1461538,304.6076923
685.2342914,305.4769231,290.9769231,306.0230769,290.1615385,316.0384615,301.8461538,322.5615385,303.6384615,304.4769231,312.3461538,298.6076923
685.4242428,329.5769231,309.8769231,306.7230769,312.0615385,317.4384615,315.6461538,315.8615385,314.6384615,326.9769231,317.9461538,319.9076923
685.6141791,331.7769231,316.6769231,329.5230769,322.3615385,317.1384615,320.4461538,323.8615385,327.4384615,331.7769231,324.5461538,337.7076923
685.8041003,364.8769231,323.4769231,355.3230769,331.7615385,348.2384615,346.3461538,344.9615385,355.2384615,347.5769231,364.2461538,353.5076923
685.9940062,373.1769231,356.6769231,360.3230769,374.7615385,352.5384615,365.2461538,364.3615385,368.0384615,368.3769231,366.8461538,387.0076923
686.1838969,407.2769231,393.3769231,384.6230769,396.7615385,409.0384615,407.4461538,405.2615385,404.4384615,414.3769231,416.9461538,412.9076923
686.3737724,442.7769231,422.3769231,439.4230769,414.0615385,427.0384615,433.6461538,432.6615385,421.9384615,438.9769231,442.0461538,440.4076923
686.5636327,488.9769231,460.5769231,467.6230769,465.4615385,476.0384615,472.0461538,464.3615385,487.5384615,503.6769231,509.6461538,488.7076923
686.7534778,525.0769231,499.0769231,504.6230769,512.7615385,520.7384615,514.0461538,511.7615385,529.8384615,529.6769231,541.0461538,529.1076923
686.9433077,579.7769231,562.8769231,566.5230769,552.7615385,564.6384615,570.3461538,567.8615385,563.6384615,588.4769231,584.5461538,577.5076923
687.1331224,617.8769231,585.9769231,598.8230769,607.2615385,605.2384615,621.4461538,610.1615385,608.1384615,602.1769231,607.5461538,627.7076923
687.3229219,639.2769231,617.9769231,626.5230769,624.1615385,624.3384615,637.0461538,638.8615385,639.4384615,643.7769231,649.5461538,649.2076923
687.5127062,688.3769231,629.6769231,642.1230769,643.2615385,657.7384615,645.5461538,652.1615385,644.6384615,672.4769231,684.9461538,659.3076923
687.7024753,672.8769231,648.3769231,643.5230769,657.2615385,669.3384615,655.8461538,657.5615385,671.4384615,681.5769231,671.1461538,673.7076923
687.8922291,665.5769231,635.6769231,626.7230769,635.9615385,644.5384615,642.9461538,647.9615385,640.8384615,651.9769231,665.5461538,659.3076923
688.0819678,644.6769231,607.2769231,632.6230769,617.8615385,623.2384615,639.6461538,620.8615385,634.1384615,643.3769231,652.1461538,634.4076923
688.2716912,605.9769231,593.6769231,594.5230769,594.4615385,609.1384615,614.3461538,601.2615385,593.6384615,611.5769231,613.7461538,610.9076923
688.4613993,588.6769231,564.0769231,562.8230769,552.7615385,563.4384615,576.1461538,565.5615385,584.3384615,576.0769231,589.5461538,588.9076923
688.6510923,560.9769231,539.2769231,518.2230769,531.0615385,524.0384615,538.6461538,534.8615385,536.5384615,530.5769231,545.7461538,539.0076923
688.84077,518.6769231,490.7769231,486.0230769,512.7615385,492.2384615,502.0461538,499.6615385,500.5384615,526.5769231,503.1461538,510.6076923
689.0304325,468.1769231,459.3769231,452.2230769,447.2615385,458.5384615,459.0461538,472.3615385,467.0384615,471.5769231,476.2461538,469.8076923
689.2200798,450.6769231,424.0769231,433.9230769,434.5615385,431.7384615,442.8461538,453.0615385,435.8384615,441.1769231,447.1461538,433.3076923
689.4097118,417.4769231,390.3769231,388.8230769,400.1615385,393.8384615,406.9461538,400.4615385,412.7384615,403.7769231,417.5461538,402.9076923
689.5993286,382.3769231,377.0769231,374.8230769,371.9615385,394.7384615,369.9461538,397.5615385,391.9384615,389.1769231,390.5461538,384.6076923
689.7889301,378.5769231,338.8769231,363.4230769,347.7615385,370.0384615,365.2461538,353.5615385,363.9384615,360.1769231,370.1461538,376.6076923
689.9785164,360.3769231,342.2769231,345.8230769,356.1615385,342.1384615,346.5461538,350.5615385,353.1384615,361.4769231,367.1461538,359.6076923
690.1680874,346.9769231,335.0769231,333.1230769,341.6615385,355.8384615,338.9461538,339.3615385,341.0384615,341.2769231,358.7461538,353.3076923
690.3576432,327.7769231,325.0769231,316.0230769,321.8615385,323.6384615,332.6461538,316.7615385,321.0384615,317.3769231,341.8461538,335.6076923
690.5471838,315.9769231,298.0769231,301.3230769,306.8615385,299.0384615,311.4461538,319.7615385,308.6384615,317.3769231,314.0461538,317.2076923
690.7367091,320.9769231,295.7769231,290.6230769,294.7615385,286.0384615,303.7461538,303.9615385,305.7384615,312.0769231,322.9461538,305.6076923
690.9262191,281.0769231,274.2769231,267.6230769,285.2615385,273.9384615,285.3461538,274.5615385,288.9384615,276.0769231,274.7461538,276.8076923
691.1157139,266.1769231,250.0769231,239.6230769,260.1615385,256.0384615,261.5461538,255.2615385,243.2384615,256.0769231,262.7461538,264.2076923
691.3051934,222.9769231,231.9769231,215.3230769,221.0615385,236.0384615,234.4461538,233.6615385,233.8384615,231.8769231,228.9461538,235.9076923
691.4946576,234.1769231,217.0769231,223.0230769,204.0615385,219.4384615,214.9461538,214.6615385,221.1384615,216.8769231,222.7461538,207.5076923
691.6841066,203.2769231,206.4769231,198.3230769,194.1615385,199.3384615,200.2461538,195.7615385,203.0384615,191.5769231,194.6461538,201.9076923
691.8735403,198.7769231,184.2769231,204.1230769,203.3615385,206.6384615,212.1461538,210.1615385,199.6384615,207.0769231,207.9461538,200.8076923
692.0629588,194.1769231,186.2769231,195.2230769,194.0615385,200.5384615,195.9461538,210.6615385,189.0384615,197.3769231,209.6461538,197.8076923
692.252362,209.4769231,198.5769231,207.1230769,202.2615385,202.8384615,205.8461538,202.8615385,206.3384615,207.6769231,215.7461538,208.8076923
692.4417499,230.5769231,213.0769231,219.4230769,220.5615385,210.0384615,213.6461538,221.9615385,221.4384615,229.4769231,238.5461538,234.2076923
692.6311225,256.9769231,248.3769231,258.4230769,261.0615385,254.2384615,264.0461538,257.0615385,276.6384615,263.9769231,268.4461538,271.5076923
692.8204798,320.5769231,300.1769231,299.2230769,311.8615385,299.9384615,306.3461538,313.7615385,307.6384615,292.0769231,299.3461538,306.9076923
693.0098219,376.7769231,351.5769231,339.6230769,354.1615385,360.9384615,357.2461538,367.7615385,350.8384615,355.8769231,353.9461538,359.2076923
693.1991486,413.7769231,402.1769231,403.7230769,395.9615385,381.7384615,389.5461538,396.5615385,399.8384615,394.4769231,397.4461538,395.0076923
693.3884601,433.3769231,413.8769231,425.7230769,428.2615385,427.0384615,417.1461538,430.0615385,427.3384615,438.7769231,430.8461538,420.8076923
693.5777563,437.7769231,427.7769231,429.7230769,442.3615385,428.6384615,447.2461538,440.8615385,435.4384615,448.9769231,443.1461538,449.9076923
693.7670372,455.1769231,413.7769231,418.7230769,435.2615385,428.6384615,439.6461538,437.5615385,445.3384615,452.8769231,453.3461538,447.8076923
693.9563028,430.2769231,404.0769231,408.2230769,420.5615385,399.1384615,399.5461538,427.5615385,430.6384615,418.2769231,434.0461538,414.2076923
694.1455531,400.7769231,378.3769231,363.6230769,374.2615385,378.8384615,391.4461538,379.1615385,377.5384615,381.0769231,391.8461538,388.3076923
694.3347881,350.4769231,338.3769231,332.8230769,336.0615385,341.1384615,351.5461538,350.3615385,340.0384615,352.6769231,349.2461538,346.0076923
694.5240078,332.3769231,312.7769231,313.0230769,320.4615385,329.0384615,326.2461538,323.0615385,328.1384615,338.4769231,342.4461538,338.9076923
694.7132122,304.9769231,280.7769231,294.8230769,289.7615385,293.9384615,304.1461538,298.5615385,305.1384615,300.4769231,299.7461538,298.9076923
694.9024013,297.8769231,280.9769231,275.7230769,273.2615385,269.0384615,287.1461538,286.6615385,273.4384615,279.2769231,284.6461538,283.9076923
695.0915751,265.1769231,261.4769231,250.2230769,260.0615385,261.8384615,268.9461538,270.4615385,265.7384615,262.0769231,265.3461538,253.1076923
695.2807336,250.5769231,248.8769231,240.4230769,263.9615385,249.0384615,257.4461538,257.8615385,244.4384615,256.8769231,263.8461538,260.2076923
695.4698768,261.3769231,254.8769231,263.7230769,250.2615385,260.2384615,252.5461538,274.3615385,254.9384615,252.5769231,259.6461538,256.5076923
695.6590046,281.4769231,288.8769231,296.4230769,287.9615385,279.8384615,293.7461538,295.1615385,286.8384615,279.5769231,298.8461538,293.0076923
695.8481171,307.5769231,310.0769231,331.2230769,317.0615385,329.1384615,313.7461538,324.4615385,312.8384615,315.6769231,312.1461538,315.2076923
696.0372143,340.5769231,366.0769231,357.4230769,346.7615385,354.1384615,353.5461538,344.6615385,344.9384615,345.5769231,345.4461538,329.7076923
696.2262962,352.3769231,388.3769231,373.6230769,355.5615385,358.9384615,367.4461538,353.2615385,360.7384615,342.4769231,337.7461538,359.7076923
696.4153627,346.6769231,372.7769231,380.3230769,366.7615385,355.5384615,370.5461538,356.7615385,366.9384615,354.6769231,345.8461538,346.7076923
696.604414,330.6769231,375.9769231,364.6230769,350.6615385,350.6384615,362.2461538,354.0615385,338.9384615,335.8769231,324.1461538,335.0076923
696.7934499,300.7769231,313.5769231,325.3230769,322.3615385,319.9384615,318.2461538,314.9615385,310.1384615,295.4769231,308.2461538,304.7076923
696.9824704,249.0769231,278.9769231,273.3230769,264.7615385,278.8384615,276.8461538,279.9615385,263.7384615,256.5769231,267.0461538,244.0076923
697.1714756,218.3769231,244.4769231,246.8230769,248.4615385,239.0384615,242.7461538,238.3615385,233.2384615,227.8769231,232.3461538,223.5076923
697.3604655,204.3769231,216.2769231,216.6230769,210.0615385,207.8384615,208.0461538,199.6615385,199.4384615,193.5769231,191.3461538,198.7076923
697.5494401,182.9769231,192.7769231,194.7230769,182.8615385,194.3384615,185.6461538,179.1615385,184.1384615,192.4769231,185.4461538,164.9076923
697.7383993,158.9769231,166.0769231,180.9230769,174.9615385,167.9384615,174.3461538,166.5615385,168.1384615,162.1769231,175.8461538,149.8076923
697.9273431,151.5769231,162.5769231,166.4230769,155.3615385,155.7384615,177.6461538,157.4615385,156.8384615,151.3769231,142.2461538,160.5076923
698.1162716,143.9769231,129.9769231,138.2230769,150.7615385,146.7384615,151.3461538,147.1615385,139.2384615,146.2769231,138.7461538,142.5076923
698.3051848,131.2769231,148.0769231,149.1230769,146.7615385,136.5384615,145.9461538,146.7615385,138.8384615,140.1769231,136.3461538,139.0076923
698.4940826,120.9769231,128.5769231,133.7230769,128.1615385,118.1384615,129.5461538,123.4615385,133.7384615,114.0769231,115.7461538,120.5076923
698.682965,117.8769231,123.8769231,122.6230769,124.2615385,111.1384615,126.3461538,114.0615385,115.3384615,120.2769231,116.2461538,112.9076923
698.8718321,113.5769231,106.1769231,119.5230769,114.5615385,113.0384615,111.8461538,117.4615385,116.6384615,103.0769231,117.0461538,106.7076923
699.0606838,113.6769231,102.0769231,109.9230769,103.8615385,115.3384615,119.6461538,108.4615385,101.0384615,109.9769231,123.5461538,99.50769231
699.2495202,99.37692308,100.6769231,100.8230769,101.2615385,99.33846154,106.0461538,105.3615385,98.73846154,114.1769231,106.3461538,95.20769231
699.4383412,102.9769231,98.27692308,100.8230769,104.1615385,108.9384615,107.7461538,103.3615385,106.6384615,106.7769231,107.2461538,99.00769231
699.6271468,89.67692308,90.07692308,94.22307692,95.86153846,93.33846154,93.34615385,106.4615385,101.8384615,90.67692308,101.3461538,94.70769231
699.8159371,92.47692308,95.77692308,97.52307692,106.7615385,112.4384615,101.2461538,111.4615385,103.7384615,111.8769231,98.34615385,107.3076923
700.004712,91.87692308,96.27692308,82.12307692,88.96153846,91.73846154,94.24615385,96.56153846,86.93846154,96.87692308,94.44615385,96.20769231
700.1934715,94.67692308,91.87692308,84.52307692,84.06153846,95.13846154,93.14615385,95.36153846,89.13846154,95.07692308,101.0461538,89.90769231
700.3822156,86.87692308,83.27692308,83.32307692,93.46153846,95.33846154,95.04615385,103.5615385,94.63846154,96.67692308,88.74615385,95.00769231
700.5709444,102.9769231,89.57692308,97.22307692,105.4615385,95.73846154,88.24615385,102.6615385,98.23846154,107.4769231,103.9461538,87.90769231
700.7596577,94.27692308,83.77692308,86.62307692,98.26153846,99.33846154,96.14615385,99.66153846,95.63846154,84.87692308,95.74615385,89.10769231
700.9483557,100.1769231,95.17692308,103.9230769,108.4615385,103.1384615,103.1461538,94.16153846,93.53846154,105.3769231,104.9461538,84.60769231
701.1370383,98.17692308,91.77692308,99.22307692,105.7615385,92.63846154,94.04615385,93.56153846,94.33846154,105.4769231,104.8461538,90.10769231
701.3257055,107.5769231,88.17692308,94.42307692,110.8615385,97.73846154,105.1461538,109.9615385,108.9384615,102.8769231,112.3461538,104.4076923
701.5143574,100.0769231,96.27692308,85.62307692,100.3615385,94.63846154,104.0461538,99.46153846,97.43846154,102.8769231,99.64615385,105.3076923
701.7029938,126.0769231,95.07692308,103.0230769,101.8615385,113.3384615,104.4461538,104.0615385,106.3384615,105.0769231,112.0461538,110.8076923
701.8916148,105.2769231,103.6769231,104.5230769,99.16153846,100.7384615,105.3461538,101.2615385,106.3384615,113.7769231,114.9461538,105.1076923
702.0802204,123.7769231,105.0769231,119.9230769,120.0615385,111.0384615,120.2461538,123.9615385,126.6384615,119.1769231,126.1461538,122.9076923
702.2688107,118.7769231,114.7769231,110.6230769,113.8615385,115.9384615,117.8461538,121.6615385,126.4384615,112.2769231,119.7461538,112.0076923
702.4573855,127.3769231,112.5769231,115.6230769,125.6615385,125.5384615,114.3461538,123.1615385,116.3384615,113.4769231,121.8461538,129.4076923
702.6459449,130.5769231,119.3769231,143.0230769,127.0615385,134.8384615,125.9461538,136.6615385,141.1384615,137.6769231,129.2461538,135.2076923
702.8344889,133.6769231,133.5769231,130.8230769,137.6615385,139.2384615,140.6461538,147.7615385,132.3384615,144.5769231,148.5461538,145.3076923
703.0230175,156.1769231,130.9769231,149.5230769,145.4615385,142.4384615,138.2461538,149.7615385,147.1384615,145.6769231,154.6461538,152.7076923
703.2115307,183.8769231,163.7769231,165.9230769,169.3615385,167.7384615,168.0461538,168.2615385,163.6384615,174.2769231,171.2461538,164.7076923
703.4000285,180.8769231,179.3769231,168.5230769,182.2615385,178.3384615,170.2461538,176.2615385,186.6384615,177.7769231,185.8461538,181.4076923
703.5885108,199.6769231,197.4769231,193.0230769,186.5615385,199.6384615,193.6461538,191.8615385,195.7384615,203.3769231,203.7461538,187.3076923
703.7769778,215.5769231,201.4769231,205.0230769,195.8615385,198.2384615,209.1461538,207.9615385,210.9384615,201.8769231,219.5461538,211.3076923
703.9654293,225.7769231,212.8769231,221.8230769,216.4615385,213.2384615,219.0461538,215.0615385,222.2384615,220.8769231,233.6461538,221.9076923
704.1538654,235.1769231,231.3769231,217.8230769,233.2615385,233.0384615,226.2461538,244.9615385,227.8384615,236.7769231,245.0461538,236.2076923
704.342286,249.2769231,240.7769231,242.5230769,249.2615385,238.2384615,249.3461538,238.0615385,249.3384615,248.6769231,259.3461538,260.9076923
704.5306913,264.4769231,246.9769231,248.9230769,280.7615385,259.6384615,265.7461538,268.0615385,263.9384615,265.4769231,270.5461538,258.1076923
704.719081,297.6769231,287.6769231,284.5230769,288.7615385,284.5384615,289.8461538,287.8615385,289.9384615,294.3769231,294.5461538,291.9076923
704.9074554,329.4769231,305.2769231,318.6230769,311.0615385,315.9384615,319.6461538,326.0615385,320.4384615,328.5769231,321.7461538,319.6076923
705.0958143,378.0769231,353.2769231,355.9230769,355.2615385,359.5384615,373.9461538,381.1615385,365.3384615,369.4769231,375.2461538,373.0076923
705.2841578,422.9769231,399.1769231,410.2230769,411.2615385,414.4384615,414.7461538,418.6615385,428.6384615,406.3769231,443.7461538,423.6076923
705.4724858,502.7769231,483.0769231,486.7230769,469.9615385,491.7384615,507.1461538,501.3615385,499.6384615,496.9769231,496.2461538,503.2076923
705.6607984,600.4769231,577.3769231,592.1230769,592.3615385,591.2384615,592.2461538,593.0615385,603.9384615,589.1769231,599.5461538,612.7076923
705.8490956,746.4769231,719.4769231,714.4230769,721.1615385,718.6384615,728.1461538,730.9615385,733.5384615,728.2769231,744.0461538,753.9076923
706.0373773,897.1769231,861.5769231,878.7230769,873.1615385,863.7384615,880.6461538,905.7615385,888.5384615,890.7769231,887.1461538,872.8076923
706.2256435,1033.076923,1006.876923,1011.923077,1025.961538,1024.738462,1014.846154,1030.261538,1027.738462,1038.776923,1039.346154,1028.407692
706.4138943,1175.976923,1146.076923,1153.723077,1137.561538,1155.438462,1153.446154,1154.961538,1156.338462,1170.276923,1171.546154,1163.707692
706.6021296,1274.976923,1252.976923,1259.623077,1274.461538,1264.338462,1271.746154,1256.561538,1277.238462,1244.576923,1269.446154,1270.507692
706.7903495,1364.076923,1332.276923,1317.423077,1312.861538,1340.538462,1342.946154,1345.961538,1322.738462,1358.176923,1337.346154,1348.007692
706.9785539,1356.176923,1321.976923,1351.123077,1333.861538,1331.638462,1337.846154,1346.761538,1348.138462,1346.676923,1373.646154,1363.107692
707.1667429,1354.176923,1327.176923,1331.023077,1301.161538,1325.738462,1335.946154,1334.961538,1337.438462,1335.076923,1359.946154,1338.807692
707.3549163,1311.476923,1300.176923,1272.923077,1286.361538,1306.138462,1283.246154,1295.961538,1287.738462,1298.376923,1292.746154,1310.107692
707.5430743,1275.576923,1225.576923,1226.223077,1246.261538,1235.938462,1248.446154,1266.661538,1251.738462,1262.376923,1263.346154,1270.407692
707.7312169,1249.076923,1201.976923,1198.523077,1236.361538,1204.438462,1234.546154,1222.961538,1248.638462,1244.076923,1240.246154,1225.907692
707.9193439,1258.476923,1202.976923,1224.123077,1220.261538,1212.538462,1235.146154,1228.161538,1231.538462,1251.576923,1258.746154,1237.907692
708.1074555,1325.076923,1236.276923,1264.123077,1267.161538,1273.938462,1267.746154,1262.461538,1281.538462,1300.576923,1303.446154,1286.107692
708.2955516,1404.976923,1338.476923,1351.723077,1346.161538,1358.638462,1368.546154,1372.761538,1368.938462,1398.176923,1388.746154,1375.407692
708.4836323,1488.976923,1417.376923,1427.723077,1438.461538,1448.938462,1459.246154,1456.361538,1467.938462,1486.576923,1477.446154,1470.907692
708.6716974,1581.676923,1495.576923,1517.623077,1535.861538,1529.338462,1535.846154,1542.361538,1556.938462,1579.176923,1565.746154,1560.307692
708.8597471,1618.876923,1542.376923,1565.323077,1560.361538,1557.638462,1579.346154,1602.461538,1594.238462,1588.476923,1614.846154,1614.707692
709.0477812,1607.376923,1569.876923,1545.223077,1566.461538,1575.138462,1574.546154,1587.361538,1576.338462,1599.676923,1588.446154,1613.907692
709.2357999,1546.676923,1492.276923,1479.123077,1479.861538,1507.538462,1514.546154,1515.761538,1528.338462,1539.076923,1530.146154,1537.107692
709.4238031,1434.376923,1382.176923,1393.323077,1401.861538,1375.638462,1391.246154,1409.861538,1435.138462,1426.376923,1430.146154,1449.507692
709.6117908,1304.676923,1266.876923,1259.023077,1249.661538,1257.038462,1274.246154,1287.261538,1280.038462,1292.476923,1298.346154,1300.707692
709.799763,1166.776923,1114.676923,1119.723077,1110.861538,1131.438462,1155.846154,1145.061538,1170.838462,1161.776923,1160.646154,1159.307692
709.9877197,1050.176923,988.9769231,1005.923077,1013.861538,1022.838462,1020.346154,1024.561538,1038.138462,1036.676923,1048.746154,1028.907692
710.1756609,965.6769231,925.9769231,914.4230769,930.1615385,933.1384615,958.2461538,921.7615385,930.3384615,954.8769231,969.7461538,948.7076923
710.3635865,861.6769231,843.5769231,844.9230769,843.1615385,846.9384615,858.1461538,863.4615385,867.1384615,875.0769231,893.2461538,867.2076923
710.5514967,815.1769231,770.2769231,786.0230769,799.2615385,798.3384615,791.6461538,802.1615385,801.1384615,825.9769231,826.2461538,827.5076923
710.7393914,810.1769231,762.9769231,758.4230769,765.8615385,766.8384615,775.7461538,776.1615385,781.2384615,777.2769231,803.4461538,785.5076923
710.9272705,804.8769231,766.9769231,759.9230769,777.0615385,760.7384615,772.2461538,788.3615385,775.9384615,782.8769231,792.4461538,785.6076923
711.1151342,831.3769231,784.7769231,796.1230769,801.9615385,796.3384615,823.0461538,817.1615385,834.5384615,800.2769231,837.2461538,821.9076923
711.3029823,904.2769231,869.4769231,851.6230769,840.5615385,862.2384615,882.4461538,868.7615385,880.4384615,881.6769231,882.9461538,887.4076923
711.4908149,969.0769231,922.6769231,909.5230769,935.2615385,934.9384615,937.4461538,945.0615385,960.8384615,962.8769231,958.6461538,985.0076923
711.678632,1059.576923,999.1769231,1003.923077,999.1615385,1024.838462,1029.746154,1024.161538,1045.238462,1057.776923,1055.746154,1044.507692
711.8664335,1139.676923,1081.276923,1083.523077,1090.861538,1098.038462,1119.746154,1109.561538,1129.638462,1136.676923,1154.446154,1154.807692
712.0542195,1207.776923,1135.376923,1146.723077,1155.261538,1165.538462,1168.446154,1187.061538,1192.838462,1204.776923,1201.146154,1199.307692
712.24199,1219.376923,1152.376923,1146.223077,1169.261538,1158.738462,1183.546154,1171.061538,1164.838462,1201.576923,1208.746154,1196.607692
712.429745,1204.576923,1146.476923,1148.123077,1154.961538,1178.038462,1174.846154,1185.661538,1184.438462,1193.376923,1195.446154,1201.607692
712.6174844,1151.176923,1101.376923,1102.523077,1130.261538,1126.538462,1126.346154,1134.861538,1136.738462,1143.176923,1142.846154,1136.907692
712.8052083,1065.476923,1019.776923,1014.923077,1028.861538,1021.638462,1046.646154,1038.461538,1041.738462,1049.976923,1050.646154,1051.707692
712.9929167,979.1769231,940.8769231,943.7230769,952.3615385,945.2384615,964.2461538,961.7615385,955.1384615,967.9769231,972.1461538,964.5076923
713.1806095,872.4769231,830.7769231,840.6230769,850.7615385,847.0384615,864.4461538,851.3615385,868.3384615,868.6769231,872.9461538,862.7076923
713.3682867,779.0769231,773.8769231,757.5230769,760.4615385,766.1384615,790.0461538,784.9615385,783.3384615,795.2769231,795.8461538,768.0076923
713.5559485,720.9769231,683.1769231,678.8230769,696.3615385,694.3384615,703.5461538,708.0615385,716.4384615,710.1769231,718.9461538,728.1076923
713.7435946,659.4769231,616.9769231,614.2230769,617.2615385,618.5384615,633.9461538,629.3615385,635.2384615,626.4769231,634.0461538,644.0076923
713.9312253,591.4769231,560.0769231,572.7230769,561.6615385,577.3384615,571.4461538,579.1615385,574.1384615,590.5769231,594.1461538,582.8076923
714.1188403,533.8769231,512.0769231,528.9230769,531.3615385,504.4384615,522.3461538,521.8615385,529.4384615,529.0769231,544.8461538,535.7076923
714.3064398,475.8769231,459.1769231,468.4230769,477.9615385,456.1384615,476.7461538,466.2615385,476.3384615,489.6769231,476.1461538,483.8076923
714.4940238,446.5769231,412.2769231,423.7230769,421.7615385,419.8384615,424.8461538,430.8615385,433.7384615,420.7769231,440.4461538,434.9076923
714.6815922,386.2769231,374.9769231,371.6230769,378.5615385,373.7384615,377.5461538,388.5615385,386.4384615,394.8769231,384.5461538,380.1076923
714.869145,328.0769231,323.3769231,333.3230769,331.9615385,328.6384615,334.1461538,333.6615385,330.3384615,337.7769231,336.1461538,341.8076923
715.0566823,298.4769231,277.1769231,288.4230769,286.2615385,272.1384615,286.5461538,281.3615385,293.1384615,270.1769231,291.1461538,294.5076923
715.244204,264.4769231,240.6769231,249.9230769,250.9615385,243.3384615,253.1461538,237.9615385,246.5384615,250.4769231,249.8461538,255.3076923
715.4317101,203.5769231,193.5769231,213.5230769,213.1615385,208.6384615,213.5461538,218.6615385,214.8384615,205.7769231,218.0461538,209.3076923
715.6192006,194.2769231,183.6769231,184.9230769,197.4615385,188.7384615,190.8461538,197.6615385,186.6384615,192.2769231,191.5461538,189.3076923
715.8066756,159.0769231,148.9769231,151.2230769,156.4615385,142.6384615,165.4461538,155.7615385,147.0384615,146.5769231,157.0461538,142.6076923
715.994135,140.6769231,137.4769231,129.4230769,144.0615385,132.5384615,122.5461538,136.6615385,143.0384615,130.0769231,145.9461538,142.7076923
716.1815788,127.0769231,114.8769231,117.7230769,130.5615385,121.2384615,119.2461538,119.9615385,105.3384615,120.8769231,120.2461538,116.5076923
716.369007,119.4769231,112.1769231,115.8230769,96.56153846,110.6384615,116.9461538,112.1615385,110.3384615,115.5769231,113.3461538,110.1076923
716.5564197,90.37692308,93.67692308,88.72307692,92.36153846,94.73846154,99.44615385,102.2615385,85.13846154,91.17692308,91.94615385,90.50769231
716.7438167,95.47692308,76.37692308,99.12307692,88.16153846,88.63846154,84.04615385,94.56153846,87.53846154,88.47692308,99.44615385,91.10769231
716.9311982,80.27692308,80.77692308,83.82307692,80.86153846,78.43846154,76.94615385,93.36153846,72.83846154,75.47692308,85.44615385,69.50769231
717.1185641,84.67692308,61.37692308,79.42307692,67.66153846,70.23846154,85.64615385,79.56153846,75.33846154,83.47692308,80.84615385,81.50769231
717.3059144,67.87692308,61.47692308,78.52307692,79.76153846,75.23846154,79.54615385,69.56153846,69.03846154,74.87692308,77.24615385,67.80769231
717.4932491,75.27692308,70.07692308,69.82307692,66.76153846,62.93846154,71.44615385,74.96153846,64.83846154,72.37692308,73.94615385,72.40769231
717.6805681,61.77692308,56.87692308,53.62307692,71.26153846,56.63846154,70.34615385,66.16153846,68.73846154,68.27692308,68.04615385,77.00769231
717.8678716,63.57692308,67.87692308,68.32307692,63.56153846,62.83846154,66.94615385,62.56153846,59.93846154,69.77692308,62.24615385,66.20769231
718.0551595,63.67692308,53.47692308,50.92307692,67.06153846,63.43846154,58.04615385,60.86153846,59.33846154,53.97692308,61.34615385,61.00769231
718.2424318,62.37692308,59.77692308,64.82307692,57.46153846,54.03846154,63.54615385,61.66153846,71.63846154,71.67692308,80.04615385,61.30769231
718.4296884,51.77692308,61.77692308,61.12307692,60.56153846,51.23846154,72.04615385,60.16153846,58.23846154,69.07692308,69.74615385,57.90769231
718.6169295,55.47692308,67.67692308,58.82307692,61.86153846,64.53846154,61.24615385,60.46153846,59.73846154,71.37692308,69.64615385,65.10769231
718.8041549,53.77692308,39.37692308,47.87692308,66.36153846,49.33846154,54.14615385,57.56153846,48.33846154,57.57692308,56.24615385,53.30769231
718.9913648,65.07692308,60.17692308,49.52307692,62.46153846,64.93846154,52.34615385,62.56153846,53.73846154,51.77692308,63.14615385,54.20769231
719.178559,46.67692308,57.77692308,42.92307692,52.36153846,45.43846154,69.34615385,50.56153846,49.23846154,59.87692308,61.54615385,58.30769231
719.3657375,59.77692308,58.87692308,62.22307692,60.66153846,48.43846154,68.34615385,63.26153846,58.03846154,56.17692308,60.74615385,45.10769231
719.5529005,57.17692308,46.87692308,51.02307692,48.76153846,57.03846154,55.34615385,70.56153846,49.13846154,55.57692308,56.34615385,44.90769231
719.7400478,47.87692308,51.87692308,55.84615385,55.96153846,53.53846154,44.04615385,51.76153846,51.73846154,51.47692308,58.24615385,70.30769231
719.9271795,55.67692308,52.60769231,47.62307692,51.76153846,49.93846154,61.54615385,60.56153846,49.43846154,51.87692308,48.04615385,40.50769231
720.1142956,57.97692308,48.17692308,50.42307692,65.36153846,68.33846154,58.34615385,60.96153846,63.03846154,47.66153846,57.74615385,67.60769231
720.301396,47.07692308,50.07692308,50.82307692,46.66153846,41.73846154,50.34615385,48.16153846,50.23846154,48.84615385,52.64615385,52.70769231
720.4884808,54.67692308,47.87692308,53.52307692,55.26153846,39.83846154,50.84615385,52.26153846,47.73846154,52.67692308,57.84615385,42.03846154
720.67555,53.27692308,38.67692308,46.32307692,43.96153846,48.03846154,56.74615385,64.16153846,42.03846154,41.67692308,57.64615385,48.80769231
720.8626035,53.97692308,59.67692308,58.42307692,52.86153846,61.93846154,48.64615385,54.36153846,64.53846154,53.47692308,57.74615385,51.60769231
721.0496414,41.37692308,45.77692308,46.92307692,51.86153846,40.03846154,60.64615385,51.16153846,52.33846154,40.17692308,55.24615385,56.00769231
721.2366636,52.77692308,54.77692308,58.62307692,40.56153846,62.03846154,42.24615385,57.96153846,42.93846154,49.57692308,58.54615385,60.50769231
721.4236702,46.57692308,53.27692308,53.64615385,51.86153846,50.73846154,55.24615385,49.46153846,41.13846154,45.07692308,57.74615385,52.20769231
721.6106611,53.57692308,52.47692308,55.02307692,50.96153846,47.33846154,59.54615385,48.96153846,58.63846154,53.47692308,58.44615385,53.20769231
721.7976364,39.57692308,48.77692308,45.22307692,52.06153846,43.73846154,49.23076923,44.26153846,41.43846154,48.07692308,50.74615385,36.30769231
721.984596,53.07692308,49.67692308,49.32307692,48.56153846,53.23846154,49.94615385,51.76153846,40.33846154,47.87692308,60.74615385,35.70769231
722.17154,44.87692308,48.67692308,43.02307692,48.26153846,42.83846154,53.24615385,54.56153846,47.03076923,48.27692308,53.14615385,41.80769231
722.3584683,43.37692308,50.17692308,44.32307692,45.96153846,57.43846154,61.44615385,51.56153846,49.73846154,51.57692308,63.14615385,50.90769231
722.5453809,43.27692308,55.57692308,46.62307692,48.06153846,38.33846154,44.94615385,47.56153846,47.53846154,50.97692308,57.44615385,46.80769231
722.7322779,41.47692308,36.47692308,51.32307692,56.16153846,49.73846154,52.44615385,46.86153846,48.03846154,42.87692308,57.94615385,36.20769231
722.9191592,45.67692308,41.37692308,30.72307692,47.16153846,47.01538462,39.34615385,48.66153846,51.63846154,42.97692308,50.54615385,49.30769231
723.1060249,51.87692308,42.27692308,42.82307692,46.46153846,51.53846154,50.64615385,38.86153846,57.33846154,48.07692308,57.14615385,61.50769231
723.2928749,48.07692308,46.47692308,53.92307692,52.76153846,44.73846154,46.54615385,49.66153846,36.63846154,44.37692308,41.14615385,40.40769231
723.4797091,50.97692308,52.77692308,41.92307692,43.06153846,37.83846154,40.54615385,48.06153846,42.83846154,49.27692308,45.94615385,49.70769231
723.6665278,50.07692308,37.07692308,50.42307692,41.06153846,43.53846154,41.54615385,42.06153846,32.53846154,39.67692308,41.34615385,46.50769231
723.8533307,44.83076923,41.57692308,47.82307692,55.16153846,48.53846154,50.34615385,43.84615385,42.33846154,42.97692308,52.64615385,43.60769231
724.040118,44.97692308,47.97692308,58.02307692,35.46153846,36.63846154,42.64615385,42.1,33.63846154,43.37692308,47.94615385,49.80769231
724.2268895,53.97692308,41.47692308,33.10769231,58.96153846,44.93846154,46.04615385,45.86153846,42.43846154,47.97692308,59.54615385,43.50769231
724.4136454,45.17692308,41.87692308,47.42307692,37.16153846,44.73846154,39.24615385,48.56153846,37.73846154,38.47692308,32.94615385,47.30769231
724.6003856,46.87692308,48.67692308,38.95384615,42.76153846,56.13846154,50.14615385,46.06153846,47.23846154,40.91538462,58.64615385,51.00769231
724.7871101,44.07692308,41.30769231,31.62307692,40.66153846,44.03076923,42.44615385,48.86153846,30.23846154,33.27692308,58.04615385,43.70769231
724.9738189,46.77692308,46.07692308,35.82307692,47.66153846,44.03846154,41.52307692,41.66153846,48.83846154,44.77692308,52.64615385,34.80769231
725.160512,46.10769231,46.67692308,33.02307692,48.26153846,47.43846154,48.54615385,42.56153846,49.33846154,40.67692308,43.84615385,34.80769231
725.3471895,51.87692308,43.47692308,49.02307692,48.16153846,44.08461538,49.04615385,46.66153846,41.83846154,38.27692308,52.14615385,53.00769231
725.5338512,49.77692308,47.07692308,43.72307692,44.86153846,37.53846154,43.14615385,38.06153846,44.73846154,36.67692308,44.24615385,51.20769231
725.7204972,56.47692308,45.37692308,45.02307692,55.66153846,41.53846154,47.74615385,50.66153846,47.93846154,45.57692308,63.64615385,42.80769231
725.9071275,36.77692308,35.67692308,47.72307692,35.56153846,39.03846154,41.04615385,36.76153846,37.13846154,42.17692308,49.64615385,31.80769231
726.0937421,53.27692308,53.87692308,47.62307692,44.07692308,41.73846154,49.64615385,46.06153846,39.53846154,42.27692308,52.74615385,57.40769231
726.280341,58.47692308,48.87692308,50.92307692,50.66153846,53.23846154,55.14615385,52.56153846,46.93846154,40.24615385,55.64615385,49.6
726.4669241,71.17692308,61.67692308,67.02307692,60.06153846,59.53846154,66.84615385,76.56153846,75.93846154,57.17692308,66.14615385,61.80769231
726.6534916,75.57692308,73.87692308,76.52307692,77.66153846,77.33846154,77.24615385,76.86153846,67.83846154,67.77692308,73.64615385,69.60769231
726.8400433,86.57692308,91.17692308,95.72307692,88.36153846,88.23846154,87.64615385,80.46153846,83.23846154,84.77692308,84.14615385,82.40769231
727.0265794,93.57692308,89.77692308,88.62307692,93.16153846,91.73846154,84.24615385,92.86153846,89.83846154,85.97692308,88.54615385,82.00769231
727.2130996,83.97692308,92.37692308,92.12307692,96.16153846,102.6384615,106.3461538,103.3615385,89.43846154,89.17692308,107.9461538,95.00769231
727.3996042,96.77692308,86.47692308,97.92307692,96.76153846,99.83846154,87.44615385,95.96153846,105.1384615,75.67692308,91.24615385,83.50769231
727.5860931,93.57692308,85.07692308,82.32307692,85.76153846,95.33846154,90.04615385,83.46153846,86.53846154,81.97692308,98.14615385,80.80769231
727.7725662,65.97692308,71.77692308,70.52307692,82.46153846,69.83846154,78.94615385,75.96153846,78.03846154,74.67692308,81.04615385,77.70769231
727.9590235,73.87692308,65.87692308,68.22307692,69.46153846,71.23846154,72.14615385,66.76153846,73.53846154,70.37692308,67.74615385,66.10769231
728.1454652,69.17692308,60.97692308,55.72307692,52.76153846,49.83846154,66.34615385,66.56153846,65.43846154,63.77692308,58.74615385,67.60769231
728.3318911,64.47692308,65.97692308,59.02307692,71.26153846,68.73846154,61.54615385,64.16153846,68.73846154,57.47692308,68.04615385,63.30769231
728.5183013,44.47692308,62.47692308,64.62307692,63.06153846,48.53846154,68.94615385,54.46153846,53.63846154,53.27692308,58.44615385,45.43846154
728.7046957,62.17692308,62.27692308,58.42307692,56.66153846,58.93846154,67.34615385,56.26153846,47.13846154,57.77692308,61.34615385,56.00769231
728.8910744,50.07692308,46.07692308,52.02307692,46.76153846,52.83846154,48.04615385,42.46153846,41.13846154,39.97692308,62.94615385,50.60769231
729.0774373,58.97692308,51.97692308,54.52307692,51.66153846,59.23846154,61.04615385,52.16153846,55.83846154,42.37692308,60.44615385,45.20769231
729.2637845,38.57692308,39.57692308,48.62307692,60.26153846,42.03846154,46.74615385,48.86153846,35.53846154,52.77692308,53.74615385,38.70769231
729.4501159,48.87692308,49.07692308,35.02307692,50.16153846,54.13846154,52.44615385,36.11538462,43.23076923,41.57692308,52.64615385,49.60769231
729.6364316,49.27692308,44.77692308,37.97692308,42.56153846,43.03846154,51.64615385,46.26153846,36.33846154,48.47692308,54.84615385,40.50769231
729.8227315,53.57692308,35.07692308,37.62307692,52.56153846,42.82307692,44.04615385,38.26153846,41.53846154,50.97692308,43.54615385,48.10769231
730.0090156,35.1,45.57692308,31.02307692,41.46153846,31.33846154,49.04615385,34.51538462,43.63846154,38.27692308,51.64615385,48.10769231
730.195284,48.47692308,46.67692308,46.22307692,40.16153846,53.43846154,47.84615385,44.56153846,50.83846154,55.67692308,49.54615385,36.10769231
730.3815367,38.57692308,40.17692308,41.12307692,45.66153846,29.82307692,41.24615385,34.86153846,45.53846154,43.17692308,40.74615385,41.60769231
730.5677735,45.37692308,42.27692308,26.82307692,43.76153846,35.03846154,40.64615385,31.86153846,52.43846154,38.37692308,39.44615385,28.53076923
730.7539946,32.47692308,40.87692308,37.92307692,37.76153846,34.53846154,41.12307692,38.81538462,32.33846154,42.77692308,34.94615385,41.8
730.9402,36.67692308,24.01538462,44.32307692,51.46153846,43.23846154,51.54615385,47.56153846,36.43846154,41.07692308,31.34615385,54.20769231
731.1263895,33.47692308,22.27692308,32.92307692,20.36153846,35.03846154,37.34615385,36.56153846,31.93076923,29.83846154,52.54615385,35.40769231
731.3125633,47.07692308,36.77692308,47.42307692,40.26153846,38.13846154,38.12307692,31.46153846,41.83846154,42.07692308,38.44615385,31.13846154
731.4987213,34.43076923,27.20769231,27.60769231,21.46923077,41.41538462,29.64615385,39.86153846,32.03846154,39.16153846,44.74615385,34.40769231
731.6848635,38.47692308,36.57692308,36.12307692,52.86153846,32.01538462,32.92307692,42.56153846,49.03846154,44.07692308,40.29230769,29.30769231
731.8709899,37.68461538,36.07692308,32.12307692,37.16153846,23.73846154,32.54615385,42.86153846,25.43846154,40.27692308,44.84615385,36.90769231
732.0571006,29.37692308,41.57692308,34.83846154,43.47692308,36.93846154,35.74615385,33.46153846,43.83846154,35.86153846,43.94615385,29.23846154
732.2431954,42.87692308,25.47692308,31.53846154,30.7,26.46923077,35.04615385,32.06153846,38.43846154,34.07692308,37.54615385,23.01538462
732.4292745,39.57692308,48.37692308,42.12307692,33.86153846,36.13846154,36.64615385,38.46153846,30.45384615,23.67692308,51.34615385,35.50769231
732.6153378,33.47692308,23.77692308,25.27692308,28.36153846,29.83846154,25.94615385,31.81538462,47.83076923,35.54615385,44.14615385,34.73846154
732.8013853,41.44615385,36.40769231,30.17692308,43.36153846,34.43846154,46.04615385,40.76153846,35.93846154,20.8,39.84615385,41.40769231
732.9874169,27.43076923,25.11538462,27.96923077,31.64615385,28.5,32.03076923,35.01538462,31.23846154,26.97692308,33.79230769,31.80769231
733.1734328,28.77692308,42.39230769,39.07692308,29.36153846,35.73846154,40.04615385,37.36153846,35.13846154,27.47692308,39.74615385,36.60769231
733.3594329,31.67692308,25.50769231,26.74615385,33.76153846,29.23846154,38.53076923,30.66153846,27.55384615,32.07692308,32,27.00769231
733.5454172,38.44615385,29.18461538,38.22307692,27.86153846,35.50769231,31.34615385,34.86153846,36.03846154,29.67692308,40.14615385,35.83846154
733.7313856,27.67692308,26.37692308,18.45384615,25.8,28.81538462,26.96923077,33.86153846,23.85384615,22.91538462,29.05384615,24.13846154
733.9173383,31.57692308,37.18461538,27.72307692,43.36153846,26.42307692,36.74615385,31.46153846,34.09230769,33.67692308,36.92307692,26.77692308
734.1032751,28.37692308,29.27692308,31.35384615,34.06153846,38.13846154,18.95384615,28.36153846,27.4,34.07692308,39.24615385,26.96923077
734.2891962,33.77692308,29.67692308,25.60769231,29.96153846,37.63846154,32.14615385,31.76923077,29.43846154,30.83076923,36.65384615,26.1
734.4751014,36.27692308,23.90769231,32.93846154,33.86153846,32.73076923,29.13076923,18.14615385,22.49230769,26.00769231,19.75384615,25.90769231
734.6609908,33.37692308,23.97692308,40.73846154,35.46153846,27.83846154,34.04615385,27.46153846,29.43846154,35.47692308,39.74615385,39.80769231
734.8468643,32.77692308,28.47692308,19.95384615,38.56153846,23.43846154,27.54615385,30.26153846,28.83846154,27.37692308,36.74615385,23.36153846
735.0327221,30.97692308,32.67692308,31.22307692,34.47692308,25.13846154,32.63076923,35.51538462,33.25384615,32.27692308,39.44615385,44.00769231
735.218564,37.97692308,24.63846154,36.02307692,21.47692308,26.90769231,18.10769231,31.76153846,29.47692308,33.27692308,36.92307692,18.70769231
735.4043901,32.16923077,28.86153846,30.42307692,35.36153846,40.63846154,35.54615385,33.96153846,32.83846154,29.12307692,34.44615385,31.30769231
735.5902003,18.60769231,28.27692308,15.07692308,21.48461538,31.73076923,25.85384615,25.8,30.43846154,27.04615385,29.24615385,21.26153846
735.7759947,31.97692308,28.64615385,32.65384615,29.9,32.66153846,33.34615385,46.06153846,23.93846154,34.07692308,33.24615385,27.06153846
735.9617733,27.17692308,32.31538462,28.52307692,37.96153846,25.4,22.14615385,29.96153846,25.83846154,29.77692308,42.74615385,23.26153846
736.1475361,32.40769231,33.47692308,34.32307692,34.26153846,34.13846154,35.66923077,32.96153846,37.73846154,35.97692308,38.74615385,27.80769231
736.333283,25.71538462,31.48461538,34.92307692,34.96153846,31.13846154,29.78461538,40.66153846,30.43846154,20.98461538,40.74615385,36.80769231
736.519014,35.87692308,27.28461538,27.12307692,36.86153846,20.96923077,29.34615385,34.81538462,35.83846154,35.27692308,43.94615385,25.70769231
736.7047293,37.77692308,38.07692308,23.12307692,32.14615385,35.9,42.44615385,31.77692308,27.93846154,28.87692308,32.95384615,25.67692308
736.8904286,42.87692308,36.57692308,32.17692308,38.76153846,33.73846154,38.64615385,44.66153846,41.75384615,30.77692308,42.24615385,31.80769231
737.0761121,34.17692308,41.78461538,26.52307692,38.86153846,34.51538462,43.24615385,31.06153846,37.13076923,42.17692308,39.64615385,32.83076923
737.2617798,65.27692308,57.37692308,58.72307692,54.26153846,64.93846154,57.84615385,57.06153846,60.23846154,50.67692308,68.24615385,54.60769231
737.4474316,102.6769231,106.0769231,104.5230769,128.5615385,116.7384615,106.3461538,112.0615385,107.1384615,94.47692308,96.74615385,105.6076923
737.6330675,175.7769231,192.9769231,180.2230769,188.8615385,188.6384615,191.7461538,188.9615385,185.9384615,174.0769231,186.2461538,165.2076923
737.8186876,222.2769231,268.1769231,274.9230769,268.1615385,250.8384615,267.2461538,263.2615385,251.2384615,243.7769231,251.1461538,238.5076923
738.0042918,286.6769231,331.5769231,329.8230769,314.8615385,311.5384615,322.9461538,319.7615385,307.3384615,311.2769231,289.7461538,289.0076923
738.1898802,313.6769231,360.7769231,360.4230769,354.9615385,357.3384615,330.0461538,351.4615385,330.7384615,336.2769231,322.7461538,315.2076923
738.3754527,333.5769231,390.6769231,382.5230769,367.8615385,379.1384615,359.4461538,368.7615385,348.8384615,329.9769231,344.8461538,341.8076923
738.5610093,317.6769231,361.5769231,365.3230769,369.8615385,345.1384615,348.7461538,343.2615385,334.0384615,312.7769231,320.3461538,318.9076923
738.74655,277.7769231,311.2769231,314.6230769,315.9615385,297.3384615,297.9461538,290.2615385,279.7384615,280.2769231,289.4461538,278.0076923
738.9320749,220.2769231,239.5769231,258.3230769,251.5615385,236.5384615,240.9461538,240.8615385,230.0384615,227.9769231,224.7461538,210.9076923
739.1175839,193.3769231,224.7769231,213.8230769,227.2615385,214.9384615,215.4461538,207.2615385,198.7384615,194.3769231,194.8461538,188.2076923
739.303077,157.7769231,180.4769231,176.4230769,181.1615385,165.9384615,186.9461538,175.0615385,155.1384615,163.2769231,155.4461538,156.4076923
739.4885542,134.0769231,174.6769231,165.3230769,155.8615385,151.2384615,150.0461538,154.7615385,137.8384615,148.6769231,150.8461538,136.6076923
739.6740156,112.1769231,140.4769231,133.8230769,134.4615385,114.7384615,133.4461538,133.4615385,133.4384615,129.2769231,115.0461538,119.7076923
739.859461,112.7769231,125.1769231,124.4230769,124.1615385,110.8384615,119.4461538,119.5615385,113.2384615,109.5769231,131.5461538,96.70769231
740.0448906,84.17692308,107.0769231,110.5230769,110.3615385,99.63846154,97.34615385,106.8615385,102.3384615,96.27692308,100.5461538,88.20769231
740.2303043,65.87692308,103.3769231,103.7230769,108.5615385,101.9384615,100.1461538,101.6615385,96.33846154,97.87692308,99.94615385,88.80769231
740.4157021,71.07692308,84.07692308,82.52307692,84.56153846,92.53846154,78.94615385,73.96153846,74.43846154,72.17692308,86.14615385,69.90769231
740.6010839,67.37692308,73.37692308,82.82307692,73.26153846,78.23846154,83.24615385,68.26153846,84.93846154,54.37692308,73.24615385,74.50769231
740.7864499,54.07692308,59.97692308,70.72307692,59.06153846,64.83846154,70.24615385,75.76153846,68.83846154,70.27692308,58.84615385,55.00769231
740.9718,54.07692308,67.87692308,63.72307692,68.16153846,58.63846154,71.34615385,71.66153846,63.23846154,61.07692308,66.24615385,58.00769231
741.1571342,57.87692308,39.17692308,65.62307692,53.56153846,53.13846154,55.44615385,62.16153846,58.63846154,63.57692308,56.24615385,51.40769231
741.3424524,52.47692308,58.97692308,65.62307692,56.46153846,61.53846154,63.64615385,49.86153846,43.33846154,60.77692308,59.34615385,45.20769231
741.5277548,48.73076923,49.77692308,51.65384615,55.86153846,43.83846154,51.64615385,46.36153846,49.93846154,66.17692308,40.54615385,44.90769231
741.7130412,55.97692308,51.27692308,59.12307692,56.06153846,51.93846154,61.44615385,61.56153846,63.33846154,55.77692308,62.14615385,55.90769231
741.8983118,48.77692308,43.97692308,49.32307692,54.76153846,49.53846154,48.64615385,55.76153846,51.13846154,56.87692308,55.54615385,57.00769231
742.0835664,59.57692308,53.07692308,62.82307692,57.76153846,56.23846154,60.14615385,39.46153846,61.23846154,61.57692308,74.44615385,61.70769231
742.2688051,64.67692308,51.17692308,45.52307692,59.16153846,64.13846154,61.34615385,54.36153846,52.93846154,64.57692308,56.94615385,58.40769231
742.4540279,61.47692308,59.97692308,68.02307692,64.06153846,65.13846154,54.44615385,66.56153846,62.73846154,52.27692308,77.04615385,49.90769231
742.6392347,75.67692308,61.57692308,69.92307692,68.56153846,59.53846154,62.44615385,47.46153846,68.73846154,66.17692308,59.54615385,71.80769231
742.8244256,67.17692308,57.67692308,60.32307692,69.36153846,53.33846154,65.84615385,67.86153846,63.03846154,61.37692308,63.14615385,77.00769231
743.0096006,50.47692308,45.67692308,51.72307692,58.26153846,53.13846154,61.34615385,52.66153846,61.23846154,60.57692308,68.34615385,59.40769231
743.1947597,55.07692308,58.77692308,58.62307692,64.36153846,60.63846154,61.24615385,57.16153846,67.73846154,57.37692308,63.74615385,58.90769231
743.3799028,47.37692308,50.07692308,42.12307692,52.96153846,54.53846154,41.80769231,41.56153846,47.53846154,39.27692308,55.24615385,56.70769231
743.56503,51.17692308,53.57692308,51.82307692,54.66153846,49.73846154,51.84615385,54.06153846,53.63846154,52.47692308,62.54615385,56.80769231
743.7501413,48.67692308,45.37692308,33.33846154,35.86153846,43.51538462,44.74615385,41.66153846,39.83846154,48.27692308,39.94615385,47.60769231
743.9352366,48.77692308,42.47692308,51.62307692,56.76153846,50.83846154,37.34615385,51.36153846,46.53846154,46.17692308,47.64615385,47.00769231
744.120316,35.27692308,33.87692308,43.62307692,45.16153846,36.03846154,49.04615385,55.46153846,41.83846154,48.57692308,37.74615385,41.80769231
744.3053794,50.17692308,42.37692308,44.32307692,44.56153846,40.03846154,44.74615385,41.26153846,39.83846154,39.27692308,40.44615385,37.30769231
744.4904269,47.07692308,34.57692308,36.42307692,46.66153846,38.03846154,30.96923077,33.86153846,29.93846154,28.27692308,42.14615385,32.30769231
744.6754584,36.77692308,33.57692308,39.63846154,47.06153846,34.33846154,26.34615385,44.06153846,32.73846154,40.97692308,45.14615385,36.70769231
744.860474,30.77692308,32.17692308,28.42307692,36.86153846,29.43846154,42.24615385,33.36153846,29.93846154,31.37692308,27.54615385,33.40769231
745.0454736,32.87692308,31.77692308,32.83846154,33.66153846,34.26153846,37.94615385,40.96153846,32.93076923,41.27692308,43.74615385,32.91538462
745.2304573,30.71538462,31.51538462,23.67692308,28.56153846,25.03076923,28.34615385,31.36153846,22.93076923,24.93846154,37.54615385,35.10769231
745.415425,34.67692308,32.61538462,36.23846154,38.76153846,30.43846154,27.18461538,27.70769231,35.23846154,36.56153846,39.34615385,29.40769231
745.6003768,29.67692308,29.90769231,26.13846154,28.56153846,32.13846154,29.24615385,28.44615385,29.08461538,39.76923077,34.24615385,26.84615385
745.7853125,36.19230769,30.37692308,39.63846154,31.47692308,26.93846154,30.44615385,35.66153846,32.53846154,36.84615385,44.54615385,25.15384615
745.9702323,25.97692308,39.37692308,33.22307692,22.96153846,27.13076923,36.73076923,30.06153846,33.73076923,29.93076923,31.94615385,34.13846154
746.1551362,42.07692308,35.87692308,41.62307692,34.01538462,41.33846154,42.84615385,29.06153846,35.63846154,43.07692308,37.34615385,38.00769231
746.3400241,24.97692308,30.37692308,29.82307692,32.57692308,43.63846154,45.24615385,29.91538462,42.03846154,38.57692308,37.24615385,36.90769231
746.524896,32.21538462,32.07692308,43.12307692,38.46153846,43.33846154,34.04615385,41.56153846,37.63846154,35.87692308,45.64615385,34.75384615
746.7097519,34.97692308,51.57692308,37.32307692,42.76153846,40.03846154,37.74615385,36.76153846,21.13076923,40.57692308,39.24615385,27.10769231
746.8945918,42.87692308,40.27692308,35.47692308,40.87692308,35.32307692,43.54615385,37.06153846,39.73846154,40.97692308,44.54615385,37.80769231
747.0794158,29.67692308,30.88461538,24.07692308,41.56153846,20.43846154,33.84615385,34.56153846,27.73846154,30.27692308,37.94615385,28.40769231
747.2642237,38.91538462,33.77692308,30.32307692,30.16153846,29.13846154,33.74615385,39.86153846,29.43846154,36.97692308,35.24615385,33.70769231
747.4490157,35.47692308,33.07692308,31.02307692,27.47692308,32.13076923,26.96923077,27.06153846,21.74615385,27.37692308,34.64615385,33.30769231
747.6337917,29.77692308,27.07692308,34.82307692,36.66153846,28.71538462,43.54615385,37.76153846,35.33846154,39.77692308,37.34615385,30.80769231
747.8185517,35.87692308,32.27692308,33.42307692,40.17692308,28.23076923,33.74615385,35.86153846,19.1,24.97692308,29.44615385,25.21538462
748.0032957,31.37692308,34.43076923,29.82307692,31.06153846,42.23846154,28.16923077,23.66153846,32.73846154,31.67692308,38.84615385,25.2
748.1880238,34.97692308,24.47692308,28.32307692,23.37692308,28.78461538,29.3,29.06923077,25.3,17.23076923,30.14615385,20.70769231
748.3727358,34.54615385,29.77692308,18.64615385,29.46153846,34.03846154,31.44615385,30.77692308,33.03846154,32.34615385,35.14615385,24.22307692
748.5574318,19.44615385,22.49230769,30.45384615,36.76153846,24.83846154,22.85384615,30.86923077,18.59230769,21.76153846,24.24615385,28.20769231
748.7421118,30.67692308,15.39230769,31.52307692,19.05384615,24.53846154,27.89230769,26.71538462,37.73846154,29.71538462,20.33076923,32.40769231
748.9267758,27.87692308,18.17692308,25.3,35.06153846,24.93076923,22.76923077,22.96153846,19.55384615,24.97692308,33.36923077,24.50769231
749.1114238,38.57692308,34.97692308,25.05384615,38.36153846,31.46153846,37.94615385,39.96153846,41.63846154,32.27692308,28.93076923,31.80769231
749.2960558,56.67692308,52.27692308,59.82307692,54.76153846,52.33846154,56.04615385,65.36153846,58.43846154,51.37692308,48.74615385,50.20769231
749.4806718,101.2769231,118.7769231,112.7230769,117.3615385,100.8384615,127.4461538,101.9615385,104.5384615,111.2769231,105.9461538,104.9076923
749.6652717,165.9769231,179.9769231,176.0230769,185.9615385,171.1384615,173.3461538,173.5615385,172.1384615,170.5769231,167.9461538,168.6076923
749.8498557,222.6769231,261.7769231,246.6230769,252.2615385,240.4384615,240.9461538,234.7615385,226.2384615,223.9769231,236.4461538,220.3076923
750.0344236,259.6769231,292.1769231,292.5230769,301.6615385,291.5384615,290.2461538,287.0615385,290.0384615,270.6769231,277.6461538,271.4076923
750.2189755,310.9769231,338.4769231,349.4230769,342.5615385,326.8384615,331.5461538,333.9615385,333.5384615,313.8769231,303.2461538,292.0076923
750.4035114,337.0769231,379.1769231,376.4230769,375.4615385,360.6384615,357.8461538,372.4615385,346.3384615,335.4769231,334.5461538,335.3076923
750.5880312,355.3769231,421.2769231,415.7230769,407.7615385,386.2384615,393.1461538,385.6615385,391.6384615,374.9769231,377.3461538,359.7076923
750.772535,374.6769231,437.6769231,419.0230769,427.5615385,430.8384615,407.8461538,431.5615385,403.7384615,391.2769231,390.2461538,374.5076923
750.9570228,391.9769231,452.4769231,445.2230769,446.7615385,452.7384615,418.4461538,424.9615385,422.5384615,396.8769231,400.1461538,400.9076923
751.1414946,409.3769231,478.1769231,468.7230769,453.1615385,455.3384615,445.8461538,439.6615385,427.3384615,394.2769231,400.5461538,411.1076923
751.3259503,404.8769231,477.9769231,464.4230769,461.8615385,455.8384615,441.7461538,435.0615385,426.9384615,429.7769231,416.3461538,405.6076923
751.5103899,390.5769231,454.5769231,456.5230769,447.8615385,440.9384615,432.9461538,420.5615385,430.5384615,395.1769231,384.7461538,380.9076923
751.6948136,348.5769231,407.8769231,406.4230769,410.3615385,384.1384615,384.3461538,382.9615385,362.3384615,361.4769231,357.1461538,348.4076923
751.8792211,284.6769231,354.2769231,342.4230769,328.3615385,327.6384615,323.5461538,329.1615385,303.5384615,305.1769231,311.0461538,296.1076923
752.0636127,240.6769231,284.7769231,278.3230769,285.4615385,273.5384615,269.4461538,270.4615385,254.7384615,253.2769231,245.6461538,232.2076923
752.2479882,200.0769231,228.8769231,230.0230769,225.9615385,229.0384615,224.8461538,222.2615385,217.3384615,200.1769231,209.4461538,196.4076923
752.4323476,175.2769231,210.9769231,212.0230769,203.6615385,207.5384615,185.1461538,192.6615385,194.0384615,192.1769231,195.3461538,181.3076923
752.616691,152.8769231,177.6769231,169.6230769,162.7615385,164.6384615,163.4461538,153.5615385,150.8384615,161.0769231,153.9461538,150.7076923
752.8010183,140.3769231,164.6769231,155.1230769,160.8615385,150.3384615,147.3461538,137.2615385,135.4384615,135.0769231,142.7461538,126.3076923
752.9853296,99.47692308,132.0769231,126.0230769,133.1615385,129.4384615,118.9461538,112.2615385,115.9384615,115.7769231,95.34615385,112.8076923
753.1696248,79.37692308,117.1769231,124.7230769,116.3615385,108.5384615,113.9461538,112.9615385,102.2384615,99.07692308,97.84615385,99.80769231
753.3539039,84.77692308,87.67692308,92.22307692,87.26153846,92.33846154,90.14615385,84.86153846,67.53846154,82.67692308,85.34615385,78.20769231
753.538167,69.77692308,86.97692308,81.12307692,97.06153846,81.93846154,85.04615385,85.56153846,71.13846154,78.57692308,71.64615385,60.90769231
753.722414,53.17692308,67.67692308,70.72307692,68.56153846,66.03846154,64.04615385,53.26153846,61.73846154,55.17692308,78.64615385,51.20769231
753.9066449,57.97692308,62.17692308,68.92307692,60.16153846,58.53846154,66.64615385,58.16153846,52.43846154,51.07692308,62.24615385,38.70769231
754.0908598,39.47692308,46.67692308,51.02307692,36.46153846,39.82307692,40.44615385,43.86153846,46.53846154,40.47692308,54.94615385,35.10769231
754.2750586,43.47692308,37.57692308,30.22307692,38.76153846,35.93846154,44.84615385,49.66153846,41.63846154,25.77692308,53.64615385,40.20769231
754.4592413,24.52307692,29.57692308,29.22307692,34.07692308,32.4,34.34615385,37.86153846,25.33846154,38.17692308,32.34615385,27.70769231
754.6434079,35.87692308,24.97692308,28.54615385,31.87692308,29.33846154,28.16923077,30.81538462,29.73846154,28.26153846,22.75384615,18.96923077
754.8275584,17.46923077,21.46923077,19.14615385,26.4,27.12307692,22.62307692,21.84615385,25.43846154,21.67692308,29.89230769,18.85384615
755.0116929,23.97692308,25.79230769,28.02307692,27.56153846,25.56153846,29.34615385,20.76153846,21.43846154,22.49230769,33.14615385,19.6
755.1958112,15.27692308,14.81538462,19.22307692,14.19230769,17.15384615,25.03846154,14.53076923,15.90769231,12.91538462,13.83076923,8.584615385
755.3799135,16.46153846,19.57692308,22.07692308,16.87692308,20.50769231,22.75384615,17.76923077,20.23076923,26.07692308,26.14615385,20.00769231
755.5639997,11.65384615,12.01538462,19.68461538,12.66153846,9.030769231,6.353846154,17.36153846,18.96923077,21.04615385,26.3,16.72307692
755.7480698,24.09230769,10.66153846,22.76153846,15.99230769,10.93076923,18.78461538,17.03846154,26.93846154,17.03846154,14.06923077,22.00769231
755.9321238,18.37692308,11.86153846,12.8,15.50769231,18.71538462,9.246153846,19.3,17.79230769,22.51538462,19.93076923,11.06153846
756.1161617,14.5,19.71538462,23.62307692,21.1,22.59230769,29.20769231,18.2,16.19230769,10.79230769,22.24615385,14.78461538
756.3001834,17.73076923,12.55384615,15.08461538,21.43076923,5.876923077,24.93846154,13.91538462,12.06153846,14.93846154,25.04615385,18
756.4841891,15.44615385,13.03846154,22.82307692,14.56153846,10.9,21.43076923,10.05384615,16.84615385,15.17692308,18.02307692,14.64615385
756.6681787,12.93076923,3.884615385,7.284615385,23.69230769,12.66153846,14.94615385,13.79230769,13.97692308,15.13076923,21.13076923,10.88461538
756.8521522,14.63846154,16.92307692,9.8,17.44615385,21.7,9.784615385,16.55384615,19.83846154,21.47692308,24.93846154,20.50769231
757.0361095,17.09230769,13.00769231,14.02307692,13.86153846,18.93846154,10.06923077,15.84615385,16.16923077,7.046153846,16.31538462,15.93846154
757.2200507,24.3,15.37692308,24.22307692,19.13846154,11.46923077,27.74615385,22.86923077,13.53846154,15.22307692,19.14615385,25.08461538
757.4039759,16.06923077,10.60769231,18.13076923,14.91538462,18.81538462,13.59230769,15.31538462,16.27692308,25.41538462,20.02307692,7.1
757.5878849,19.65384615,4.269230769,13.96153846,17.31538462,17.56153846,26.74615385,24.46153846,12.65384615,17,11.90769231,23.63846154
757.7717777,25.07692308,13.98461538,13.27692308,15.15384615,21.26153846,23.55384615,20.85384615,15.36153846,12.23846154,17.74615385,12.53076923
757.9556545,18.63076923,17.77692308,15.23846154,16.78461538,20.70769231,34.93076923,17.58461538,20.74615385,19,18.89230769,24
758.1395151,13.74615385,9.761538462,11.44615385,20.66153846,19.83846154,9.830769231,18.62307692,13.3,13.75384615,16.06153846,18.62307692
758.3233596,16.9,11.51538462,15.80769231,20.68461538,17.47692308,19.24615385,32.26153846,17.69230769,18.73076923,26.62307692,12.7
758.507188,21.94615385,10.67692308,16.89230769,18.6,14.80769231,11.61538462,17.00769231,13.14615385,14.12307692,19.65384615,6.838461538
758.6910002,16.83076923,7.607692308,18.65384615,15.2,17.73846154,28.24615385,18.06153846,16.23846154,15.43846154,23.32307692,14.44615385
758.8747963,9.615384615,11.50769231,19.07692308,16.87692308,10.68461538,23.26923077,15.36153846,14.08461538,16.56923077,14.69230769,13.10769231
759.0585763,29.43076923,5.384615385,16.73846154,17.73076923,22.43076923,11.16153846,30.16153846,21.86923077,14.42307692,19.62307692,21.30769231
759.2423401,18,16.87692308,11.97692308,13.17692308,10.2,9.276923077,14.51538462,4.207692308,9.415384615,14.87692308,24.54615385
759.4260877,20.80769231,13.87692308,9.2,25.5,17.06923077,20.65384615,21.61538462,18.35384615,18.59230769,32.74615385,21.96153846
759.6098193,13.41538462,15.13846154,15.47692308,15.27692308,17.47692308,14.28461538,15.09230769,11.69230769,14.93846154,26.4,13.03076923
759.7935346,13.12307692,18.21538462,11.52307692,19.17692308,14.01538462,21.54615385,15.96153846,12.13846154,13.46153846,20.15384615,13.76153846
759.9772339,18.94615385,20.12307692,20.27692308,16.03846154,18.49230769,11.55384615,15.71538462,7.876923077,16.38461538,17.62307692,12.03076923
760.1609169,26.17692308,15.11538462,17.32307692,25.86153846,19.83846154,17.8,19.38461538,25.65384615,23.41538462,25.94615385,17.30769231
760.3445838,13.11538462,8.207692308,16.47692308,14.51538462,19.01538462,27.24615385,13.69230769,17.30769231,15.86153846,21.77692308,9.038461538
760.5282346,22.84615385,10.36923077,14.74615385,18.77692308,27.33076923,25.64615385,14.06923077,14.13846154,14.34615385,21.36923077,11.47692308
760.7118692,16.26153846,7.684615385,19.03846154,24.7,11.91538462,14.65384615,12.1,14.09230769,20.67692308,12.24615385,19.30769231
760.8954876,14.17692308,11.46923077,13.75384615,14.88461538,13.93076923,19.44615385,12.55384615,16.09230769,10.20769231,15.45384615,13.04615385
761.0790899,8.053846154,13.26923077,18.00769231,17.79230769,18.06153846,18.26153846,14.85384615,12.93846154,17,17.80769231,15.62307692
761.262676,21.03846154,25.54615385,18.32307692,19.63076923,9.484615385,11.24615385,23.16153846,19.62307692,17.26153846,25.54615385,11.33076923
761.4462459,16.82307692,12.37692308,12.29230769,11.23076923,15.27692308,17.25384615,9.7,17.13846154,16.26923077,14.44615385,10.90769231
761.6297997,11.40769231,12.76923077,14.36923077,21.23846154,20,19.65384615,18.28461538,15.04615385,16.71538462,16.12307692,11.30769231
761.8133373,18.3,16.02307692,22.22307692,16.96923077,18.90769231,19.38461538,18.41538462,15.43846154,18.01538462,13.64615385,19.39230769
761.9968587,30.47692308,25.81538462,24.56923077,14.67692308,13.3,27.26923077,20.77692308,28.73846154,13.88461538,25.34615385,19.38461538
762.1803639,38.07692308,42.87692308,28.71538462,24.76153846,27.13076923,33.94615385,42.21538462,33.13846154,26.68461538,38.04615385,14.96153846
762.3638529,85.57692308,92.67692308,87.92307692,97.76153846,94.03846154,99.44615385,94.66153846,87.33846154,91.77692308,92.84615385,80.00769231
762.5473258,185.6769231,229.2769231,234.7230769,221.9615385,218.2384615,223.2461538,210.0615385,217.3384615,201.0769231,196.9461538,190.4076923
762.7307825,362.1769231,432.2769231,421.1230769,415.3615385,421.2384615,400.2461538,413.9615385,384.4384615,374.5769231,370.3461538,367.4076923
762.9142229,557.4769231,679.3769231,659.7230769,638.5615385,641.5384615,633.6461538,593.0615385,590.6384615,578.0769231,569.2461538,548.8076923
763.0976472,677.7769231,820.1769231,813.0230769,811.4615385,781.7384615,771.6461538,755.9615385,721.5384615,717.1769231,710.9461538,691.4076923
763.2810553,759.5769231,957.8769231,920.1230769,920.9615385,899.3384615,891.1461538,866.4615385,834.2384615,797.6769231,792.5461538,794.1076923
763.4644472,825.1769231,1011.176923,1000.023077,973.5615385,962.7384615,945.3461538,916.8615385,881.8384615,856.0769231,835.8461538,836.1076923
763.6478229,791.5769231,974.4769231,959.2230769,935.2615385,924.6384615,899.8461538,876.0615385,848.4384615,823.4769231,815.5461538,787.8076923
763.8311824,683.2769231,855.5769231,849.3230769,836.5615385,804.5384615,785.0461538,772.3615385,755.9384615,715.2769231,698.6461538,705.0076923
764.0145257,549.1769231,692.9769231,671.6230769,668.1615385,651.8384615,647.5461538,616.8615385,610.2384615,571.4769231,561.4461538,546.3076923
764.1978528,445.8769231,561.5769231,563.7230769,552.1615385,524.5384615,518.7461538,506.2615385,494.3384615,465.3769231,468.5461538,452.4076923
764.3811636,358.8769231,484.8769231,475.7230769,473.3615385,452.1384615,447.2461538,431.6615385,414.9384615,388.4769231,371.2461538,385.9076923
764.5644583,325.5769231,419.0769231,407.4230769,384.7615385,377.8384615,374.5461538,375.6615385,351.6384615,337.8769231,341.9461538,317.6076923
764.7477367,269.3769231,347.7769231,355.0230769,328.6615385,327.1384615,329.7461538,315.7615385,287.1384615,281.8769231,271.0461538,270.4076923
764.930999,247.3769231,313.1769231,303.0230769,296.3615385,284.7384615,285.8461538,271.0615385,274.8384615,254.4769231,253.6461538,232.1076923
765.114245,193.1769231,261.9769231,257.9230769,251.4615385,245.2384615,242.0461538,231.0615385,214.7384615,219.5769231,210.9461538,198.1076923
765.2974748,176.8769231,224.7769231,231.0230769,221.8615385,223.0384615,206.7461538,203.1615385,191.1384615,184.1769231,193.5461538,182.1076923
765.4806884,153.7769231,191.5769231,186.4230769,194.6615385,179.2384615,182.2461538,171.3615385,158.3384615,152.5769231,153.7461538,144.4076923
765.6638857,117.6769231,169.7769231,168.7230769,157.8615385,146.3384615,157.2461538,158.0615385,132.6384615,131.2769231,147.4461538,131.6076923
765.8470668,99.37692308,137.3769231,133.8230769,131.3615385,120.3384615,130.4461538,112.1615385,109.1384615,104.6769231,107.4461538,97.40769231
766.0302317,90.57692308,122.1769231,102.4230769,110.8615385,104.0384615,107.8461538,102.3615385,96.03846154,99.97692308,85.24615385,93.40769231
766.2133803,53.07692308,66.07692308,88.72307692,87.26153846,67.93846154,67.94615385,63.96153846,63.83846154,58.87692308,65.54615385,61.10769231
766.3965128,55.17692308,65.97692308,68.52307692,62.36153846,59.83846154,59.34615385,59.76153846,61.03846154,63.07692308,52.74615385,44.90769231
766.5796289,32.87692308,42.57692308,47.72307692,42.26153846,43.93846154,37.94615385,32.96153846,41.73846154,39.77692308,37.34615385,40.53846154
766.7627289,36.64615385,39.97692308,41.25384615,36.17692308,32.73846154,36.62307692,32.66153846,30.13846154,39.07692308,41.24615385,30.70769231
766.9458126,28.55384615,21.11538462,18.96153846,35.06153846,33.63846154,22.06923077,13.79230769,17.74615385,23.36153846,31.52307692,24.07692308
767.12888,16.93076923,26.37692308,20.29230769,27.56153846,30.83846154,28.23076923,30.34615385,20.43846154,30.14615385,45.14615385,22.77692308
767.3119312,14.48461538,11.20769231,19.13846154,25.66153846,13.90769231,32.76923077,13.1,17.16153846,19.56923077,17.24615385,26.73846154
767.4949662,29.64615385,30.11538462,29.50769231,21.36153846,14.90769231,24.26923077,27.16153846,18.93846154,14.96923077,31.04615385,24.1
767.6779849,14.86923077,20.97692308,14.22307692,19.66153846,9.623076923,14.69230769,15.6,15.93846154,17.32307692,20.94615385,21.27692308
767.8609873,26.92307692,23.17692308,20.23846154,13.46153846,17.61538462,21.13076923,22.96153846,19.77692308,28.97692308,20.94615385,15.73846154
768.0439735,12.06923077,11.39230769,18.23076923,21.86153846,14.20769231,19.45384615,17.96153846,23.46153846,17.60769231,20.74615385,14.83076923
768.2269434,22.73076923,21.53076923,37.47692308,16.84615385,13.46923077,19.98461538,20.16153846,24.04615385,8.292307692,14.55384615,15.00769231
768.4098971,15.78461538,14.04615385,15.09230769,16.36153846,15.69230769,25.53076923,15.36923077,17.03846154,20.07692308,19.14615385,20.03076923
768.5928345,17.87692308,16.62307692,8.469230769,23.06153846,23.01538462,17.70769231,14.6,17.73846154,19.98461538,21.54615385,8.661538462
768.7757556,2.915384615,14.76153846,17.54615385,13.54615385,21.54615385,21.96923077,15.15384615,13.64615385,14.47692308,14.97692308,11.41538462
768.9586605,14.01538462,26.77692308,16.39230769,19.39230769,18.91538462,13.03076923,22.27692308,20.63846154,19.18461538,16.5,16.7
769.141549,11.40769231,14.04615385,23.39230769,13.71538462,18.96923077,28.45384615,22.66153846,14.71538462,16.1,23.03076923,25.83076923
769.3244214,17.67692308,18.32307692,14.77692308,23.3,17.13846154,11.20769231,24.36153846,18.99230769,14.81538462,25.04615385,19.03846154
769.5072774,23.47692308,11.54615385,17.45384615,19.47692308,17.62307692,15.92307692,16.3,15.97692308,22.11538462,13.61538462,9.438461538
769.6901172,17.86923077,18.61538462,13.12307692,20.98461538,19.83846154,22.54615385,17.35384615,18.48461538,19.78461538,16.24615385,17.25384615
769.8729406,20.91538462,8.592307692,17.21538462,16.12307692,21.84615385,13.92307692,17.16153846,14.19230769,21.93076923,21.92307692,24.03076923
770.0557478,23.71538462,19.93846154,25.63846154,18.74615385,19.84615385,19.36923077,28.11538462,14.81538462,18.83846154,15.86923077,17.50769231
770.2385387,11.05384615,15.53846154,10.83076923,16.77692308,18.53846154,15.33076923,24.7,8.215384615,16.9,20.45384615,19.30769231
770.4213133,16.83846154,12.99230769,17.46153846,23.26153846,20.20769231,28.30769231,22.44615385,14.40769231,17.93846154,25.84615385,19.53846154
770.6040717,16.57692308,7.8,16.34615385,22.14615385,18.60769231,19.86153846,16.76153846,14.62307692,14.99230769,21.74615385,21.03846154
770.7868137,20.03846154,12.47692308,25.31538462,24.36153846,26.2,23.74615385,18.75384615,21.17692308,20.74615385,31.74615385,23.3
770.9695394,12.52307692,23.07692308,13.97692308,25.26153846,17.23076923,20.23076923,14.56923077,13.73076923,29.17692308,17.13076923,13.27692308
771.1522489,26.87692308,31.47692308,44.32307692,42.87692308,27.23846154,27.34615385,41.76153846,20.58461538,33.37692308,40.54615385,31.53076923
771.334942,70.77692308,76.57692308,73.52307692,79.36153846,71.23846154,74.04615385,69.76153846,63.43846154,63.67692308,71.94615385,67.60769231
771.5176188,142.7769231,159.6769231,145.0230769,156.8615385,141.7384615,166.7461538,143.6615385,142.8384615,152.8769231,140.2461538,134.3076923
771.7002794,223.4769231,260.9769231,270.2230769,258.2615385,243.6384615,253.7461538,236.8615385,239.2384615,239.0769231,235.4461538,221.6076923
771.8829236,315.9769231,363.6769231,357.1230769,363.4615385,355.1384615,343.4461538,345.2615385,330.1384615,323.8769231,317.9461538,323.8076923
772.0655515,373.0769231,458.2769231,436.2230769,422.9615385,431.5384615,415.8461538,405.5615385,394.4384615,383.3769231,387.0461538,385.9076923
772.2481631,415.8769231,490.8769231,474.5230769,466.2615385,459.8384615,450.5461538,443.8615385,444.3384615,428.1769231,420.3461538,420.1076923
772.4307584,420.4769231,509.6769231,490.7230769,486.8615385,467.1384615,483.9461538,466.3615385,460.6384615,440.2769231,440.6461538,427.6076923
772.6133373,380.5769231,474.4769231,467.3230769,459.1615385,448.3384615,453.1461538,434.8615385,418.1384615,407.7769231,412.0461538,392.6076923
772.7959,320.4769231,395.0769231,380.8230769,381.3615385,381.7384615,370.8461538,359.4615385,353.3384615,350.6769231,333.9461538,342.2076923
772.9784463,263.3769231,332.3769231,321.4230769,293.4615385,299.5384615,296.8461538,296.5615385,288.2384615,278.5769231,265.4461538,268.9076923
773.1609763,205.3769231,255.1769231,260.3230769,256.2615385,246.4384615,251.6461538,242.3615385,227.4384615,216.3769231,224.4461538,224.5076923
773.34349,191.5769231,223.3769231,214.5230769,212.4615385,209.8384615,204.0461538,204.7615385,196.5384615,202.0769231,185.6461538,186.2076923
773.5259873,155.3769231,195.6769231,175.9230769,186.8615385,162.5384615,171.7461538,181.0615385,165.8384615,153.2769231,152.4461538,159.1076923
773.7084683,131.9769231,170.3769231,160.3230769,151.4615385,160.1384615,153.5461538,143.4615385,146.8384615,139.3769231,128.7461538,135.4076923
773.890933,110.0769231,137.7769231,133.1230769,135.2615385,120.8384615,128.1461538,124.6615385,112.6384615,114.9769231,117.6461538,103.4076923
774.0733813,95.37692308,123.0769231,109.4230769,116.0615385,104.2384615,117.8461538,118.6615385,98.73846154,101.0769231,106.2461538,95.80769231
774.2558133,78.37692308,97.77692308,107.6230769,94.96153846,92.23846154,95.04615385,92.66153846,87.63846154,77.67692308,90.94615385,84.70769231
774.4382289,78.47692308,82.67692308,91.32307692,86.26153846,85.63846154,83.74615385,86.26153846,77.63846154,84.57692308,83.24615385,78.80769231
774.6206282,50.77692308,58.67692308,70.22307692,65.26153846,59.23846154,66.14615385,74.36153846,60.23846154,55.57692308,61.04615385,56.70769231
774.8030112,47.27692308,51.77692308,77.22307692,60.86153846,57.03846154,54.54615385,68.26153846,48.23846154,57.87692308,52.04615385,40.20769231
774.9853778,32.27692308,53.87692308,32.52307692,48.36153846,35.43846154,43.54615385,29.26153846,40.63846154,39.47692308,47.64615385,38.60769231
775.1677281,34.27692308,41.87692308,27.82307692,42.06153846,35.73846154,48.64615385,49.66153846,37.93846154,31.77692308,46.74615385,28.9
775.350062,25.67692308,22.36153846,31.12307692,24.89230769,25.83846154,30.53076923,26.17692308,21.13076923,18.46153846,20.44615385,26.95384615
775.5323795,29.27692308,37.47692308,19.9,22.74615385,31.53846154,30.64615385,25.46153846,33.93846154,24.07692308,17.07692308,21.77692308
775.7146807,25.43076923,17.66923077,20.31538462,28.46153846,22.81538462,27.74615385,22.50769231,13.29230769,14.93076923,26.92307692,15.48461538
775.8969655,20.01538462,20.70769231,21.14615385,25.48461538,11.27692308,18.15384615,22.06153846,28.93076923,22.67692308,29.9,23.71538462
776.079234,17.86153846,16.77692308,21.89230769,17.3,10.76153846,29.33076923,18.09230769,20.53076923,15.21538462,25.92307692,22.21538462
776.2614861,22.87692308,24.67692308,21.20769231,16.16153846,17.06923077,27.16923077,12.03076923,21.73846154,15.86923077,22.55384615,14.08461538
776.4437218,11.75384615,15.03846154,9.607692308,17.98461538,11.43846154,24.73076923,13.80769231,21.83846154,13.33076923,27.47692308,13.42307692
776.6259412,24.67692308,14.71538462,19.53846154,16.64615385,15.35384615,6.230769231,14.91538462,14.89230769,22.50769231,18.03076923,18.03076923
776.8081442,12.15384615,12.59230769,16.29230769,27.36153846,7.607692308,14.51538462,20.15384615,18.39230769,20.84615385,16.70769231,15.64615385
776.9903308,17.83076923,17.05384615,20.40769231,10.13846154,21.83846154,20.18461538,22.7,13.65384615,16.13846154,21.62307692,9.746153846
777.172501,15.99230769,8.6,13.5,18.17692308,8.876923077,13.50769231,21.00769231,14.19230769,13.76153846,21.03076923,13.43846154
777.3546548,26.79230769,17.01538462,23.82307692,20.07692308,2.646153846,27.94615385,14.21538462,30.63846154,10.98461538,26.02307692,14.80769231
777.5367923,14.25384615,19.64615385,14.40769231,15.13076923,18.82307692,15.96923077,13.8,9.323076923,13.11538462,14.02307692,11.9
777.7189134,12.67692308,18.14615385,12.67692308,12.8,20.16923077,25.64615385,20.01538462,20.4,26.06153846,26.04615385,16.30769231
777.9010181,9.215384615,16.43846154,9.961538462,4.869230769,12.37692308,16.44615385,17.86153846,16.40769231,10.63076923,10.89230769,5.161538462
778.0831064,10.36923077,11.01538462,16.16153846,19.1,20.51538462,22.94615385,15.45384615,12.94615385,19.50769231,29.94615385,11.83076923
778.2651783,17.73846154,8.307692308,10.45384615,10.1,15.11538462,5.615384615,16.31538462,15.40769231,12.46153846,15.93076923,9.230769231
778.4472338,18.14615385,8.507692308,14.42307692,29.07692308,9.938461538,12.39230769,16.84615385,16.98461538,18.38461538,20.63076923,14.14615385
778.6292729,9.653846154,13.03846154,13.56153846,10.48461538,14.80769231,18.41538462,8.884615385,17.8,12.76153846,14.53846154,11.79230769
778.8112956,14.15384615,15.50769231,16.32307692,13.67692308,9.992307692,18.03076923,12.64615385,15.9,18.07692308,22.94615385,16.30769231
778.9933019,21.81538462,7.746153846,20.12307692,13.57692308,12.70769231,9.253846154,15.81538462,13.44615385,7.530769231,13.70769231,15.93076923
779.1752918,16.58461538,11.01538462,19.76923077,19.57692308,12.06923077,17.64615385,24.66153846,12.11538462,17.31538462,19.54615385,13.12307692
779.3572653,21,6.084615385,10.29230769,12.99230769,10.96923077,11.70769231,14.31538462,12.1,11.98461538,12.87692308,14.07692308
779.5392224,12.76923077,8.592307692,12.73076923,14.16153846,21.28461538,18.65384615,10.36153846,16.68461538,17.66923077,18.82307692,12.63076923
779.7211631,14.37692308,15.57692308,15.63076923,19.56153846,14.46153846,13.77692308,16.16923077,6.469230769,15.48461538,11.14615385,9.884615385
779.9030874,16.67692308,11.67692308,23.99230769,10.82307692,13.13076923,16.33076923,23.71538462,13.03846154,29.92307692,27.74615385,15.63076923
780.0849952,15.03076923,13.90769231,12.53076923,12.57692308,17.29230769,11.25384615,21.27692308,14,11.26923077,11.14615385,12.02307692
780.2668866,20.51538462,24.27692308,12.73846154,14.38461538,8.984615385,13.86923077,10.30769231,10.18461538,18.57692308,18.89230769,18.42307692
780.4487617,18.8,17.77692308,25.44615385,9.915384615,12.03076923,11.70769231,11.73076923,6.769230769,6.776923077,12.4,15.43076923
780.6306202,22.00769231,14.81538462,11.62307692,11.6,14.76153846,21.13076923,13.85384615,20.19230769,18.26153846,13.59230769,20.45384615
780.8124624,3.707692308,13.84615385,16.79230769,9.9,15.8,19.00769231,14.06923077,7.984615385,15.73076923,24.06923077,10.75384615
780.9942881,21.73846154,12.46153846,15.54615385,18.18461538,13.26153846,18.15384615,8.838461538,15.94615385,16.21538462,16.25384615,10.02307692
781.1760974,15.03076923,19.16923077,8.876923077,5.915384615,9.384615385,19.33076923,6.723076923,16.18461538,7.276923077,11.36923077,10.42307692
781.3578903,14,18.58461538,16.53846154,16.6,18.55384615,21.14615385,17.73076923,12.50769231,16.23846154,19.94615385,12.36923077
781.5396667,16.36923077,4.184615385,12.64615385,12.81538462,9.738461538,13.51538462,13.46923077,9.107692308,10.84615385,19.70769231,13.33076923
781.7214267,23.00769231,20.40769231,25.40769231,15.18461538,16.27692308,14.54615385,19.76923077,13.3,15.53846154,9.692307692,16.71538462
781.9031702,20.14615385,11.21538462,10.65384615,17.17692308,16.96153846,11.78461538,12.27692308,13.67692308,11.07692308,9.076923077,13.13846154
782.0848973,11.83076923,7.507692308,20.90769231,13.07692308,26.73846154,14.05384615,13.63846154,14.5,13,16.04615385,15.15384615
782.266608,11.37692308,5.630769231,7.069230769,25.46153846,12.35384615,10.29230769,18.06923077,17.00769231,16.05384615,14.05384615,12.17692308
782.4483022,11.38461538,17.30769231,12.33076923,14.68461538,12.29230769,12.03076923,18.31538462,15.28461538,16.51538462,15.07692308,7.415384615
782.6299799,5.192307692,21.68461538,18.06153846,8.569230769,12.13846154,14.11538462,9.661538462,7.553846154,6.592307692,6.646153846,13.05384615
782.8116412,17.63846154,19.40769231,19.03076923,18,8.053846154,17.01538462,11.80769231,9.969230769,13.53076923,21.93076923,7.253846154
782.9932861,11.90769231,7.376923077,9.576923077,13.01538462,7.092307692,18.44615385,8.5,21.15384615,8.369230769,20.9,12.63846154
783.1749145,9.161538462,20.33846154,22.33846154,19.08461538,13.78461538,20.75384615,13.59230769,15.7,17.44615385,13.18461538,18.55384615
783.3565264,11.50769231,15.46923077,21.22307692,12.38461538,5.815384615,11.09230769,14.96153846,16.57692308,12.35384615,13.09230769,12.92307692
783.5381218,12.13846154,4.469230769,8.484615385,24.09230769,8.4,18.37692308,17.06923077,7.938461538,21.36153846,16.23846154,11.70769231
783.7197008,15.70769231,9.969230769,12.24615385,20.95384615,13.35384615,17.23846154,12.64615385,15.64615385,4.992307692,11.86923077,5.553846154
783.9012634,15.86923077,7.269230769,9.892307692,6.846153846,9.761538462,19.01538462,11.00769231,11.73846154,14.36923077,21.8,11.01538462
784.0828094,21.29230769,8.423076923,22.43846154,19.67692308,9.915384615,12.3,8.169230769,14,14.7,13.9,5.607692308
784.264339,18.74615385,9.669230769,16.1,21.06153846,15.56153846,11.53076923,20.38461538,21.23846154,12.59230769,10.07692308,9.523076923
784.4458521,20.34615385,5.207692308,14.69230769,13.38461538,8.407692308,13.47692308,8.107692308,15.08461538,12.95384615,8.553846154,14.07692308
784.6273488,7.961538462,7.176923077,20.41538462,19.89230769,7.892307692,24.55384615,21.25384615,12.91538462,7.292307692,13.18461538,3.684615385
784.8088289,11.59230769,6.676923077,16.35384615,9.692307692,7.284615385,4.453846154,15.94615385,14.28461538,13.29230769,17.24615385,4.838461538
784.9902926,15.03076923,18.68461538,8.407692308,15.19230769,10.61538462,11.07692308,13.02307692,11.98461538,20.56153846,16.72307692,11.01538462
785.1717398,10.49230769,10.76153846,20.83076923,16.06153846,9.430769231,14.69230769,16.55384615,7.392307692,8.930769231,5.546153846,6.769230769
785.3531705,9.861538462,21.61538462,11.97692308,11.2,11.91538462,16.03076923,19.32307692,9.1,9.607692308,14.91538462,10.67692308
785.5345847,15.83846154,7.584615385,5.876923077,20.91538462,16.13846154,11.63846154,6,12.73846154,13.24615385,16.46153846,13.54615385
785.7159824,23.89230769,12.14615385,12.36153846,17.97692308,9.069230769,24.40769231,11.36923077,13.73076923,18.93846154,10.4,8.607692308
785.8973636,8.3,5.115384615,17.33076923,13.22307692,19.29230769,15.11538462,13.25384615,10.49230769,14.96923077,20.44615385,8.238461538
786.0787284,19.50769231,20.42307692,11.96153846,18.19230769,8.930769231,18.16923077,7.953846154,16.7,18.46923077,20.3,11.53846154
786.2600766,13.7,14.4,13.87692308,12.96153846,14.58461538,10.45384615,5.330769231,10.86923077,15.27692308,14.54615385,7.776923077
786.4414083,12.5,12.43846154,16.77692308,17.46153846,4.6,14.65384615,15.65384615,10.82307692,19.52307692,24.80769231,15.3
786.6227235,9.823076923,4.215384615,4.453846154,10.68461538,10.06923077,4.015384615,7.461538462,5.884615385,7.238461538,9.5,7.515384615
786.8040222,18.69230769,8.669230769,15.93076923,12.96923077,13.09230769,23.83076923,14.13846154,10.89230769,9.092307692,17.2,9.730769231
786.9853044,11.7,8.753846154,6.715384615,15.43076923,12.91538462,9.330769231,11,18.33846154,8.4,13.75384615,12.67692308
787.1665701,18.15384615,9.453846154,12.07692308,13.16153846,9.269230769,10.13076923,24.66153846,18.17692308,11.96153846,20.05384615,11.45384615
787.3478193,14.21538462,6.246153846,17.27692308,11.84615385,8.323076923,20.36923077,8.023076923,12.43846154,14.14615385,15.69230769,1.869230769
787.529052,15.3,14.07692308,11.74615385,18.6,14.60769231,12.97692308,23.76153846,11.43846154,16.52307692,19.58461538,8.538461538
787.7102681,14.48461538,10.34615385,14.00769231,14.38461538,8.230769231,15.7,13.96153846,15.7,12.85384615,14.34615385,11.08461538
787.8914678,13.85384615,16.90769231,10.22307692,11.87692308,30.6,16.27692308,7.907692308,14.93846154,14.95384615,21.3,22.51538462
788.0726509,12.45384615,10.81538462,18.16153846,4.5,6.630769231,5.538461538,9.246153846,8.261538462,12.82307692,13.31538462,3.184615385
788.2538174,13.23076923,14.8,21.50769231,7,12.66153846,15.35384615,14.65384615,11.26153846,10.11538462,18.00769231,14.70769231
788.4349675,14.03076923,10.39230769,10.56153846,10.25384615,8.038461538,21.26923077,12.00769231,11.36923077,22.76153846,14.3,10.96153846
788.616101,18.77692308,18.46923077,14.83846154,20.41538462,7.776923077,22.56923077,8.438461538,15.6,16.03846154,16.48461538,12.66153846
788.797218,8.846153846,19.77692308,10.08461538,4.830769231,10.56923077,9.615384615,19.51538462,9.315384615,10,17.93076923,8.6
788.9783184,11.61538462,9.146153846,12.23076923,18.57692308,12.73846154,12.15384615,11.41538462,13.07692308,16.08461538,16.94615385,14.22307692
789.1594023,13.51538462,6.869230769,9.753846154,13.19230769,8.207692308,13.97692308,12.01538462,10.63846154,8.576923077,14.93076923,6.038461538
789.3404697,7.807692308,9.8,17.51538462,8.384615385,19.99230769,12.69230769,23.66153846,15.63076923,17.25384615,9.861538462,12.2
789.5215205,13.86923077,6.223076923,8.769230769,9.161538462,14.37692308,12.51538462,10.8,11.04615385,13.13846154,14.69230769,7.546153846
789.7025548,12.83846154,13.86923077,15.37692308,15.52307692,13.86153846,26.46923077,10.70769231,17.04615385,16.94615385,12.80769231,12.23846154
789.8835726,13.22307692,10.73846154,13.81538462,18.31538462,6.153846154,11.93076923,8.761538462,11.06153846,9.838461538,18.06153846,15.44615385
790.0645737,12.76153846,8.007692308,8.469230769,18.56923077,16.86153846,17.16153846,20.2,21.03846154,11.55384615,21.42307692,19.71538462
790.2455584,12.90769231,14.60769231,10.48461538,18.90769231,15.06153846,10.29230769,16.32307692,18.50769231,23.37692308,13.26153846,15.11538462
790.4265265,15.56923077,12.05384615,12.36153846,17.53846154,13.84615385,23.82307692,22.66153846,23.73846154,7.753846154,19.1,14.90769231
790.607478,17.43076923,14.25384615,13.79230769,13.9,9.076923077,16.96923077,15.46153846,13.28461538,10.85384615,11.70769231,9.161538462
790.7884129,22.3,8.507692308,9.061538462,17.74615385,8.746153846,14.70769231,17.02307692,12.66153846,14.76153846,20.04615385,12.23076923
790.9693313,19.20769231,13.47692308,5.907692308,16.50769231,9.684615385,17.27692308,15.3,10.8,4.107692308,8.623076923,2.061538462
791.1502332,15.25384615,12.28461538,18.46153846,10.97692308,11.16153846,15.05384615,14.13076923,21.06153846,21.18461538,13.50769231,16.96923077
791.3311184,4.6,8.530769231,8.446153846,14.71538462,11.78461538,10.99230769,12.05384615,14.46923077,12.10769231,6.761538462,8.276923077
791.5119871,20.70769231,7.169230769,9.946153846,16.04615385,12.66153846,11.90769231,14.85384615,13.56923077,14.09230769,14.04615385,14.5
791.6928393,10.41538462,13.43076923,13.37692308,13.48461538,5.246153846,16.40769231,12.02307692,14.88461538,7.907692308,14.16923077,9.861538462
791.8736748,9.569230769,15.13076923,11.63076923,14.17692308,16.83846154,22.44615385,14.61538462,13.55384615,12.49230769,18.43076923,12.88461538
792.0544938,15.77692308,14.94615385,16.36153846,17.58461538,15.3,13.05384615,16.30769231,11.72307692,22.98461538,20.35384615,19.60769231
792.2352962,11.27692308,18.48461538,10.1,15.47692308,6.4,17.25384615,16.26153846,20.43846154,7.930769231,18.9,10.00769231
792.416082,13.38461538,8.576923077,14.12307692,10.20769231,13.22307692,6.176923077,4.453846154,13.65384615,7.692307692,7.753846154,10.83076923
792.5968512,10.38461538,22.33846154,16.73846154,12.02307692,10.88461538,13.28461538,19.65384615,16.96153846,14.13076923,7.407692308,13.28461538
792.7776039,23.41538462,17.65384615,15.10769231,11.16923077,6.807692308,14.68461538,11.13846154,11.76923077,11.16923077,13.36923077,6.261538462
792.9583399,15.48461538,20.16923077,16.3,12,14.38461538,13.27692308,14.37692308,15.14615385,18.20769231,20.64615385,10.86153846
793.1390594,14.03076923,3.315384615,10.59230769,14.46153846,14.50769231,9.769230769,2.1,17.58461538,10.40769231,5.346153846,13.36923077
793.3197623,11.09230769,18.47692308,21.26153846,18.51538462,17.5,15.23076923,8.823076923,4.823076923,14.47692308,15.73846154,9.553846154
793.5004485,12.55384615,4.892307692,10.92307692,14,11.00769231,13.31538462,24.75384615,15.54615385,26.17692308,11.73076923,14.22307692
793.6811182,35.57692308,42.47692308,30.62307692,40.26153846,38.93846154,42.14615385,51.46153846,31.83846154,33.47692308,40.34615385,37.80769231
793.8617713,62.47692308,74.17692308,83.12307692,75.06153846,80.53846154,76.94615385,77.26153846,69.63846154,75.27692308,73.24615385,55.80769231
794.0424078,122.8769231,140.9769231,146.0230769,150.4615385,145.7384615,132.2461538,140.9615385,136.4384615,136.5769231,131.4461538,116.1076923
794.2230276,187.3769231,221.1769231,209.5230769,213.1615385,198.3384615,213.5461538,207.0615385,199.7384615,195.4769231,189.3461538,178.9076923
794.4036309,238.3769231,273.9769231,282.3230769,279.9615385,267.8384615,272.2461538,259.7615385,259.0384615,244.7769231,247.3461538,250.3076923
794.5842175,257.5769231,309.0769231,323.6230769,310.6615385,304.1384615,303.3461538,294.9615385,299.2384615,266.5769231,283.3461538,266.0076923
794.7647876,277.4769231,334.7769231,332.1230769,328.3615385,323.1384615,314.3461538,308.7615385,296.6384615,296.4769231,282.5461538,285.3076923
794.945341,293.8769231,349.9769231,338.0230769,322.1615385,324.4384615,319.8461538,308.0615385,298.0384615,286.5769231,274.3461538,265.8076923
795.1258778,249.9769231,304.6769231,310.8230769,296.2615385,284.8384615,293.0461538,289.7615385,264.5384615,264.3769231,255.3461538,246.5076923
795.306398,197.6769231,259.3769231,235.8230769,247.5615385,231.2384615,230.0461538,233.1615385,222.1384615,204.3769231,223.3461538,207.5076923
795.4869015,162.3769231,196.3769231,190.7230769,188.9615385,183.6384615,185.8461538,189.1615385,177.6384615,175.9769231,164.4461538,158.9076923
795.6673885,126.5769231,159.7769231,165.6230769,157.0615385,143.7384615,159.7461538,149.0615385,145.2384615,133.5769231,119.2461538,132.8076923
795.8478588,116.8769231,147.3769231,136.9230769,138.9615385,123.8384615,129.7461538,129.3615385,131.8384615,103.1769231,122.3461538,118.7076923
796.0283124,87.47692308,105.1769231,99.42307692,109.5615385,103.6384615,98.24615385,91.36153846,97.73846154,86.97692308,93.44615385,89.10769231
796.2087495,75.17692308,86.27692308,93.02307692,86.06153846,75.73846154,90.24615385,91.06153846,88.33846154,72.97692308,84.64615385,71.10769231
796.3891699,54.17692308,71.87692308,69.72307692,71.16153846,59.43846154,59.74615385,58.76153846,64.53846154,67.87692308,51.74615385,51.70769231
796.5695737,54.87692308,58.97692308,56.82307692,57.06153846,63.03846154,47.64615385,53.16153846,50.13846154,43.56153846,50.94615385,40.70769231
796.7499608,24.07692308,36.37692308,34.17692308,38.06153846,35.73846154,39.03076923,36.54615385,33.73846154,35.87692308,42.94615385,26.80769231
796.9303313,28.57692308,35.87692308,20.30769231,41.76153846,37.13846154,26.04615385,25.86153846,31.83846154,30.67692308,36.84615385,31.30769231
797.1106851,24.38461538,31.67692308,26.82307692,29.46153846,22.83846154,39.14615385,22.7,32.1,21.74615385,31.94615385,21.40769231
797.2910223,15.03076923,21.60769231,24.42307692,23.36153846,27.73846154,33.44615385,24.2,34.23846154,24.67692308,24.89230769,26.80769231
797.4713429,18.04615385,23.90769231,26.65384615,26.26153846,15.10769231,20.26923077,18.63846154,23.15384615,12.36923077,25.86153846,25.23846154
797.6516468,21.55384615,17.98461538,21.02307692,24.66153846,19.33076923,14.26923077,20.77692308,25.64615385,17.46153846,13.96923077,14.70769231
797.831934,24.53846154,9.776923077,13.50769231,25.26153846,23.73846154,14.99230769,16.87692308,16.60769231,11.36923077,21.85384615,16.86923077
798.0122046,21.11538462,22.73846154,17.60769231,16.79230769,14.62307692,17.13076923,17.81538462,12.82307692,26.60769231,11.87692308,24.90769231
798.1924585,13.3,9.238461538,15.67692308,7.415384615,13.94615385,10.88461538,15.26923077,10,5.230769231,18.32307692,11.32307692
798.3726958,13.63846154,20.17692308,19.92307692,12.68461538,16.00769231,21.28461538,11.3,24.03076923,15.1,12.05384615,9.361538462
798.5529164,10.65384615,8.238461538,16.23846154,16.3,8.830769231,15.56153846,6.723076923,5.530769231,12.18461538,11.35384615,10.86153846
798.7331204,17.63846154,10.39230769,15.47692308,29.77692308,12.59230769,4.438461538,15.31538462,10.46923077,20.74615385,17.6,10.06923077
798.9133076,3.669230769,9.976923077,11.02307692,14.92307692,7.576923077,10.81538462,13.93076923,13.02307692,12.59230769,19.28461538,5.630769231
799.0934782,14.96153846,10.28461538,11.38461538,15.57692308,19.87692308,12.00769231,12.86153846,7.730769231,10.49230769,20.04615385,6.838461538
799.2736322,9.692307692,13.71538462,15.76923077,10.4,20.18461538,14.53846154,18.56153846,9.876923077,14.33076923,17.52307692,12.63846154
799.4537694,25.28461538,25.97692308,29.10769231,24.66923077,30.11538462,30.64615385,35.8,20.33846154,24.45384615,32.44615385,22.52307692
799.63389,37.77692308,42.57692308,45.92307692,49.66153846,36.33846154,39.54615385,47.46153846,36.5,34.47692308,38.44615385,36.60769231
799.8139939,75.67692308,84.87692308,84.32307692,86.56153846,84.43846154,83.24615385,81.16153846,82.53846154,84.17692308,73.24615385,77.30769231
799.9940811,101.8769231,137.5769231,123.3230769,130.6615385,126.4384615,123.0461538,120.9615385,101.4384615,118.9769231,117.1461538,102.4076923
800.1741516,165.4769231,182.1769231,174.7230769,177.7615385,177.1384615,180.3461538,172.6615385,168.0384615,159.4769231,175.8461538,150.4076923
800.3542054,200.9769231,238.0769231,225.9230769,228.9615385,217.0384615,211.2461538,223.5615385,213.7384615,207.7769231,194.7461538,196.8076923
800.5342426,248.5769231,305.6769231,289.5230769,301.1615385,290.8384615,281.4461538,286.3615385,274.8384615,262.1769231,261.4461538,259.0076923
800.714263,327.8769231,376.8769231,383.3230769,363.3615385,366.7384615,357.6461538,367.7615385,358.7384615,331.8769231,331.4461538,311.6076923
800.8942668,387.1769231,444.3769231,457.9230769,456.5615385,437.4384615,439.3461538,423.3615385,406.6384615,399.5769231,387.4461538,401.3076923
801.0742538,421.5769231,517.2769231,491.8230769,489.0615385,482.0384615,478.2461538,474.1615385,452.4384615,436.1769231,427.9461538,422.8076923
801.2542242,430.7769231,540.7769231,512.7230769,522.6615385,508.9384615,500.9461538,474.9615385,487.6384615,458.9769231,450.0461538,443.3076923
801.4341779,439.6769231,528.0769231,520.5230769,511.3615385,502.1384615,490.2461538,491.2615385,481.4384615,450.3769231,457.8461538,431.4076923
801.6141148,421.7769231,497.7769231,488.9230769,477.6615385,464.6384615,464.1461538,454.7615385,447.7384615,439.4769231,426.0461538,415.1076923
801.7940351,349.8769231,427.8769231,437.2230769,416.4615385,411.3384615,408.1461538,403.7615385,380.0384615,362.9769231,359.6461538,342.3076923
801.9739386,320.2769231,387.9769231,399.5230769,373.6615385,368.3384615,353.4461538,357.1615385,336.8384615,316.8769231,320.2461538,318.3076923
802.1538254,210.7769231,275.6769231,263.4230769,270.4615385,263.6384615,248.9461538,246.9615385,237.8384615,224.2769231,220.3461538,207.0076923
802.3336955,174.4769231,228.2769231,221.2230769,215.9615385,211.8384615,206.8461538,192.6615385,176.0384615,188.7769231,198.3461538,176.1076923
802.5135489,136.7769231,169.7769231,173.9230769,164.5615385,157.6384615,162.0461538,151.8615385,157.7384615,144.4769231,139.5461538,141.8076923
802.6933856,108.8769231,134.2769231,124.6230769,138.8615385,127.3384615,116.7461538,124.0615385,116.3384615,119.3769231,117.2461538,103.4076923
802.8732055,80.87692308,92.57692308,97.72307692,101.1615385,110.6384615,108.6461538,93.66153846,88.43846154,87.17692308,82.74615385,73.40769231
803.0530088,70.97692308,84.57692308,76.92307692,91.06153846,77.13846154,93.34615385,76.36153846,65.03846154,66.27692308,74.44615385,63.93846154
803.2327953,54.47692308,64.47692308,57.92307692,57.16153846,49.33846154,55.74615385,58.16153846,58.53846154,51.37692308,55.94615385,44.20769231
803.412565,45.57692308,59.57692308,50.42307692,58.86153846,52.03846154,56.44615385,56.56153846,49.13846154,40.87692308,53.64615385,51.40769231
803.5923181,31.2,40.77692308,35.92307692,43.16153846,25.33846154,34.44615385,42.26153846,48.73846154,38.27692308,39.44615385,36.80769231
803.7720544,36.77692308,46.27692308,41.62307692,42.06153846,33.53846154,30.84615385,27.1,34.43846154,27.57692308,41.44615385,33.80769231
803.951774,22.71538462,30.37692308,38.12307692,35.86153846,24.23846154,28.24615385,29.46153846,38.63846154,36.87692308,33.42307692,23.20769231
804.1314768,21.24615385,33.97692308,32.42307692,29.16923077,30.96923077,44.44615385,38.76153846,31.53846154,22.13846154,24.24615385,19.36923077
804.3111629,23.57692308,31.17692308,25.36923077,32.46153846,26.13846154,25.94615385,32.16923077,22.4,19.93076923,19.39230769,26.30769231
804.4908322,30.27692308,26.31538462,29.12307692,25.69230769,29.23846154,29.24615385,33.06923077,31.35384615,27.91538462,29.14615385,21.11538462
804.6704848,16.65384615,17.80769231,19.00769231,28.3,26.33846154,15.87692308,25.95384615,20.89230769,22.17692308,20.44615385,11.69230769
804.8501207,20.44615385,23.60769231,25.12307692,33.36153846,22.06923077,20.12307692,26.61538462,23.05384615,20.66923077,25.14615385,26.33076923
805.0297398,20.06923077,23.66923077,23.73846154,16.32307692,13.48461538,20.36923077,24.31538462,24.60769231,14.32307692,21.64615385,18.43076923
805.2093421,20.97692308,19.27692308,22.82307692,21.56153846,23.21538462,15.53076923,15.70769231,27.68461538,16.46923077,21.65384615,17.00769231
805.3889277,6.361538462,13.77692308,20.10769231,11.40769231,11.41538462,22.06923077,18.13076923,19.69230769,19.05384615,19.26923077,12.59230769
805.5684965,7.769230769,16.81538462,12.96923077,26.7,14.02307692,28.03076923,18.09230769,20.39230769,15.64615385,19.52307692,22.75384615
805.7480486,16.93076923,20.61538462,13.83076923,16.16153846,12.94615385,20.18461538,13.13846154,13.30769231,19.93076923,14.82307692,13.41538462
805.9275839,9.1,20.47692308,14.19230769,15.50769231,9.769230769,16.46923077,22.11538462,15.83846154,19.58461538,16.38461538,13.26923077
806.1071025,12.98461538,5.392307692,11.45384615,8.946153846,18.12307692,7.869230769,19.34615385,11.40769231,11.31538462,23.84615385,13.57692308
806.2866043,23.47692308,8.615384615,13.59230769,15.31538462,18.24615385,13.11538462,19.26153846,16.70769231,12.79230769,12.77692308,20.20769231
806.4660893,12.50769231,7.107692308,15.23846154,24.57692308,15.76923077,22.33076923,17.41538462,11.00769231,17.33846154,13.75384615,11.61538462
806.6455575,19.87692308,9.484615385,23.62307692,14.49230769,12.43846154,17.34615385,16.38461538,17.38461538,23.26153846,15.97692308,26.51538462
806.825009,16.71538462,8.369230769,10.73846154,19.27692308,10.61538462,12.03076923,10.16153846,11.36923077,18.43076923,9.669230769,17.93846154
807.0044436,25.07692308,11.85384615,20.04615385,19.58461538,12.87692308,14.33076923,22.46153846,6.653846154,12.63846154,23.18461538,10
807.1838615,13.58461538,11.40769231,12.63076923,8.084615385,18.76153846,22.04615385,12.46923077,12.49230769,13.35384615,9.707692308,10.63846154
807.3632627,12.9,3.307692308,24.12307692,21.21538462,15.14615385,23.04615385,21.16923077,17.66923077,22.34615385,10.56153846,14.82307692
807.542647,5.053846154,6.330769231,17.37692308,11.17692308,19.06153846,15.87692308,7.838461538,17.32307692,9.623076923,17.52307692,9.930769231
807.7220146,10.02307692,9.276923077,16.97692308,16.33076923,15.4,11.14615385,15.03076923,11.58461538,15.70769231,12,17.12307692
807.9013653,10.18461538,18.47692308,17.43846154,8.9,5.6,11.17692308,10.17692308,11.20769231,10.70769231,19,14.5
808.0806993,14.29230769,10.75384615,9.923076923,23.6,20.39230769,24.03076923,13.91538462,21.49230769,13.66153846,20.05384615,17
808.2600165,3.3,7.423076923,18.42307692,14.68461538,11.60769231,7.1,11.57692308,7.753846154,14.94615385,6.430769231,10.73846154
808.4393168,9.230769231,8.046153846,9.915384615,17.67692308,12.3,11.31538462,19.9,20.79230769,20.08461538,16.93076923,7.630769231
808.6186004,7.323076923,8.584615385,7.630769231,11.08461538,9.361538462,18.85384615,4.346153846,14.06153846,12.52307692,10.5,12.99230769
808.7978672,8.646153846,11.08461538,15.59230769,10.96153846,17.81538462,19.12307692,5.907692308,21.21538462,17.08461538,16.09230769,13.55384615
808.9771172,12.33076923,13.86923077,10.80769231,14.64615385,12.39230769,25.63076923,26.36923077,15.14615385,11.28461538,9.746153846,13.2
809.1563503,35.17692308,43.27692308,36.02307692,46.96153846,36.73846154,28.54615385,37.06153846,28.33846154,38.97692308,37.42307692,24.73846154
809.3355667,72.67692308,80.77692308,83.52307692,81.56153846,73.13846154,79.04615385,62.36153846,61.23846154,61.37692308,67.94615385,66.60769231
809.5147662,124.2769231,159.4769231,141.7230769,161.0615385,144.5384615,148.6461538,137.1615385,142.6384615,128.1769231,134.5461538,125.6076923
809.693949,197.3769231,234.0769231,235.5230769,235.3615385,216.1384615,225.9461538,224.3615385,215.9384615,216.4769231,222.5461538,205.4076923
809.8731149,280.5769231,333.8769231,338.3230769,323.6615385,328.4384615,315.3461538,315.1615385,298.0384615,293.5769231,281.1461538,287.9076923
810.052264,329.6769231,398.3769231,410.9230769,385.1615385,380.1384615,367.5461538,372.6615385,369.1384615,341.3769231,336.0461538,337.4076923
810.2313963,387.7769231,481.2769231,481.3230769,455.9615385,446.8384615,452.0461538,427.1615385,419.3384615,412.7769231,406.5461538,400.8076923
810.4105117,474.9769231,581.6769231,569.7230769,553.3615385,541.0384615,540.7461538,527.8615385,510.7384615,501.3769231,480.3461538,469.8076923
810.5896103,590.7769231,695.2769231,706.4230769,702.2615385,675.0384615,679.6461538,669.5615385,627.5384615,615.0769231,593.1461538,601.4076923
810.7686921,741.0769231,902.2769231,887.3230769,869.3615385,872.5384615,831.8461538,839.8615385,803.6384615,770.1769231,758.7461538,742.9076923
810.9477571,893.7769231,1121.376923,1100.323077,1072.461538,1050.638462,1039.046154,1023.061538,988.6384615,913.8769231,920.1461538,912.3076923
811.1268052,1049.576923,1298.876923,1284.723077,1240.961538,1224.138462,1183.446154,1176.961538,1137.238462,1079.876923,1070.346154,1042.307692
811.3058365,1105.876923,1402.576923,1383.523077,1332.161538,1330.538462,1286.246154,1269.161538,1216.538462,1172.576923,1161.846154,1127.407692
811.484851,1127.776923,1436.276923,1430.323077,1374.561538,1359.138462,1330.846154,1294.661538,1245.138462,1184.876923,1178.246154,1141.607692
811.6638486,1073.576923,1380.876923,1352.123077,1308.761538,1254.938462,1248.346154,1222.861538,1190.538462,1137.376923,1102.746154,1083.307692
811.8428294,915.8769231,1205.276923,1170.923077,1143.461538,1116.538462,1098.346154,1062.961538,1007.438462,974.9769231,957.7461538,925.2076923
812.0217934,716.5769231,940.9769231,940.2230769,892.6615385,861.2384615,847.9461538,828.5615385,804.5384615,767.7769231,747.9461538,727.2076923
812.2007404,522.1769231,725.6769231,698.6230769,683.1615385,667.2384615,652.6461538,641.6615385,595.3384615,546.9769231,563.5461538,534.4076923
812.3796707,415.8769231,563.6769231,550.2230769,526.9615385,509.1384615,506.3461538,494.5615385,467.1384615,446.6769231,434.6461538,428.9076923
812.5585841,316.5769231,426.2769231,415.6230769,403.9615385,395.3384615,376.4461538,359.5615385,364.6384615,335.3769231,327.8461538,328.0076923
812.7374806,233.5769231,329.8769231,308.4230769,310.8615385,299.0384615,293.7461538,276.9615385,267.2384615,260.3769231,253.1461538,237.8076923
812.9163603,183.2769231,256.9769231,251.0230769,248.9615385,226.6384615,229.5461538,221.8615385,205.6384615,185.2769231,181.5461538,171.4076923
813.0952231,146.8769231,202.2769231,192.0230769,184.8615385,179.1384615,176.3461538,185.2615385,163.9384615,151.1769231,146.3461538,136.3076923
813.274069,109.0769231,148.8769231,155.7230769,147.3615385,133.0384615,145.9461538,131.0615385,128.8384615,130.1769231,124.0461538,101.8076923
813.4528981,90.37692308,141.7769231,129.6230769,116.0615385,122.3384615,125.7461538,113.2615385,102.8384615,98.97692308,101.1461538,91.00769231
813.6317103,94.47692308,115.4769231,107.2230769,104.5615385,95.23846154,92.84615385,94.86153846,81.13846154,78.67692308,83.24615385,81.20769231
813.8105057,59.57692308,94.07692308,91.42307692,108.2615385,86.03846154,92.04615385,79.06153846,70.23846154,78.27692308,80.94615385,65.10769231
813.9892842,55.57692308,76.87692308,79.72307692,74.76153846,75.53846154,69.64615385,76.36153846,62.03846154,56.47692308,69.54615385,50.50769231
814.1680458,47.47692308,69.67692308,61.42307692,71.96153846,67.33846154,64.84615385,67.76153846,57.93846154,55.47692308,62.24615385,49.70769231
814.3467905,40.67692308,53.37692308,58.62307692,65.06153846,52.53846154,48.04615385,34.66153846,49.93846154,44.87692308,39.04615385,34.90769231
814.5255184,42.67692308,43.87692308,58.90769231,53.96153846,45.83846154,47.44615385,41.76153846,46.93846154,45.67692308,42.04615385,36.53846154
814.7042293,20.73076923,28.91538462,44.22307692,37.06153846,40.13846154,47.04615385,37.76153846,45.93846154,27.17692308,28.25384615,25.90769231
814.8829234,28.65384615,38.67692308,42.85384615,40.56153846,33.43846154,39.84615385,34.16153846,30.63846154,29.27692308,21.28461538,34.30769231
815.0616006,20.25384615,15.16923077,29.35384615,35.46153846,25.33846154,23.25384615,20.55384615,18.44615385,28.17692308,17.63076923,20.24615385
815.2402609,17.56153846,21.17692308,17.54615385,27.96153846,24.9,38.34615385,18.4,28.7,30.68461538,20.64615385,26.20769231
815.4189044,6.969230769,15.06923077,19.03076923,17.46153846,18.01538462,16.55384615,12.6,16.49230769,13.63846154,15.78461538,17.64615385
815.5975309,12.77692308,26.16923077,23.94615385,19.36153846,19.88461538,20.73076923,19.15384615,22.20769231,17.86153846,17.45384615,15.54615385
815.7761405,8.953846154,5.207692308,20.47692308,8.515384615,9.738461538,11.77692308,11.83846154,9.453846154,14.66923077,12.45384615,14.53076923
815.9547332,23.07692308,14.76153846,22.31538462,13.7,17.98461538,17.74615385,30.36153846,18.50769231,17.53846154,16.72307692,22.41538462
816.1333091,15.16923077,16.87692308,10.41538462,11.92307692,13.33846154,9.476923077,18.90769231,9.607692308,10.27692308,7.969230769,5.369230769
816.311868,8.384615385,15.80769231,21.43846154,20.36153846,15.3,12.55384615,18.30769231,24.45384615,11.41538462,18.41538462,13.98461538
816.49041,6.961538462,10.6,13.90769231,14.43846154,7.892307692,28.36923077,12.36923077,6.492307692,9.207692308,7.492307692,5.030769231
816.6689351,13.93846154,20.97692308,21.89230769,20.47692308,16.31538462,18.1,10.69230769,9.207692308,16.47692308,19.64615385,25.7
816.8474433,6.830769231,7.107692308,13.41538462,13.21538462,10.90769231,16.66923077,11.89230769,22.73846154,6.430769231,11.94615385,8.661538462
817.0259346,21.67692308,17.74615385,20.45384615,19.01538462,13.13846154,16.28461538,29.26153846,3.415384615,11.03076923,15.22307692,9.7
817.204409,15.03846154,16.29230769,10.14615385,14.62307692,9.553846154,8.915384615,13.35384615,18.83846154,11.42307692,7.015384615,6.353846154
817.3828665,9.853846154,15.57692308,14.16153846,18.07692308,4.476923077,18.29230769,25,11.15384615,14.55384615,18.10769231,4.876923077
817.561307,10.79230769,6.815384615,7.861538462,8.353846154,7.376923077,8.223076923,19.14615385,10,11.63076923,15.23076923,8.869230769
817.7397306,7.684615385,7.938461538,8.076923077,11.15384615,9.984615385,12.45384615,19.54615385,11.30769231,18.08461538,15.76923077,10.92307692
817.9181373,12.51538462,8.892307692,8.8,9.392307692,18.64615385,14.90769231,10.56923077,6.507692308,16.66153846,18.12307692,11.79230769
818.0965271,9.561538462,10.76153846,21.3,14.46923077,5.984615385,11.31538462,11.34615385,9.415384615,4.892307692,19.72307692,11.34615385
818.2748999,10.73076923,8.553846154,11.89230769,8.184615385,12.09230769,12.15384615,13.7,5.353846154,11.44615385,7.369230769,5.630769231
818.4532558,23.17692308,11.40769231,11.92307692,14.01538462,12.74615385,12.43076923,18.95384615,17.34615385,11.02307692,14.43076923,9.453846154
818.6315948,12.65384615,2.730769231,17.83846154,9.461538462,7.661538462,18.05384615,13.75384615,9.561538462,4.030769231,9.076923077,10.44615385
818.8099168,13.20769231,14.66153846,9.846153846,15.27692308,10.76923077,16.01538462,21.85384615,10.06153846,13.00769231,11.97692308,15.60769231
818.9882219,12.13076923,6.7,17.19230769,16.4,7.461538462,14.23076923,5.753846154,11.31538462,9.484615385,13.80769231,6.769230769
819.1665101,12.88461538,20.14615385,20.62307692,15.81538462,11.79230769,13.24615385,16.86153846,8.223076923,16.86923077,14.43846154,11.38461538
819.3447813,15.14615385,12.52307692,16.13076923,12.83846154,14.33076923,12.76923077,13.40769231,14.55384615,10.69230769,18.6,9.976923077
819.5230355,14.71538462,7.315384615,12.30769231,7.607692308,11,13.31538462,17.02307692,19,20.00769231,11.33076923,8.953846154
819.7012728,17.13076923,10.39230769,6.123076923,5.507692308,5.692307692,19.98461538,4.507692308,9.284615385,11.23076923,11.06923077,13.51538462
819.8794932,13.68461538,3.661538462,15.1,9.623076923,13.21538462,19.56923077,12,9.2,19.51538462,17.65384615,13.43076923
820.0576966,6.084615385,8.723076923,15.37692308,16.01538462,6.730769231,10.67692308,18.91538462,14.04615385,11.46153846,13.43846154,5.469230769
820.2358831,14.78461538,14.07692308,16.24615385,11.53076923,18.9,8.892307692,9.053846154,7.130769231,12.65384615,14.47692308,4.876923077
820.4140525,7.838461538,4.346153846,5.2,12.23076923,8.530769231,7.676923077,9.892307692,17.33076923,11.56923077,12.6,11.20769231
820.5922051,12.88461538,10.44615385,15.77692308,16.56153846,16.42307692,8.476923077,16.25384615,18.6,10.56153846,19.00769231,18.63846154
820.7703406,15.63846154,11.8,7.230769231,14.47692308,5.792307692,8.769230769,10.34615385,17.88461538,7.569230769,15.75384615,6.261538462
820.9484592,10.5,16.34615385,18.23076923,15.87692308,11.93076923,18.73076923,15.05384615,8.638461538,6.969230769,17.23076923,14.02307692
821.1265609,10.74615385,8.676923077,9.269230769,9.092307692,12.07692308,9.007692308,11.46153846,14.54615385,15.27692308,10.44615385,13.23846154
821.3046455,15.3,23.07692308,14.70769231,18.96923077,18.07692308,17.00769231,7.792307692,19.33846154,16.96153846,20.69230769,16.04615385
821.4827132,13.36153846,8.830769231,8.230769231,9.730769231,4.923076923,6.730769231,9.638461538,6.569230769,11.65384615,12.36923077,14.91538462
821.6607639,17.27692308,19.67692308,13.79230769,17.3,15.18461538,13.11538462,18.85384615,7.992307692,12.49230769,26.98461538,21.74615385
821.8387977,14.91538462,7.430769231,10.52307692,10.45384615,10.00769231,13.71538462,9.376923077,11.59230769,7.138461538,15.00769231,8.769230769
822.0168144,14.97692308,13.23846154,4.269230769,6.661538462,17.18461538,18.64615385,11.49230769,10.45384615,12.52307692,15.69230769,9.061538462
822.1948142,12.65384615,15.55384615,13.43076923,11.75384615,6.069230769,5.953846154,7.038461538,11.67692308,8.446153846,14.99230769,12.8
822.372797,15.1,8.376923077,19.14615385,18.27692308,16.51538462,21.46923077,14.82307692,14.29230769,21.77692308,17.33846154,14.70769231
822.5507628,5.992307692,10.81538462,15.08461538,8.815384615,7.492307692,12.34615385,10.11538462,9.315384615,9.630769231,11.67692308,1.207692308
822.7287116,16.6,22.17692308,17.72307692,11.01538462,6.638461538,14.19230769,15.96923077,11.83076923,11.2,10.93076923,8.830769231
822.9066434,6.876923077,9.1,10.26153846,8.692307692,2.530769231,9.830769231,9.7,9.3,10.74615385,18.45384615,10.01538462
823.0845582,6.392307692,8.346153846,15.27692308,10.47692308,13.57692308,14.05384615,16.46153846,12.43846154,16.79230769,17.07692308,6.3
823.262456,4.876923077,5.976923077,9.184615385,8.515384615,10.04615385,7.561538462,11.55384615,7.030769231,10.44615385,25.15384615,10.21538462
823.4403369,22.6,10.84615385,9.215384615,14.07692308,14.37692308,11.41538462,19.31538462,12.04615385,12.33076923,10.19230769,7.753846154
823.6182007,12.96923077,7.630769231,10.5,13.27692308,7.176923077,16.65384615,3.007692308,8.815384615,9.853846154,18.52307692,11.07692308
823.7960475,11.94615385,15.23076923,10.92307692,19.59230769,5.4,18.1,7.615384615,10.82307692,6.130769231,8.2,11.29230769
823.9738773,4.546153846,7.815384615,11.56923077,8.869230769,12.35384615,7.453846154,9.907692308,9.161538462,13.8,9.292307692,5.546153846
824.1516901,6.946153846,11.06153846,11.77692308,9.715384615,13.69230769,18.12307692,16.52307692,14.46153846,9.969230769,9.530769231,4.438461538
824.3294859,17.43846154,5.053846154,1.792307692,11.7,11.35384615,5.976923077,10.19230769,8.638461538,9.307692308,15.56923077,9.638461538
824.5072647,16.68461538,9.984615385,13.60769231,17.9,21.66923077,11.78461538,12.68461538,14.11538462,13.44615385,12.14615385,11.23846154
824.6850264,15.51538462,12.1,6.492307692,6.415384615,11.11538462,13.88461538,8.207692308,15.45384615,5.992307692,11.59230769,16.18461538
824.8627711,16.47692308,10.40769231,19.2,11.8,14.10769231,10.99230769,9.638461538,11.03076923,6.276923077,12.59230769,12.6
825.0404989,19.92307692,14.97692308,7.3,9.823076923,11.66923077,18.53846154,12.9,15.7,9.330769231,17.73076923,10.10769231
825.2182095,23.07692308,20.17692308,22.56153846,19.66153846,10.32307692,30.02307692,16.66153846,30.63846154,17.59230769,28.69230769,19.04615385
825.3959032,26.37692308,33.77692308,38.72307692,36.06153846,28.63846154,33.04615385,32.36153846,26.24615385,30.77692308,35.04615385,27.80769231
825.5735798,45.57692308,69.17692308,68.72307692,57.96153846,59.63846154,58.54615385,59.66153846,56.13846154,51.97692308,66.04615385,47.70769231
825.7512395,86.57692308,90.87692308,98.72307692,102.5615385,87.53846154,94.04615385,86.56153846,83.13846154,82.07692308,89.44615385,87.70769231
825.928882,121.8769231,144.5769231,136.5230769,136.2615385,139.3384615,138.2461538,141.0615385,120.2384615,138.5769231,129.9461538,116.8076923
826.1065076,141.8769231,159.0769231,163.7230769,160.9615385,156.0384615,142.8461538,138.7615385,150.5384615,139.9769231,148.5461538,137.3076923
826.2841161,152.8769231,174.9769231,193.9230769,187.6615385,184.8384615,162.8461538,168.4615385,172.3384615,171.5769231,157.2461538,163.4076923
826.4617075,137.3769231,171.1769231,175.4230769,174.2615385,162.2384615,163.1461538,170.9615385,162.7384615,153.6769231,157.0461538,144.9076923
826.6392819,140.6769231,156.0769231,163.8230769,156.5615385,163.0384615,152.6461538,145.1615385,139.2384615,135.7769231,136.7461538,132.0076923
826.8168393,87.87692308,120.2769231,122.8230769,125.9615385,121.7384615,120.2461538,105.4615385,108.1384615,104.8769231,103.3461538,105.1076923
826.9943796,73.47692308,89.67692308,101.1230769,74.96153846,89.93846154,87.84615385,83.56153846,80.03846154,87.67692308,86.64615385,76.50769231
827.1719029,57.97692308,66.57692308,69.02307692,65.86153846,58.03846154,58.44615385,53.56153846,50.13846154,64.07692308,64.54615385,45.40769231
827.3494091,45.67692308,59.57692308,61.62307692,51.36153846,51.53846154,49.94615385,54.46153846,46.63846154,51.27692308,55.34615385,48.50769231
827.5268982,29.10769231,36.67692308,34.92307692,35.84615385,25.17692308,34.63076923,36.01538462,39.93846154,34.37692308,39.04615385,32.90769231
827.7043703,37.47692308,38.87692308,32.42307692,26.57692308,48.03846154,35.83076923,37.86153846,24.35384615,37.97692308,35.34615385,32.60769231
827.8818254,17.66923077,15.26923077,21.80769231,34.86153846,15.69230769,33.56923077,25.44615385,24.63076923,16.16153846,27.95384615,21.10769231
828.0592634,26.17692308,37.20769231,21.23846154,29.68461538,27.56923077,22.24615385,24.36153846,23.23076923,26.43076923,37.95384615,31.00769231
828.2366843,16.46923077,21.98461538,24.03846154,28.86153846,15.57692308,14.61538462,23.21538462,16.59230769,13.42307692,15.3,9.8
828.4140881,13.58461538,16.85384615,17.32307692,18.33076923,17.52307692,24.04615385,20.34615385,15.78461538,14.44615385,20.44615385,19.41538462
828.5914749,13.21538462,13.35384615,12.09230769,13.68461538,6.023076923,18.26923077,10.66153846,10.48461538,11.03846154,18.85384615,12.13076923
828.7688446,13.40769231,21.26923077,22.87692308,30.2,11.3,18.58461538,20.36923077,20.43846154,15.93846154,24.62307692,3.646153846
828.9461972,19.00769231,16.53846154,15.77692308,22.1,6.661538462,9.676923077,20.96153846,6.6,16.46923077,13.28461538,11.9
829.1235328,14.65384615,9.046153846,15.94615385,22.47692308,16.85384615,16.13076923,15.86923077,7.723076923,21.03846154,12.21538462,14.36153846
829.3008513,14.22307692,10.97692308,14.43076923,18.08461538,2.492307692,15.13846154,11.5,12.71538462,17.53076923,19.54615385,9.015384615
829.4781526,16.77692308,14.31538462,15.28461538,22.29230769,19.50769231,17.98461538,20.9,24.34615385,14.93076923,29.32307692,21.40769231
829.6554369,12.07692308,12.9,9.007692308,10.41538462,6.407692308,17.69230769,16.24615385,21.73076923,8.2,10.97692308,12.75384615
829.8327042,8.1,9.884615385,15.28461538,23.97692308,13.33076923,11.45384615,15.4,14.60769231,8.807692308,14.12307692,9.192307692
830.0099543,7.969230769,11.02307692,6.784615385,4.784615385,16.45384615,4.153846154,9.607692308,6.292307692,7.276923077,10.34615385,8.661538462
830.1871873,6.7,10.09230769,12.96923077,12.19230769,18.46153846,9.753846154,11.35384615,15.66923077,11.33076923,23.58461538,7.884615385
830.3644033,9.869230769,5.930769231,11.07692308,13.96153846,8.576923077,11.7,17.56153846,10.04615385,11.66153846,11.90769231,14.63076923
830.5416021,10.43846154,16.76923077,11.96153846,7.423076923,11.22307692,18.93076923,20.64615385,15.06923077,6.292307692,14.34615385,11.55384615
830.7187839,15.23846154,3.584615385,10.76923077,12.6,19.06153846,11.5,5.992307692,15.17692308,12.78461538,15.18461538,8.776923077
830.8959485,15.08461538,7.453846154,18.06153846,12.81538462,14.09230769,10.56923077,9.276923077,12.03846154,15.30769231,11.66153846,10.00769231
831.0730961,11.76923077,6.053846154,4.384615385,12.71538462,11.22307692,6.623076923,18.81538462,6.576923077,13.36923077,9.592307692,1.915384615
831.2502265,9.246153846,11.77692308,10.70769231,7.5,8.169230769,15.56923077,13.1,12.84615385,13.97692308,15.05384615,11.8
831.4273398,13.63076923,12.21538462,7.661538462,7.669230769,8.538461538,9.192307692,4.530769231,8.4,8.969230769,18.69230769,11.05384615
831.604436,9.915384615,14.48461538,9.123076923,17.29230769,13.81538462,15.59230769,14.2,14.67692308,8.261538462,9.315384615,5.846153846
831.7815151,9.346153846,8.2,3.192307692,6.853846154,9.853846154,14.69230769,12.93846154,4.738461538,15.93076923,13.60769231,13.1
831.9585771,14.93076923,11.04615385,11.97692308,16.90769231,15.16153846,22.63076923,8.623076923,12.77692308,17.08461538,11.49230769,12.2
832.135622,13.10769231,4.676923077,5.930769231,10.01538462,6.092307692,16.74615385,4.6,5.215384615,15.53846154,13.96153846,14.31538462
832.3126497,16.67692308,3.653846154,16.46153846,17.3,12.42307692,17.00769231,14.66153846,8.992307692,18.58461538,13.33846154,19
832.4896604,13.20769231,3.253846154,6.376923077,12.26923077,8.792307692,10.66923077,13.26923077,7.492307692,6.461538462,5.069230769,5.846153846
832.6666539,9.846153846,10.76153846,20.36923077,16.08461538,13.20769231,10.3,9.869230769,12.2,9.276923077,12.46153846,14.21538462
832.8436302,7.469230769,13.66153846,9.876923077,4.876923077,4.330769231,5.723076923,10.46153846,5.238461538,11.53846154,13.37692308,6.3
833.0205895,11.00769231,11.48461538,7.707692308,15.41538462,7.092307692,10.09230769,14.10769231,12.54615385,10.13846154,16.15384615,20.75384615
833.1975316,8.284615385,3.4,11.24615385,15.58461538,4.807692308,8.661538462,6.807692308,2.976923077,9.769230769,18.99230769,9.315384615
833.3744566,10.3,8.523076923,13.50769231,14.48461538,7.753846154,15.53076923,9.4,12.3,6.8,13.52307692,9.653846154
833.5513644,11.67692308,12.34615385,8.930769231,12.88461538,4.338461538,5.430769231,14.12307692,14.4,6.623076923,9.576923077,9.823076923
833.7282551,18.36923077,11.74615385,9.992307692,6.638461538,8.892307692,16.61538462,8.053846154,6.130769231,11.79230769,17.15384615,5.8
833.9051286,11.14615385,10.6,12.59230769,11.59230769,5.123076923,16.55384615,12.96923077,10.25384615,9.984615385,12.46153846,6.638461538
834.081985,6.815384615,3.876923077,7.676923077,11.63076923,16.24615385,15.46923077,18.18461538,9.453846154,16.81538462,6.192307692,13.79230769
834.2588243,9.753846154,5.253846154,8.523076923,10.4,5.423076923,8.538461538,9.284615385,5.1,12.3,8.953846154,10.1
834.4356464,10.26923077,13.56153846,8.123076923,14.17692308,8.830769231,6,9.784615385,9.861538462,14.66923077,19.92307692,19.43846154
834.6124514,7.030769231,2.423076923,10.22307692,9.707692308,10.91538462,10.53846154,10.86923077,4.338461538,5.861538462,9.430769231,8.969230769
834.7892392,3,6.5,5.815384615,12.73846154,6.161538462,18.40769231,16.50769231,7.1,10.36153846,16.93076923,10.96153846
834.9660098,10.50769231,5.023076923,2.615384615,5.315384615,3.807692308,3.776923077,8.069230769,4.784615385,8.192307692,12.13846154,11.96923077
835.1427633,13.56153846,7.053846154,5.523076923,11.12307692,10.33846154,14.79230769,11.08461538,13.35384615,12.76923077,10.2,3.876923077
835.3194996,11.13846154,4.207692308,9.930769231,17.53846154,10.44615385,10.66923077,3.938461538,8.323076923,1.338461538,14.44615385,14.90769231
835.4962188,9.446153846,11.56153846,12.70769231,7.753846154,8.669230769,10.17692308,16.73846154,15.33076923,9.584615385,11.48461538,16.1
835.6729208,13.44615385,6.007692308,6.584615385,14.96923077,13.83846154,6.292307692,11.43076923,9.623076923,10.73076923,7.830769231,7.430769231
835.8496056,7.815384615,11.31538462,8,11.84615385,11.13846154,18.01538462,10.74615385,7.592307692,13.60769231,18.03076923,11.03846154
836.0262733,13.70769231,6.861538462,13.52307692,9.1,4.415384615,10.46923077,8.430769231,7.769230769,17.53076923,11.55384615,6.146153846
836.2029237,12.23846154,8.853846154,9.976923077,11.46923077,11.41538462,7.976923077,8.338461538,13.43846154,17.66923077,20.54615385,14.24615385
836.379557,5.407692308,10.31538462,3.684615385,5.923076923,0.853846154,11.96923077,12.24615385,10.63846154,6.653846154,14.20769231,12.21538462
836.5561732,13.87692308,9.9,4.976923077,11.88461538,18.35384615,12.16923077,13.85384615,8.076923077,14.77692308,13.77692308,10.86153846
836.7327721,15.88461538,7.030769231,12.57692308,6.523076923,4.030769231,15.26923077,8.961538462,11.67692308,8.523076923,12.79230769,1.669230769
836.9093539,15.33846154,11.51538462,7.192307692,14.47692308,13.43846154,12.05384615,9.407692308,10.89230769,8.161538462,18.4,14.64615385
837.0859185,9.823076923,11.61538462,8.207692308,18.56153846,13.38461538,11.3,14.89230769,9.592307692,9.407692308,11.47692308,7.761538462
837.2624658,9.969230769,7.269230769,13.07692308,14.37692308,9.007692308,13.26923077,13.00769231,7.2,14.64615385,14.21538462,11.81538462
837.438996,4.569230769,4.230769231,5.446153846,13.46153846,12.14615385,11.01538462,3.930769231,14.79230769,10.21538462,7.730769231,10.22307692
837.615509,15.28461538,9.553846154,13.00769231,10.99230769,7.546153846,1.876923077,12.17692308,10.35384615,10.59230769,6.684615385,11.13846154
837.7920048,4.630769231,12.53076923,4.6,8.853846154,4.607692308,15.27692308,5.246153846,11.73076923,13.34615385,17.86153846,7.907692308
837.9684834,15.91538462,10.06923077,5.784615385,6.430769231,3.838461538,12.06923077,13.34615385,11.25384615,11.6,16.33076923,13.60769231
838.1449449,8.6,4.123076923,4.684615385,6.7,11.25384615,13.78461538,11.72307692,12.06923077,8.161538462,10.23846154,12.56923077
838.3213891,12.90769231,3.538461538,18.72307692,13.33076923,17.44615385,12.39230769,13.19230769,10.60769231,6.323076923,12.89230769,15.16923077
838.4978161,8.469230769,6.615384615,15.6,6.884615385,11.96923077,4.392307692,10.66923077,6.846153846,13.42307692,12.08461538,14.81538462
838.6742258,8.315384615,9.761538462,22.94615385,15.7,9.715384615,9.230769231,14,6.392307692,14.32307692,13.61538462,8.969230769
838.8506184,11.2,4.961538462,8.492307692,12.08461538,11.36153846,11.69230769,15.01538462,10.57692308,4.307692308,11.75384615,10.96923077
839.0269938,11.23076923,6.476923077,5.015384615,12.5,7.376923077,12.21538462,14.03846154,6.223076923,3.784615385,16.2,15.86153846
839.2033519,9.907692308,16.9,19.19230769,9.453846154,6.515384615,15.29230769,10.21538462,11.95384615,8.676923077,11.97692308,14.51538462
839.3796929,12.58461538,10.8,15.28461538,13.8,12.76153846,12.53076923,21.56153846,18.93846154,15.66153846,27.54615385,13.31538462
839.5560166,17.09230769,20.73076923,27.07692308,25.46153846,22.19230769,21.54615385,25.76923077,19.13846154,19.56153846,24.44615385,22.73076923
839.7323231,34.57692308,61.47692308,58.52307692,60.06153846,56.03846154,46.74615385,58.16153846,57.73846154,63.17692308,48.44615385,58.90769231
839.9086124,91.77692308,96.37692308,98.62307692,96.36153846,91.73846154,98.14615385,96.56153846,83.83846154,89.27692308,83.84615385,87.20769231
840.0848844,137.5769231,162.0769231,154.0230769,157.7615385,154.3384615,150.7461538,152.4615385,139.5384615,142.5769231,141.7461538,137.3076923
840.2611392,173.3769231,214.4769231,219.4230769,207.9615385,199.9384615,213.8461538,209.8615385,194.1384615,194.1769231,191.1461538,187.8076923
840.4373768,224.8769231,271.0769231,267.9230769,264.6615385,256.4384615,248.7461538,246.4615385,242.1384615,234.0769231,229.7461538,224.9076923
840.6135971,241.3769231,286.9769231,277.9230769,279.9615385,270.1384615,269.2461538,264.5615385,249.2384615,258.4769231,251.6461538,225.5076923
840.7898002,227.9769231,276.6769231,269.8230769,266.3615385,269.3384615,263.4461538,260.8615385,254.7384615,235.8769231,251.2461538,233.0076923
840.9659861,200.3769231,248.2769231,239.6230769,250.1615385,224.8384615,233.4461538,226.3615385,237.7384615,210.8769231,226.1461538,202.1076923
841.1421547,170.5769231,219.3769231,214.7230769,213.9615385,211.1384615,204.0461538,192.3615385,201.8384615,178.5769231,190.9461538,177.9076923
841.3183061,163.6769231,194.0769231,194.2230769,185.5615385,185.2384615,193.8461538,188.8615385,164.4384615,172.7769231,173.8461538,154.7076923
841.4944403,165.6769231,225.6769231,211.3230769,214.4615385,210.9384615,212.8461538,207.5615385,186.6384615,187.2769231,193.2461538,188.4076923
841.6705572,224.1769231,272.7769231,286.5230769,274.2615385,263.4384615,255.7461538,245.0615385,235.4384615,229.6769231,240.5461538,224.8076923
841.8466568,289.5769231,360.1769231,345.6230769,351.4615385,343.4384615,331.6461538,330.4615385,312.1384615,311.1769231,297.9461538,299.1076923
842.0227392,349.2769231,406.8769231,407.1230769,403.9615385,399.4384615,386.1461538,375.1615385,374.9384615,347.6769231,347.3461538,343.6076923
842.1988043,364.7769231,456.6769231,450.6230769,439.7615385,428.6384615,410.0461538,414.4615385,402.5384615,384.8769231,397.8461538,369.4076923
842.3748522,358.1769231,432.3769231,441.8230769,422.7615385,430.7384615,409.0461538,402.3615385,394.4384615,371.0769231,368.7461538,355.9076923
842.5508828,327.1769231,403.5769231,386.7230769,401.5615385,386.4384615,378.4461538,363.6615385,356.0384615,339.7769231,342.1461538,326.9076923
842.7268961,266.1769231,342.6769231,325.3230769,322.9615385,305.4384615,315.8461538,297.4615385,292.2384615,276.7769231,264.5461538,274.4076923
842.9028922,205.3769231,254.6769231,261.2230769,233.1615385,235.1384615,241.8461538,219.9615385,211.3384615,211.2769231,215.0461538,193.7076923
843.078871,144.1769231,185.6769231,179.8230769,175.6615385,168.2384615,175.6461538,159.3615385,147.6384615,148.6769231,140.8461538,146.9076923
843.2548326,111.1769231,119.1769231,134.4230769,133.2615385,128.9384615,131.0461538,126.8615385,116.5384615,107.1769231,122.4461538,107.0076923
843.4307768,78.77692308,115.0769231,93.82307692,101.1615385,102.1384615,88.14615385,97.66153846,90.63846154,84.17692308,85.84615385,79.90769231
843.6067038,71.47692308,88.17692308,94.62307692,94.06153846,85.13846154,90.64615385,81.66153846,76.13846154,75.87692308,78.74615385,84.50769231
843.7826135,62.47692308,75.37692308,63.42307692,62.96153846,60.03846154,66.34615385,66.16153846,63.13846154,51.37692308,59.94615385,42.20769231
843.958506,56.97692308,64.97692308,69.82307692,64.66153846,61.73846154,69.04615385,59.26153846,57.83846154,46.47692308,56.14615385,55.00769231
844.1343811,44.17692308,54.97692308,54.32307692,48.26153846,42.23846154,51.64615385,47.66153846,39.93846154,40.37692308,51.94615385,32.4
844.310239,49.07692308,54.27692308,44.92307692,52.26153846,59.23846154,54.84615385,46.07692308,45.13846154,40.97692308,43.04615385,34.20769231
844.4860795,28.17692308,41.77692308,31.63846154,43.96153846,34.93846154,44.84615385,37.66153846,37.33846154,29.36153846,41.44615385,31.35384615
844.6619028,30.43076923,47.57692308,38.22307692,41.56153846,34.61538462,34.04615385,31.96153846,30.73846154,30.07692308,41.14615385,25.15384615
844.8377088,21.94615385,26.27692308,37.22307692,23.16153846,25,33.31538462,22.97692308,29.43846154,26.20769231,31.64615385,21.24615385
845.0134975,14.34615385,33.18461538,20.83846154,32.96153846,24.63076923,37.14615385,31.9,31.83076923,24.46153846,26.54615385,24.93076923
845.1892689,24.63076923,17.22307692,28.03846154,33.67692308,25.73846154,22.96923077,29.66153846,20.85384615,17.27692308,30.94615385,17.23076923
845.365023,20.81538462,16.93846154,25.73846154,31.27692308,21.48461538,27.92307692,21.8,23.63846154,21.62307692,23.44615385,22.47692308
845.5407598,17.86923077,23.58461538,16.7,23.29230769,10.70769231,20.15384615,16.5,22.58461538,16.71538462,21.16923077,19.86153846
845.7164793,20.6,10.01538462,25.22307692,26.76153846,20.88461538,14.48461538,26.76153846,15.98461538,23.44615385,17.92307692,21.83846154
845.8921815,15.43846154,8.376923077,11.34615385,14.79230769,10.04615385,17.48461538,8.530769231,14.75384615,16.73076923,19.19230769,21.53846154
846.0678664,15.53846154,14.36153846,11.52307692,13.37692308,14.23846154,13.81538462,9.538461538,13.05384615,12.63846154,21.93076923,10.21538462
846.243534,16.74615385,8.276923077,19.17692308,16.32307692,18.05384615,4.684615385,7.592307692,9.076923077,3.530769231,13.56153846,6.923076923
846.4191842,20.98461538,23.84615385,18.23076923,21.67692308,25.41538462,19.13076923,18.11538462,12.29230769,14.54615385,14.7,15.35384615
846.5948172,8.730769231,10.87692308,12.8,10.21538462,12.1,10.4,13.47692308,11.83846154,12.78461538,7.930769231,6.907692308
846.7704328,20.15384615,2.392307692,10.26923077,17.88461538,17.36923077,20.74615385,8.984615385,9.3,15.05384615,25.82307692,14.98461538
846.9460311,5.823076923,6.746153846,5.692307692,12.03846154,13.36923077,12.82307692,11.25384615,12.17692308,15.07692308,4.853846154,14.03846154
847.1216121,14.53076923,9.992307692,3.076923077,8.069230769,12.74615385,25.24615385,15.95384615,20.39230769,13.37692308,16.98461538,6.976923077
847.2971757,4.553846154,7.7,12.12307692,11.39230769,4.546153846,14.36923077,3.730769231,13.2,8.276923077,7.992307692,10.1
847.472722,10.65384615,8.7,15.57692308,20.37692308,14.43846154,9.192307692,6.053846154,13.26923077,12.42307692,18.23076923,6.715384615
847.648251,15.97692308,7.830769231,13.74615385,6.323076923,9.769230769,11.62307692,7.792307692,5.207692308,5,8.292307692,5.530769231
847.8237627,21.59230769,12.60769231,9.992307692,18.28461538,13.89230769,20.66923077,10.49230769,12.79230769,15.66153846,12.9,9.853846154
847.999257,4.046153846,4.4,5.176923077,7.623076923,9.1,5.115384615,11,4.515384615,6.315384615,9.784615385,6.569230769
848.174734,9.8,11.23076923,10.81538462,4.823076923,9.984615385,16.78461538,10.30769231,8.976923077,7.392307692,10.37692308,10.54615385
848.3501936,15.70769231,10.14615385,5.307692308,11.53846154,11.95384615,11.31538462,10.12307692,8.838461538,10.4,12.79230769,7.723076923
848.5256359,18.63076923,10.36153846,15.56923077,18.46153846,12.07692308,11.63076923,13.95384615,13.33846154,11.47692308,13.32307692,9.853846154
848.7010608,8.230769231,3.338461538,10.03846154,14.19230769,4.984615385,7.207692308,8.684615385,4.738461538,15.03076923,6.146153846,8.361538462
848.8764684,9.330769231,7.638461538,17.19230769,15.5,7.846153846,15.23076923,17.53846154,4.292307692,15.57692308,10.16153846,17.46153846
849.0518587,5.907692308,7.3,8.953846154,6.338461538,12.66923077,13.15384615,25.66153846,11.72307692,9.823076923,13.85384615,5.661538462
849.2272316,8.530769231,3.761538462,12.59230769,8.892307692,4.076923077,7.715384615,15.63076923,6.538461538,13.25384615,23.34615385,3.669230769
849.4025871,4.4,7.676923077,10.18461538,5.523076923,6.992307692,14.63846154,7.969230769,11.3,8.884615385,11.40769231,10.21538462
849.5779253,10.46923077,10.51538462,17.92307692,5.561538462,10.56153846,14.87692308,17.51538462,12.5,3.184615385,7.576923077,3.392307692
849.7532461,11.58461538,6.446153846,7.9,10.33846154,9.515384615,11.93846154,5.307692308,13.21538462,8.369230769,7.169230769,4.7
849.9285496,19.73846154,14.18461538,3.753846154,20.06153846,7.1,15.27692308,9.476923077,11.73076923,21.56153846,20.26923077,13.93846154
850.1038357,5.476923077,8.653846154,8.976923077,7.938461538,10.91538462,9.038461538,6.476923077,4.615384615,10.16153846,9.876923077,5.938461538
850.2791044,16.36923077,11.20769231,4.423076923,6.692307692,3.507692308,10.69230769,17.06153846,9.238461538,15.27692308,15.06923077,12.08461538
850.4543558,12.14615385,4.861538462,6.761538462,12.31538462,5.623076923,14.33076923,12.50769231,5.523076923,4.923076923,10.01538462,11.83076923
850.6295898,17.26923077,11.67692308,12.87692308,17.58461538,5.707692308,10.31538462,16.87692308,11.6,17.14615385,7.684615385,8.507692308
850.8048064,18.6,8.661538462,4.961538462,15.47692308,9.307692308,14.69230769,13.79230769,18.50769231,10.87692308,13.8,11.43076923
850.9800056,31.17692308,25.18461538,28.50769231,19.56923077,30.23846154,29.05384615,29.1,27.3,26.47692308,24.6,15.13076923
851.1551875,29.07692308,30.87692308,40.72307692,34.86153846,22.11538462,40.24615385,44.76153846,29.95384615,28.97692308,39.84615385,29.70769231
851.330352,54.87692308,44.60769231,50.72307692,62.56153846,59.53846154,52.54615385,62.26153846,51.53846154,45.97692308,59.74615385,46.00769231
851.5054991,64.17692308,75.37692308,82.72307692,74.86153846,76.73846154,90.84615385,72.26153846,76.83846154,78.37692308,75.64615385,67.80769231
851.6806288,86.57692308,110.2769231,112.5230769,109.5615385,107.4384615,95.74615385,98.36153846,104.3384615,96.87692308,103.2461538,91.40769231
851.8557411,84.67692308,112.0769231,112.4230769,108.3615385,103.1384615,109.3461538,98.66153846,93.43846154,96.07692308,100.1461538,84.10769231
852.030836,96.87692308,102.6769231,127.0230769,108.9615385,107.1384615,97.54615385,99.26153846,107.9384615,93.27692308,98.14615385,100.2076923
852.2059135,85.07692308,99.97692308,108.4230769,94.36153846,95.83846154,101.4461538,101.5615385,80.63846154,88.27692308,95.04615385,80.20769231
852.3809737,70.57692308,79.47692308,79.22307692,87.86153846,80.43846154,70.64615385,78.26153846,60.33846154,77.07692308,75.74615385,65.10769231
852.5560164,54.97692308,54.37692308,58.82307692,68.46153846,66.23846154,67.14615385,63.86153846,52.53846154,55.57692308,51.54615385,44.90769231
852.7310417,46.17692308,52.47692308,33.63846154,50.56153846,42.93846154,47.74615385,38.71538462,49.63846154,43.77692308,48.34615385,28.83076923
852.9060497,31.8,35.97692308,32.52307692,36.26153846,31.53846154,37.34615385,45.26153846,31.53846154,31.27692308,35.94615385,26.10769231
853.0810402,30.57692308,37.27692308,33.63846154,23.44615385,35.3,26.55384615,21,21.93846154,28.46153846,19.9,23.86923077
853.2560133,19.2,26.10769231,29.67692308,23.07692308,23.81538462,19.14615385,13.11538462,19.50769231,22.77692308,21.39230769,16.77692308
853.430969,22.39230769,21.97692308,17.46153846,23.16153846,21.93846154,18.46923077,26.81538462,23.33076923,19.58461538,36.04615385,15.32307692
853.6059073,22.24615385,17.31538462,16.96923077,25.48461538,11.58461538,22.15384615,17.76153846,11.19230769,12.93076923,17.06923077,12.03076923
853.7808282,23.29230769,16.90769231,22.42307692,18.69230769,15.63076923,18.21538462,14.33846154,14.3,22.61538462,20.53846154,10.9
853.9557316,20.74615385,16.91538462,5.523076923,8.415384615,4.615384615,15.25384615,19.54615385,12.37692308,7.761538462,10.42307692,0.792307692
854.1306177,19.84615385,18.47692308,20.24615385,11.49230769,8.846153846,17.65384615,15.73846154,16.23846154,18.41538462,16.23076923,16.08461538
854.3054863,19.10769231,9.615384615,13.77692308,16.66153846,14.56153846,12.43076923,6.630769231,9.392307692,11.12307692,10.69230769,12.66923077
854.4803375,11.53846154,17.02307692,14.53846154,13.33846154,14.11538462,17.32307692,13.03076923,11.06153846,9.561538462,11.07692308,14.61538462
854.6551712,8.784615385,12.9,16.24615385,10.86153846,3.107692308,12.59230769,17.41538462,9.738461538,5.261538462,18.87692308,3.330769231
854.8299876,9.030769231,14.05384615,21.00769231,18.19230769,10.58461538,17.26923077,8.715384615,11.66153846,10.51538462,13.03846154,12.16153846
855.0047865,7.669230769,9.030769231,15.74615385,7.869230769,4.638461538,18.19230769,10.83076923,10.32307692,18.11538462,14.96923077,10.17692308
855.1795679,13.23846154,12.90769231,12,12.98461538,20.83076923,10.43076923,16.38461538,10.46923077,14.15384615,16.95384615,14.11538462
855.3543319,13.08461538,3.284615385,15.1,18.71538462,10.96153846,15.64615385,9.515384615,12.18461538,18.43846154,13.46153846,4.576923077
855.5290785,8.223076923,14.81538462,14.43846154,12.72307692,6.646153846,9.976923077,15.15384615,10.91538462,12.86923077,17.27692308,9.446153846
855.7038077,8.915384615,12.63846154,6.584615385,11.28461538,7.223076923,9.038461538,9.769230769,7.953846154,14.49230769,15.88461538,7.846153846
855.8785194,12.26153846,10.66923077,16.32307692,20.83076923,9.846153846,6.9,12.03076923,9.046153846,8.930769231,14.5,6.538461538
856.0532136,5.346153846,6.038461538,4.461538462,16.62307692,6.961538462,11.20769231,9.446153846,6.761538462,14.66923077,13.86923077,4.138461538
856.2278904,6.069230769,11.51538462,14.42307692,13.27692308,12.25384615,16.18461538,10.25384615,11.26153846,2.2,19.09230769,7.446153846
856.4025498,9.615384615,3.884615385,8.961538462,15.40769231,13.29230769,4.907692308,8.246153846,4.592307692,5.507692308,12.76153846,9.569230769
856.5771917,13.81538462,13.63076923,13.16153846,21.56153846,8.907692308,15.69230769,11.06923077,12.61538462,12.71538462,18.48461538,10.54615385
856.7518161,6.353846154,6.046153846,5.261538462,5.392307692,2.561538462,6.038461538,13.6,10.15384615,6.738461538,10.25384615,8.184615385
856.9264231,7.669230769,6.576923077,8.807692308,22.26153846,8.269230769,7.046153846,5.076923077,12.2,5.561538462,9.153846154,6.792307692
857.1010126,13.93846154,2.869230769,10.33846154,8.969230769,4.861538462,6.1,15.75384615,10.86153846,1.592307692,13.06923077,6.630769231
857.2755846,9.338461538,5.153846154,11.31538462,18.70769231,5.738461538,7.838461538,7.915384615,3.530769231,8.223076923,5.492307692,7.115384615
857.4501392,9.692307692,5.092307692,5.561538462,17.5,5.584615385,7.892307692,7.784615385,4.476923077,10.04615385,10.24615385,9.284615385
857.6246763,15.04615385,8.515384615,11.54615385,11.62307692,6.061538462,8,13.01538462,26.93846154,10.9,13.63076923,2.738461538
857.799196,12.14615385,10.02307692,3.584615385,12.3,11.53076923,7.746153846,12.11538462,5.584615385,12.97692308,8.976923077,5.238461538
857.9736982,10.60769231,7.369230769,14.86923077,9.507692308,10.97692308,7.8,7.538461538,13.55384615,13.79230769,16.38461538,18.18461538
858.1481829,5.315384615,3.746153846,7.784615385,8.6,11.77692308,6.507692308,12.16923077,7.038461538,10.67692308,9.123076923,9.046153846
858.3226501,12.05384615,11.58461538,10.16153846,14.63846154,10.19230769,11.07692308,12.31538462,8.992307692,5.261538462,9.623076923,11.76153846
858.4970998,5.292307692,1.953846154,5.861538462,12.78461538,8.084615385,6.453846154,11.66153846,6.330769231,4.423076923,8.146153846,6.192307692
858.6715321,13.81538462,10.1,14.64615385,18.62307692,7.807692308,11.95384615,11.45384615,12.02307692,7.184615385,15.62307692,5.915384615
858.8459468,10.07692308,4.184615385,8.6,5.261538462,12.01538462,14.67692308,5.638461538,4.276923077,6.323076923,13.18461538,2
859.0203441,11.70769231,8.230769231,8.938461538,5.338461538,11.73076923,14.76923077,8.561538462,10.45384615,7.376923077,13.43846154,15.02307692
859.1947239,8.153846154,7.353846154,7.161538462,5.676923077,7.976923077,7.053846154,10.91538462,9.1,6.623076923,12.14615385,5.569230769
859.3690862,6.961538462,9.192307692,13.04615385,16.78461538,8.346153846,10.69230769,8.807692308,10.15384615,12.82307692,8.530769231,7.507692308
859.543431,11.65384615,11.43846154,9.469230769,8.338461538,7.984615385,7.030769231,16.51538462,7.053846154,9.453846154,13.18461538,9.107692308
859.7177583,14.54615385,10.92307692,14.8,12.63846154,11.16923077,7.338461538,13.5,13.73076923,14.96923077,10.10769231,3.261538462
859.8920681,4.838461538,11.00769231,4.669230769,5.238461538,7.161538462,10.30769231,8.807692308,2.884615385,5.838461538,9.576923077,11.30769231
860.0663604,10.78461538,5.884615385,12.43076923,16.06153846,6.576923077,8.515384615,11.75384615,10.06153846,10.66923077,10.00769231,10.79230769
860.2406352,6.730769231,2.430769231,10.51538462,12.51538462,0.592307692,6.361538462,6,3.884615385,6.7,12.95384615,7.769230769
860.4148925,19.58461538,5.069230769,9.623076923,18.73076923,9.523076923,10.60769231,7.746153846,17.81538462,13.86153846,16.93076923,10.60769231
860.5891322,10.18461538,3.515384615,7.892307692,6.323076923,9.669230769,2.361538462,4.115384615,8.576923077,6.469230769,17.40769231,4.876923077
860.7633545,8.823076923,5.038461538,5.769230769,10.39230769,10.66923077,8.715384615,3.515384615,8.1,7.792307692,21.49230769,9.146153846
860.9375592,6.607692308,8.330769231,7.769230769,5.738461538,1.5,10.14615385,8.892307692,6.092307692,7.438461538,7.938461538,5.476923077
861.1117465,5.923076923,8.761538462,14.46153846,19.70769231,2.069230769,12.73076923,26.81538462,15.51538462,19.97692308,21.65384615,7.961538462
861.2859162,11.56153846,4.169230769,13.46153846,11.47692308,5.938461538,9.661538462,5.815384615,9.769230769,9.8,9.630769231,3.046153846
861.4600684,15.96153846,6.607692308,15.41538462,11.33076923,6.453846154,10.8,19.06153846,12.83076923,13.12307692,10.9,13.96923077
861.634203,9.4,8.915384615,7.130769231,7.423076923,11.33076923,11.05384615,15.03846154,10.73846154,10.51538462,15.77692308,8.361538462
861.8083202,16.65384615,10.94615385,12.54615385,9.507692308,11.11538462,9.969230769,14.08461538,13.90769231,15.32307692,16.39230769,5.669230769
861.9824198,11.03076923,3.876923077,6.907692308,13.3,9.2,13.65384615,10.80769231,4.684615385,6.115384615,5.307692308,6.846153846
862.1565019,12.85384615,8.707692308,5.561538462,8.069230769,4.753846154,7.338461538,4.815384615,6.661538462,9.015384615,13.24615385,9.361538462
862.3305664,5.261538462,16.52307692,11.13076923,13.45384615,6.676923077,9.876923077,14.96153846,8.653846154,11.13846154,8.846153846,5.461538462
862.5046134,12.30769231,10.89230769,8.861538462,8.830769231,12.78461538,25.44615385,9.130769231,13.85384615,6.207692308,17.66923077,12.81538462
862.6786429,5.930769231,3.846153846,3.7,6.892307692,4.530769231,8.284615385,5.169230769,3.330769231,5.661538462,7.123076923,12.71538462
862.8526548,12.86923077,9.715384615,12.06153846,8.938461538,8.469230769,5.976923077,15.3,12.75384615,14.70769231,19.48461538,10.18461538
863.0266492,11.74615385,10.00769231,7.969230769,15.2,5.661538462,18.05384615,12.13846154,8.038461538,13.5,7.630769231,10.65384615
863.200626,13.83076923,9.784615385,16.23846154,13.11538462,7.853846154,13.89230769,16.72307692,9.684615385,10.4,22.86153846,9.830769231
863.3745853,7.238461538,2,1.115384615,7.415384615,4.669230769,3.261538462,4.007692308,3.323076923,8.092307692,7.123076923,3.884615385
863.548527,10.05384615,2.715384615,20.64615385,9.953846154,11.40769231,11.93076923,19.16153846,13.2,11.35384615,16.2,10.62307692
863.7224512,7.238461538,8.130769231,9.5,7.323076923,8.538461538,13.09230769,11.10769231,8.146153846,6.938461538,14.65384615,2.938461538
863.8963578,15.06153846,8.392307692,11.35384615,4.715384615,20.8,15.76923077,12.58461538,18.23076923,10.72307692,14.5,15.13076923
864.0702469,13,6.092307692,9.330769231,12.02307692,4.292307692,10.03076923,9.092307692,4.7,7,8.461538462,2.707692308
864.2441184,12.51538462,7.8,11.01538462,8.730769231,8.215384615,11.03076923,6.630769231,10.31538462,9.061538462,7.769230769,7.069230769
864.4179723,14.5,3.646153846,9.692307692,7.330769231,2.715384615,17.96923077,6.584615385,8.838461538,10.93076923,9.723076923,4.838461538
864.5918087,9.507692308,14.90769231,7.123076923,9.176923077,11.36923077,14.54615385,18.5,10.89230769,9.753846154,9.315384615,6.6
864.7656275,10.68461538,7.046153846,4.476923077,1.5,4.684615385,3.176923077,4.707692308,8.053846154,10.13846154,18.1,9.507692308
864.9394288,7.438461538,15.20769231,12.73076923,13.33846154,6.823076923,13.73846154,11.26923077,12.00769231,9.238461538,20.35384615,5.915384615
865.1132124,8.484615385,8.853846154,11.61538462,9.623076923,4.246153846,9.223076923,4.261538462,9.176923077,1.915384615,4.869230769,3.146153846
865.2869785,10.60769231,10.42307692,15.06923077,10.74615385,7.253846154,19.43076923,5.223076923,4.292307692,15.75384615,14.16923077,9.184615385
865.460727,5.261538462,9.130769231,11.4,9.923076923,7.961538462,9.192307692,2.292307692,5.238461538,9.630769231,14.56923077,5.984615385
865.6344579,8.646153846,6.353846154,14.51538462,10.78461538,9.476923077,14.26923077,12.41538462,11.29230769,17.80769231,21.78461538,5.892307692
865.8081713,9.884615385,18.53076923,13.72307692,18.01538462,11.80769231,4.653846154,9.961538462,15.10769231,5.807692308,12.14615385,2.569230769
865.9818671,18.94615385,19.48461538,19.3,22.03076923,11.67692308,19.13076923,22.16153846,13.74615385,15.00769231,26.74615385,15.76923077
866.1555452,9.969230769,6.176923077,16.82307692,22.01538462,11.76923077,23.92307692,19.96153846,11.95384615,12.99230769,14.00769231,13.60769231
866.3292058,27.61538462,21.30769231,18.13846154,21.26923077,21.61538462,22.90769231,18.65384615,20.49230769,23.11538462,24.53076923,10.2
866.5028488,9.430769231,25.37692308,24.82307692,20.68461538,19.74615385,23.94615385,24.86923077,21.73846154,17.43076923,34.24615385,11
866.6764742,14.51538462,22.07692308,26.56153846,23.5,23.23846154,28.54615385,26.16153846,13.91538462,14.63846154,37.04615385,10.31538462
866.850082,27.68461538,22.27692308,26.69230769,14.28461538,21.87692308,17.48461538,21.44615385,16.69230769,19.96153846,23.43076923,7.123076923
867.0236722,27.43076923,31.48461538,12.72307692,19.77692308,17.32307692,23.66923077,32.26153846,20.85384615,17.37692308,22.52307692,16.58461538
867.1972448,16.83076923,20.17692308,13.33846154,17.51538462,21.96153846,21.43076923,15.77692308,17.53846154,12.96153846,11.03076923,14.06923077
867.3707998,13.63076923,13.06923077,21.10769231,10.59230769,16.90769231,32.46923077,15,17.17692308,12.88461538,27.74615385,10.36153846
867.5443372,11.64615385,7.276923077,13.69230769,6.523076923,14.89230769,10.83076923,8.830769231,8.038461538,16.05384615,18.36153846,12.1
867.717857,14.94615385,20.23846154,21.33846154,18.56153846,12.16153846,17.51538462,16.41538462,13.29230769,10.7,14.04615385,4.746153846
867.8913592,7.715384615,9.007692308,15.19230769,14.23846154,10.25384615,16.35384615,13.67692308,4.046153846,8.076923077,17.72307692,11.83076923
868.0648437,11.15384615,17.33076923,13.19230769,22.7,11.67692308,9.3,13.26153846,7.515384615,13.42307692,14.35384615,6.953846154
868.2383106,13.74615385,6.453846154,12.34615385,9.469230769,8.915384615,11.03076923,17.56923077,11.90769231,9.823076923,9.753846154,15.98461538
868.41176,9.907692308,12.99230769,7.684615385,16.49230769,15.64615385,15.26923077,15.66153846,20.63846154,16.53076923,13.63076923,9.792307692
868.5851917,9.569230769,5.8,5.023076923,7.553846154,6.561538462,11.24615385,5.423076923,5.661538462,9.353846154,13.18461538,6.115384615
868.7586057,13.70769231,5.592307692,12.32307692,12.04615385,20.03076923,13.53846154,12.54615385,10.63076923,12.80769231,13.76923077,13.63076923
868.9320022,9.2,6.453846154,4.046153846,7.715384615,12.00769231,9.653846154,2.569230769,3.261538462,11.05384615,8.9,6.615384615
869.105381,19.56153846,9.723076923,16.75384615,1.661538462,13.76153846,11.85384615,14.4,18.79230769,4.430769231,10.23076923,5.4
869.2787422,9.415384615,9.9,11.16153846,13.96923077,6.446153846,10.56923077,9.415384615,15.53846154,7.776923077,7.092307692,7.330769231
869.4520858,7.223076923,6.638461538,11.05384615,11.21538462,14.31538462,13.01538462,10.9,6.884615385,8.776923077,13.84615385,3.769230769
869.6254117,9.176923077,4.315384615,6.630769231,5.246153846,5.761538462,3.092307692,5.7,6.9,5.915384615,16.26923077,5.369230769
869.79872,9.046153846,8,9.161538462,6.176923077,15.56153846,11.46153846,18.45384615,7.815384615,13.71538462,14.05384615,17
869.9720106,5.630769231,5.215384615,4.884615385,5.123076923,6.730769231,7.369230769,11.26153846,15.16923077,10.57692308,3.776923077,7.330769231
870.1452836,9.461538462,7.253846154,16.78461538,13.81538462,7.853846154,10.66153846,9.323076923,5.238461538,12.10769231,9.930769231,6.146153846
870.3185389,11.35384615,7.869230769,12.40769231,9.723076923,6.815384615,8.576923077,18.18461538,12.80769231,3.746153846,10.19230769,8.838461538
870.4917766,8.976923077,9.153846154,1.346153846,3.976923077,10.37692308,16.72307692,14.83076923,12.85384615,7.784615385,16.92307692,14.16153846
870.6649967,8.023076923,4.7,11.3,11.66923077,11.02307692,10.31538462,10.55384615,11.39230769,8.823076923,8.584615385,10.81538462
870.8381991,10.7,5.8,7.330769231,9.715384615,7.423076923,15.43846154,18.15384615,11.49230769,10.27692308,16,11.60769231
871.0113838,12.3,3.007692308,6,3.938461538,7,9.115384615,10.40769231,4.161538462,9.607692308,11.67692308,5.930769231
871.1845509,10.73076923,8.761538462,12.11538462,19.07692308,1.846153846,14.13846154,11.21538462,5.769230769,8.261538462,16.83076923,2.346153846
871.3577004,6.115384615,13.89230769,5.169230769,10.31538462,10.5,5.261538462,6.392307692,3.376923077,9.869230769,23.79230769,1.7
871.5308321,17.25384615,8.515384615,12.48461538,5.153846154,13.42307692,7.907692308,10.69230769,11.56153846,7.715384615,16.03076923,10.49230769
871.7039462,5,11.36923077,1.946153846,5.7,8.923076923,7.161538462,6.823076923,7.646153846,3.707692308,4.476923077,4.769230769
871.8770427,13.90769231,11.4,8.307692308,15.63076923,8.192307692,8.030769231,6.284615385,17.3,10.51538462,9.3,15.38461538
872.0501214,6.046153846,7.676923077,4.146153846,10.23846154,10.83846154,12.89230769,4.976923077,8.6,8.484615385,8.692307692,7.930769231
872.2231825,8.2,2.015384615,7.292307692,12.29230769,5.523076923,7.630769231,9.046153846,7.446153846,5.084615385,15.80769231,8.9
872.3962259,6.723076923,10.49230769,13.15384615,11.05384615,8.215384615,4.6,10.91538462,6.723076923,4.315384615,16.60769231,5.138461538
872.5692517,14.53076923,7.830769231,15.23846154,2.730769231,9.646153846,12.65384615,11.81538462,8.207692308,16.9,23.96153846,7.692307692
872.7422597,9.376923077,10.39230769,4.469230769,8.215384615,3.076923077,8.692307692,3.853846154,5.469230769,3.853846154,6.430769231,5.092307692
872.9152501,4.707692308,11.99230769,15.24615385,16.41538462,7.092307692,9.184615385,13.43846154,6.115384615,15.98461538,8.415384615,10.33846154
873.0882228,1.515384615,9.184615385,10.88461538,15.04615385,11.82307692,8.461538462,7.815384615,5.115384615,10.74615385,9.923076923,6.838461538
873.2611778,8.384615385,6.3,6.046153846,7.892307692,10.17692308,16.13076923,12.31538462,15.51538462,12.23076923,10.97692308,8.007692308
873.4341151,4.346153846,3.946153846,9.576923077,7.069230769,9.230769231,4.061538462,5.807692308,4.469230769,11.85384615,4.315384615,1.938461538
873.6070348,10.06153846,6.861538462,17.63846154,10.31538462,11.8,12.77692308,12.32307692,11.57692308,11.39230769,19.32307692,4.330769231
873.7799367,8.946153846,8.769230769,8.092307692,14.67692308,8.415384615,11.16153846,12.86153846,7.538461538,9.730769231,11.02307692,8.684615385
873.9528209,6.346153846,8.430769231,12.73076923,9.538461538,14.56153846,18.4,5.815384615,11.3,9.738461538,11.61538462,8.292307692
874.1256875,16.43846154,4.853846154,12.30769231,7.592307692,9.938461538,3.430769231,12.8,8.415384615,14.47692308,9.792307692,8.092307692
874.2985363,8.853846154,4.846153846,5.730769231,14.52307692,6.561538462,13.36153846,3.546153846,11.55384615,6.253846154,9.184615385,15.28461538
874.4713675,4.776923077,9.392307692,9.730769231,0.484615385,7.423076923,6.876923077,3.461538462,9.215384615,6.238461538,3.692307692,4.707692308
874.6441809,18.03846154,14.39230769,12.11538462,13.48461538,8.923076923,10.60769231,12.50769231,5.761538462,5.361538462,9.330769231,15
874.8169766,7.307692308,6.307692308,13.10769231,6.584615385,1.8,10.27692308,7.2,7.523076923,12.29230769,9.769230769,4.115384615
874.9897546,12.44615385,9.092307692,14.56153846,12.3,9.476923077,12.29230769,13.3,11.66153846,18.46153846,22.27692308,16.15384615
875.1625149,5.338461538,1.592307692,13.88461538,10.69230769,1.723076923,3.8,14.95384615,4.4,15.45384615,7.576923077,6.776923077
875.3352575,8.223076923,9.392307692,9.923076923,13.75384615,13.63076923,17.77692308,8.815384615,5.838461538,16.66923077,7.823076923,4.169230769
875.5079824,9.6,2.315384615,9.884615385,12.00769231,11,9.169230769,8.861538462,5.830769231,9.815384615,8.807692308,7.2
875.6806895,12.9,19.17692308,6.761538462,6.038461538,14.14615385,11.26153846,7.261538462,6.738461538,11.87692308,7.869230769,6.169230769
875.8533789,5.569230769,5.553846154,15.6,3.230769231,3.192307692,5.023076923,13.63846154,5.384615385,6.730769231,13.23076923,7.015384615
876.0260506,16.84615385,6.269230769,5.792307692,7.284615385,7.861538462,12.63076923,10.1,10.99230769,6.892307692,15.36923077,8.130769231
876.1987046,9.669230769,9.276923077,8.176923077,12.1,4.192307692,10.60769231,8.753846154,6.1,9.615384615,10.32307692,7.338461538
876.3713408,18.27692308,6.707692308,8.384615385,12.08461538,7.492307692,21.53076923,12.89230769,15.76153846,8.984615385,9.315384615,13.5
876.5439593,7.176923077,0,10.66153846,4.792307692,12.07692308,4.307692308,6.561538462,10.70769231,5.2,13.16153846,5.1
876.7165601,6.907692308,10.16923077,3.353846154,11.46153846,8.5,16.33076923,11.42307692,6.523076923,14.37692308,10.79230769,18.23076923
876.8891431,3.461538462,5.538461538,11.30769231,5.653846154,1.769230769,14.71538462,7.723076923,8.576923077,6.623076923,11.85384615,11.40769231
877.0617084,16.02307692,9.492307692,9.084615385,8.169230769,17.3,13.81538462,7.576923077,8.907692308,18.96923077,14.9,14.03846154
877.234256,15.30769231,2.446153846,8.5,3.392307692,4.423076923,10.01538462,7.453846154,4.661538462,8.9,10.44615385,10.56923077
877.4067858,10.74615385,12.09230769,7.830769231,12.81538462,9.646153846,11.47692308,10.27692308,11.73076923,15.9,11.52307692,4.592307692
877.5792978,4.146153846,5.607692308,14.09230769,11.57692308,5.907692308,4.3,6.807692308,6.653846154,5.984615385,14.15384615,2.930769231
877.7517921,17.16923077,11.21538462,13.63076923,12.67692308,14.14615385,7.384615385,7.976923077,7.515384615,9.569230769,11.43076923,16.65384615
877.9242687,6.738461538,12.9,5.423076923,9.738461538,8.584615385,2.661538462,3.923076923,6.592307692,11.82307692,5.223076923,6.023076923
878.0967275,8.607692308,9.376923077,6.446153846,28.17692308,8.561538462,12.49230769,15.22307692,10.24615385,8.7,13.10769231,10
878.2691686,7.969230769,5.830769231,9.484615385,6.976923077,11.66153846,12.11538462,7.230769231,8.3,9.315384615,8.653846154,9.653846154
878.4415918,9.038461538,7.161538462,12.94615385,13.17692308,9.761538462,13.87692308,10.10769231,10.20769231,8.661538462,16.26923077,9.261538462
878.6139974,14.82307692,10.57692308,9.830769231,7.515384615,9.038461538,8.323076923,8.453846154,12.17692308,8.853846154,3.407692308,5.046153846
878.7863851,9.438461538,16.53846154,10.83846154,7.9,16.55384615,13.63076923,1.761538462,8.423076923,9.130769231,17.46923077,11.86153846
878.9587551,6.230769231,3.184615385,10.50769231,6.246153846,1.376923077,5.176923077,10.90769231,15.41538462,15.92307692,13.36923077,5.184615385
879.1311073,13.68461538,13.50769231,15.13076923,9.469230769,5.784615385,11.96923077,9.507692308,7.976923077,8.315384615,10.42307692,7.561538462
879.3034418,4.684615385,4.146153846,12.21538462,1.646153846,10.24615385,7.276923077,9.2,7.607692308,1.6,7.015384615,5.315384615
879.4757585,12.3,13.70769231,6.438461538,11.77692308,8.6,16.57692308,15.98461538,7.723076923,10.41538462,11.57692308,8.507692308
879.6480574,13.49230769,4.776923077,5.061538462,9.930769231,9.515384615,10.63076923,5.861538462,4.546153846,7.492307692,13.53076923,5.207692308
879.8203385,12.66923077,14.30769231,7.446153846,6.784615385,12.19230769,2.053846154,8.407692308,8.407692308,12.3,13.44615385,8.830769231
879.9926019,9.861538462,0.638461538,12.64615385,7.446153846,6.669230769,11.83076923,9.830769231,4.684615385,2.623076923,7.846153846,9.130769231
880.1648474,12.72307692,14.09230769,12,15.43846154,13.44615385,10.47692308,13.75384615,11,10.27692308,5.253846154,4.176923077
880.3370752,8.969230769,4.661538462,9.338461538,9.6,6.446153846,13.51538462,12.35384615,6.861538462,2.692307692,16.76923077,1.961538462
880.5092852,10.22307692,7.976923077,12.89230769,12.83846154,11.36923077,10.63076923,11.96153846,17.74615385,12.45384615,17.58461538,5.107692308
880.6814774,2.561538462,2.6,8.553846154,3.569230769,4.576923077,6.153846154,16.15384615,5.884615385,5.015384615,9.984615385,1.538461538
880.8536518,12.89230769,9.4,17.26153846,10.95384615,13.99230769,7.253846154,10.43076923,11.13846154,5.730769231,12.3,7.730769231
881.0258084,7.576923077,9.1,5.646153846,5.823076923,9.269230769,5.869230769,5.307692308,5.284615385,5.015384615,15.55384615,13.66923077
881.1979472,7.830769231,6.561538462,5.269230769,13.03846154,15.31538462,9.653846154,11.30769231,12.12307692,15.29230769,15.53846154,14.11538462
881.3700682,5.407692308,2.5,2.453846154,10.58461538,0.876923077,5.661538462,10.62307692,10.16153846,14.66153846,9.238461538,7.630769231
881.5421714,11.28461538,4.623076923,12.49230769,17.99230769,11.43076923,12.35384615,15.24615385,7.584615385,17.34615385,22.32307692,7.038461538
881.7142568,9.776923077,1.746153846,10.89230769,13.23076923,3.784615385,7.592307692,11.46923077,7.546153846,4.430769231,4.076923077,7.284615385
881.8863244,12.1,12.91538462,15.36153846,12.59230769,7.084615385,4.5,11.51538462,7.969230769,5.876923077,15.63076923,5.346153846
882.0583742,9.623076923,6.692307692,6.523076923,11.91538462,8.2,7.615384615,6.492307692,3.292307692,9.415384615,6.223076923,6.576923077
882.2304062,10.89230769,4.892307692,14.91538462,10.55384615,5.753846154,13.58461538,3.984615385,7.269230769,9.461538462,12.31538462,13.17692308
882.4024204,6.776923077,4.507692308,6.615384615,2.976923077,5.092307692,6.707692308,8.207692308,5.876923077,1.184615385,13.33076923,5.246153846
882.5744167,6.930769231,8.5,6.923076923,18.59230769,5.946153846,8.961538462,6.353846154,10.25384615,7.223076923,19.32307692,10.66153846
882.7463952,3.946153846,8.869230769,11.96923077,7.515384615,6.238461538,2.676923077,6.553846154,12.32307692,3.607692308,11.52307692,8.630769231
882.9183559,12.60769231,9.884615385,17.44615385,15.12307692,14.22307692,13.45384615,12.55384615,10.62307692,13.02307692,21.07692308,8.853846154
883.0902988,8.9,8.176923077,11.22307692,16.66153846,6.538461538,7.153846154,10.04615385,9.707692308,4.161538462,7.892307692,10.46923077
883.2622239,9.907692308,11.1,2.415384615,21.32307692,10.85384615,11.53076923,1.461538462,9.223076923,14.66153846,11.78461538,6.6
883.4341311,13.23076923,18.20769231,4.769230769,3.115384615,5.846153846,2.353846154,10.84615385,8.815384615,8.823076923,12.65384615,6.676923077
883.6060205,12.49230769,8.553846154,6.669230769,11.13846154,12.07692308,12.85384615,19.85384615,8.746153846,14.03846154,12.85384615,11.47692308
883.777892,9.238461538,2.492307692,10.56153846,7.730769231,6.123076923,10.85384615,5.561538462,10.08461538,7.961538462,13.43076923,5.4
883.9497457,8.284615385,9.730769231,10.44615385,10.12307692,3.692307692,8.684615385,3.407692308,10.23076923,12.70769231,10.74615385,6.823076923
884.1215816,3.676923077,5.130769231,8.146153846,3.815384615,9.1,12.09230769,7.138461538,8.323076923,4.838461538,13.67692308,10.7
884.2933997,9.253846154,15.67692308,7.930769231,8.576923077,4.330769231,4.923076923,11.60769231,5.623076923,8.553846154,2.9,13.33846154
884.4651998,8.723076923,7.4,4.6,13.01538462,3.653846154,9.892307692,10.75384615,7.153846154,3.3,14.86153846,2.876923077
884.6369822,10.10769231,7.969230769,11.43076923,10.9,10.21538462,15.96923077,10.46923077,8.876923077,13.66153846,19.45384615,7.623076923
884.8087467,8.523076923,10.30769231,5.5,3.584615385,7.761538462,8.053846154,4.115384615,4.269230769,2.807692308,11.83846154,5.015384615
884.9804933,5.930769231,5.830769231,15.42307692,5.769230769,7.261538462,13.75384615,14.93846154,12.77692308,9.776923077,11.85384615,6.1
885.1522221,12.98461538,12.12307692,13,16.3,5.615384615,3.053846154,8.084615385,10.86153846,12.91538462,8.038461538,4.223076923
885.3239331,17.64615385,6.723076923,10.68461538,14.46153846,5.838461538,5.469230769,15.7,9.569230769,11.04615385,9.6,10.07692308
885.4956262,11.98461538,7.869230769,2.269230769,6.4,9.207692308,9.669230769,6.607692308,8.215384615,8.592307692,7,2.907692308
885.6673014,10.6,8.046153846,18.62307692,10.24615385,9.838461538,7.223076923,6.669230769,17.04615385,20.36923077,18.12307692,18.60769231
885.8389587,7.484615385,12.32307692,13.47692308,11.96153846,9.846153846,9.546153846,1.307692308,5.707692308,2.515384615,13.41538462,8.215384615
886.0105982,14.16923077,12.15384615,12.30769231,11.34615385,11.82307692,13.75384615,17.65384615,12.95384615,11.83846154,9.376923077,9.138461538
886.1822198,13.11538462,7.461538462,3.961538462,12.22307692,3.315384615,10.79230769,9.684615385,8.2,9.815384615,17.18461538,11.47692308
886.3538236,12.13076923,9.107692308,12.53846154,8.253846154,9.307692308,4.738461538,16.46153846,8.123076923,10.62307692,10.93846154,11.44615385
886.5254095,10.67692308,4.907692308,1.630769231,12.10769231,8.215384615,3.853846154,11.26923077,2.592307692,14.73076923,15.59230769,3.053846154
886.6969775,13.04615385,10.83846154,12.60769231,4.561538462,5.023076923,11.05384615,5.746153846,8.915384615,10.83846154,6.2,6.630769231
886.8685276,13.48461538,7.061538462,7.476923077,8.9,4.730769231,6.276923077,12,6.261538462,5.869230769,2.384615385,16.28461538
887.0400599,11.85384615,7.115384615,10.43076923,13.88461538,3.292307692,6.538461538,10.24615385,9.207692308,9.030769231,12.56923077,3.476923077
887.2115742,15.52307692,11.93846154,6.538461538,3.938461538,6.984615385,7.792307692,10.06153846,10.59230769,3.230769231,6.661538462,15.54615385
887.3830707,18.90769231,5.092307692,7.138461538,13.41538462,8.892307692,15.03076923,21.03076923,6.723076923,8.346153846,18.24615385,4.969230769
887.5545493,13.60769231,5.146153846,1.915384615,12.97692308,5.8,6.061538462,3.046153846,2.723076923,7.869230769,6.9,4.553846154
887.72601,14.83076923,4.253846154,5.1,9.946153846,15.26153846,20.40769231,10.30769231,5.023076923,9.876923077,9.923076923,4.146153846
887.8974528,9.869230769,7.476923077,5.561538462,6.115384615,7.507692308,10.63076923,14.19230769,13,10.80769231,7.153846154,3.369230769
888.0688777,14.52307692,8.9,9.115384615,7.1,7.130769231,11.2,7.146153846,3.392307692,9.815384615,14.21538462,8.676923077
888.2402848,1.530769231,1.746153846,3.192307692,6.107692308,9.553846154,8.953846154,12.45384615,11.90769231,4.646153846,9.807692308,1.915384615
888.4116739,15.26923077,3.861538462,10.95384615,9.892307692,5.769230769,10.01538462,11.22307692,4.823076923,12.56153846,12.07692308,13.11538462
888.5830451,12.41538462,4.076923077,5.061538462,9.084615385,14.79230769,4.6,7.007692308,11.41538462,6.961538462,4.807692308,4.176923077
888.7543984,16.76923077,18.71538462,9.084615385,12.75384615,6.769230769,16.73076923,10.65384615,11.24615385,6.723076923,11.76923077,6.969230769
888.9257338,9.407692308,3.461538462,6.3,6.246153846,12.63846154,5.030769231,6.2,4.038461538,11.01538462,4.153846154,5.4
889.0970513,5.269230769,11.77692308,8.907692308,7.769230769,10.42307692,13.07692308,6.715384615,4.738461538,5.807692308,14.68461538,7.992307692
889.2683509,9.884615385,4.061538462,12.41538462,15.41538462,4.653846154,7.484615385,7.246153846,20.60769231,8.976923077,10.94615385,5.961538462
889.4396326,8.423076923,1.815384615,11.45384615,12.40769231,17.13846154,11.98461538,9.507692308,10.14615385,15.83076923,14.78461538,9.707692308
889.6108963,16.92307692,0.315384615,3.184615385,11.48461538,1.746153846,5.784615385,7.176923077,3.730769231,5.761538462,5.638461538,6.523076923
889.7821422,3.376923077,5.061538462,5.230769231,7.023076923,18.54615385,14.79230769,12.2,12.71538462,11.52307692,5.907692308,14.32307692
889.9533701,3.746153846,5.476923077,5.215384615,8.284615385,9.761538462,3.930769231,5.061538462,9.353846154,7.407692308,12.70769231,14.33846154
890.1245801,10.36923077,10.6,15.39230769,8.723076923,6.761538462,10.69230769,20.46153846,6.715384615,4.6,10.84615385,2.438461538
890.2957721,6.353846154,4.4,8.615384615,14.81538462,2.6,7.046153846,6.730769231,4.492307692,9.530769231,10.14615385,2.469230769
890.4669463,7.092307692,5.3,2.938461538,1.353846154,16.49230769,14.37692308,9.238461538,9.269230769,13.05384615,13.4,14.53076923
890.6381025,5.446153846,8.353846154,12.66923077,6.323076923,10.8,4.023076923,7.269230769,13.26153846,7.130769231,10.69230769,2.938461538
890.8092408,18.01538462,15.16923077,9.723076923,10.44615385,10.45384615,8.138461538,16.1,12.29230769,15.58461538,10.82307692,6.669230769
890.9803611,4.792307692,2.723076923,9.376923077,9.7,6.592307692,8.746153846,1.746153846,11.81538462,8.230769231,6.153846154,3.530769231
891.1514635,16.11538462,11.63076923,9.146153846,7.461538462,11.30769231,9.546153846,13.36153846,8.176923077,12.91538462,10.61538462,6.430769231
891.322548,11.90769231,5.453846154,10.53076923,10.83846154,13.6,5.876923077,6.723076923,14.2,3.869230769,10.21538462,3.315384615
891.4936145,10.96923077,5.592307692,9.7,5.853846154,10.47692308,13.84615385,14.45384615,9.153846154,5.692307692,6.615384615,17.06153846
891.6646631,7.138461538,4.561538462,4.453846154,3.7,6.9,6,11.27692308,9.230769231,3.492307692,6.1,4.076923077
891.8356937,8.284615385,15.4,8.838461538,8.515384615,4.784615385,3.630769231,15.66153846,18.43846154,5.530769231,8.946153846,4.915384615
892.0067064,6.661538462,3.846153846,10.8,8.261538462,13.41538462,10.45384615,4.976923077,3.161538462,9.730769231,10.43846154,7.184615385
892.1777011,8.423076923,10.65384615,4.4,18.2,6.9,10.86923077,9.415384615,14.63846154,10.49230769,19.26923077,7.923076923
892.3486778,12.30769231,3.953846154,4.861538462,7.007692308,4.061538462,9.230769231,5.230769231,8.230769231,8.461538462,8.153846154,5.230769231
892.5196367,14.80769231,3.030769231,9.846153846,10.08461538,8.230769231,10.77692308,10.45384615,7.823076923,5.684615385,16.69230769,7.969230769
892.6905775,1.292307692,3.853846154,5.730769231,8.315384615,9.3,6.623076923,11.93076923,4.938461538,13.75384615,11.23076923,8.207692308
892.8615004,10.36923077,10.41538462,9.876923077,12.77692308,14.56153846,12.30769231,16.91538462,11.23076923,12.23846154,8.607692308,4.807692308
893.0324053,10.97692308,5.169230769,12.03076923,1.661538462,1.761538462,6.215384615,7.015384615,11.9,2.738461538,10.69230769,1.969230769
893.2032923,12.36923077,6.046153846,9.584615385,10.78461538,13.01538462,15.91538462,6.230769231,11.90769231,15.05384615,9.869230769,5.9
893.3741613,6.492307692,7.784615385,5.876923077,6.430769231,3.207692308,11.45384615,6.207692308,13.70769231,11.9,7.261538462,13.28461538
893.5450123,8.392307692,12.26153846,6.046153846,18.17692308,10.81538462,11.88461538,10.16923077,8.230769231,14.83076923,12.50769231,17.38461538
893.7158453,8.076923077,8.307692308,6.838461538,12.43076923,2.630769231,8.253846154,13.19230769,9.646153846,7.615384615,9.830769231,5.9
893.8866604,12.63846154,5.892307692,9.569230769,15.26153846,4.946153846,5.169230769,11.3,13.52307692,10.3,19.68461538,0.192307692
894.0574575,7.407692308,5.115384615,10.20769231,14.76923077,9.092307692,9.484615385,5.238461538,5.769230769,4.623076923,6.707692308,4.223076923
894.2282366,6.515384615,6.138461538,14.34615385,12.23076923,7.184615385,11.8,16.98461538,7.207692308,11.74615385,9.453846154,14.82307692
894.3989977,2.430769231,4.184615385,4.184615385,3.684615385,7.761538462,10.14615385,12.46153846,7.738461538,5.969230769,13.16153846,6.576923077
894.5697408,6.169230769,4,6.753846154,17.58461538,7.938461538,15.45384615,11.72307692,15.01538462,14.47692308,13.2,17.63076923
894.740466,4.961538462,5.161538462,7.553846154,3.961538462,8.430769231,6.423076923,7.930769231,10.03846154,5.930769231,10.15384615,7.769230769
894.9111731,7.661538462,12.48461538,18.10769231,4.876923077,17.15384615,9.492307692,9.715384615,4.715384615,9.315384615,16.05384615,10.43846154
895.0818623,9.092307692,7.838461538,5.815384615,6.815384615,16.69230769,9.830769231,10.70769231,7.023076923,5.253846154,10.01538462,4.969230769
895.2525334,10.17692308,15.47692308,11.77692308,11.65384615,9.038461538,6.176923077,10.61538462,4.3,14.55384615,9.569230769,10.43076923
895.4231866,16.59230769,8.369230769,3.346153846,11.23076923,10.44615385,4.846153846,7.615384615,11.39230769,3.184615385,9.107692308,3.523076923
895.5938218,7.215384615,4.692307692,14.1,9.076923077,13.42307692,15.52307692,6.861538462,7.484615385,11.40769231,14.31538462,20.13846154
895.7644389,3.846153846,4.515384615,10.01538462,8.146153846,5.761538462,9.084615385,2.553846154,10.46153846,7.223076923,14.35384615,6.661538462
895.9350381,11.52307692,7.961538462,9.184615385,8.023076923,9.815384615,8.592307692,14.78461538,7.684615385,15.43846154,14.21538462,2.538461538
896.1056192,11.4,6.576923077,13.29230769,5.369230769,12.21538462,9.676923077,7.407692308,11.97692308,5.338461538,13.79230769,4.330769231
896.2761823,9.923076923,13.84615385,7.938461538,9.669230769,5.323076923,9.915384615,9.8,7.5,12.80769231,8.138461538,1.207692308
896.4467275,5.907692308,9.723076923,15.08461538,7.792307692,11.93076923,8.892307692,2.8,7.969230769,8.215384615,6.569230769,6.707692308
896.6172546,11.63846154,8,3.307692308,18.89230769,7.907692308,10.61538462,13.56153846,5.469230769,9.230769231,4.853846154,10.1
896.7877637,11.80769231,10.48461538,13.83076923,5.446153846,11.39230769,7.9,1.823076923,9.138461538,16.12307692,3.584615385,8.653846154
896.9582547,9.815384615,11.58461538,9.215384615,11.22307692,2.876923077,14.95384615,7.538461538,7.976923077,12.28461538,11.28461538,6.038461538
897.1287278,9.176923077,5.292307692,8.576923077,6.615384615,7.6,4.761538462,1.553846154,4.992307692,9.138461538,10.63076923,12.83076923
897.2991828,11.62307692,8.853846154,6.515384615,7.576923077,6.892307692,15.41538462,12.86153846,8.238461538,6.176923077,10.76923077,6.515384615
897.4696198,16.34615385,7.523076923,3.392307692,7.623076923,7.946153846,8.130769231,4.453846154,7.9,13.15384615,8.753846154,10.59230769
897.6400387,2.276923077,4.953846154,4.623076923,10.44615385,12.40769231,9.092307692,5.292307692,12.46153846,9.776923077,5.246153846,8.253846154
897.8104397,14.12307692,6.084615385,10.82307692,4.776923077,11.51538462,9.653846154,6.246153846,7.3,10.13846154,8.653846154,4.930769231
897.9808226,8.515384615,11.63076923,13.08461538,12.7,6.738461538,13.85384615,11.68461538,12.18461538,11.61538462,13.31538462,3.876923077
898.1511874,5.038461538,3.730769231,8.846153846,7.976923077,5.838461538,7.561538462,1.607692308,8.430769231,7.061538462,14.63846154,6.361538462
898.3215343,9.023076923,6.330769231,5.384615385,11.22307692,10.74615385,12.97692308,9.953846154,12.61538462,4.138461538,16.32307692,8.6
898.491863,7.184615385,4.338461538,5.823076923,7.738461538,2.623076923,6.076923077,11.66153846,8.946153846,6.730769231,12.69230769,6.584615385
898.6621738,16.37692308,3.207692308,11.15384615,14.86923077,1.9,6.8,16.02307692,12.4,11.16923077,6.538461538,7.315384615
898.8324664,2.876923077,7.1,6.669230769,6.715384615,6.015384615,8.438461538,6.315384615,5.769230769,6.361538462,9.815384615,9.830769231
899.0027411,12.83076923,5.846153846,6.492307692,7.776923077,15.94615385,12.76923077,14.70769231,8.046153846,6.892307692,15.39230769,11.40769231
899.1729977,6.969230769,4.515384615,6.5,7.9,8.023076923,8.4,8.769230769,11.66153846,5.723076923,12.45384615,7.907692308
899.3432362,7.576923077,5.784615385,10.79230769,16.6,15.05384615,12.91538462,10.10769231,8.869230769,5.715384615,5.461538462,17.76923077
899.5134567,4.323076923,2.369230769,8.007692308,5.853846154,8.476923077,7.076923077,10.85384615,8.1,7.646153846,15,9.923076923
899.6836591,15.59230769,11.32307692,15.16923077,11.98461538,10.46153846,12.53076923,12.21538462,16.07692308,9.261538462,22.02307692,9.4
899.8538434,5.776923077,7.453846154,2.853846154,15.5,1.9,5.415384615,3.453846154,6.492307692,2.561538462,11.08461538,7.292307692
900.0240097,11.99230769,7.069230769,9.261538462,17.51538462,3.938461538,16.18461538,15.06153846,4.446153846,17.13076923,19.44615385,6.730769231
900.1941579,6.907692308,6.323076923,6.515384615,6.230769231,7.530769231,9.453846154,7.984615385,9.646153846,8.353846154,14.27692308,6.569230769
900.3642881,6.515384615,13.22307692,3.8,9.023076923,8.776923077,10.99230769,21.86153846,6.453846154,9,15.50769231,9.284615385
900.5344002,7.892307692,0.684615385,10.82307692,5.738461538,3.9,12.03846154,8.846153846,7.476923077,8.369230769,10.31538462,3.676923077
900.7044942,6.161538462,13.12307692,13.73076923,12.82307692,10.11538462,13.78461538,10.17692308,7.253846154,7.853846154,10.35384615,4.661538462
900.8745701,7.246153846,11.55384615,12.91538462,16.4,7.746153846,14.36923077,8.346153846,10.56153846,8.907692308,6.153846154,4.684615385
901.044628,11.40769231,6.384615385,18.82307692,11.37692308,7.1,16.63076923,4.892307692,11.14615385,8.807692308,9.992307692,12.73846154
901.2146678,1.546153846,5.553846154,4.8,4,2.823076923,10.35384615,4.769230769,8.430769231,8.923076923,13.22307692,9.461538462
901.3846895,3.246153846,7.538461538,8.353846154,13.77692308,9.453846154,9.253846154,9.084615385,10.87692308,13.54615385,10.93846154,7.630769231
901.5546931,9.376923077,6.146153846,11.13076923,10.13076923,6.1,11.83846154,11.64615385,2.115384615,9.453846154,6.923076923,9.261538462
901.7246786,3.146153846,4.738461538,8.6,7.5,5.561538462,5.507692308,12.06153846,5.592307692,5.415384615,14.25384615,8.461538462
901.894646,8.576923077,3.446153846,3.846153846,13.23076923,4.969230769,10.41538462,13.43076923,2.015384615,3.515384615,6.284615385,2.676923077
902.0645953,12.74615385,4.630769231,4.492307692,8.353846154,9.869230769,5.915384615,9.469230769,8.353846154,15.19230769,13.16153846,13.00769231
902.2345266,5.7,4.761538462,9.230769231,7.346153846,11.56153846,2.807692308,2.807692308,9.069230769,13.07692308,14.83846154,8.669230769
902.4044397,10.08461538,5.669230769,8.192307692,5.830769231,10.42307692,10.39230769,7.784615385,16.33076923,19.23846154,13.30769231,3.946153846
902.5743348,8.176923077,2.161538462,2.423076923,15.73076923,4.346153846,7.315384615,7.415384615,2.753846154,3.3,10.42307692,4.561538462
902.7442117,7.307692308,10.80769231,8.130769231,9.884615385,7.476923077,12.66923077,6.453846154,14.70769231,9.146153846,11.09230769,7.423076923
902.9140705,8.523076923,4.5,6.184615385,14.66153846,6.230769231,8.492307692,4.507692308,8.553846154,11.60769231,9.984615385,7.269230769
903.0839113,4.515384615,6.638461538,11.1,10.26923077,12.53846154,10.97692308,9.384615385,15.64615385,13.16923077,13.53076923,7.307692308
903.2537339,4.515384615,6.638461538,11.1,10.26923077,12.53846154,10.97692308,9.384615385,15.64615385,13.16923077,13.53076923,7.307692308
903.4235384,4.515384615,6.638461538,11.1,10.26923077,12.53846154,10.97692308,9.384615385,15.64615385,13.16923077,13.53076923,7.307692308
903.5933248,4.515384615,6.638461538,11.1,10.26923077,12.53846154,10.97692308,9.384615385,15.64615385,13.16923077,13.53076923,7.307692308
903.763093,4.515384615,6.638461538,11.1,10.26923077,12.53846154,10.97692308,9.384615385,15.64615385,13.16923077,13.53076923,7.307692308
903.9328432,4.515384615,6.638461538,11.1,10.26923077,12.53846154,10.97692308,9.384615385,15.64615385,13.16923077,13.53076923,7.307692308
904.1025752,4.515384615,6.638461538,11.1,10.26923077,12.53846154,10.97692308,9.384615385,15.64615385,13.16923077,13.53076923,7.307692308
904.2722891,4.515384615,6.638461538,11.1,10.26923077,12.53846154,10.97692308,9.384615385,15.64615385,13.16923077,13.53076923,7.307692308
904.4419849,4.515384615,6.638461538,11.1,10.26923077,12.53846154,10.97692308,9.384615385,15.64615385,13.16923077,13.53076923,7.307692308
904.6116626,4.515384615,6.638461538,11.1,10.26923077,12.53846154,10.97692308,9.384615385,15.64615385,13.16923077,13.53076923,7.307692308
904.7813221,4.515384615,6.638461538,11.1,10.26923077,12.53846154,10.97692308,9.384615385,15.64615385,13.16923077,13.53076923,7.307692308
904.9509635,4.515384615,6.638461538,11.1,10.26923077,12.53846154,10.97692308,9.384615385,15.64615385,13.16923077,13.53076923,7.307692308
905.1205867,4.515384615,6.638461538,11.1,10.26923077,12.53846154,10.97692308,9.384615385,15.64615385,13.16923077,13.53076923,7.307692308
905.2901918,4.515384615,6.638461538,11.1,10.26923077,12.53846154,10.97692308,9.384615385,15.64615385,13.16923077,13.53076923,7.307692308
905.4597788,4.515384615,6.638461538,11.1,10.26923077,12.53846154,10.97692308,9.384615385,15.64615385,13.16923077,13.53076923,7.307692308
905.6293476,4.515384615,6.638461538,11.1,10.26923077,12.53846154,10.97692308,9.384615385,15.64615385,13.16923077,13.53076923,7.307692308
905.7988983,4.515384615,6.638461538,11.1,10.26923077,12.53846154,10.97692308,9.384615385,15.64615385,13.16923077,13.53076923,7.307692308
905.9684309,4.515384615,6.638461538,11.1,10.26923077,12.53846154,10.97692308,9.384615385,15.64615385,13.16923077,13.53076923,7.307692308
906.1379452,4.515384615,6.638461538,11.1,10.26923077,12.53846154,10.97692308,9.384615385,15.64615385,13.16923077,13.53076923,7.307692308
906.3074415,4.515384615,6.638461538,11.1,10.26923077,12.53846154,10.97692308,9.384615385,15.64615385,13.16923077,13.53076923,7.307692308
906.4769195,4.515384615,6.638461538,11.1,10.26923077,12.53846154,10.97692308,9.384615385,15.64615385,13.16923077,13.53076923,7.307692308
906.6463794,4.515384615,6.638461538,11.1,10.26923077,12.53846154,10.97692308,9.384615385,15.64615385,13.16923077,13.53076923,7.307692308
906.8158212,4.515384615,6.638461538,11.1,10.26923077,12.53846154,10.97692308,9.384615385,15.64615385,13.16923077,13.53076923,7.307692308
906.9852448,4.515384615,6.638461538,11.1,10.26923077,12.53846154,10.97692308,9.384615385,15.64615385,13.16923077,13.53076923,7.307692308
907.1546502,4.515384615,6.638461538,11.1,10.26923077,12.53846154,10.97692308,9.384615385,15.64615385,13.16923077,13.53076923,7.307692308
907.3240375,4.515384615,6.638461538,11.1,10.26923077,12.53846154,10.97692308,9.384615385,15.64615385,13.16923077,13.53076923,7.307692308
907.4934066,4.515384615,6.638461538,11.1,10.26923077,12.53846154,10.97692308,9.384615385,15.64615385,13.16923077,13.53076923,7.307692308
907.6627575,4.515384615,6.638461538,11.1,10.26923077,12.53846154,10.97692308,9.384615385,15.64615385,13.16923077,13.53076923,7.307692308
907.8320902,4.515384615,6.638461538,11.1,10.26923077,12.53846154,10.97692308,9.384615385,15.64615385,13.16923077,13.53076923,7.307692308
908.0014048,4.515384615,6.638461538,11.1,10.26923077,12.53846154,10.97692308,9.384615385,15.64615385,13.16923077,13.53076923,7.307692308
908.1707012,4.515384615,6.638461538,11.1,10.26923077,12.53846154,10.97692308,9.384615385,15.64615385,13.16923077,13.53076923,7.307692308
908.3399794,4.515384615,6.638461538,11.1,10.26923077,12.53846154,10.97692308,9.384615385,15.64615385,13.16923077,13.53076923,7.307692308
908.5092394,4.515384615,6.638461538,11.1,10.26923077,12.53846154,10.97692308,9.384615385,15.64615385,13.16923077,13.53076923,7.307692308
908.6784812,4.515384615,6.638461538,11.1,10.26923077,12.53846154,10.97692308,9.384615385,15.64615385,13.16923077,13.53076923,7.307692308
908.8477048,4.515384615,6.638461538,11.1,10.26923077,12.53846154,10.97692308,9.384615385,15.64615385,13.16923077,13.53076923,7.307692308
909.0169103,4.515384615,6.638461538,11.1,10.26923077,12.53846154,10.97692308,9.384615385,15.64615385,13.16923077,13.53076923,7.307692308
909.1860975,4.515384615,6.638461538,11.1,10.26923077,12.53846154,10.97692308,9.384615385,15.64615385,13.16923077,13.53076923,7.307692308
909.3552666,4.515384615,6.638461538,11.1,10.26923077,12.53846154,10.97692308,9.384615385,15.64615385,13.16923077,13.53076923,7.307692308
909.5244175,4.515384615,6.638461538,11.1,10.26923077,12.53846154,10.97692308,9.384615385,15.64615385,13.16923077,13.53076923,7.307692308
909.6935501,4.515384615,6.638461538,11.1,10.26923077,12.53846154,10.97692308,9.384615385,15.64615385,13.16923077,13.53076923,7.307692308
909.8626646,4.515384615,6.638461538,11.1,10.26923077,12.53846154,10.97692308,9.384615385,15.64615385,13.16923077,13.53076923,7.307692308
910.0317608,4.515384615,6.638461538,11.1,10.26923077,12.53846154,10.97692308,9.384615385,15.64615385,13.16923077,13.53076923,7.307692308
910.2008388,4.515384615,6.638461538,11.1,10.26923077,12.53846154,10.97692308,9.384615385,15.64615385,13.16923077,13.53076923,7.307692308
910.3698987,4.515384615,6.638461538,11.1,10.26923077,12.53846154,10.97692308,9.384615385,15.64615385,13.16923077,13.53076923,7.307692308
910.5389403,4.515384615,6.638461538,11.1,10.26923077,12.53846154,10.97692308,9.384615385,15.64615385,13.16923077,13.53076923,7.307692308
910.7079637,4.515384615,6.638461538,11.1,10.26923077,12.53846154,10.97692308,9.384615385,15.64615385,13.16923077,13.53076923,7.307692308
910.8769688,4.515384615,6.638461538,11.1,10.26923077,12.53846154,10.97692308,9.384615385,15.64615385,13.16923077,13.53076923,7.307692308
911.0459558,4.515384615,6.638461538,11.1,10.26923077,12.53846154,10.97692308,9.384615385,15.64615385,13.16923077,13.53076923,7.307692308
911.2149245,4.515384615,6.638461538,11.1,10.26923077,12.53846154,10.97692308,9.384615385,15.64615385,13.16923077,13.53076923,7.307692308
911.383875,4.515384615,6.638461538,11.1,10.26923077,12.53846154,10.97692308,9.384615385,15.64615385,13.16923077,13.53076923,7.307692308
911.5528073,4.515384615,6.638461538,11.1,10.26923077,12.53846154,10.97692308,9.384615385,15.64615385,13.16923077,13.53076923,7.307692308
911.7217214,4.515384615,6.638461538,11.1,10.26923077,12.53846154,10.97692308,9.384615385,15.64615385,13.16923077,13.53076923,7.307692308
911.8906172,4.515384615,6.638461538,11.1,10.26923077,12.53846154,10.97692308,9.384615385,15.64615385,13.16923077,13.53076923,7.307692308
912.0594947,4.515384615,6.638461538,11.1,10.26923077,12.53846154,10.97692308,9.384615385,15.64615385,13.16923077,13.53076923,7.307692308
912.2283541,4.515384615,6.638461538,11.1,10.26923077,12.53846154,10.97692308,9.384615385,15.64615385,13.16923077,13.53076923,7.307692308
912.3971952,4.515384615,6.638461538,11.1,10.26923077,12.53846154,10.97692308,9.384615385,15.64615385,13.16923077,13.53076923,7.307692308
912.566018,4.515384615,6.638461538,11.1,10.26923077,12.53846154,10.97692308,9.384615385,15.64615385,13.16923077,13.53076923,7.307692308
912.7348226,4.515384615,6.638461538,11.1,10.26923077,12.53846154,10.97692308,9.384615385,15.64615385,13.16923077,13.53076923,7.307692308
912.903609,4.515384615,6.638461538,11.1,10.26923077,12.53846154,10.97692308,9.384615385,15.64615385,13.16923077,13.53076923,7.307692308
913.0723771,4.515384615,6.638461538,11.1,10.26923077,12.53846154,10.97692308,9.384615385,15.64615385,13.16923077,13.53076923,7.307692308
913.241127,4.515384615,6.638461538,11.1,10.26923077,12.53846154,10.97692308,9.384615385,15.64615385,13.16923077,13.53076923,7.307692308
913.4098586,4.515384615,6.638461538,11.1,10.26923077,12.53846154,10.97692308,9.384615385,15.64615385,13.16923077,13.53076923,7.307692308
913.5785719,4.515384615,6.638461538,11.1,10.26923077,12.53846154,10.97692308,9.384615385,15.64615385,13.16923077,13.53076923,7.307692308
913.747267,4.515384615,6.638461538,11.1,10.26923077,12.53846154,10.97692308,9.384615385,15.64615385,13.16923077,13.53076923,7.307692308
913.9159439,4.515384615,6.638461538,11.1,10.26923077,12.53846154,10.97692308,9.384615385,15.64615385,13.16923077,13.53076923,7.307692308
914.0846024,4.515384615,6.638461538,11.1,10.26923077,12.53846154,10.97692308,9.384615385,15.64615385,13.16923077,13.53076923,7.307692308
914.2532427,4.515384615,6.638461538,11.1,10.26923077,12.53846154,10.97692308,9.384615385,15.64615385,13.16923077,13.53076923,7.307692308
914.4218647,4.515384615,6.638461538,11.1,10.26923077,12.53846154,10.97692308,9.384615385,15.64615385,13.16923077,13.53076923,7.307692308
914.5904685,4.515384615,6.638461538,11.1,10.26923077,12.53846154,10.97692308,9.384615385,15.64615385,13.16923077,13.53076923,7.307692308
914.759054,4.515384615,6.638461538,11.1,10.26923077,12.53846154,10.97692308,9.384615385,15.64615385,13.16923077,13.53076923,7.307692308
914.9276212,4.515384615,6.638461538,11.1,10.26923077,12.53846154,10.97692308,9.384615385,15.64615385,13.16923077,13.53076923,7.307692308
915.0961701,4.515384615,6.638461538,11.1,10.26923077,12.53846154,10.97692308,9.384615385,15.64615385,13.16923077,13.53076923,7.307692308
915.2647008,4.515384615,6.638461538,11.1,10.26923077,12.53846154,10.97692308,9.384615385,15.64615385,13.16923077,13.53076923,7.307692308
915.4332131,4.515384615,6.638461538,11.1,10.26923077,12.53846154,10.97692308,9.384615385,15.64615385,13.16923077,13.53076923,7.307692308
915.6017072,4.515384615,6.638461538,11.1,10.26923077,12.53846154,10.97692308,9.384615385,15.64615385,13.16923077,13.53076923,7.307692308
915.770183,4.515384615,6.638461538,11.1,10.26923077,12.53846154,10.97692308,9.384615385,15.64615385,13.16923077,13.53076923,7.307692308
915.9386405,4.515384615,6.638461538,11.1,10.26923077,12.53846154,10.97692308,9.384615385,15.64615385,13.16923077,13.53076923,7.307692308
916.1070797,4.515384615,6.638461538,11.1,10.26923077,12.53846154,10.97692308,9.384615385,15.64615385,13.16923077,13.53076923,7.307692308
916.2755006,4.515384615,6.638461538,11.1,10.26923077,12.53846154,10.97692308,9.384615385,15.64615385,13.16923077,13.53076923,7.307692308
916.4439032,4.515384615,6.638461538,11.1,10.26923077,12.53846154,10.97692308,9.384615385,15.64615385,13.16923077,13.53076923,7.307692308
916.6122875,4.515384615,6.638461538,11.1,10.26923077,12.53846154,10.97692308,9.384615385,15.64615385,13.16923077,13.53076923,7.307692308
916.7806535,4.515384615,6.638461538,11.1,10.26923077,12.53846154,10.97692308,9.384615385,15.64615385,13.16923077,13.53076923,7.307692308
916.9490012,4.515384615,6.638461538,11.1,10.26923077,12.53846154,10.97692308,9.384615385,15.64615385,13.16923077,13.53076923,7.307692308
917.1173306,4.515384615,6.638461538,11.1,10.26923077,12.53846154,10.97692308,9.384615385,15.64615385,13.16923077,13.53076923,7.307692308
917.2856416,4.515384615,6.638461538,11.1,10.26923077,12.53846154,10.97692308,9.384615385,15.64615385,13.16923077,13.53076923,7.307692308
917.4539344,4.515384615,6.638461538,11.1,10.26923077,12.53846154,10.97692308,9.384615385,15.64615385,13.16923077,13.53076923,7.307692308
917.6222089,4.515384615,6.638461538,11.1,10.26923077,12.53846154,10.97692308,9.384615385,15.64615385,13.16923077,13.53076923,7.307692308
917.790465,4.515384615,6.638461538,11.1,10.26923077,12.53846154,10.97692308,9.384615385,15.64615385,13.16923077,13.53076923,7.307692308
917.9587028,4.515384615,6.638461538,11.1,10.26923077,12.53846154,10.97692308,9.384615385,15.64615385,13.16923077,13.53076923,7.307692308
918.1269223,4.515384615,6.638461538,11.1,10.26923077,12.53846154,10.97692308,9.384615385,15.64615385,13.16923077,13.53076923,7.307692308
918.2951234,4.515384615,6.638461538,11.1,10.26923077,12.53846154,10.97692308,9.384615385,15.64615385,13.16923077,13.53076923,7.307692308
918.4633063,4.515384615,6.638461538,11.1,10.26923077,12.53846154,10.97692308,9.384615385,15.64615385,13.16923077,13.53076923,7.307692308
918.6314708,4.515384615,6.638461538,11.1,10.26923077,12.53846154,10.97692308,9.384615385,15.64615385,13.16923077,13.53076923,7.307692308
918.799617,4.515384615,6.638461538,11.1,10.26923077,12.53846154,10.97692308,9.384615385,15.64615385,13.16923077,13.53076923,7.307692308
918.9677448,4.515384615,6.638461538,11.1,10.26923077,12.53846154,10.97692308,9.384615385,15.64615385,13.16923077,13.53076923,7.307692308
919.1358543,4.515384615,6.638461538,11.1,10.26923077,12.53846154,10.97692308,9.384615385,15.64615385,13.16923077,13.53076923,7.307692308
919.3039455,4.515384615,6.638461538,11.1,10.26923077,12.53846154,10.97692308,9.384615385,15.64615385,13.16923077,13.53076923,7.307692308
919.4720183,4.515384615,6.638461538,11.1,10.26923077,12.53846154,10.97692308,9.384615385,15.64615385,13.16923077,13.53076923,7.307692308
919.6400728,4.515384615,6.638461538,11.1,10.26923077,12.53846154,10.97692308,9.384615385,15.64615385,13.16923077,13.53076923,7.307692308
919.8081089,4.515384615,6.638461538,11.1,10.26923077,12.53846154,10.97692308,9.384615385,15.64615385,13.16923077,13.53076923,7.307692308
919.9761267,4.515384615,6.638461538,11.1,10.26923077,12.53846154,10.97692308,9.384615385,15.64615385,13.16923077,13.53076923,7.307692308
920.1441261,4.515384615,6.638461538,11.1,10.26923077,12.53846154,10.97692308,9.384615385,15.64615385,13.16923077,13.53076923,7.307692308
920.3121072,4.515384615,6.638461538,11.1,10.26923077,12.53846154,10.97692308,9.384615385,15.64615385,13.16923077,13.53076923,7.307692308
920.4800699,4.515384615,6.638461538,11.1,10.26923077,12.53846154,10.97692308,9.384615385,15.64615385,13.16923077,13.53076923,7.307692308
920.6480143,4.515384615,6.638461538,11.1,10.26923077,12.53846154,10.97692308,9.384615385,15.64615385,13.16923077,13.53076923,7.307692308
920.8159403,4.515384615,6.638461538,11.1,10.26923077,12.53846154,10.97692308,9.384615385,15.64615385,13.16923077,13.53076923,7.307692308
920.9838479,4.515384615,6.638461538,11.1,10.26923077,12.53846154,10.97692308,9.384615385,15.64615385,13.16923077,13.53076923,7.307692308
921.1517372,4.515384615,6.638461538,11.1,10.26923077,12.53846154,10.97692308,9.384615385,15.64615385,13.16923077,13.53076923,7.307692308
921.3196081,4.515384615,6.638461538,11.1,10.26923077,12.53846154,10.97692308,9.384615385,15.64615385,13.16923077,13.53076923,7.307692308
921.4874606,4.515384615,6.638461538,11.1,10.26923077,12.53846154,10.97692308,9.384615385,15.64615385,13.16923077,13.53076923,7.307692308
921.6552948,4.515384615,6.638461538,11.1,10.26923077,12.53846154,10.97692308,9.384615385,15.64615385,13.16923077,13.53076923,7.307692308
921.8231105,4.515384615,6.638461538,11.1,10.26923077,12.53846154,10.97692308,9.384615385,15.64615385,13.16923077,13.53076923,7.307692308
921.9909079,4.515384615,6.638461538,11.1,10.26923077,12.53846154,10.97692308,9.384615385,15.64615385,13.16923077,13.53076923,7.307692308
922.158687,4.515384615,6.638461538,11.1,10.26923077,12.53846154,10.97692308,9.384615385,15.64615385,13.16923077,13.53076923,7.307692308
922.3264476,4.515384615,6.638461538,11.1,10.26923077,12.53846154,10.97692308,9.384615385,15.64615385,13.16923077,13.53076923,7.307692308
922.4941898,4.515384615,6.638461538,11.1,10.26923077,12.53846154,10.97692308,9.384615385,15.64615385,13.16923077,13.53076923,7.307692308
922.6619137,4.515384615,6.638461538,11.1,10.26923077,12.53846154,10.97692308,9.384615385,15.64615385,13.16923077,13.53076923,7.307692308
922.8296192,4.515384615,6.638461538,11.1,10.26923077,12.53846154,10.97692308,9.384615385,15.64615385,13.16923077,13.53076923,7.307692308
922.9973063,4.515384615,6.638461538,11.1,10.26923077,12.53846154,10.97692308,9.384615385,15.64615385,13.16923077,13.53076923,7.307692308
923.164975,4.515384615,6.638461538,11.1,10.26923077,12.53846154,10.97692308,9.384615385,15.64615385,13.16923077,13.53076923,7.307692308
923.3326252,4.515384615,6.638461538,11.1,10.26923077,12.53846154,10.97692308,9.384615385,15.64615385,13.16923077,13.53076923,7.307692308
923.5002571,4.515384615,6.638461538,11.1,10.26923077,12.53846154,10.97692308,9.384615385,15.64615385,13.16923077,13.53076923,7.307692308
923.6678706,4.515384615,6.638461538,11.1,10.26923077,12.53846154,10.97692308,9.384615385,15.64615385,13.16923077,13.53076923,7.307692308
923.8354657,4.515384615,6.638461538,11.1,10.26923077,12.53846154,10.97692308,9.384615385,15.64615385,13.16923077,13.53076923,7.307692308
924.0030424,4.515384615,6.638461538,11.1,10.26923077,12.53846154,10.97692308,9.384615385,15.64615385,13.16923077,13.53076923,7.307692308
924.1706006,4.515384615,6.638461538,11.1,10.26923077,12.53846154,10.97692308,9.384615385,15.64615385,13.16923077,13.53076923,7.307692308
924.3381405,4.515384615,6.638461538,11.1,10.26923077,12.53846154,10.97692308,9.384615385,15.64615385,13.16923077,13.53076923,7.307692308
924.5056619,4.515384615,6.638461538,11.1,10.26923077,12.53846154,10.97692308,9.384615385,15.64615385,13.16923077,13.53076923,7.307692308
924.673165,4.515384615,6.638461538,11.1,10.26923077,12.53846154,10.97692308,9.384615385,15.64615385,13.16923077,13.53076923,7.307692308
924.8406496,4.515384615,6.638461538,11.1,10.26923077,12.53846154,10.97692308,9.384615385,15.64615385,13.16923077,13.53076923,7.307692308
925.0081158,4.515384615,6.638461538,11.1,10.26923077,12.53846154,10.97692308,9.384615385,15.64615385,13.16923077,13.53076923,7.307692308
925.1755635,4.515384615,6.638461538,11.1,10.26923077,12.53846154,10.97692308,9.384615385,15.64615385,13.16923077,13.53076923,7.307692308
925.3429928,4.515384615,6.638461538,11.1,10.26923077,12.53846154,10.97692308,9.384615385,15.64615385,13.16923077,13.53076923,7.307692308
925.5104037,4.515384615,6.638461538,11.1,10.26923077,12.53846154,10.97692308,9.384615385,15.64615385,13.16923077,13.53076923,7.307692308
925.6777962,4.515384615,6.638461538,11.1,10.26923077,12.53846154,10.97692308,9.384615385,15.64615385,13.16923077,13.53076923,7.307692308
925.8451702,4.515384615,6.638461538,11.1,10.26923077,12.53846154,10.97692308,9.384615385,15.64615385,13.16923077,13.53076923,7.307692308
926.0125258,4.515384615,6.638461538,11.1,10.26923077,12.53846154,10.97692308,9.384615385,15.64615385,13.16923077,13.53076923,7.307692308
926.179863,4.515384615,6.638461538,11.1,10.26923077,12.53846154,10.97692308,9.384615385,15.64615385,13.16923077,13.53076923,7.307692308
926.3471817,4.515384615,6.638461538,11.1,10.26923077,12.53846154,10.97692308,9.384615385,15.64615385,13.16923077,13.53076923,7.307692308
926.514482,4.515384615,6.638461538,11.1,10.26923077,12.53846154,10.97692308,9.384615385,15.64615385,13.16923077,13.53076923,7.307692308
926.6817638,4.515384615,6.638461538,11.1,10.26923077,12.53846154,10.97692308,9.384615385,15.64615385,13.16923077,13.53076923,7.307692308
926.8490272,4.515384615,6.638461538,11.1,10.26923077,12.53846154,10.97692308,9.384615385,15.64615385,13.16923077,13.53076923,7.307692308
927.0162722,4.515384615,6.638461538,11.1,10.26923077,12.53846154,10.97692308,9.384615385,15.64615385,13.16923077,13.53076923,7.307692308
927.1834986,4.515384615,6.638461538,11.1,10.26923077,12.53846154,10.97692308,9.384615385,15.64615385,13.16923077,13.53076923,7.307692308
927.3507067,4.515384615,6.638461538,11.1,10.26923077,12.53846154,10.97692308,9.384615385,15.64615385,13.16923077,13.53076923,7.307692308
927.5178962,4.515384615,6.638461538,11.1,10.26923077,12.53846154,10.97692308,9.384615385,15.64615385,13.16923077,13.53076923,7.307692308
927.6850673,4.515384615,6.638461538,11.1,10.26923077,12.53846154,10.97692308,9.384615385,15.64615385,13.16923077,13.53076923,7.307692308
927.85222,4.515384615,6.638461538,11.1,10.26923077,12.53846154,10.97692308,9.384615385,15.64615385,13.16923077,13.53076923,7.307692308
928.0193542,4.515384615,6.638461538,11.1,10.26923077,12.53846154,10.97692308,9.384615385,15.64615385,13.16923077,13.53076923,7.307692308
928.1864699,4.515384615,6.638461538,11.1,10.26923077,12.53846154,10.97692308,9.384615385,15.64615385,13.16923077,13.53076923,7.307692308
928.3535671,4.515384615,6.638461538,11.1,10.26923077,12.53846154,10.97692308,9.384615385,15.64615385,13.16923077,13.53076923,7.307692308
928.5206459,4.515384615,6.638461538,11.1,10.26923077,12.53846154,10.97692308,9.384615385,15.64615385,13.16923077,13.53076923,7.307692308
928.6877062,4.515384615,6.638461538,11.1,10.26923077,12.53846154,10.97692308,9.384615385,15.64615385,13.16923077,13.53076923,7.307692308
928.854748,4.515384615,6.638461538,11.1,10.26923077,12.53846154,10.97692308,9.384615385,15.64615385,13.16923077,13.53076923,7.307692308
929.0217713,4.515384615,6.638461538,11.1,10.26923077,12.53846154,10.97692308,9.384615385,15.64615385,13.16923077,13.53076923,7.307692308
929.1887762,4.515384615,6.638461538,11.1,10.26923077,12.53846154,10.97692308,9.384615385,15.64615385,13.16923077,13.53076923,7.307692308
929.3557625,4.515384615,6.638461538,11.1,10.26923077,12.53846154,10.97692308,9.384615385,15.64615385,13.16923077,13.53076923,7.307692308
929.5227304,4.515384615,6.638461538,11.1,10.26923077,12.53846154,10.97692308,9.384615385,15.64615385,13.16923077,13.53076923,7.307692308
929.6896798,4.515384615,6.638461538,11.1,10.26923077,12.53846154,10.97692308,9.384615385,15.64615385,13.16923077,13.53076923,7.307692308
929.8566107,4.515384615,6.638461538,11.1,10.26923077,12.53846154,10.97692308,9.384615385,15.64615385,13.16923077,13.53076923,7.307692308
930.0235231,4.515384615,6.638461538,11.1,10.26923077,12.53846154,10.97692308,9.384615385,15.64615385,13.16923077,13.53076923,7.307692308
930.190417,4.515384615,6.638461538,11.1,10.26923077,12.53846154,10.97692308,9.384615385,15.64615385,13.16923077,13.53076923,7.307692308
930.3572924,4.515384615,6.638461538,11.1,10.26923077,12.53846154,10.97692308,9.384615385,15.64615385,13.16923077,13.53076923,7.307692308
930.5241493,4.515384615,6.638461538,11.1,10.26923077,12.53846154,10.97692308,9.384615385,15.64615385,13.16923077,13.53076923,7.307692308
930.6909877,4.515384615,6.638461538,11.1,10.26923077,12.53846154,10.97692308,9.384615385,15.64615385,13.16923077,13.53076923,7.307692308
930.8578076,4.515384615,6.638461538,11.1,10.26923077,12.53846154,10.97692308,9.384615385,15.64615385,13.16923077,13.53076923,7.307692308
931.024609,4.515384615,6.638461538,11.1,10.26923077,12.53846154,10.97692308,9.384615385,15.64615385,13.16923077,13.53076923,7.307692308
931.1913919,4.515384615,6.638461538,11.1,10.26923077,12.53846154,10.97692308,9.384615385,15.64615385,13.16923077,13.53076923,7.307692308
931.3581563,4.515384615,6.638461538,11.1,10.26923077,12.53846154,10.97692308,9.384615385,15.64615385,13.16923077,13.53076923,7.307692308
931.5249021,4.515384615,6.638461538,11.1,10.26923077,12.53846154,10.97692308,9.384615385,15.64615385,13.16923077,13.53076923,7.307692308
931.6916295,4.515384615,6.638461538,11.1,10.26923077,12.53846154,10.97692308,9.384615385,15.64615385,13.16923077,13.53076923,7.307692308
931.8583383,4.515384615,6.638461538,11.1,10.26923077,12.53846154,10.97692308,9.384615385,15.64615385,13.16923077,13.53076923,7.307692308
