lambda,1,2,3,4,5,6,7,8,9,10
200.1568973,11.51538462,15.41538462,17.66153846,16.36153846,18.66153846,13.83846154,18.6,9.053846154,7.792307692,12.82307692
200.3759475,6.007692308,11.10769231,7.423076923,10.76153846,14.20769231,4.523076923,14.93076923,6.192307692,5.146153846,4.884615385
200.5949882,17.78461538,10.85384615,9.576923077,16.46923077,15.77692308,10.76153846,18.76153846,14.55384615,6.538461538,16.23846154
200.8140194,11.02307692,16.95384615,6.792307692,7.369230769,7.861538462,10.88461538,10.94615385,5.130769231,9.707692308,8.392307692
201.0330411,10.03076923,11.58461538,14.66153846,6.807692308,13.45384615,7.9,4.9,14.79230769,10.18461538,11.61538462
201.2520534,7.523076923,3.507692308,8.4,15.15384615,9.438461538,12.26923077,6.892307692,9.738461538,9.523076923,15.59230769
201.4710561,9.015384615,11.44615385,4.830769231,10.96923077,13.95384615,3.015384615,12.96923077,14.85384615,9.646153846,18.61538462
201.6900493,9.015384615,15.61538462,11.76153846,14.34615385,8.515384615,15.22307692,9.123076923,12.92307692,1.569230769,1.246153846
201.9090331,18.39230769,17.36153846,8.107692308,10.03076923,20.53846154,10.82307692,11.10769231,11.34615385,13.23076923,12.51538462
202.1280073,8.146153846,6.992307692,14.93846154,10.23076923,20.43846154,8.230769231,16.99230769,6.084615385,9.353846154,19.26153846
202.346972,11.6,16.23076923,12.16923077,11.60769231,16.99230769,14.56153846,16.73846154,9.923076923,14,13.34615385
202.5659272,5.330769231,5.676923077,7.130769231,4.476923077,16.73846154,3.307692308,10.61538462,3.869230769,3.330769231,5.138461538
202.784873,5.7,18.45384615,15.76923077,8.061538462,13.80769231,13.58461538,11.53846154,14.12307692,9.861538462,11.67692308
203.0038092,5.015384615,9.607692308,9.976923077,8.784615385,7.130769231,3.876923077,9.384615385,11.15384615,6.807692308,6.892307692
203.2227359,14.80769231,26.53076923,19.10769231,12.4,14.22307692,16.82307692,15.23846154,18.60769231,9.346153846,8.592307692
203.441653,3.653846154,10.23846154,10.93846154,11.13846154,8.7,7.615384615,14.43076923,4.223076923,8.930769231,6.453846154
203.6605607,16.6,8.946153846,14.58461538,15.85384615,7.746153846,8.946153846,6.684615385,13.23846154,8.376923077,11.81538462
203.8794588,5.776923077,10.78461538,8.223076923,14.32307692,5.084615385,10.45384615,13.93076923,9.646153846,5.776923077,16.2
204.0983474,8.746153846,7.138461538,23.00769231,11.03846154,12.06923077,8.992307692,13.03846154,1.823076923,10.48461538,3.276923077
204.3172265,4.715384615,11.12307692,4.992307692,13.11538462,10.54615385,11.64615385,5.884615385,6.684615385,3.715384615,14.7
204.5360961,9.2,16.85384615,22.28461538,14.57692308,7.769230769,6.723076923,15.76923077,9.292307692,4.984615385,10.89230769
204.7549561,4.023076923,12.21538462,9,6.930769231,12.16923077,5.984615385,8.361538462,11.12307692,5.315384615,1.892307692
204.9738066,13.80769231,17.53846154,12.50769231,15.88461538,15.86923077,18.94615385,9.846153846,7.923076923,14.59230769,13.54615385
205.1926476,10.98461538,8.561538462,15.93846154,14.72307692,13.36923077,5.207692308,8.392307692,9.369230769,8.961538462,5.484615385
205.411479,13.4,20.01538462,12.91538462,11.56153846,14.43846154,13.1,17.06153846,7.638461538,7.738461538,18.59230769
205.6303009,1.938461538,5.884615385,11.36153846,6.061538462,12.69230769,5.1,12.20769231,8.346153846,3.8,7.9
205.8491133,16.33076923,8.215384615,17.56923077,5.953846154,7.023076923,13.79230769,12.49230769,13.2,10.10769231,8.061538462
206.0679161,11.63846154,16.50769231,13.86923077,5.338461538,12.67692308,5.638461538,15.90769231,14.21538462,7.753846154,7.661538462
206.2867093,15.98461538,12.23846154,10.73076923,19.63846154,9.907692308,10.84615385,14.30769231,10.22307692,8.8,20.96923077
206.505493,5.069230769,9.753846154,10.57692308,7.230769231,10.79230769,12.44615385,7.707692308,9.323076923,7.084615385,10.7
206.7242672,17.98461538,13.31538462,17.43076923,9.153846154,8.946153846,13.96923077,14.76153846,21.80769231,5.469230769,6.776923077
206.9430318,9.415384615,4.769230769,12.13846154,7.515384615,9.576923077,16.77692308,8.984615385,2.584615385,2.715384615,6.838461538
207.1617868,7.346153846,10.03846154,26.21538462,18.46153846,9.461538462,9.223076923,9.938461538,4.223076923,10.79230769,6.646153846
207.3805323,14.13846154,12.8,6.946153846,11.51538462,7.538461538,3.323076923,3.330769231,7.523076923,1.753846154,12.66923077
207.5992682,7.723076923,19.8,4.676923077,13.52307692,10.39230769,6.938461538,13.35384615,7.838461538,10.96923077,5.492307692
207.8179946,9.746153846,10.14615385,7.615384615,7.738461538,5.461538462,8.961538462,10.44615385,2.976923077,7.5,6.746153846
208.0367114,8.123076923,7.584615385,9.392307692,18.30769231,13.28461538,10.28461538,10.8,12.26153846,13.19230769,11.90769231
208.2554186,3.784615385,6.615384615,11.5,8.615384615,17.06923077,5.646153846,2.076923077,3.1,2.630769231,15.57692308
208.4741162,8.561538462,13.88461538,8.707692308,5.946153846,9.307692308,13.91538462,14.50769231,10.4,8.369230769,21.16923077
208.6928043,5.953846154,11.47692308,12.33846154,5.846153846,9.715384615,14.13846154,5.230769231,11.43846154,4.169230769,16.3
208.9114828,12.66153846,14.50769231,11.83846154,2.984615385,13.34615385,15.42307692,10.46923077,7.792307692,18.63846154,16.35384615
209.1301517,10.83076923,7.892307692,6.246153846,3.846153846,8.538461538,4.1,15.10769231,8.538461538,6.869230769,3.838461538
209.3488111,9.869230769,15.67692308,16.55384615,4.830769231,13.10769231,10.16923077,14.81538462,16.63846154,9.884615385,11.56153846
209.5674608,9.938461538,7.9,10.49230769,15.67692308,8.630769231,6.130769231,7.976923077,9.453846154,4.892307692,17.20769231
209.786101,11.17692308,14.96923077,16.32307692,14.53846154,15.56153846,4.692307692,7.484615385,10.88461538,5.338461538,11.60769231
210.0047316,7.569230769,7.584615385,2.907692308,9.838461538,17.13846154,10.7,14.9,13.46923077,7,12.53846154
210.2233526,12.68461538,11.17692308,9.169230769,9.346153846,17.43846154,12.25384615,10.17692308,14.79230769,4.584615385,14.85384615
210.441964,6.107692308,4.830769231,10.56923077,16.30769231,13.63076923,5.361538462,9.476923077,9.030769231,4.907692308,9.661538462
210.6605658,11.5,11.36153846,10.4,9.969230769,18.76153846,9.923076923,10.74615385,16.48461538,7.961538462,18.00769231
210.879158,5.546153846,16.50769231,17.63076923,6,13.23076923,12.48461538,11.36153846,8.292307692,3.930769231,6.592307692
211.0977406,8.215384615,11.85384615,9.415384615,14.07692308,18.31538462,8.307692308,16.33846154,13.74615385,12.41538462,7.107692308
211.3163136,7.161538462,9.438461538,16.78461538,9.246153846,6.738461538,8.576923077,3.707692308,3.876923077,1.692307692,16.2
211.534877,17.07692308,9.376923077,21.03076923,12.63846154,20.93846154,5.476923077,16.01538462,8.638461538,15.32307692,21.96153846
211.7534308,3.261538462,11.93846154,8.630769231,12.09230769,11.03846154,4.576923077,7.938461538,3.915384615,5.7,13.40769231
211.971975,5.423076923,11.33076923,10.14615385,14.37692308,9.4,5.053846154,12.9,20.43846154,10.93076923,12.79230769
212.1905096,8.8,4.238461538,5.846153846,4.969230769,2.769230769,9.346153846,9.446153846,8.969230769,4.876923077,8.092307692
212.4090345,12.41538462,13.18461538,15.55384615,5.015384615,12.73846154,6.853846154,14.24615385,7.461538462,9.230769231,19.76153846
212.6275499,2.153846154,7.407692308,17.28461538,11.82307692,8.969230769,11.65384615,12.80769231,9.692307692,6.769230769,3.207692308
212.8460556,8.907692308,14.08461538,5.884615385,11.10769231,7.484615385,7.623076923,12.76923077,9.330769231,12.93076923,7.953846154
213.0645517,6.653846154,6.469230769,11.92307692,10.27692308,6.738461538,14.73076923,7.923076923,7.692307692,3.5,12.15384615
213.2830381,7.769230769,11.87692308,16.28461538,13.18461538,21.32307692,7.338461538,9.615384615,7.830769231,6.284615385,8.338461538
213.501515,2.538461538,8.469230769,6.015384615,13.63076923,12.80769231,7.369230769,7.392307692,7.784615385,9.546153846,3.2
213.7199822,6.746153846,11.97692308,15.06153846,7.023076923,9.238461538,8.515384615,14.25384615,12.23076923,13.36153846,11.19230769
213.9384398,9.930769231,13.51538462,13.32307692,12.23846154,8.230769231,11.02307692,7.953846154,10.03846154,6.638461538,13.81538462
214.1568877,10.88461538,5.569230769,19.38461538,15.14615385,12.17692308,12.22307692,11.31538462,10.83846154,9.184615385,15.36923077
214.3753261,13.4,10.5,14.08461538,11.58461538,18.43846154,7.692307692,7.653846154,17.93076923,6.384615385,14.74615385
214.5937547,16.69230769,12.49230769,10.98461538,14.98461538,13.06153846,12.27692308,5.992307692,9.953846154,8.892307692,6.930769231
214.8121738,11.15384615,13.59230769,14.19230769,19.76153846,9.907692308,6.161538462,13.85384615,7.423076923,11.52307692,9.361538462
215.0305832,10.61538462,8.538461538,11.83076923,16.16153846,14.15384615,6.776923077,7.815384615,16.84615385,15.24615385,14.06153846
215.2489829,11.40769231,7.038461538,14.73076923,11.23846154,12.63846154,4.638461538,6.938461538,7.576923077,9.776923077,6.784615385
215.467373,4.938461538,18.51538462,10.76153846,12.13076923,16.03846154,11.09230769,8.007692308,12.10769231,9.746153846,21.66153846
215.6857534,9.653846154,6.4,5.1,4.084615385,5,9.738461538,8.938461538,8.638461538,4.746153846,16.44615385
215.9041242,18.36153846,9.292307692,13.17692308,22.64615385,7.038461538,16.80769231,14.33846154,10.86153846,9.846153846,8.676923077
216.1224854,5.407692308,9.961538462,4.369230769,7.2,8.007692308,12.25384615,8.215384615,9.346153846,6.146153846,7.753846154
216.3408368,15.68461538,20.6,11.89230769,22.13846154,8.915384615,7.584615385,18.11538462,22.30769231,17.83076923,22.56153846
216.5591787,8.023076923,5.830769231,15.1,9.423076923,13.11538462,14.16923077,6.092307692,10.61538462,8.784615385,13.5
216.7775108,4.615384615,12.53846154,19.07692308,20.74615385,9.361538462,4.138461538,16.98461538,8.884615385,13.01538462,13.54615385
216.9958333,13.81538462,5.4,8.2,10.33846154,8.476923077,14.88461538,20.07692308,7.069230769,9.446153846,14.75384615
217.2141461,13.23846154,14.45384615,21.13076923,9.6,5.623076923,3.923076923,9.384615385,11.53846154,12.66153846,6.838461538
217.4324493,21.36153846,2.961538462,5.115384615,16.04615385,10.59230769,8.476923077,10.94615385,11.1,5.738461538,4.615384615
217.6507427,9.653846154,4.523076923,13.12307692,11.66923077,9.430769231,8.230769231,21.6,10.45384615,9.746153846,10.4
217.8690265,11.09230769,12.42307692,10.73846154,7.684615385,9.592307692,7.261538462,8.153846154,4.307692308,7.938461538,8.784615385
218.0873007,15.86153846,8.469230769,12.22307692,11.17692308,16.72307692,11.97692308,18.3,6.869230769,10.35384615,14.24615385
218.3055651,8.946153846,7.176923077,12.03076923,6.776923077,12.56153846,10.17692308,14.23076923,10.44615385,4.123076923,15.10769231
218.5238199,15.34615385,14.66153846,15.08461538,17.81538462,17.10769231,11.24615385,21.43846154,18.35384615,13.4,17.48461538
218.7420649,11.52307692,7.584615385,10.44615385,12.18461538,10.14615385,8.907692308,11.28461538,6.984615385,5.9,14.3
218.9603003,15.7,10.45384615,11.48461538,17.04615385,15.16153846,6.223076923,11.63846154,7.123076923,10.87692308,8.338461538
219.178526,11.13076923,15.41538462,4.7,18.73076923,4.4,7.261538462,10.20769231,5.061538462,8.623076923,1.492307692
219.396742,6.553846154,15.75384615,20.67692308,15.18461538,11.93076923,13.63846154,11.97692308,13.6,13.68461538,7.630769231
219.6149484,2.530769231,9.792307692,12.73846154,4.884615385,9.630769231,3.592307692,14.90769231,8.423076923,10.66923077,13.23846154
219.833145,10.01538462,12.72307692,14.31538462,19.94615385,12.91538462,11.91538462,9.930769231,6.284615385,16.25384615,11.42307692
220.0513319,3.084615385,9.384615385,15.73076923,4.184615385,3.730769231,3.469230769,1.715384615,7.338461538,12.74615385,10.99230769
220.2695091,7.761538462,9.084615385,16.48461538,14.76153846,12.26153846,10.36153846,12.68461538,14.4,9.046153846,20.46923077
220.4876766,9.461538462,9.746153846,10.17692308,12.76153846,9.384615385,9.561538462,7.323076923,11.71538462,12.9,9.430769231
220.7058344,3.138461538,5.730769231,6.530769231,5.884615385,21.40769231,13.44615385,9.761538462,6.761538462,5.369230769,7.538461538
220.9239825,10.23846154,16.65384615,6.446153846,5.246153846,10.60769231,6.169230769,6.115384615,9.446153846,4.730769231,3.546153846
221.1421209,12.91538462,12.52307692,8.215384615,14.37692308,17.93846154,7.138461538,10.61538462,10.13846154,10.5,7.753846154
221.3602496,12.3,9.661538462,5.276923077,4.923076923,12.36153846,7.638461538,4.715384615,4.638461538,11.06153846,8.284615385
221.5783685,10.82307692,9.8,16.59230769,12.23846154,13.36153846,9.630769231,9.661538462,8.753846154,8.553846154,14.16153846
221.7964777,5.746153846,10.46923077,10.70769231,11.89230769,13.52307692,13.72307692,8.453846154,8.292307692,7.107692308,7.584615385
222.0145773,10.63076923,13.69230769,11.23076923,8.215384615,10.76153846,9.769230769,12.02307692,7.223076923,10.26153846,6.269230769
222.232667,5.607692308,7.961538462,5.253846154,18.37692308,10.02307692,11.80769231,9.392307692,8.446153846,8.630769231,7.861538462
222.4507471,11.13076923,17.79230769,16.66923077,8.446153846,13.23846154,13.60769231,15.55384615,16.13846154,9.592307692,10.68461538
222.6688174,14.06153846,15.56153846,11.57692308,7.053846154,14.33076923,9.753846154,3.2,6.569230769,12.62307692,15.00769231
222.886878,16.26153846,14.98461538,14.60769231,13.7,14.35384615,11.33076923,10.19230769,13,29.12307692,17.86153846
223.1049289,14.11538462,10.86153846,13.78461538,8.046153846,6.130769231,8.592307692,6.153846154,12.26153846,7.623076923,9
223.3229701,12.50769231,14.54615385,15.23846154,6.1,14.95384615,8.838461538,7.384615385,14.86923077,12.08461538,8.953846154
223.5410015,1.461538462,15.48461538,7.953846154,15.75384615,12.76153846,10.59230769,4.346153846,12.46923077,8.446153846,8.584615385
223.7590231,9.576923077,5.815384615,21.63076923,10.57692308,13.06923077,15.57692308,10.01538462,8.292307692,5.207692308,8.892307692
223.977035,8.661538462,4.169230769,11.55384615,8.153846154,5.838461538,3.538461538,8.784615385,3.746153846,11.17692308,5.523076923
224.1950372,13.26923077,15.13846154,14.50769231,18.42307692,15.91538462,15,13.8,6.430769231,17.03846154,13.1
224.4130296,16.61538462,15.16153846,12.1,11.62307692,7.069230769,10.52307692,8.430769231,15.53076923,10.00769231,7.484615385
224.6310123,13.96923077,11.79230769,10.42307692,12.54615385,8.576923077,14.3,12.93846154,15.83076923,13.13076923,9.161538462
224.8489852,8.223076923,11.58461538,8.223076923,8.569230769,13.44615385,8.476923077,13.5,11.61538462,9.469230769,13.5
225.0669484,17.36153846,11.56923077,16.61538462,24.52307692,24.07692308,10.01538462,19.02307692,9.361538462,11.49230769,12.59230769
225.2849018,3.146153846,10.10769231,6.315384615,14.41538462,8.853846154,4.669230769,12.63846154,5.015384615,5.253846154,10.56923077
225.5028454,14.03076923,14.61538462,6.653846154,14.60769231,11.36923077,10.2,15.74615385,5.838461538,5.7,14.00769231
225.7207793,8.261538462,9.030769231,8.123076923,6.907692308,8.953846154,4.876923077,6.469230769,10.49230769,12.06923077,3.753846154
225.9387034,13.17692308,13.53076923,22.92307692,11.83846154,13.13846154,9.761538462,9.230769231,9.830769231,9.107692308,8.269230769
226.1566178,9.038461538,13.32307692,6.492307692,9.8,2.353846154,2.453846154,7.269230769,7.084615385,7.515384615,8.892307692
226.3745224,18.1,10.33076923,16.08461538,23.03846154,18.13076923,17.67692308,31.83846154,9.8,15.33846154,13.59230769
226.5924172,1.561538462,6.523076923,5.238461538,7.492307692,7.907692308,7.384615385,5.569230769,10.64615385,2.361538462,10.25384615
226.8103022,9.846153846,13.06153846,5.169230769,13.80769231,8.407692308,5.623076923,12.69230769,6.3,16.50769231,7.038461538
227.0281775,7.969230769,7.453846154,3.615384615,10.13846154,8.538461538,7.569230769,13.96923077,11.80769231,5.946153846,2.730769231
227.2460429,12.28461538,6.792307692,14.89230769,5.192307692,20.51538462,11.13076923,11.93846154,22.50769231,15.53846154,10.64615385
227.4638986,8.946153846,8.584615385,9.6,12.57692308,8.415384615,8.884615385,6.684615385,4.623076923,10.89230769,9.584615385
227.6817445,3.769230769,16,16.53846154,15.83076923,6.384615385,8.030769231,19.41538462,14.88461538,6.815384615,10.86923077
227.8995807,10.96153846,12.76153846,14.16923077,9.430769231,11.42307692,7.3,4.946153846,12.36153846,3.946153846,11.55384615
228.117407,15.28461538,19.23846154,16.53846154,14.75384615,18.56153846,10.54615385,12.01538462,8.284615385,8.492307692,14.09230769
228.3352236,15.25384615,3.815384615,6.838461538,7.892307692,4.646153846,15.12307692,14.3,15.06153846,6,10.5
228.5530303,10.56923077,14.92307692,9.615384615,14.43846154,11.72307692,7.446153846,13.04615385,15.49230769,14.85384615,9.461538462
228.7708273,10.23076923,11.48461538,10.18461538,7.792307692,16.11538462,10.92307692,11.91538462,8.392307692,3.307692308,8.753846154
228.9886144,15.63076923,19.53846154,15.49230769,10.77692308,19.58461538,13.19230769,20.63076923,11.28461538,5.530769231,12.63846154
229.2063918,7.992307692,11.09230769,14.56923077,15.87692308,10.48461538,10.03076923,6.138461538,2.730769231,8.769230769,10.71538462
229.4241593,14.33076923,16.41538462,10.18461538,10.13846154,17.73076923,11.51538462,19.26153846,8.338461538,10.68461538,16.99230769
229.6419171,7.938461538,18.29230769,5.376923077,12.66153846,6.869230769,9.946153846,8.184615385,13.14615385,7.630769231,4.884615385
229.859665,12.17692308,15.35384615,11.9,9.7,14.03846154,7.384615385,15.58461538,9.192307692,8.884615385,16.96153846
230.0774032,9.907692308,6.823076923,6.676923077,13.22307692,12.07692308,13.12307692,8.776923077,5.692307692,6.130769231,10.39230769
230.2951315,11.21538462,17.72307692,13.01538462,13.87692308,14.28461538,17.8,13.97692308,14.35384615,9.076923077,12.06923077
230.51285,6.746153846,9.7,14.08461538,14.44615385,7.184615385,11.94615385,11.53846154,8.230769231,8.115384615,11.44615385
230.7305587,7.569230769,11.69230769,16.23076923,8.1,16.1,10.63076923,16.16923077,7.530769231,6.323076923,19.76153846
230.9482575,12.36923077,17.55384615,13.36153846,11.15384615,12.67692308,11.35384615,15.47692308,13.46153846,7.946153846,16.09230769
231.1659466,13.21538462,12.88461538,6.469230769,16.09230769,10.50769231,20.17692308,12.6,7.638461538,10.17692308,11.1
231.3836258,8.792307692,7.892307692,9.130769231,12.86153846,16.33846154,11.33846154,10.5,11.89230769,5.992307692,8.469230769
231.6012952,14.1,5.907692308,5.469230769,15.98461538,14.31538462,5.492307692,19.23846154,10.74615385,7.553846154,9.5
231.8189547,11.16153846,3.876923077,16.83076923,14.93846154,11.61538462,13.93846154,12.66923077,15.18461538,19.95384615,10.65384615
232.0366045,14.7,13.91538462,10.03846154,17.13076923,19.11538462,14.12307692,10.72307692,14.30769231,3.776923077,12.99230769
232.2542444,11.5,12.18461538,9.923076923,17.9,6.992307692,4.253846154,5.330769231,19.73846154,10.96923077,10.64615385
232.4718744,4.153846154,10.57692308,5.876923077,25.46923077,14.56153846,9.030769231,19.54615385,11.43076923,6.292307692,6.853846154
232.6894946,6.430769231,7.561538462,9.115384615,7.076923077,3.538461538,4.461538462,12.34615385,4.476923077,3.946153846,6.607692308
232.907105,9.392307692,18.97692308,11.50769231,12.74615385,9.046153846,11.15384615,7.830769231,13.13846154,19.09230769,9.015384615
233.1247055,10.65384615,11.23846154,6.061538462,6.730769231,8.276923077,10.64615385,3.630769231,7.123076923,5.269230769,5.238461538
233.3422962,8.1,13.23076923,7.561538462,7.515384615,10.25384615,8.8,19.07692308,4.884615385,9.246153846,11.30769231
233.559877,3.792307692,7.461538462,6.630769231,12.04615385,5.361538462,11.10769231,17.27692308,6.884615385,7.769230769,14.60769231
233.777448,4.830769231,10.9,10.97692308,23.09230769,8.523076923,9.276923077,10.32307692,13.04615385,10.12307692,9.576923077
233.9950092,8.761538462,8.953846154,2.153846154,10.73076923,9.153846154,7.323076923,11.28461538,12.49230769,6.523076923,5.415384615
234.2125604,14.71538462,13.78461538,16.46153846,16.00769231,16.09230769,20.87692308,22.26153846,10.24615385,9.376923077,14.97692308
234.4301018,5.553846154,13.28461538,14.00769231,6.023076923,7.5,6.546153846,15.03076923,6.476923077,1.8,5.615384615
234.6476334,9.161538462,11.86153846,13.68461538,16.70769231,11.42307692,21.76923077,16.49230769,12.46153846,4.769230769,9.592307692
234.8651551,5.876923077,8.2,18.00769231,11.06923077,9.169230769,6.138461538,10.35384615,9.7,7.315384615,17.36153846
235.0826669,10.59230769,9.7,9.784615385,5.246153846,10.31538462,18.37692308,9.523076923,15.32307692,14.13076923,11.62307692
235.3001688,0.676923077,8.815384615,13.96153846,7.423076923,10.53846154,7.938461538,9.876923077,7.153846154,3.123076923,8.261538462
235.5176609,7.315384615,6.353846154,19.20769231,8.276923077,14.08461538,10.65384615,14.6,13.50769231,7.030769231,10.45384615
235.7351431,4.815384615,14.81538462,14.90769231,17.11538462,8.807692308,9.807692308,7.4,5.030769231,9.492307692,12.09230769
235.9526155,11.95384615,8.915384615,17.23846154,15.34615385,12.96153846,10.97692308,7.869230769,8.976923077,13.61538462,11.21538462
236.1700779,8.384615385,3,10.93846154,7.2,6.9,14.53076923,7.807692308,8,14.52307692,10.40769231
236.3875305,18.17692308,15.39230769,18.93076923,18.13846154,13.17692308,6.692307692,10.07692308,14.59230769,10.54615385,18.43846154
236.6049732,6.153846154,5.9,14.58461538,7.423076923,13.72307692,7.453846154,7.753846154,6.630769231,2.715384615,5.938461538
236.822406,8.930769231,18.25384615,17.46153846,25.29230769,22.38461538,11.79230769,25.49230769,16.15384615,11.93846154,11.53076923
237.0398289,13.35384615,12.33076923,13.55384615,8.115384615,15.03846154,7.946153846,11.66923077,9.784615385,5.953846154,20.65384615
237.2572419,4.738461538,9.461538462,21.23076923,12.28461538,12.30769231,7.423076923,10.83846154,16.09230769,5.076923077,11.38461538
237.474645,11.16923077,7.3,6.284615385,11.07692308,10.55384615,8.192307692,8.3,7.876923077,2.507692308,7.938461538
237.6920383,19.20769231,4.938461538,17.90769231,10.33076923,13.9,6.376923077,8.384615385,16.48461538,17.26923077,10.55384615
237.9094216,5.176923077,6.415384615,8.438461538,14.48461538,6.269230769,12.37692308,11.24615385,9.253846154,4.469230769,18.41538462
238.126795,10.63076923,13.26153846,10.22307692,11.53846154,8.946153846,14.56153846,9.669230769,14.01538462,10.86923077,4.5
238.3441586,8.5,10.97692308,4.838461538,10.96923077,7.584615385,15.10769231,10.83076923,8.361538462,10.96923077,15.40769231
238.5615122,15.33076923,14.68461538,15.04615385,11.28461538,19.31538462,11.37692308,8.9,12.74615385,11.59230769,10.56153846
238.7788559,10.94615385,5.107692308,4.4,5.976923077,7.376923077,9.530769231,12.45384615,8.746153846,13.91538462,9.607692308
238.9961897,10.97692308,11.48461538,17.96923077,24.41538462,17.27692308,11.39230769,21.1,15,19.85384615,10.97692308
239.2135136,8.038461538,4.892307692,14.23076923,12.02307692,12.35384615,8.715384615,7.561538462,2.338461538,14.93846154,20.99230769
239.4308276,21.61538462,14.25384615,19.20769231,11.10769231,10.96153846,11.85384615,11.70769231,13.12307692,13.50769231,13.4
239.6481317,5.4,10.32307692,7.123076923,9.676923077,7.276923077,10.37692308,6.130769231,10.66153846,6.423076923,5.476923077
239.8654259,12.94615385,11.57692308,9.653846154,15.31538462,26.01538462,13.75384615,8.453846154,13.46923077,14.03076923,12.48461538
240.0827101,8.630769231,5.569230769,11.86153846,13.20769231,13.00769231,17.77692308,4.476923077,14.85384615,8.053846154,8.946153846
240.2999844,9.707692308,17.43846154,16.62307692,7.784615385,13.43846154,6.569230769,8.769230769,13.28461538,16.05384615,15.56153846
240.5172488,7.9,9.538461538,8.992307692,11.76923077,13.33076923,3.892307692,15.19230769,11.42307692,8.084615385,5.592307692
240.7345032,12.82307692,13.88461538,10.59230769,11.10769231,14.42307692,13.34615385,10.06153846,9.930769231,11.38461538,8.392307692
240.9517477,1.2,7.838461538,11.02307692,7.023076923,12.74615385,9.461538462,7.207692308,9.038461538,4.492307692,8.569230769
241.1689823,11.94615385,12.94615385,12.1,17.27692308,10.03076923,11.06923077,2.492307692,18.21538462,8.353846154,9.861538462
241.386207,12.51538462,7.407692308,7.307692308,8.438461538,14.16153846,4.976923077,4.030769231,5.2,6.746153846,4.292307692
241.6034217,9.423076923,10.48461538,4.707692308,9.776923077,16.13076923,9.269230769,14.56923077,12.73076923,8.115384615,12.76153846
241.8206264,8.423076923,8.630769231,12.22307692,9.346153846,12.60769231,7.446153846,5.530769231,5.169230769,7.576923077,10.41538462
242.0378213,11.58461538,13.10769231,17.60769231,18.42307692,14.06153846,11.44615385,25.1,6.461538462,7.161538462,16.7
242.2550061,8.246153846,11.93846154,11.91538462,15.26153846,13.70769231,14.00769231,4.7,8.438461538,4.515384615,9.823076923
242.4721811,13.02307692,9.576923077,11.37692308,11.49230769,20.73846154,16.27692308,12.39230769,4.361538462,11.63076923,15.90769231
242.689346,7.261538462,9.553846154,12.40769231,8.053846154,8.261538462,9.884615385,5.538461538,13.28461538,9.269230769,12.9
242.9065011,4.430769231,11.34615385,17.26923077,19.18461538,21.47692308,14.46153846,6.707692308,11.63076923,9.346153846,12.21538462
243.1236461,6.746153846,15.31538462,17.78461538,9.446153846,9.784615385,8.453846154,12.80769231,10.16153846,5.561538462,7.792307692
243.3407812,7.3,12.54615385,8.307692308,16.95384615,13,13.90769231,10.93076923,20.85384615,14.76923077,10.49230769
243.5579064,10.56923077,9.730769231,13.03076923,10.18461538,4.330769231,11.9,11.47692308,7.638461538,8.246153846,9.092307692
243.7750216,9.038461538,7.984615385,10.23076923,12.66923077,9.676923077,11.37692308,5.453846154,10.35384615,3.453846154,9.9
243.9921268,3.4,9.938461538,5.469230769,6.446153846,5.738461538,6.176923077,9.523076923,5.315384615,7,10.63076923
244.2092221,9.369230769,11.64615385,15.52307692,7.1,5.753846154,16.03076923,19.2,8.023076923,16.49230769,15.70769231
244.4263073,14.28461538,16.13846154,6.292307692,9.076923077,6.5,3.261538462,13.06923077,5.023076923,11.33846154,13.93076923
244.6433826,10.56923077,21.45384615,16.80769231,16.96923077,13.13076923,9.092307692,6.561538462,23.00769231,17.99230769,8.830769231
244.860448,9.084615385,10.83846154,8.169230769,17.58461538,8.115384615,5.184615385,11.8,12.19230769,4.423076923,12.60769231
245.0775033,12.18461538,13.44615385,10.29230769,6.9,23.33846154,12.19230769,10,10.19230769,12.95384615,7.546153846
245.2945487,13,7.676923077,9.723076923,21.42307692,7.353846154,13.47692308,7.669230769,5.476923077,9.115384615,11.16153846
245.5115841,18.2,13.73846154,19.20769231,9.607692308,11.3,7.853846154,10.34615385,11.46923077,8.484615385,17.60769231
245.7286095,7.146153846,10.36153846,8.538461538,9.730769231,9.476923077,6.646153846,6.430769231,3.515384615,5.223076923,5.146153846
245.945625,10.88461538,17.18461538,11.44615385,13.57692308,8.807692308,14.84615385,13.13846154,8.284615385,5.453846154,8.392307692
246.1626304,4.484615385,15.28461538,7.053846154,11.03846154,18.03846154,8.369230769,14.43846154,6.892307692,8.276923077,8.915384615
246.3796258,9.361538462,13.53846154,16.53846154,14.79230769,24.78461538,14.27692308,18.06153846,13.53846154,8.784615385,9.169230769
246.5966113,6.169230769,7.307692308,6.676923077,12.01538462,8.338461538,2.253846154,11.93076923,5.361538462,8.1,10.74615385
246.8135867,11.50769231,9.515384615,12.92307692,14.85384615,12.26153846,6.915384615,9.046153846,9.461538462,8.592307692,4.869230769
247.0305522,9.476923077,10.70769231,16.20769231,8.769230769,10.10769231,5.838461538,9.330769231,14.28461538,8.376923077,13.96923077
247.2475076,14.33076923,9.284615385,18.37692308,12.51538462,14.51538462,16.82307692,13.99230769,12.63846154,7.853846154,6.823076923
247.4644531,12.40769231,10.22307692,13.30769231,7.215384615,2.830769231,13.13076923,9.323076923,4.438461538,12.25384615,11.1
247.6813885,10.70769231,13.34615385,15.10769231,5.769230769,12.50769231,10.8,9.1,19.30769231,15.82307692,10.66153846
247.898314,10.7,13.23846154,14.80769231,6.753846154,16.2,9.176923077,8.715384615,6.776923077,4.861538462,14.51538462
248.1152294,11.21538462,9.938461538,11.21538462,11.89230769,10.3,9.792307692,9.161538462,13.63076923,9.484615385,14.2
248.3321348,2.761538462,8.584615385,6.3,9.461538462,8.684615385,12.36923077,11.53846154,13.53076923,9.969230769,8.7
248.5490302,14.7,10.66153846,20.70769231,10.77692308,14.07692308,17.22307692,19.28461538,9.646153846,3.830769231,16.76923077
248.7659155,13.46153846,11.96153846,16.13076923,12.35384615,12.33076923,11.70769231,19.33076923,11,5.823076923,10.55384615
248.9827909,5.3,8.053846154,21.06153846,15.21538462,11.3,19.05384615,8.792307692,10.14615385,7.830769231,11.76153846
249.1996562,2.492307692,7.161538462,21.80769231,13.69230769,12.86923077,10.21538462,11.89230769,11.95384615,7.415384615,11.27692308
249.4165115,17.44615385,12.11538462,16.84615385,11.36923077,12.79230769,9.530769231,11.93076923,6.4,7.638461538,8.915384615
249.6333568,3.807692308,11.48461538,18.33076923,9.346153846,5.738461538,11.79230769,7.438461538,12.57692308,10.07692308,7.692307692
249.850192,12.29230769,9.069230769,12.9,15.28461538,13.86153846,15.82307692,12.7,11.75384615,12.73076923,14.90769231
250.0670172,5.130769231,6.546153846,14.49230769,3.892307692,3.153846154,6.715384615,13.3,7.876923077,5.830769231,10.29230769
250.2838324,18.08461538,13.13846154,11.00769231,5.053846154,11.93846154,6.376923077,16.20769231,16.27692308,14.51538462,14.4
250.5006376,7.215384615,8.561538462,12.48461538,11.48461538,11.98461538,3.323076923,12.29230769,14.7,8.053846154,9.1
250.7174327,5.530769231,13.77692308,5.046153846,11.91538462,17.53846154,14.72307692,21.1,18.77692308,10.95384615,7.953846154
250.9342177,5.707692308,4.792307692,9.592307692,9.746153846,5.423076923,9.007692308,8.1,7.3,11.13846154,13.41538462
251.1509927,12.57692308,10.9,19.52307692,13,16.31538462,11.16153846,7.638461538,11.23846154,11.66153846,13.29230769
251.3677577,6.223076923,12.90769231,17.58461538,11.54615385,4.2,2.2,7.453846154,13.43076923,6.269230769,7.661538462
251.5845126,10.34615385,12.23846154,16.42307692,8.584615385,19.48461538,11.9,10.13076923,10.70769231,8.476923077,13.24615385
251.8012574,5.846153846,10.03846154,2.553846154,14.80769231,13.63846154,3.438461538,4.723076923,13.26923077,15.63076923,13.16923077
252.0179922,7.169230769,8.030769231,11.40769231,7.1,15.76153846,15.60769231,6.653846154,9.246153846,17.79230769,10.29230769
252.234717,13.70769231,13.19230769,17.13076923,3.292307692,11.28461538,10.39230769,13.33076923,11.56153846,4.707692308,12.92307692
252.4514317,8.992307692,10.10769231,10.83846154,9.4,15.73846154,16.94615385,13.45384615,9.830769231,8.546153846,3.892307692
252.6681363,4.338461538,6.438461538,10.94615385,4.930769231,7.1,5.953846154,8.684615385,4.823076923,11.17692308,10.93846154
252.8848309,8.676923077,15.34615385,10.49230769,11.28461538,15.83846154,23.35384615,10.05384615,6.238461538,15.55384615,14.64615385
253.1015153,4.861538462,6.038461538,8.084615385,17.23076923,7.653846154,13.91538462,6.846153846,7.7,9.861538462,17.75384615
253.3181898,16.26153846,15.13076923,14.86153846,11.01538462,13.89230769,11.06923077,9.723076923,9.2,10.90769231,12.56153846
253.5348541,3.592307692,3.553846154,11.73076923,12.54615385,5.330769231,8.830769231,5.853846154,8.4,5.638461538,1.807692308
253.7515084,15.05384615,18.47692308,8.992307692,22.8,24.83846154,8.469230769,10.16923077,3.815384615,4.9,7.853846154
253.9681526,8.523076923,3.530769231,10.56153846,18.03846154,11.91538462,2.884615385,7.4,9.546153846,3.2,12.46923077
254.1847867,4.030769231,9.761538462,5.715384615,8.630769231,11.76923077,5.130769231,9.938461538,11.4,8.807692308,13.67692308
254.4014108,6.530769231,7.061538462,5.284615385,8.561538462,9.461538462,7.4,5.961538462,8.707692308,11.39230769,11.31538462
254.6180247,9.707692308,12.86153846,12.96153846,11.39230769,11.4,6.384615385,13.11538462,16.76153846,13.79230769,9.169230769
254.8346286,6.153846154,10.23076923,12.86923077,8.515384615,12.36153846,9.761538462,10.67692308,8.176923077,9.276923077,17.66153846
255.0512224,17.43846154,11.32307692,17.84615385,12.64615385,11.00769231,15.85384615,14.68461538,12.69230769,12.28461538,16.51538462
255.2678061,6.123076923,9.823076923,10.07692308,15.2,9.515384615,3.276923077,15.95384615,13.43076923,5.261538462,13.79230769
255.4843797,10.03076923,13.59230769,12.80769231,10.90769231,16.1,7.315384615,6.584615385,16.82307692,10.46923077,8.107692308
255.7009432,14.56153846,8.353846154,11.39230769,18.14615385,13.09230769,9.007692308,7.461538462,2.576923077,6.307692308,12.09230769
255.9174966,8.823076923,9.407692308,7.615384615,13.38461538,15.29230769,11.57692308,19.45384615,18.69230769,10.44615385,14.00769231
256.1340399,17.12307692,7.407692308,5.107692308,5.784615385,12.96923077,9.153846154,5.084615385,4.169230769,6.630769231,3.8
256.3505731,14.27692308,14.73846154,11.73076923,14.44615385,9.423076923,14.4,7.9,10.81538462,14.29230769,19.50769231
256.5670961,1.761538462,5.684615385,10.31538462,7.715384615,7.815384615,6.169230769,16.03076923,7.930769231,6.646153846,12.06153846
256.7836091,7.692307692,15.67692308,10.07692308,14.85384615,14.9,16.37692308,17.10769231,6.407692308,8.369230769,13.30769231
257.000112,6.315384615,9.746153846,8.538461538,7.676923077,14.29230769,10.80769231,17.24615385,8.207692308,8.315384615,4.946153846
257.2166048,7.723076923,16.79230769,16.33076923,9.192307692,12.96153846,7.230769231,17.03846154,10.57692308,10.92307692,22.95384615
257.4330874,3.823076923,8.030769231,6.876923077,19.86923077,17.06923077,7.169230769,6.592307692,5.146153846,12.96923077,8.223076923
257.6495599,14.27692308,12.35384615,12.25384615,15.19230769,14.60769231,15.81538462,12.50769231,10.35384615,10.4,12.76923077
257.8660223,14.19230769,2.930769231,12.4,8.723076923,10.68461538,10.77692308,8.538461538,14.83846154,3.246153846,10.13846154
258.0824746,11.00769231,10.96153846,15.2,13.67692308,14,8.415384615,6.615384615,17.46923077,6.346153846,9.553846154
258.2989168,9.607692308,2.784615385,10.39230769,2.584615385,9.253846154,6.969230769,9.392307692,10.91538462,3.338461538,6.446153846
258.5153488,17.56153846,11.50769231,21.38461538,13.92307692,25.21538462,3.115384615,12.1,17.93846154,13.46923077,18.91538462
258.7317707,11.23076923,12.83846154,9.507692308,5.730769231,10.39230769,5.169230769,3.123076923,8.353846154,4.623076923,14.59230769
258.9481825,13.86923077,7.984615385,7.9,12.81538462,11.95384615,11.76153846,9.930769231,4.853846154,8.623076923,12.1
259.1645841,11.52307692,9.730769231,9.561538462,9.946153846,10.15384615,10.86923077,5.630769231,11.8,10.32307692,6.753846154
259.3809756,13.99230769,8.184615385,17.10769231,6.923076923,13.4,8.223076923,10.09230769,13.46923077,7.923076923,17.66153846
259.597357,6.869230769,5.569230769,9.553846154,5.353846154,4.115384615,12.79230769,17,1.807692308,8.369230769,10.7
259.8137282,8.738461538,18.05384615,8.8,13.55384615,11.21538462,11.8,15.26153846,6.176923077,5.7,19.60769231
260.0300893,8.430769231,14.63846154,5.892307692,6.7,9.646153846,8.092307692,11.08461538,8.030769231,7.076923077,8.761538462
260.2464402,19.15384615,7.576923077,10.75384615,11.02307692,13.1,6.476923077,17.74615385,9.738461538,8.615384615,14.76153846
260.462781,12.34615385,14.37692308,9.4,7.161538462,18.27692308,7.384615385,6.238461538,10.12307692,4.523076923,5.284615385
260.6791116,17.07692308,14.30769231,14.07692308,18.17692308,23.81538462,3.507692308,12.99230769,18.66923077,16.08461538,10.99230769
260.8954321,6.438461538,4.492307692,12.15384615,8.184615385,15.57692308,18.13076923,13.01538462,1.069230769,8.830769231,10.56923077
261.1117424,12.47692308,24.83076923,16.36153846,20.21538462,16.53846154,19.56153846,18.74615385,7.892307692,21.36923077,12.25384615
261.3280426,10.35384615,4.076923077,12.50769231,14.87692308,9.476923077,4.438461538,14.53846154,6.107692308,5.1,6.423076923
261.5443326,9.161538462,16.96153846,9.730769231,9.930769231,13.6,9.738461538,11.73846154,11.33076923,6.661538462,10.83846154
261.7606124,10.99230769,11.33846154,14.93076923,19.09230769,9.069230769,4.453846154,9.623076923,8.192307692,10.26153846,8.184615385
261.9768821,11.20769231,18.63846154,13.03846154,9.792307692,18.79230769,10.06153846,12.5,9.323076923,15.53076923,11.14615385
262.1931415,11.35384615,11.93076923,7.338461538,1.7,7.915384615,6.892307692,10.81538462,7.738461538,3.715384615,11.01538462
262.4093909,13.53076923,14.58461538,10.96153846,10.28461538,19.82307692,12.76153846,11.36153846,13.54615385,10.06923077,15.46923077
262.62563,17.76153846,7.361538462,14.56923077,10.5,11.27692308,16.13076923,19.13846154,12.6,8.330769231,10.38461538
262.841859,18.00769231,7.276923077,24.01538462,9.330769231,16,1.384615385,12.31538462,13.42307692,6.638461538,18.30769231
263.0580778,5.623076923,6.707692308,14.86153846,7.938461538,13.32307692,9.746153846,15.12307692,5.661538462,4.653846154,6.438461538
263.2742864,19.07692308,11.75384615,15.78461538,17.95384615,7.207692308,9.038461538,18.37692308,13.83846154,6.969230769,15.93076923
263.4904849,5.730769231,12.68461538,14.03076923,16.93076923,15.17692308,11.98461538,12.03076923,10.74615385,8.961538462,7.007692308
263.7066731,14.6,21.93076923,5.838461538,15.24615385,11.64615385,9.530769231,16.80769231,6.984615385,10.83846154,7.953846154
263.9228512,13.86153846,7.530769231,14.58461538,12.10769231,7.915384615,8.269230769,10.13076923,9.030769231,8.761538462,23.65384615
264.139019,17.03846154,12.21538462,18.33846154,14.19230769,13.02307692,13.17692308,7.853846154,11.05384615,10.26923077,4.453846154
264.3551767,7.469230769,4.123076923,10.33846154,10,12.23846154,9.307692308,13.66153846,7.853846154,3.692307692,12.66153846
264.5713242,20.41538462,20.52307692,19.15384615,18.93076923,10.48461538,12.23076923,12.47692308,13.02307692,15.93846154,22.56923077
264.7874615,11.10769231,12.90769231,6.761538462,16.42307692,8.623076923,13.57692308,18.26923077,13.08461538,13.96153846,11.4
265.0035886,22.23076923,13.39230769,13.36153846,10.64615385,16.11538462,15.03076923,6.946153846,13.29230769,14.10769231,16.69230769
265.2197055,16.08461538,13.74615385,6.907692308,15.08461538,8.076923077,6.707692308,13.91538462,2.638461538,7.269230769,13.89230769
265.4358121,9.776923077,12.73076923,7.761538462,16.45384615,10.80769231,14.59230769,5.861538462,10.49230769,11.30769231,10.25384615
265.6519086,6.476923077,11.86153846,9.838461538,21.57692308,4.853846154,10.02307692,17.01538462,15.33846154,3.446153846,13.40769231
265.8679949,15.64615385,9.315384615,15.76153846,18.78461538,12.02307692,9.723076923,9.107692308,14.13846154,19.93076923,8.746153846
266.0840709,7.930769231,12.50769231,11.62307692,15.74615385,11.91538462,24.22307692,7.507692308,5.684615385,10.6,15.36923077
266.3001368,11.26153846,14.5,19.56923077,13.19230769,12.03076923,14.71538462,11.93076923,12.23846154,3.576923077,11.87692308
266.5161924,11.41538462,13.03846154,10.82307692,9.876923077,7.907692308,4.223076923,3.661538462,9.238461538,10.4,3.646153846
266.7322378,13.72307692,16.31538462,14.81538462,15.57692308,17.43076923,11.2,16.79230769,10.36923077,9.815384615,13.89230769
266.948273,4.492307692,4.292307692,13.03846154,15.53076923,9.430769231,5.007692308,12.6,10.32307692,6.215384615,9.061538462
267.1642979,19.61538462,17.93076923,17.98461538,19.1,17.66923077,9.569230769,7.869230769,10.39230769,9.169230769,17.41538462
267.3803126,3.992307692,8.615384615,11.21538462,8.792307692,7.292307692,16.18461538,13.93076923,9.638461538,8.092307692,11.16153846
267.5963171,13.13076923,20.71538462,15.83846154,11.1,6.361538462,9.007692308,18.13846154,10.96153846,22.23846154,13.76923077
267.8123114,16.36923077,10.90769231,22.05384615,14.85384615,18.66153846,9.253846154,8.376923077,5.669230769,10.33846154,13.77692308
268.0282954,7.607692308,12.46153846,13.91538462,10.95384615,6.607692308,19.2,13.7,15.2,13.74615385,14.5
268.2442692,12.10769231,6.607692308,9.123076923,4.353846154,5.653846154,7.492307692,7.438461538,5.284615385,6.007692308,9.823076923
268.4602328,12.43076923,5.053846154,15.20769231,17.86923077,6.5,9.861538462,10.13076923,8.630769231,5.284615385,5.930769231
268.6761861,10.4,13.1,7.007692308,5.761538462,9.415384615,6.838461538,8.792307692,7.738461538,7.823076923,16.60769231
268.8921292,14.00769231,22.11538462,10.82307692,7.484615385,13.7,11.76923077,10.67692308,12.18461538,13.65384615,10.14615385
269.108062,9.246153846,13.55384615,10.81538462,13.54615385,9.730769231,18.13076923,8.707692308,11.08461538,11.6,19.11538462
269.3239846,12.29230769,8.815384615,8.392307692,13.56153846,16.03846154,6.053846154,16.1,11.26153846,9.415384615,17.43846154
269.5398969,8.453846154,12.63846154,12.23846154,6.876923077,11.60769231,6.384615385,8.169230769,5.346153846,9.176923077,5.653846154
269.755799,12.03076923,25.23076923,8.907692308,17.73076923,12.61538462,9.084615385,16.89230769,10.59230769,11.37692308,12.75384615
269.9716908,10.83076923,4.023076923,5.984615385,9.561538462,12.09230769,8.869230769,7.484615385,9.776923077,8.638461538,9.338461538
270.1875724,10.33846154,17.06153846,17.63076923,18.23076923,20.53846154,13.97692308,7.430769231,4.615384615,12.62307692,16.24615385
270.4034437,1.415384615,12.56153846,11.17692308,19.85384615,11.46923077,9.315384615,5.692307692,12.58461538,7.1,5.653846154
270.6193047,14.26923077,10.47692308,9.676923077,11.96153846,9.161538462,5.792307692,14.03076923,11.76923077,8.207692308,12.31538462
270.8351555,13.40769231,16.43076923,21.77692308,10.73846154,8.769230769,13.63846154,19.02307692,5.246153846,6.046153846,6.276923077
271.050996,11.58461538,13.41538462,18.05384615,20.36153846,17.13076923,7.638461538,16.24615385,14.7,10.96153846,17.95384615
271.2668262,3.830769231,5.953846154,11.67692308,7.030769231,4.984615385,7.392307692,7.730769231,6.607692308,10.25384615,21.41538462
271.4826462,10.35384615,12.27692308,7.769230769,15.50769231,3.115384615,11.84615385,10.13076923,12.32307692,14.29230769,11.6
271.6984559,8.707692308,15.53076923,5.138461538,11.36153846,13.31538462,11.96153846,4.223076923,9.576923077,9.161538462,5.553846154
271.9142553,5.353846154,9.361538462,9.838461538,14.90769231,12.79230769,9.376923077,21.63076923,13.60769231,10.32307692,10.92307692
272.1300444,9.461538462,7.215384615,7,20.66923077,5.030769231,14.23076923,15.50769231,1.669230769,7.823076923,16.16923077
272.3458233,11.42307692,15.83846154,19.93076923,13.85384615,12.91538462,10.61538462,8.9,4.815384615,9.292307692,4.038461538
272.5615919,9.984615385,11.52307692,8.923076923,9.484615385,10.1,6.269230769,9.107692308,8.792307692,15.4,7.461538462
272.7773501,9.9,8.492307692,20.13076923,11.66923077,21.63076923,18.34615385,13.57692308,8.946153846,5.907692308,14.29230769
272.9930981,10.75384615,8.061538462,12.27692308,4.169230769,10.69230769,7.638461538,5.046153846,8.061538462,10.76153846,3.453846154
273.2088358,13.35384615,12.67692308,13.09230769,10.58461538,14.92307692,10.73076923,10.03076923,8.753846154,7.907692308,8.853846154
273.4245632,13.95384615,11.84615385,7.423076923,16.13076923,12.95384615,6.946153846,14.26153846,5.5,12.42307692,15.56923077
273.6402803,8.7,11.03076923,16.93076923,20.26153846,10.87692308,11.10769231,16.40769231,10.83076923,9.069230769,10.93076923
273.8559871,5.784615385,12.13846154,13.16153846,13.36923077,16.69230769,14.33076923,11.13846154,18.16923077,12.08461538,13
274.0716836,7.661538462,16.18461538,9.061538462,17.22307692,12.24615385,8.1,13.23846154,16.16923077,7.161538462,6.707692308
274.2873698,9.669230769,1.869230769,4.584615385,15.12307692,9.492307692,6.553846154,8.276923077,4.946153846,2.976923077,10
274.5030457,15.97692308,17.26153846,16.83076923,10.57692308,7.230769231,15.1,15.57692308,9.369230769,14.02307692,11.61538462
274.7187113,19.90769231,8.284615385,8.9,7.976923077,9.584615385,9.1,5.692307692,11.34615385,5.484615385,8.838461538
274.9343666,11.84615385,13.58461538,15.87692308,13.33846154,12.07692308,11.2,17.77692308,16.35384615,12.07692308,8.961538462
275.1500116,6.853846154,13.07692308,6.853846154,6.961538462,19.66923077,6.823076923,8.307692308,7.515384615,9.969230769,4.846153846
275.3656462,9.538461538,14.50769231,3.984615385,8.892307692,6.692307692,12.9,14.33076923,2.892307692,5.069230769,20.49230769
275.5812705,7.815384615,9.461538462,11.76153846,9.069230769,15.6,17.25384615,1.069230769,7.869230769,10.1,11.63076923
275.7968845,20.89230769,15.56153846,9.992307692,11.72307692,13.94615385,21.52307692,10.13846154,16.42307692,19.55384615,14.00769231
276.0124882,11.97692308,7.153846154,5.2,12.28461538,6.4,10.6,7,7.692307692,3.976923077,11.01538462
276.2280816,10.59230769,18.20769231,11.93846154,20.02307692,4.576923077,12.12307692,10.35384615,8.576923077,14.39230769,13.86923077
276.4436646,8.576923077,6.407692308,12.89230769,9.976923077,7.892307692,10.16153846,11.63846154,11.27692308,7.961538462,10.66153846
276.6592373,18.35384615,10.26153846,23.93846154,14.03076923,14.36153846,11.27692308,16.13846154,10.18461538,9.723076923,5.246153846
276.8747997,3.653846154,2.076923077,8.961538462,6.276923077,14.46153846,7.407692308,21.42307692,6.638461538,4.530769231,11.46153846
277.0903517,17.54615385,17.76923077,21.50769231,7.961538462,11.56923077,7.969230769,12.70769231,8.884615385,5.946153846,12.31538462
277.3058934,5.2,10.82307692,14.16153846,6.5,5.138461538,8.415384615,8.946153846,4.046153846,7.453846154,11.13846154
277.5214248,10.08461538,22.93846154,18.00769231,14.69230769,8.969230769,13.01538462,17.55384615,17.26923077,7.715384615,8.153846154
277.7369458,14.63076923,6.584615385,17.30769231,9.246153846,10.85384615,13.63076923,12.95384615,18.90769231,11.22307692,10.78461538
277.9524564,11.16923077,6.538461538,19.83076923,15.51538462,17.43846154,13.23846154,11.54615385,5.923076923,9.723076923,8.538461538
278.1679567,9.323076923,18.17692308,11.83076923,13.48461538,18.28461538,5.453846154,11.8,4.223076923,10.64615385,13.95384615
278.3834467,18.18461538,14.03846154,11.90769231,10.54615385,6.730769231,9.892307692,14.91538462,23.56923077,18.41538462,14.36923077
278.5989263,7.1,14.86153846,3.730769231,12.07692308,9.576923077,11.66153846,9.438461538,7.184615385,1.723076923,13.18461538
278.8143956,3.4,12.68461538,10.36923077,6.130769231,15.33846154,13.97692308,16.66923077,9.946153846,12.31538462,12.00769231
279.0298545,11.8,12.03076923,6.723076923,6.415384615,11.00769231,13.01538462,16.56923077,6.861538462,8.184615385,14.34615385
279.245303,16.24615385,10.49230769,13.33846154,19.26153846,13.77692308,18.17692308,9.884615385,8.723076923,18.46153846,13.93846154
279.4607412,7.130769231,8.6,11.68461538,11.53076923,5.438461538,16.74615385,8.984615385,11.51538462,4.592307692,13.8
279.676169,8.269230769,23.65384615,13.53846154,16.20769231,12.53846154,10.47692308,14.48461538,18.8,5.453846154,11.41538462
279.8915865,5.053846154,3.930769231,8.907692308,6.053846154,8.538461538,10.79230769,10.77692308,3.715384615,5.023076923,7.353846154
280.1069936,6.569230769,13.8,17.38461538,9.484615385,17.96923077,12.43076923,14.23846154,17.83846154,12.12307692,8.492307692
280.3223903,9.430769231,5.115384615,10.62307692,7.838461538,9.261538462,1.215384615,11.69230769,10.6,5.315384615,11.00769231
280.5377766,12.90769231,14.52307692,15.84615385,14.31538462,8.792307692,12.88461538,14.14615385,14.59230769,12.9,14.85384615
280.7531526,10.51538462,7.476923077,13.44615385,7.069230769,5.376923077,3.284615385,5.007692308,15.30769231,3.392307692,6.861538462
280.9685182,16.68461538,5.869230769,23.18461538,5.7,17.36923077,6.123076923,12,9.307692308,12.41538462,12.19230769
281.1838734,7.646153846,3.476923077,13.60769231,10.83076923,12.13846154,6.661538462,16.33846154,12.72307692,3.338461538,7.207692308
281.3992182,13.46153846,16.03076923,14.13076923,12.8,10.40769231,8.784615385,12.45384615,12.41538462,19.35384615,15.28461538
281.6145526,7.076923077,9.084615385,14.84615385,13.2,17.62307692,9.615384615,14.2,5.046153846,6.023076923,11.38461538
281.8298766,13.38461538,17.46923077,8.092307692,14.19230769,12.73076923,13.57692308,13.74615385,11.63076923,5.3,17.11538462
282.0451903,8.976923077,7.992307692,3.807692308,11.16923077,9.776923077,6.2,20.20769231,14.06153846,6.046153846,9.546153846
282.2604936,17.76153846,9.646153846,21.37692308,13.94615385,13.71538462,10.96153846,16.7,13.43076923,12.44615385,14.50769231
282.4757864,11.64615385,16.93076923,16.01538462,11.11538462,2.869230769,10.53846154,16.40769231,7.361538462,4.815384615,8.615384615
282.6910689,17.84615385,14.86153846,8.676923077,18.60769231,15.97692308,10.56153846,13.86923077,10.49230769,12.58461538,18.95384615
282.9063409,7.7,8.430769231,11.79230769,9.976923077,7.538461538,9.269230769,9.246153846,6.469230769,7.930769231,3.9
283.1216026,13.06153846,15.2,12.92307692,7.892307692,6.223076923,12.6,19.90769231,12.52307692,12.06923077,2.992307692
283.3368538,10.97692308,14.35384615,3.092307692,10.58461538,13.40769231,6.523076923,11.87692308,8.930769231,4.515384615,11.40769231
283.5520947,24.73076923,16.7,16.77692308,9.184615385,16.79230769,2.623076923,12.80769231,11.26923077,12.26153846,11.7
283.7673251,12.02307692,17.01538462,12.46153846,4.969230769,10.33076923,7.607692308,4.992307692,4.969230769,8.469230769,14.75384615
283.9825452,12,19.41538462,12.78461538,21.75384615,11.72307692,17.27692308,16.3,20.60769231,8.246153846,10.04615385
284.1977548,9.876923077,5.053846154,20.44615385,7.630769231,11.83846154,8.784615385,10.03076923,4.738461538,10.25384615,14.40769231
284.4129539,7.023076923,15.23076923,14.43846154,13.14615385,20.67692308,16.48461538,15.48461538,16.50769231,7.007692308,11.24615385
284.6281427,11.13076923,9.592307692,2.915384615,9.584615385,8.392307692,3.792307692,6.7,10.23846154,8.992307692,7.038461538
284.8433211,2.953846154,12.3,10.89230769,10.74615385,13.7,9.515384615,13.43076923,7.853846154,13.42307692,6.761538462
285.058489,8.353846154,8.530769231,12.08461538,9.4,3.346153846,6.415384615,8.130769231,9.215384615,9.315384615,17.26153846
285.2736465,14.50769231,15.56153846,12.89230769,11.66923077,19.17692308,15.68461538,6.423076923,15.83076923,10.03846154,13.92307692
285.4887935,4.684615385,16.89230769,12.28461538,3.061538462,5.776923077,6.976923077,11.30769231,13.4,13.36153846,13.75384615
285.7039302,11.21538462,12.32307692,16.77692308,13.57692308,14.87692308,11.04615385,17.1,7.438461538,15.61538462,11.80769231
285.9190564,3.846153846,6.9,13.19230769,8.046153846,12.66153846,7.407692308,9.284615385,14.68461538,5.269230769,5.646153846
286.1341721,12.03076923,15.98461538,10.25384615,19.43076923,12.73846154,16.72307692,11.08461538,14.65384615,9.584615385,19.88461538
286.3492775,2.776923077,9.469230769,3.207692308,6.853846154,17.21538462,8.307692308,4.576923077,13.83076923,19.52307692,16.09230769
286.5643723,8.384615385,12.50769231,18.6,4.4,13.53846154,12.49230769,13.56923077,5.869230769,9.161538462,8.353846154
286.7794568,20.2,13.67692308,8.353846154,13.96153846,13.04615385,16.4,12,9.153846154,12.88461538,19.94615385
286.9945308,18.82307692,24.83846154,11.92307692,8.869230769,26.63076923,14.02307692,13.22307692,8.746153846,9.492307692,16.5
287.2095943,7.676923077,10.53076923,15.32307692,7.492307692,11.30769231,14.63846154,8.023076923,5.053846154,3.861538462,11.17692308
287.4246474,7.530769231,14.43846154,8.707692308,14.37692308,13.65384615,8.423076923,14.7,10.43846154,16.1,17.29230769
287.63969,18.56923077,15.48461538,6.330769231,15.27692308,9.284615385,7.6,14.20769231,6.5,4.646153846,8.361538462
287.8547222,11.10769231,10.53846154,7.946153846,13.58461538,11.70769231,7.676923077,16.19230769,17.83846154,12.44615385,18.6
288.0697439,15.21538462,6.338461538,8.438461538,11.69230769,13.1,12.07692308,13.05384615,6.661538462,5.907692308,5.884615385
288.2847552,18.03076923,14.56153846,6.130769231,17.26153846,19.93846154,7.7,12.90769231,13.56923077,11.48461538,21.20769231
288.499756,7.269230769,8.315384615,13.79230769,11.57692308,13.93076923,6.361538462,17.40769231,12.91538462,15.48461538,11.80769231
288.7147463,19.12307692,11.24615385,9.846153846,6.607692308,25.91538462,12.16923077,10.26923077,4.107692308,8.9,17.18461538
288.9297262,11.49230769,15.1,12.90769231,13.2,8.453846154,13.81538462,11.63076923,11.23846154,9.646153846,9.892307692
289.1446956,10.21538462,13.11538462,17.67692308,11.63076923,13.97692308,12.16153846,16.06923077,9.546153846,5.892307692,21.07692308
289.3596545,7.153846154,16.57692308,6.307692308,14.54615385,16.51538462,12.66923077,14.02307692,12.88461538,4.453846154,12
289.5746029,15.28461538,8.207692308,20.26153846,16.73846154,11.67692308,8.5,12.33846154,15.6,10.64615385,10.46153846
289.7895409,8.192307692,10.63846154,12.13076923,8.646153846,7.884615385,9.969230769,10.66153846,10.43846154,9.246153846,14.99230769
290.0044684,7.530769231,19.40769231,18.67692308,16.6,22.7,13.55384615,5.084615385,13.39230769,6.753846154,22.20769231
290.2193854,11.3,19.74615385,11.83846154,17.92307692,15.62307692,8.823076923,11.80769231,8.423076923,8.869230769,12.55384615
290.4342919,14.05384615,13.6,11.06153846,6.646153846,16.24615385,9.061538462,11.73846154,17.36923077,7.446153846,11.13076923
290.6491879,3.292307692,7.753846154,8.792307692,7.092307692,6.538461538,14.53076923,6.723076923,6.738461538,0.7,8.3
290.8640735,8.523076923,6.430769231,15.04615385,8.707692308,11.86153846,9.953846154,13.31538462,7.892307692,12.03076923,18.88461538
291.0789485,11.6,12.37692308,13.73076923,15.33846154,11.62307692,8.761538462,6.307692308,13.13846154,9.153846154,13.29230769
291.2938131,13.15384615,13.56153846,16.18461538,14.05384615,17.16153846,16.52307692,8.507692308,12.36923077,17.86923077,22.06153846
291.5086671,10.87692308,11.53846154,19.80769231,10.46923077,12.16153846,13.54615385,10.53846154,4.853846154,8.569230769,9.6
291.7235107,3.969230769,14.92307692,20.55384615,18.78461538,19.88461538,11.49230769,12.6,13.91538462,11.96153846,12.91538462
291.9383437,6.738461538,14.23076923,16.61538462,13.92307692,10.55384615,9.653846154,4.892307692,2.5,7.676923077,8.138461538
292.1531663,7.215384615,18.25384615,19.58461538,14.70769231,18.85384615,8.830769231,15.00769231,13.03846154,10.13076923,14.76153846
292.3679783,11.44615385,12.14615385,9.538461538,14.44615385,10.53076923,16.34615385,9.907692308,6.892307692,5.646153846,4.346153846
292.5827798,17.15384615,15.61538462,21.93076923,11.93846154,17.93076923,10.94615385,9.238461538,10.32307692,11.23846154,6.461538462
292.7975709,9.130769231,20.70769231,12.00769231,13.24615385,15.60769231,15.93846154,12.7,9.876923077,8.938461538,8.2
293.0123514,6.292307692,14.73846154,12.3,13.74615385,12.24615385,12.29230769,14.71538462,8.676923077,6.646153846,9.415384615
293.2271214,9.184615385,7.661538462,10.23846154,7.753846154,6.784615385,6.276923077,8.661538462,7.238461538,9.007692308,7.238461538
293.4418808,15.38461538,16.84615385,10.60769231,11.4,11.01538462,14.98461538,17.40769231,23.45384615,14.98461538,14.7
293.6566298,10.43076923,11.13846154,11.30769231,18.39230769,16.78461538,11.13076923,7.315384615,12.03846154,9.484615385,12.96153846
293.8713682,11.42307692,23.36153846,12.08461538,19.49230769,14.1,22.57692308,15.23076923,18.05384615,9.007692308,15.47692308
294.0860961,9.276923077,5.207692308,17.28461538,14.54615385,6.353846154,3.838461538,10.05384615,14.24615385,18.31538462,5.507692308
294.3008135,14.91538462,18.75384615,20.33076923,8.969230769,18.61538462,15.41538462,19.94615385,17.40769231,17.52307692,19.3
294.5155203,15.47692308,17.75384615,7.223076923,15.93076923,17.15384615,7.553846154,11.43076923,4.207692308,7.946153846,11.41538462
294.7302166,11.27692308,14.62307692,15.73076923,16.11538462,9.015384615,12.57692308,17.96923077,15.70769231,7.638461538,13.18461538
294.9449024,7.907692308,6.923076923,13.53076923,13.92307692,9.253846154,6.184615385,4.715384615,20.45384615,6.392307692,8.038461538
295.1595776,6.784615385,16.49230769,15,16.52307692,14.72307692,12.06153846,18.80769231,10.59230769,10.07692308,15.63076923
295.3742423,7.138461538,12.37692308,4.546153846,10.32307692,9.738461538,4.9,20.46923077,6.353846154,9.707692308,12.33846154
295.5888964,9.707692308,13.06153846,22.95384615,9.869230769,9.238461538,8.953846154,18.63076923,18.66153846,14.26153846,12.24615385
295.80354,12.25384615,9.876923077,9.446153846,10.08461538,9.023076923,15.31538462,6.007692308,4.3,6.8,9.423076923
296.0181731,16.78461538,15.37692308,12.26153846,16.47692308,12.96923077,8.676923077,16.03846154,10.68461538,14.47692308,6.592307692
296.2327956,6.976923077,11.46153846,13.73076923,13.9,12.14615385,12.62307692,17.7,17.97692308,10.3,20.16153846
296.4474075,12.2,7.223076923,14.43846154,20.32307692,26.31538462,11.40769231,13.77692308,5.676923077,13.22307692,16.04615385
296.6620089,8.7,10.38461538,11.30769231,6.238461538,14.90769231,6.738461538,17.44615385,4.638461538,7.8,8.269230769
296.8765997,10.69230769,13.38461538,24.33076923,22.83846154,18.51538462,14.83076923,15.20769231,22.64615385,17.20769231,21.16923077
297.09118,8.346153846,10.41538462,16.26153846,9.615384615,4.915384615,15.12307692,17.24615385,6.430769231,9.153846154,15.98461538
297.3057497,10.8,24.07692308,13.70769231,11.1,9.723076923,5.392307692,6.669230769,21.59230769,3.361538462,18.63846154
297.5203089,7.692307692,13.35384615,5.215384615,13.05384615,11.63076923,7.715384615,10.46153846,7.384615385,7.823076923,7.353846154
297.7348574,18.15384615,10.98461538,16.33076923,13.48461538,13.42307692,11.25384615,17.86923077,4.646153846,18.14615385,11.34615385
297.9493955,9.246153846,15.06153846,13.58461538,20.11538462,4.5,11.53846154,7.884615385,9.384615385,5.738461538,8.038461538
298.1639229,16.14615385,14.33846154,11.13846154,18.96153846,11.31538462,12.98461538,11.6,17.56923077,5.915384615,14.16923077
298.3784397,8.530769231,9,6.392307692,17.53076923,7.369230769,11.1,14.4,23.09230769,8.253846154,0.638461538
298.592946,12.94615385,10.18461538,12.38461538,10.44615385,16.92307692,10.65384615,19.1,12.14615385,11.96923077,6.853846154
298.8074417,6.815384615,7.384615385,6.738461538,9.092307692,5.1,8.153846154,4.723076923,2.938461538,12.32307692,12.83076923
299.0219269,13.12307692,16.57692308,19.93076923,15.32307692,12.02307692,14.75384615,16.36923077,12.93846154,7.261538462,13.25384615
299.2364014,19.1,8.284615385,13.06923077,21.32307692,16.20769231,6.469230769,11.74615385,6.576923077,5.076923077,20.13076923
299.4508653,12.00769231,17.11538462,15.10769231,15.53846154,6.907692308,6.430769231,19.30769231,8.276923077,11.74615385,14.01538462
299.6653187,6.084615385,9.476923077,7.884615385,6.630769231,8.7,10.77692308,15.33846154,12.2,12.7,7.146153846
299.8797615,10.81538462,15.67692308,14.03076923,12.57692308,13.49230769,18.55384615,16.4,6.438461538,11.44615385,5.976923077
300.0941936,7.238461538,7.323076923,3.707692308,8.184615385,5.838461538,8.707692308,8.538461538,7.069230769,8.415384615,7.892307692
300.3086152,12.13076923,22.36153846,9.307692308,18.73846154,14.1,11.81538462,12.69230769,10.08461538,13.76153846,17.16923077
300.5230262,9.507692308,5.292307692,7.092307692,4.530769231,9.376923077,8.823076923,15.32307692,9.730769231,9.846153846,11.86923077
300.7374266,8.461538462,9.246153846,15.38461538,16.74615385,10.77692308,20.75384615,19.66923077,17.30769231,18.66153846,17.20769231
300.9518164,7.192307692,11.94615385,8.615384615,14.01538462,1.930769231,12.43846154,9.469230769,10.73846154,6.276923077,13.99230769
301.1661955,8.815384615,13.36153846,14.97692308,13.30769231,14.83846154,21.13846154,9.6,10.36153846,6.523076923,14.85384615
301.3805641,7.453846154,16.73846154,13.1,12.33076923,13.43076923,5.161538462,8.138461538,9.869230769,7.469230769,12.73076923
301.594922,12.71538462,18.55384615,11.23076923,8.653846154,9.969230769,16.90769231,16.67692308,17.65384615,13.59230769,18.30769231
301.8092694,8.053846154,11.39230769,10.76153846,4.538461538,16.31538462,6.884615385,9.207692308,10.86923077,4.353846154,13.5
302.0236061,15.10769231,5.007692308,25.66153846,20.42307692,15.54615385,6.669230769,10.70769231,15.12307692,11.02307692,14.43846154
302.2379322,9.684615385,12.06153846,8.807692308,14.49230769,15.02307692,6.238461538,11.80769231,11.46153846,7.723076923,12.10769231
302.4522477,11.69230769,21.06153846,16.99230769,12.76923077,21.14615385,13.7,21.23076923,14.36153846,8.453846154,21.50769231
302.6665525,2.630769231,13.2,11.48461538,12.98461538,7.823076923,17.82307692,6.161538462,8.223076923,6.553846154,9.792307692
302.8808468,15.23076923,17.93846154,9.307692308,14.7,13.63846154,15.71538462,14.82307692,13.5,11.96153846,21.06153846
303.0951304,9.246153846,13.69230769,9.746153846,22.34615385,6.5,8.7,10.37692308,21.29230769,9.1,18.29230769
303.3094033,11.20769231,14.29230769,21.97692308,9.038461538,16.56153846,12.99230769,10.73846154,8.076923077,10.46153846,10.5
303.5236657,12.04615385,11.03076923,8.453846154,5.569230769,18.77692308,10.37692308,10.63076923,4.392307692,14.86923077,10.63076923
303.7379174,16.75384615,17.41538462,16.28461538,9.938461538,11.44615385,14.27692308,11.02307692,19.26923077,5.676923077,22.48461538
303.9521585,6.784615385,16.45384615,17.33076923,8.484615385,8.407692308,9.669230769,8.115384615,8.7,9.884615385,10.30769231
304.1663889,12.33076923,12.45384615,7.3,21.54615385,19.00769231,11.48461538,18.80769231,14.22307692,12.42307692,7.707692308
304.3806087,7.446153846,9.246153846,9.592307692,12.8,4.423076923,2.5,5.569230769,3.869230769,14.55384615,14.55384615
304.5948178,9.876923077,11.93846154,18.25384615,8.323076923,19.98461538,11.54615385,15.61538462,13.76923077,11.43076923,13.74615385
304.8090163,10.68461538,13.49230769,12.1,5.792307692,11.83846154,13.56923077,13.9,9.761538462,8.715384615,11.13076923
305.0232042,8.315384615,15.68461538,14.19230769,15.50769231,6.376923077,12.1,14.96923077,24.75384615,11.45384615,9.138461538
305.2373813,16.85384615,20.69230769,18.85384615,15.55384615,10.56923077,1.846153846,3.776923077,14.49230769,15.45384615,6.3
305.4515479,11.7,12.93076923,14.21538462,7.069230769,9.384615385,13.29230769,9.9,6.623076923,13.18461538,18.4
305.6657038,19.78461538,10.30769231,10.84615385,8.546153846,19.33846154,16.06923077,12.50769231,7.007692308,11.30769231,11.18461538
305.879849,12.32307692,15.03076923,24.28461538,11.85384615,15.20769231,12.68461538,17.96153846,15.65384615,7.653846154,13.48461538
306.0939835,13.90769231,9.269230769,8.461538462,7.184615385,8.415384615,11.23076923,14.26153846,12.30769231,9.876923077,9.215384615
306.3081074,12.36923077,14.21538462,7.738461538,11.73846154,13.7,12.46923077,17,17.85384615,15.55384615,16.64615385
306.5222207,10.50769231,12.26923077,14.93076923,5.253846154,14,12.16923077,6.061538462,9.769230769,8.023076923,11.76923077
306.7363232,14.93846154,14.46923077,14.22307692,6.084615385,15.03076923,15.62307692,16.62307692,9.923076923,14.41538462,15.18461538
306.9504151,8.669230769,3.9,11.09230769,17.24615385,12.06153846,6.892307692,3.884615385,10.16923077,4.723076923,12.32307692
307.1644963,15.49230769,7.153846154,11.76153846,11.87692308,17.93846154,5.923076923,17.06153846,10.73076923,5.546153846,12.40769231
307.3785669,10.73076923,4.746153846,13.26153846,14.36153846,5.846153846,8.215384615,9.884615385,13.87692308,6.4,6.323076923
307.5926267,7.330769231,9.453846154,27.40769231,17.63076923,9.992307692,9.269230769,6.738461538,14.75384615,8.292307692,20.51538462
307.8066759,6.930769231,8.638461538,16.35384615,15.51538462,13.79230769,12.3,12.55384615,12.7,12.36923077,7.592307692
308.0207144,17.06153846,15.57692308,19.05384615,22.85384615,13.66153846,22.46923077,17.83076923,10.08461538,11.85384615,19.2
308.2347422,20.66153846,7.292307692,9.992307692,7.676923077,15.03846154,3.723076923,20.6,9.738461538,13.73846154,11.33846154
308.4487593,7.830769231,7.623076923,8.138461538,15.46923077,17.50769231,8.553846154,16.1,12.06153846,10.8,15.1
308.6627657,9.138461538,8.407692308,15.36923077,12.52307692,8.230769231,11.96923077,17.83846154,6.438461538,7.376923077,10.45384615
308.8767615,23.17692308,15.2,20.97692308,14.33076923,10.53846154,23.27692308,15.75384615,15.06923077,13.4,12.65384615
309.0907465,11.29230769,11.54615385,10.96153846,15.32307692,16.34615385,6.138461538,13.69230769,7.576923077,7.515384615,8.869230769
309.3047209,8.392307692,19.07692308,12.23076923,6.846153846,19.53076923,12.5,17.00769231,11.33076923,7.492307692,16.53076923
309.5186845,6.530769231,6.761538462,14.71538462,8.861538462,9.207692308,4.784615385,14.32307692,12.66923077,5.676923077,11.25384615
309.7326374,10.25384615,15.96153846,15.3,10.00769231,12.6,16.62307692,15.30769231,5.123076923,12.3,15.34615385
309.9465797,6.246153846,14.84615385,10.60769231,13.46923077,8.4,7.907692308,7.7,5.176923077,4.784615385,17.01538462
310.1605112,5.861538462,19.50769231,8.3,16.83076923,10.9,13.65384615,10.12307692,4.423076923,17.56923077,13.58461538
310.374432,7.892307692,12.3,4.361538462,7.7,17.75384615,11.2,9.238461538,8.538461538,4.392307692,15.00769231
310.5883421,19.71538462,14.54615385,19.77692308,15.95384615,12.56923077,12.7,15.23846154,6.361538462,17.76153846,12.82307692
310.8022415,14.53076923,8.084615385,14.79230769,18.63076923,16.94615385,6.946153846,10.69230769,6.284615385,9,5.007692308
311.0161302,13.74615385,16.81538462,14.19230769,5.715384615,25.78461538,16.40769231,13.83846154,17.76923077,8.776923077,16.50769231
311.2300081,6.907692308,8.261538462,10.16153846,13.77692308,6.269230769,6.8,13.57692308,10.8,6.669230769,7.553846154
311.4438754,21.46923077,17.1,11.73846154,12.22307692,13.62307692,19.18461538,18.13076923,11.28461538,17.66923077,16.06153846
311.6577319,14.93076923,7.738461538,13.77692308,13.13846154,8.692307692,10.5,17.43846154,6.938461538,8.676923077,9.653846154
311.8715776,14.91538462,12.25384615,14.42307692,17.63076923,21.82307692,12.33076923,15.01538462,3.761538462,23.45384615,12.98461538
312.0854127,8.676923077,15.46923077,19.21538462,14.06923077,11.79230769,10.18461538,11.82307692,8.561538462,7.061538462,12.86153846
312.299237,11.93076923,12.11538462,15.32307692,10.04615385,23.12307692,11.73846154,14.83076923,19.88461538,21.16923077,17
312.5130506,8.569230769,16.85384615,6.6,10.55384615,16.27692308,15.65384615,2.7,12.16923077,17.98461538,5.661538462
312.7268534,16.3,18.36923077,8.061538462,17.10769231,22.4,7.515384615,20.97692308,13.1,16.14615385,13.04615385
312.9406455,6.046153846,6.792307692,10.53846154,8.523076923,14.36153846,8.807692308,11.06153846,11.87692308,11.22307692,13.86923077
313.1544269,11.48461538,8.753846154,16.93076923,20.37692308,16.63076923,17.95384615,6.192307692,13.54615385,19.51538462,23.20769231
313.3681975,12.48461538,11,5.069230769,8.269230769,6.3,24.36153846,6.023076923,13.56153846,7.330769231,10.4
313.5819574,18.76153846,20.81538462,20.47692308,23.04615385,24.73846154,8.323076923,20.90769231,10.00769231,17.23076923,17.13846154
313.7957065,8.438461538,14.93846154,8.215384615,5.615384615,14.68461538,9.307692308,15.88461538,12.75384615,9.823076923,7.5
314.0094449,20.06923077,14.33076923,19.60769231,11.66153846,21.31538462,7.723076923,5.346153846,12.71538462,17.76923077,13.11538462
314.2231725,11.43846154,7.069230769,11.70769231,14.13076923,13.68461538,10.01538462,6.015384615,13.78461538,17.73846154,13.56153846
314.4368893,17.68461538,15.55384615,17.2,15.08461538,5.784615385,15.36923077,7.061538462,6.938461538,10.30769231,27.00769231
314.6505955,17.4,11.30769231,9.238461538,15.02307692,7.869230769,8.492307692,21.16923077,11.52307692,12.91538462,5.553846154
314.8642908,5.084615385,18.45384615,15.00769231,8.230769231,13.85384615,6.953846154,12.05384615,13.72307692,7.423076923,7.892307692
315.0779754,4.584615385,8.984615385,20.18461538,7.946153846,8.269230769,9.115384615,9.223076923,5.538461538,12.06923077,8.446153846
315.2916492,9.038461538,5.123076923,17.46153846,9.592307692,12.33846154,12.6,13.50769231,19.77692308,15.05384615,12.44615385
315.5053122,14.33846154,9.8,12.84615385,5.692307692,9.223076923,6.653846154,9.192307692,7.953846154,15.90769231,8.453846154
315.7189645,11.63076923,17.29230769,13.08461538,9.430769231,13.00769231,13.22307692,9.961538462,15.50769231,12.45384615,12.66923077
315.932606,10.63846154,7.807692308,8.407692308,8.061538462,14.94615385,15.21538462,10.72307692,6.023076923,12.85384615,18.06153846
316.1462367,18.63076923,22.63076923,22.90769231,7.707692308,9.553846154,10.3,5.015384615,26.76153846,12.76153846,12.82307692
316.3598567,8.807692308,9.107692308,8.023076923,13.25384615,16.05384615,10.83846154,12.90769231,3.769230769,16.18461538,12.00769231
316.5734659,11.65384615,17.03076923,18.34615385,18.19230769,6.176923077,17.11538462,19.16153846,21.59230769,12.05384615,20.5
316.7870642,21.20769231,10.54615385,10.00769231,22.06153846,12.38461538,6.630769231,8.692307692,15.05384615,12.33846154,10.5
317.0006518,13.08461538,15.46153846,21.97692308,11.12307692,9.669230769,13.45384615,18.91538462,13.67692308,11.64615385,14.60769231
317.2142286,11.63846154,8.492307692,2.861538462,10.96923077,13.03846154,15.55384615,7.846153846,13.01538462,9.715384615,17.06153846
317.4277947,12.16923077,22.83076923,12.09230769,23.30769231,18.65384615,29.56923077,16.06923077,16.96153846,13.73076923,16.34615385
317.6413499,11.73076923,12.4,4.992307692,6.330769231,15.68461538,14.23846154,8.369230769,12.7,10.43076923,16.45384615
317.8548943,3.430769231,12.91538462,15.96923077,11.44615385,10.96923077,17.77692308,9.030769231,10.06153846,5.446153846,10.76923077
318.068428,11,8.4,17,7.730769231,3.038461538,16.66153846,13.36923077,9.176923077,5.807692308,18.7
318.2819508,14.2,12.38461538,8.961538462,15.01538462,10.13076923,16.95384615,14.77692308,13.05384615,8.484615385,12.5
318.4954629,17.36153846,12.40769231,14,15.54615385,21.25384615,14,14.56923077,10.74615385,12.65384615,12.13846154
318.7089641,10.63846154,12.16923077,20.18461538,18.57692308,9.438461538,12.99230769,5.784615385,15.81538462,19.16153846,13.26153846
318.9224545,14.57692308,11.07692308,12.13846154,10.83076923,9.846153846,13.64615385,13.80769231,14.04615385,3.130769231,23.55384615
319.1359341,16.66153846,17.83846154,29.33076923,15.98461538,21.66923077,12.16923077,17.53076923,9.738461538,12.25384615,25.11538462
319.3494029,13.26153846,15.42307692,8.292307692,13.14615385,9.953846154,10.64615385,13.86153846,15.06923077,10.22307692,16.43076923
319.5628609,21.56923077,11.26923077,13.45384615,18.94615385,15.26153846,7.953846154,18.12307692,11.77692308,16.73846154,24.86923077
319.7763081,8.069230769,16.43846154,12.77692308,12.62307692,9.2,5.461538462,12.80769231,6.892307692,15.33076923,9.2
319.9897444,16.03076923,16.41538462,16.53076923,11.19230769,13.28461538,14.32307692,15.26923077,16.23846154,18.10769231,7.946153846
320.20317,19.91538462,5.538461538,12.56153846,17.30769231,18.12307692,10.35384615,5.430769231,12.94615385,9.369230769,7.884615385
320.4165847,7.946153846,17.26153846,17.77692308,15.05384615,13.53846154,11.32307692,9.015384615,17.72307692,10.74615385,15.21538462
320.6299886,18.70769231,8.669230769,19.23076923,12.65384615,17.95384615,10.83846154,11.97692308,11.53846154,8.153846154,15.24615385
320.8433816,13.79230769,21.04615385,19.43076923,20.35384615,10.02307692,14.65384615,25.70769231,13.95384615,18.26923077,15.04615385
321.0567638,17.20769231,10.56153846,10.41538462,16.07692308,13.2,22.23076923,6.430769231,5.269230769,7.4,16.1
321.2701352,7.930769231,13.75384615,16.83846154,17.18461538,10.21538462,11.26153846,10.96923077,21.89230769,15.52307692,15.86923077
321.4834958,9.353846154,10.58461538,16.92307692,12.45384615,7.315384615,10.56923077,12,11.49230769,4.246153846,14.13076923
321.6968455,21.33076923,15.76153846,15.86923077,13.35384615,11.46153846,16.07692308,14.61538462,9.292307692,10.19230769,10.91538462
321.9101844,11.65384615,20.30769231,15.60769231,15.3,10.57692308,3.938461538,11.82307692,13.00769231,14.78461538,24.3
322.1235124,7.361538462,11.38461538,20.70769231,15.90769231,15.36153846,14.66923077,18.96923077,17.56153846,15.82307692,17.36923077
322.3368296,15.18461538,13.83846154,7.238461538,10.87692308,12.75384615,8.661538462,7.4,9.084615385,11.44615385,2.984615385
322.5501359,14.60769231,9.223076923,20.43846154,13.01538462,18.71538462,15.93846154,10.8,19.10769231,6.153846154,10.14615385
322.7634314,6.784615385,7.807692308,13.56153846,13.45384615,7.738461538,11.98461538,22.22307692,8.446153846,10.06923077,7.869230769
322.9767161,15.93846154,18.30769231,13.69230769,8.876923077,17.30769231,19.52307692,12.86153846,14.55384615,14.65384615,5.776923077
323.1899898,12.85384615,12.84615385,14.13846154,4.246153846,11.84615385,21.82307692,14.04615385,11.53846154,13.17692308,22.2
323.4032528,12.51538462,21,10.56923077,18.29230769,11.95384615,13.60769231,10.80769231,12.52307692,22.52307692,19.00769231
323.6165048,6.692307692,8.153846154,16.66923077,11.78461538,9.169230769,15.06153846,7.269230769,18.95384615,5.761538462,10.56923077
323.829746,11.70769231,21.93076923,16.67692308,25.25384615,16.06923077,11.97692308,20.03846154,8.461538462,15.57692308,18.89230769
324.0429764,7.746153846,5.092307692,31.30769231,14.43076923,12.88461538,16.73076923,8.4,13.02307692,13.53076923,15.47692308
324.2561958,9.530769231,8.723076923,14.96923077,13.52307692,11.9,15.13076923,18.20769231,22.06923077,12.93846154,12.67692308
324.4694044,8.138461538,6.323076923,6.915384615,6.330769231,9.361538462,7.469230769,13.09230769,8.223076923,2.261538462,9.115384615
324.6826021,10.41538462,9.969230769,11.94615385,11.55384615,12.00769231,14.92307692,29.30769231,12.14615385,11.66923077,15.06153846
324.895789,7.353846154,3.292307692,18.21538462,13.56923077,9.269230769,11.71538462,8.730769231,4.838461538,8.061538462,8.192307692
325.108965,15.78461538,18.33076923,19.08461538,18.42307692,15.48461538,13.70769231,11.61538462,13.1,13.33846154,12.8
325.3221301,6.215384615,10.9,11.23846154,8.330769231,17.06923077,10.33076923,14.08461538,9.238461538,9.607692308,9.592307692
325.5352843,14.46923077,15.62307692,16.17692308,15.37692308,22.13846154,12.05384615,10.6,9.423076923,8.192307692,12.83846154
325.7484276,3.284615385,17.91538462,10.97692308,23.86923077,15.48461538,18.15384615,6.584615385,8.792307692,12.78461538,3.9
325.96156,9.153846154,7.038461538,18.19230769,15.13846154,10.95384615,2.853846154,15.43076923,14.73846154,8.946153846,19.50769231
326.1746816,8.215384615,17.07692308,17.39230769,15.03846154,17.02307692,7.661538462,14.07692308,8.746153846,14.56153846,10.46153846
326.3877923,13.16153846,9.584615385,15.14615385,20.54615385,8.930769231,15.17692308,12.43846154,24.34615385,13.85384615,18.80769231
326.600892,9.2,12.13846154,17.43076923,10.96153846,9.246153846,10.49230769,14.72307692,10.46923077,12.26153846,16.13846154
326.8139809,9.784615385,13.11538462,21.38461538,23.97692308,11.1,12.64615385,18.00769231,18.10769231,10.55384615,11.14615385
327.0270589,15.71538462,8.307692308,10.21538462,21.85384615,10.83846154,17.1,11.73076923,6.623076923,11.30769231,4.423076923
327.2401259,16.51538462,18.30769231,11.90769231,15.76153846,9.976923077,15.25384615,20.74615385,23.4,17.42307692,12.98461538
327.4531821,8.276923077,9.530769231,11.43076923,15.07692308,13.81538462,4.861538462,11.01538462,2.576923077,7.146153846,18.10769231
327.6662274,13.83076923,9.846153846,16.87692308,10.13846154,17.78461538,13.74615385,10.95384615,13.77692308,12.86153846,13.45384615
327.8792617,12.93846154,17.55384615,11.71538462,19.16923077,17.61538462,5.846153846,12.71538462,11.33846154,9.1,9.846153846
328.0922851,3.938461538,14.28461538,17.65384615,17.13846154,20.63076923,15.69230769,19.09230769,16.49230769,6.123076923,10.47692308
328.3052977,8.038461538,4.184615385,7.969230769,16.18461538,20.09230769,7.046153846,11.5,22.06923077,11.07692308,6.361538462
328.5182993,12,8.907692308,19.40769231,14.85384615,15.73076923,7.315384615,17.38461538,14.48461538,5.846153846,16.04615385
328.73129,12.63076923,10.75384615,12.56923077,7.369230769,15.21538462,9.823076923,14.56153846,9.123076923,5.8,12.03846154
328.9442698,9.276923077,11.73846154,11.13076923,14.46923077,14.81538462,13.47692308,14.14615385,14.34615385,11.15384615,18.09230769
329.1572386,14.19230769,8.923076923,10.92307692,13.09230769,8.207692308,11.56923077,11.82307692,10.34615385,3.376923077,12.85384615
329.3701965,19.21538462,21.16153846,12.86153846,15.07692308,17,15.25384615,6.776923077,17.80769231,5.469230769,9.146153846
329.5831435,14.2,14.1,14.83076923,10.16923077,21.22307692,9.161538462,8.830769231,12.68461538,17.74615385,14.10769231
329.7960796,12.9,22.03076923,17.47692308,21.72307692,18.76153846,20.03076923,18.96923077,13.72307692,14.25384615,16.95384615
330.0090047,5.730769231,14.11538462,3.861538462,10.8,9.546153846,4.761538462,22.56923077,7.961538462,10.40769231,3.438461538
330.2219189,9.292307692,18.07692308,10.71538462,16.5,17.56923077,9.792307692,15.28461538,12.54615385,6.476923077,24.26923077
330.4348222,15.13076923,10.23076923,15.63076923,9.823076923,1.669230769,14.02307692,12.74615385,7.884615385,13.12307692,5.592307692
330.6477145,15.00769231,14.11538462,13.25384615,15.66153846,21.45384615,21.85384615,11.81538462,10.35384615,16.35384615,16.90769231
330.8605959,9.076923077,9.361538462,9.823076923,13.76923077,13.53076923,18.9,6.7,12.20769231,9.3,10.82307692
331.0734663,9.092307692,19.73076923,15.99230769,10.73846154,29.01538462,13.48461538,8.907692308,14.40769231,6.753846154,8.807692308
331.2863258,9.369230769,11.77692308,5.484615385,14.86923077,11.68461538,17.4,12.29230769,14.86153846,5.492307692,9.446153846
331.4991744,14.38461538,21.3,8.084615385,7.769230769,16.72307692,7.861538462,10.56153846,24.33076923,14.22307692,19.36923077
331.7120119,3.730769231,12.95384615,12.40769231,6.4,17.16923077,6.738461538,5.369230769,7.1,9.046153846,10.9
331.9248386,14.70769231,9.653846154,13.5,14.6,20.23846154,14.1,13.50769231,16.98461538,8.846153846,9.292307692
332.1376542,10.33076923,9.2,15.30769231,5.807692308,13.11538462,10.76923077,12.69230769,19.02307692,8.192307692,7.4
332.350459,14.83846154,7.6,18.77692308,10.15384615,17.14615385,16.56153846,11.49230769,11.23076923,15.75384615,16.86923077
332.5632527,5.161538462,22.31538462,19.77692308,13.23846154,14.96153846,13.98461538,4.815384615,6.030769231,5.546153846,7.646153846
332.7760355,15.13076923,15.40769231,17.73846154,9.930769231,12.13846154,14.96923077,19.76923077,22.6,8,20.66923077
332.9888073,15.91538462,16.73846154,7.269230769,9.438461538,7.030769231,10.1,10.37692308,10.59230769,7.161538462,11.13076923
333.2015682,20.31538462,16.7,19.50769231,8.992307692,25.93846154,16.9,12.59230769,9.907692308,7.476923077,15.76153846
333.4143181,4.230769231,8.015384615,17.98461538,6.3,8.615384615,12.01538462,17.76153846,10.73076923,10.60769231,13.7
333.627057,4.230769231,8.092307692,23.30769231,13.75384615,16.13076923,17.66923077,15.82307692,14.09230769,11.62307692,7.7
333.8397849,10.35384615,8.130769231,20.44615385,11.15384615,7.692307692,9.9,19.2,15.59230769,10.91538462,12.00769231
334.0525019,9.746153846,15.50769231,23.46153846,13.64615385,18.23076923,7.376923077,13.60769231,15.86153846,12.5,13.9
334.2652078,16.25384615,6.661538462,16.83076923,16.2,12.14615385,7.084615385,9.838461538,12.94615385,11.36923077,19.10769231
334.4779028,15.09230769,14.38461538,13.08461538,6.176923077,21.7,15.76153846,18.19230769,9.407692308,14.73076923,9.669230769
334.6905868,7.292307692,10.28461538,14.13846154,13.34615385,9.392307692,10.35384615,10.10769231,13.72307692,8.953846154,15.06153846
334.9032598,14.69230769,11.75384615,12.33846154,13.70769231,9.923076923,15.1,17.4,23.48461538,18.33076923,16.06153846
335.1159219,12.96923077,4.723076923,5.9,13.76923077,9.530769231,6.584615385,9.584615385,4.407692308,12.21538462,12.30769231
335.3285729,14.81538462,19.65384615,14.23076923,18.86923077,14.23076923,14.37692308,10.43846154,16.54615385,7.853846154,11.56923077
335.5412129,4.261538462,14.50769231,11.09230769,9.192307692,11.3,17.51538462,15.11538462,6.646153846,8.892307692,11.93846154
335.753842,18.35384615,20.63846154,21.11538462,17.47692308,15.04615385,20.06923077,16.49230769,15.20769231,14.25384615,20.61538462
335.96646,15.55384615,7.953846154,15.83076923,4.638461538,14.60769231,8.546153846,8.723076923,13.06923077,11.64615385,11.03846154
336.1790671,12.08461538,15.51538462,17.19230769,21.80769231,12.66923077,12.46153846,15.54615385,9.738461538,10.85384615,8.384615385
336.3916631,10.13076923,8.307692308,8.738461538,11.17692308,11.9,15.82307692,13.63846154,10.02307692,10.52307692,12.96153846
336.6042481,15.11538462,9.469230769,14.83076923,15.63076923,12.74615385,15.30769231,10.4,13.01538462,9.653846154,12.7
336.8168221,10.18461538,13.21538462,14.2,3.046153846,5.330769231,12.10769231,15.44615385,12.90769231,8.746153846,10.79230769
337.0293851,11.13076923,22.13846154,10.30769231,13.24615385,11.10769231,10.63846154,20.26153846,16.70769231,10.55384615,10.92307692
337.2419371,11.26923077,13.43846154,10.22307692,12.09230769,6.453846154,6.046153846,15.87692308,16.09230769,8.892307692,7.269230769
337.4544781,9.153846154,11.86923077,18.11538462,17.14615385,18.30769231,15.26923077,24.70769231,15.59230769,12.86923077,14.76153846
337.667008,14.00769231,13.81538462,14.78461538,14.46153846,11.97692308,17.42307692,17.90769231,10.92307692,13.61538462,10
337.8795269,16.60769231,13.55384615,29.23076923,14.98461538,20.08461538,14.2,13.31538462,16.60769231,11.16923077,23.4
338.0920348,7.646153846,17.57692308,15.13076923,14.78461538,3.915384615,11.69230769,10.76923077,9.438461538,13.13076923,16.26153846
338.3045317,9.015384615,17.73076923,15.30769231,11.96923077,23.94615385,23.56153846,12.89230769,11.76923077,16.55384615,9.130769231
338.5170176,7.169230769,17.12307692,13.57692308,14.84615385,6.992307692,7.861538462,7.3,2.469230769,6.238461538,15.67692308
338.7294924,7.276923077,8.038461538,17.58461538,6.646153846,13.14615385,19.47692308,15.53846154,16.42307692,14.57692308,13.61538462
338.9419562,9.861538462,7.761538462,18.33076923,11.33846154,8.784615385,4.861538462,6.446153846,11.42307692,12.63846154,11.80769231
339.1544089,7.8,13.4,17.3,18.44615385,8.007692308,7.061538462,11.76153846,11.43076923,10.08461538,8.261538462
339.3668506,16.78461538,14.02307692,14.33846154,8.607692308,22.78461538,16.01538462,4.446153846,7.930769231,4.792307692,13.01538462
339.5792813,6.915384615,18.11538462,19.43076923,13.60769231,20.03076923,14.70769231,15.5,9.8,18.06923077,11.56153846
339.7917009,14.2,9.138461538,18.43076923,15.09230769,10.22307692,9.376923077,9.661538462,13.43076923,4.007692308,24.05384615
340.0041095,9.653846154,16.7,10.81538462,26.28461538,19.10769231,19.14615385,20.1,18.83846154,14.43846154,18.45384615
340.216507,11.27692308,9.515384615,21.44615385,8.746153846,10.30769231,11.34615385,7.607692308,7.153846154,13.15384615,11.70769231
340.4288935,21.23846154,9.176923077,12.70769231,14.34615385,11.50769231,12.89230769,13.7,7.346153846,9.992307692,7.176923077
340.6412689,7.546153846,14.56153846,10.93846154,5.8,16.12307692,12.66153846,7.469230769,13.03076923,12.93846154,18.31538462
340.8536332,25.85384615,18.41538462,26.03076923,13.2,14.7,13.8,15.45384615,13.00769231,11.45384615,18.51538462
341.0659865,10.27692308,9.761538462,5.215384615,12.13846154,7.2,9.753846154,4.369230769,8.784615385,3.846153846,16.06923077
341.2783288,17.78461538,14.02307692,15.93846154,17.46153846,18.33846154,8.9,11.03076923,13.55384615,11,15.18461538
341.49066,12.49230769,21.85384615,13.06923077,17.15384615,18.08461538,10.86923077,14.67692308,6.369230769,17.70769231,10.40769231
341.7029801,16.13076923,11.20769231,15.06153846,13.68461538,22.63076923,10.02307692,9.884615385,11.03846154,21.56923077,21.60769231
341.9152891,7.084615385,10.9,11.59230769,8.192307692,4.861538462,10.6,11.93076923,8.530769231,8.753846154,8.969230769
342.1275871,17.63846154,10.3,20.12307692,15.05384615,20.43846154,18.49230769,12.95384615,22.16923077,17.53846154,20.90769231
342.339874,13.86923077,8.823076923,11.05384615,11.75384615,14.9,5.223076923,15.04615385,17.23846154,11.26923077,16.15384615
342.5521498,16.19230769,13.28461538,13.78461538,12.03076923,18.20769231,9.038461538,17.4,13.77692308,5.469230769,12.70769231
342.7644146,11.90769231,20.52307692,5.715384615,16.24615385,7.061538462,8.746153846,17.37692308,19.65384615,7.392307692,9.730769231
342.9766683,11.13076923,11.26923077,22.57692308,25.98461538,15.79230769,13.94615385,15.5,13.7,10.19230769,16.39230769
343.1889108,10.48461538,5.723076923,12.33846154,10.82307692,15.27692308,13.23846154,11.62307692,3.738461538,15.86923077,15.46923077
343.4011424,21.18461538,10.72307692,18.10769231,17.86153846,18.43076923,13.83846154,21.16923077,14.44615385,3.938461538,16.80769231
343.6133628,9.923076923,20.4,8.546153846,12.04615385,14.67692308,12.28461538,9.1,2.223076923,5.761538462,6.9
343.8255721,20.65384615,18.67692308,12.66153846,18.98461538,13.42307692,10.9,21.80769231,13.53076923,4.569230769,20.19230769
344.0377703,10.59230769,16.52307692,11.50769231,11.61538462,6.307692308,12.9,10.41538462,4.115384615,12.01538462,9.746153846
344.2499575,16.85384615,20.70769231,28.60769231,17.52307692,8.884615385,16.72307692,12.82307692,12.89230769,15.63076923,23.70769231
344.4621335,8.323076923,9.653846154,17.23846154,25.55384615,17.05384615,10.89230769,12.37692308,14.71538462,6.092307692,9.169230769
344.6742984,15.96153846,18.46923077,12.76923077,17.24615385,13.38461538,15.9,19.40769231,9.492307692,12.56153846,9.915384615
344.8864523,10.66153846,10.86153846,21.23076923,9.953846154,10.52307692,14.23076923,17.80769231,12.19230769,11.75384615,15.91538462
345.098595,11.05384615,16.50769231,13.82307692,11.43846154,16.33846154,13.26153846,14.53846154,9.353846154,10.23076923,13.16153846
345.3107267,12.4,16.05384615,5.3,19.48461538,11.80769231,16.94615385,16.34615385,6.115384615,15.3,14.34615385
345.5228472,15.51538462,18.43846154,16.46923077,16.23846154,14.53076923,6.769230769,15.89230769,20.02307692,13.24615385,14.59230769
345.7349566,8.038461538,15.53846154,12.40769231,12.74615385,7.192307692,9.515384615,13.55384615,8.746153846,13.87692308,8.769230769
345.9470549,15.39230769,20.21538462,19.90769231,10.13076923,13.6,21.36153846,11.03076923,20.39230769,6.3,12.6
346.1591421,10.11538462,6.669230769,12.53076923,14.50769231,14.26153846,10.13846154,5.761538462,15.57692308,7.453846154,8.753846154
346.3712181,17.90769231,13.79230769,13.86153846,9.453846154,14,10.13076923,13.49230769,16.32307692,10.99230769,19.05384615
346.583283,4.553846154,17.2,13.72307692,10.06923077,13.54615385,10.28461538,7.746153846,7.492307692,4.907692308,13.15384615
346.7953369,25.10769231,17.47692308,15.85384615,20.37692308,27.16923077,22.23076923,23.26153846,11.39230769,13.73846154,12.91538462
347.0073796,8.438461538,7.215384615,13.01538462,7.438461538,4.976923077,5.969230769,12.32307692,11.81538462,8.446153846,9.453846154
347.2194111,19.31538462,11.21538462,12.3,15.28461538,16.70769231,15.50769231,16.47692308,13.60769231,8.269230769,20.7
347.4314315,6.169230769,5.384615385,9.492307692,14.39230769,16.88461538,18.26923077,10.40769231,12.79230769,7.784615385,8.592307692
347.6434408,11.92307692,19.05384615,8.353846154,9.061538462,13.23846154,17.26923077,17.06923077,20.16153846,10.21538462,14.65384615
347.855439,8.515384615,10.36923077,17.05384615,13.17692308,9.376923077,11.60769231,2.130769231,17.63076923,7.846153846,14.08461538
348.067426,14.96153846,12.83846154,10.68461538,17.16153846,18.06153846,11.92307692,26.06153846,17.42307692,11.92307692,10.3
348.2794019,3.592307692,15.91538462,11.58461538,10.83076923,8.353846154,11.04615385,15.2,9.538461538,12.31538462,14.36923077
348.4913666,12.44615385,21.53846154,13,10.24615385,22.80769231,15.64615385,21.33076923,11.5,9.546153846,15.54615385
348.7033202,8.615384615,17.25384615,15,11.47692308,20.59230769,18.98461538,13.79230769,14.60769231,7.607692308,9.946153846
348.9152627,15.83846154,6.361538462,17.76923077,8.046153846,19.84615385,16.04615385,13.89230769,14.52307692,14.99230769,15.88461538
349.127194,13.19230769,19.43076923,10.83846154,8.653846154,8.961538462,5.1,12.93846154,7.438461538,12.32307692,7.453846154
349.3391141,13.93846154,14.71538462,17.44615385,22.96153846,10.66153846,15.9,10.16153846,16.33846154,17,16.00769231
349.5510231,6.115384615,12.70769231,9.361538462,21.03076923,12.38461538,10.10769231,14.02307692,10.9,9,10.7
349.7629209,13.96153846,14.57692308,15.20769231,12.95384615,16.03846154,10.10769231,15.16153846,12.90769231,12.96153846,16.62307692
349.9748076,4.084615385,11.66153846,19.47692308,11.92307692,11.26923077,12.81538462,7.484615385,7.261538462,5.369230769,9.961538462
350.1866831,14.03076923,17.23076923,15.58461538,18.36923077,23.83846154,13.3,19.03846154,18.7,6.561538462,17.40769231
350.3985474,11.24615385,18.43076923,8.853846154,12.03076923,23.01538462,5.907692308,19.16153846,11.09230769,10.76153846,10.84615385
350.6104006,15.36923077,13.69230769,17.72307692,15.43076923,27.13846154,10.9,19.43846154,11.94615385,9.446153846,21.23076923
350.8222426,15.02307692,7.838461538,8.892307692,15.00769231,17.53846154,10.9,8.930769231,11.36153846,8.946153846,13.52307692
351.0340734,17.20769231,19.37692308,21.33846154,11.23846154,18.98461538,4.792307692,14.92307692,7.992307692,14.85384615,12.20769231
351.2458931,14.36153846,13.83846154,6.038461538,10.59230769,12,14.52307692,15.2,13.75384615,6.4,15.17692308
351.4577016,18.61538462,15.48461538,18.48461538,18.01538462,22.53846154,19.72307692,9.369230769,10.48461538,9.915384615,13.90769231
351.6694989,20.16153846,20.11538462,12.43076923,13.70769231,20.32307692,11.33846154,10.15384615,14.77692308,10.12307692,7.446153846
351.881285,13.53846154,9.507692308,19.07692308,11.86153846,12.16923077,4.384615385,20.1,18.25384615,21.86923077,11.62307692
352.0930599,15.15384615,15.17692308,13.47692308,6.5,16.58461538,6.015384615,14.70769231,13.93846154,10.38461538,8.753846154
352.3048237,8.453846154,13.75384615,20.75384615,11.43076923,12.63846154,12.01538462,16.86153846,12.06153846,17.59230769,9.246153846
352.5165763,11.47692308,13.56153846,16.93076923,13.75384615,11.21538462,8.315384615,10.94615385,13.13846154,6.284615385,10.53846154
352.7283176,13.80769231,14.5,23.16923077,13.22307692,18.02307692,15.41538462,15.87692308,14.99230769,13.95384615,11.84615385
352.9400478,12.45384615,6.069230769,12.89230769,13.38461538,13.23846154,6.515384615,11.75384615,14.10769231,10.7,9.846153846
353.1517668,17.06153846,10.57692308,12.33846154,21.77692308,19.53846154,16.56923077,17.40769231,13.76923077,13.80769231,9.261538462
353.3634746,7.176923077,11.5,12.29230769,12.53076923,17.60769231,16.2,12.95384615,21.26153846,4.738461538,13.63076923
353.5751711,7.538461538,20.1,19.88461538,16.96153846,16.47692308,15.97692308,19.3,15.16153846,10.86923077,15.73076923
353.7868565,13.79230769,11.30769231,15.66153846,13.87692308,11.29230769,17.06153846,11.45384615,6.784615385,9.015384615,18.95384615
353.9985307,11.30769231,9.984615385,15.85384615,28.87692308,21.00769231,17.90769231,11.26923077,14.83076923,7.330769231,19.63846154
354.2101936,12.06923077,19.43846154,20.63846154,21.94615385,11.35384615,14.03076923,16.74615385,12.43846154,11.23846154,9.861538462
354.4218454,14.68461538,18.9,13.80769231,11.91538462,11.91538462,10.4,16.93846154,14.51538462,12.14615385,10.5
354.6334859,12.21538462,22.63076923,2.323076923,10.28461538,14.36923077,12.28461538,9.569230769,13.74615385,5.315384615,16.60769231
354.8451153,14.36153846,8.038461538,13.86153846,8.530769231,19.21538462,16.15384615,14.37692308,11.17692308,16.40769231,11.62307692
355.0567334,6.276923077,16.81538462,17.46923077,12.23846154,17.23846154,7.246153846,3.923076923,12.16923077,12.23076923,16.15384615
355.2683402,14.18461538,12.47692308,20.43076923,15.02307692,11.67692308,16.77692308,12.16923077,8.315384615,16.15384615,15.76153846
355.4799359,10.63076923,14.61538462,17.95384615,19.53846154,16.04615385,14.03076923,9.807692308,15.55384615,6.215384615,9.869230769
355.6915203,15.66923077,12.67692308,13.6,6.676923077,14.21538462,13.58461538,19.00769231,19.36923077,18.13076923,13.99230769
355.9030936,9.569230769,23.71538462,14.33846154,9.507692308,11.31538462,12.11538462,15.44615385,10.7,10.48461538,16.86153846
356.1146555,6.292307692,11.89230769,10.86923077,15.78461538,9.807692308,16.71538462,14.56923077,14.80769231,2.907692308,14.36153846
356.3262063,8.9,8.253846154,8.438461538,11.88461538,13.16153846,12.00769231,15.96153846,6.238461538,6.892307692,4.984615385
356.5377458,19.48461538,19.49230769,10.43076923,25.87692308,14.18461538,12.79230769,13.13076923,8.823076923,7.715384615,16.44615385
356.7492741,9.653846154,10.49230769,7.846153846,13.96153846,14.06153846,19.6,13.43076923,11.60769231,18.75384615,12.28461538
356.9607911,11.96153846,19.83076923,21.16153846,18.80769231,11.23846154,9.176923077,23.17692308,15.13846154,12.26923077,13.59230769
357.1722969,14.53076923,16.86153846,10.61538462,9.353846154,11.43846154,15.43846154,14.63846154,4.623076923,5.361538462,14.81538462
357.3837914,7.623076923,13.63076923,11.18461538,13.46923077,15.41538462,8.807692308,15.12307692,16.54615385,10.88461538,12.70769231
357.5952747,5.492307692,21.27692308,23.45384615,14.10769231,12.06153846,12.1,20.7,15.49230769,9.107692308,22.75384615
357.8067468,10.63076923,21.77692308,15.93076923,9.307692308,19.49230769,12.21538462,4.192307692,4.846153846,14.38461538,20.14615385
358.0182076,6.338461538,2.584615385,16.33846154,13.43076923,6.369230769,13.42307692,17.09230769,5.738461538,9.153846154,17.93076923
358.2296571,13.23846154,17.79230769,21.26153846,16.94615385,14.28461538,18.14615385,13.16153846,13.26923077,9.446153846,7.192307692
358.4410954,12.94615385,19.21538462,16.17692308,13.46923077,10.84615385,9.169230769,16.81538462,16.28461538,8.7,10.64615385
358.6525224,11.13076923,12.13076923,13.02307692,12.13846154,15.42307692,20.85384615,11.80769231,20.56923077,12.23846154,16.83846154
358.8639382,14.00769231,5.976923077,11.53846154,3.784615385,12.40769231,11.02307692,14.70769231,11.14615385,7.507692308,22.46153846
359.0753427,15.96923077,15.03076923,15.23846154,12.74615385,10.55384615,8.3,23.54615385,12.86153846,13.07692308,22.66923077
359.286736,8.707692308,11.81538462,14.61538462,18.71538462,11.08461538,14.06923077,12.84615385,9.346153846,15.05384615,13.6
359.4981179,18.04615385,24.86153846,16.73076923,18.37692308,18.82307692,16.88461538,15.67692308,21.20769231,11.90769231,15.71538462
359.7094886,15.03076923,14.54615385,25.51538462,16.20769231,7.476923077,10.98461538,21.90769231,14.68461538,12.47692308,10.75384615
359.920848,12.08461538,19.7,16.22307692,22.07692308,18.01538462,17.11538462,19.77692308,11.58461538,11.66923077,16.75384615
360.1321962,4.984615385,16.26153846,12.93846154,8.6,13.98461538,13.16153846,9.730769231,14.19230769,8.684615385,11.16153846
360.3435331,11.86923077,15.26153846,22.20769231,11.70769231,10.96153846,13.15384615,19.3,13.49230769,13.55384615,15.9
360.5548586,21.03076923,18.95384615,7.323076923,14.91538462,5.746153846,12.74615385,13.60769231,9.323076923,15.86923077,13.10769231
360.7661729,14.80769231,13.63846154,15.13846154,10.29230769,21.91538462,14.15384615,21.63846154,13.68461538,13.15384615,17.16153846
360.977476,10.75384615,25.38461538,15.33846154,13.39230769,14.61538462,14.84615385,15.4,17.26923077,12.51538462,9.315384615
361.1887677,11.68461538,23.36153846,18.63846154,12.71538462,17.22307692,12.65384615,22.8,16.48461538,8.253846154,21.56923077
361.4000481,9.176923077,18.19230769,13.53846154,13.96153846,16.97692308,6.730769231,9.361538462,10.85384615,7.815384615,11.48461538
361.6113173,12.70769231,20.03076923,14.63076923,14.53076923,18.24615385,14.65384615,18.28461538,16.56153846,14.4,15.99230769
361.8225751,17.18461538,10.91538462,20.07692308,21.65384615,9.884615385,12.73846154,16.8,9.638461538,12.09230769,20.19230769
362.0338217,10.16153846,10.73846154,22.23076923,8.092307692,10.53846154,19.59230769,14.74615385,15.6,13.96923077,13.76923077
362.2450569,5.776923077,10.46153846,14.70769231,11.86153846,5.861538462,5.369230769,14.14615385,13.53846154,6.730769231,11.7
362.4562809,18.25384615,25.75384615,8.776923077,13.19230769,18.96153846,15.56153846,16.30769231,20.45384615,6.776923077,14.14615385
362.6674935,16.33846154,16.55384615,21.37692308,15.34615385,18.21538462,6.830769231,8.346153846,3.738461538,12.35384615,7.723076923
362.8786949,8.184615385,17.57692308,13.06923077,15.17692308,14.72307692,11.13076923,17.2,18.56923077,11.1,7.453846154
363.0898849,9.653846154,14.98461538,15.99230769,17.03076923,13.14615385,5.676923077,16.20769231,14.40769231,12.71538462,11.39230769
363.3010636,12.96153846,13.20769231,15.64615385,18.54615385,14.07692308,20.62307692,16.30769231,9.623076923,11.05384615,16.2
363.512231,13.69230769,4.030769231,12.91538462,12.58461538,14.15384615,13.08461538,18.27692308,10.49230769,4.623076923,6.984615385
363.7233871,12.01538462,20.45384615,19.35384615,10.03076923,13.05384615,10.96923077,15.00769231,18.34615385,19.9,18.85384615
363.9345319,9.607692308,7.661538462,8.938461538,16.22307692,9.807692308,9.615384615,17.55384615,12.56923077,10.37692308,11.45384615
364.1456653,10.71538462,20.83846154,12.54615385,11.37692308,16.73846154,13.86153846,7.792307692,13.52307692,14.06923077,17.66153846
364.3567874,7.938461538,8.846153846,17.78461538,12.56153846,17.35384615,18.67692308,12.24615385,8.323076923,12.03076923,9.646153846
364.5678982,15.24615385,23.57692308,20.08461538,13.82307692,15.14615385,14.83846154,23.80769231,8.238461538,11.82307692,4.176923077
364.7789977,10.78461538,12.00769231,19.88461538,3.723076923,11.13076923,14.27692308,8.253846154,8.238461538,8.553846154,12.15384615
364.9900858,21.86153846,12.38461538,14.22307692,19.21538462,24.63846154,19.51538462,14.14615385,14.80769231,11.55384615,19.35384615
365.2011626,10.20769231,9.561538462,5.3,7.192307692,11.26153846,11.66153846,18.79230769,16.19230769,19.65384615,8.5
365.4122281,16.66923077,20.03846154,24.13076923,18.34615385,27.63846154,7.538461538,17.36923077,22.80769231,11.43076923,19.82307692
365.6232822,8.492307692,21.76153846,9.238461538,5.038461538,5,10.99230769,2.753846154,13.94615385,17.32307692,15.20769231
365.834325,11.60769231,16.65384615,20.10769231,18.62307692,21.43076923,10.12307692,23.20769231,13.57692308,10.76923077,13.68461538
366.0453564,9.753846154,8.915384615,19.93846154,11.03846154,6.669230769,12.91538462,12.16153846,14.62307692,12.53846154,6.446153846
366.2563765,11.57692308,20.25384615,22.17692308,13.14615385,16.13846154,12.39230769,7.384615385,12.93846154,17.06923077,15.68461538
366.4673853,19.96153846,13.13076923,13.66153846,10.97692308,14.18461538,14.84615385,20.23846154,13.13846154,6.569230769,13.02307692
366.6783827,11.73846154,13.98461538,15.86153846,10.96153846,28.33846154,12.62307692,16.02307692,15.70769231,11.36923077,17.81538462
366.8893687,3.953846154,10.72307692,13.95384615,10.14615385,15.97692308,9.261538462,12.71538462,14.09230769,5.769230769,7.292307692
367.1003434,13.64615385,23.53846154,17.07692308,12.33846154,18.81538462,17.04615385,14.27692308,15.09230769,7.969230769,11.01538462
367.3113067,1.507692308,13.86923077,13.63846154,4.207692308,13.1,10.60769231,8.361538462,8.592307692,10.73076923,12.01538462
367.5222587,11.66923077,13.18461538,19.63846154,16.34615385,19.31538462,5.3,22.35384615,21.73846154,9.476923077,16.08461538
367.7331993,8.269230769,10.06923077,11,14.16923077,20.36153846,12.84615385,8.2,2.315384615,9.653846154,6.746153846
367.9441285,14.90769231,17.03076923,14.56923077,17.52307692,10.2,19.91538462,12.49230769,18.58461538,9.638461538,17.10769231
368.1550464,12.23846154,12.6,16.89230769,10.19230769,13.35384615,18.37692308,7.438461538,13.96923077,11.00769231,10.99230769
368.3659529,10.1,19.85384615,20.84615385,14.46153846,15.58461538,10.18461538,12.5,10.23846154,8.7,12.70769231
368.576848,13.03076923,17.04615385,19.65384615,14.9,11.39230769,9.092307692,16.50769231,14.43076923,9.215384615,11.30769231
368.7877317,17.23076923,22.63076923,25.97692308,14.51538462,20.41538462,19.73846154,17.13076923,17.85384615,14.86153846,12.34615385
368.9986041,18.26153846,9.669230769,14.68461538,17.59230769,12.26153846,14.00769231,11.30769231,7.730769231,10.47692308,7.053846154
369.2094651,22.39230769,12.66153846,11.98461538,22.19230769,20.91538462,13.27692308,19.56923077,12.15384615,19.66923077,10.73846154
369.4203147,18.23846154,15.33846154,16.46923077,19.64615385,18.90769231,18.82307692,6.546153846,10.43846154,12.26153846,13.44615385
369.6311529,16.83076923,13.97692308,19.2,22.82307692,26.23076923,24.2,15.50769231,13.20769231,20.26923077,32.70769231
369.8419798,6.361538462,11.8,18.14615385,10.22307692,8.6,9.976923077,10.09230769,18.15384615,9.184615385,17.81538462
370.0527952,6.807692308,9.946153846,13.3,17.43846154,9.876923077,14.75384615,12.70769231,8.123076923,11.01538462,14.18461538
370.2635993,11.56153846,16.85384615,11.81538462,12.6,10.80769231,16.53846154,19.80769231,12.07692308,4.876923077,11.46923077
370.4743919,10.64615385,13.93076923,17.60769231,17.21538462,17.83076923,13.74615385,15.11538462,20.09230769,10.86923077,17.78461538
370.6851732,5.730769231,11.60769231,13.86153846,13.96153846,14.37692308,12.2,12.49230769,10.23846154,14.44615385,16.29230769
370.895943,18.78461538,18.21538462,10.26923077,10.70769231,22.03846154,15.45384615,9.469230769,13.32307692,13.54615385,18.30769231
371.1067015,12.65384615,12.43846154,10.70769231,10.6,19.73076923,8.015384615,5.8,17.88461538,7.761538462,8.915384615
371.3174486,12.5,14.67692308,16.10769231,19.72307692,14.94615385,9.353846154,20.38461538,15.73076923,14.65384615,25.3
371.5281842,7.907692308,15.01538462,18.10769231,10.61538462,17.53846154,18.05384615,12.20769231,10.53846154,3.230769231,11.91538462
371.7389085,18.95384615,21.06153846,24.17692308,12.95384615,16.83846154,17.7,6.907692308,9.738461538,18.45384615,15.85384615
371.9496213,10.14615385,12.55384615,14.29230769,10.91538462,15.97692308,10.92307692,16.20769231,7.769230769,7.746153846,7.107692308
372.1603227,14.3,24.31538462,14.63846154,17.52307692,16.2,15.28461538,13.64615385,15.93076923,12.78461538,20.86923077
372.3710127,6.784615385,8.323076923,6.492307692,12.77692308,9.961538462,3.469230769,8.053846154,10.56923077,12.03846154,7.630769231
372.5816913,10.88461538,21.93846154,18.10769231,19.03076923,7.576923077,21.82307692,22.03846154,8.453846154,14.66923077,17.7
372.7923584,9.092307692,9.938461538,5.4,12.48461538,5.853846154,6.6,14.23846154,5.107692308,11.34615385,12.85384615
373.0030142,17.80769231,11.63076923,18.93076923,25.22307692,17.01538462,12.10769231,17.46153846,19.32307692,10.21538462,9.161538462
373.2136585,9.107692308,12.9,15.76923077,13.33846154,15.11538462,7.330769231,6.461538462,17.29230769,7.423076923,9.7
373.4242914,20.77692308,8.646153846,16.36153846,12.51538462,11.79230769,10.93076923,18.68461538,13.30769231,15.37692308,19.20769231
373.6349128,19.67692308,14.31538462,7.746153846,12.30769231,13.56153846,15.12307692,10.16923077,15.76153846,14.5,8.653846154
373.8455228,15.83076923,15.33076923,19.97692308,14.14615385,18.30769231,13.72307692,15.96923077,18.69230769,10.70769231,17.26923077
374.0561214,7.146153846,7.984615385,20.46153846,10.90769231,12.99230769,17.62307692,11.30769231,8.138461538,16.83076923,11.2
374.2667086,12.55384615,19.61538462,14.73076923,12.83076923,10.72307692,14.75384615,9.615384615,7.692307692,9.184615385,7.653846154
374.4772843,9.746153846,19.37692308,14.08461538,14.33076923,8.507692308,5.469230769,8.046153846,14.86153846,7.761538462,12.15384615
374.6878485,19.32307692,18.34615385,22.56153846,6.869230769,16.73846154,13.22307692,9.715384615,12.56923077,16.28461538,9.323076923
374.8984014,13.10769231,16.36153846,8.292307692,17.12307692,12.35384615,8.392307692,14.63846154,9.753846154,11.30769231,14.64615385
375.1089427,19.66923077,13.09230769,14.73846154,16.26923077,15.07692308,17.56153846,12.59230769,18.34615385,12.78461538,13.89230769
375.3194726,15.29230769,13.6,9.369230769,9.115384615,13.96923077,10.02307692,17.67692308,15.44615385,9.492307692,5.246153846
375.5299911,21.13076923,15.18461538,21.13076923,18.03846154,19.4,12.93846154,14.03076923,12.57692308,10.48461538,14.30769231
375.7404981,21.28461538,8.892307692,10.96923077,23.01538462,20.1,14.49230769,10.23846154,8.753846154,9.815384615,11.13846154
375.9509937,14.6,22.71538462,21.90769231,20.74615385,17.6,13.53076923,11.24615385,10.03076923,16.46923077,15.60769231
376.1614778,8.076923077,10.34615385,6.038461538,12.5,7.223076923,8.707692308,13.11538462,8.615384615,13.73846154,10.31538462
376.3719504,17.29230769,17.40769231,26.25384615,13.97692308,14.28461538,21.36923077,22.80769231,22.4,15.74615385,25.19230769
376.5824116,16.41538462,14.06153846,7.115384615,12.90769231,23.77692308,21.5,13.22307692,6.684615385,7.653846154,11.85384615
376.7928613,29.50769231,15.92307692,15.83076923,7.169230769,12.26923077,18.08461538,3.969230769,13.56923077,11.87692308,15.96923077
377.0032995,14.71538462,17.57692308,21.39230769,10.74615385,13.31538462,4.184615385,20.60769231,12.28461538,12.6,24.06923077
377.2137263,14.03076923,16.73076923,14.66153846,16.85384615,9.3,16.76923077,17.07692308,17.24615385,8.715384615,22.40769231
377.4241415,5.430769231,12.01538462,18.8,11.94615385,18.76923077,4.676923077,15.52307692,5.623076923,12.16923077,10.9
377.6345454,13.26153846,16.70769231,9.161538462,17.80769231,20.24615385,12.78461538,14.1,12.05384615,14.5,12.98461538
377.8449377,4.838461538,10.83846154,12.33076923,13.13846154,4.5,8.523076923,11.85384615,9.961538462,10.38461538,11.17692308
378.0553185,21.40769231,21.33076923,12.67692308,21.68461538,16.58461538,16.04615385,14.56923077,14.74615385,10.88461538,15.16153846
378.2656879,15.20769231,13.51538462,17.40769231,13.89230769,8.138461538,12.13076923,14.66923077,10.77692308,12.06153846,7.792307692
378.4760458,22.37692308,12.92307692,11.66153846,17.40769231,17.56153846,14.22307692,15.90769231,13.80769231,13,11.75384615
378.6863922,10.14615385,18.57692308,10.22307692,13.4,9.492307692,15.25384615,9.969230769,13.24615385,5.684615385,7.376923077
378.8967271,16.63076923,9.976923077,18.28461538,18.24615385,14.20769231,8.453846154,14.86923077,18.18461538,20.03846154,16.93076923
379.1070505,14.47692308,18.75384615,14.88461538,11.76153846,10.86153846,9.792307692,11.1,15.85384615,10.95384615,12.90769231
379.3173624,16.36153846,18.37692308,14.53076923,12.40769231,15.92307692,21.09230769,25.49230769,22.33076923,10.00769231,8.984615385
379.5276628,15.16923077,16.66153846,11.17692308,13.37692308,14.72307692,11.66923077,5.307692308,10.94615385,15.03846154,6.753846154
379.7379517,17.85384615,12.32307692,15.85384615,13.32307692,26.33846154,7.161538462,15.50769231,11.71538462,9.923076923,8.715384615
379.9482291,10.66153846,17.91538462,15.22307692,17.8,10.81538462,15.24615385,18.58461538,6.976923077,10.78461538,5.015384615
380.158495,13.83076923,12.82307692,19.77692308,16.18461538,16.33076923,15.62307692,18.43846154,23.34615385,19.52307692,15.23076923
380.3687494,13.32307692,16.32307692,13.1,10.45384615,10.57692308,7.838461538,8.315384615,15.80769231,13.01538462,11.57692308
380.5789923,21.84615385,9.269230769,12.20769231,16.26153846,17.63846154,18.19230769,15.33846154,12.4,11.03076923,21.34615385
380.7892236,12.02307692,12.31538462,17.53076923,9.615384615,15.46923077,14.41538462,11.66923077,12.3,13.33846154,9.992307692
380.9994435,11.20769231,16.55384615,21.17692308,6.7,30.43846154,16.37692308,17.34615385,9.015384615,13.53846154,25.16923077
381.2096518,4.692307692,22.35384615,14.4,18.08461538,18.9,16.82307692,20.52307692,23.96923077,18.09230769,16.39230769
381.4198486,11.76923077,13.27692308,27.57692308,14.76923077,20.20769231,21.27692308,21.30769231,17.80769231,7.530769231,11.25384615
381.6300339,13.74615385,9.4,12.56923077,9.176923077,12.31538462,5.315384615,14.93076923,13.41538462,13.02307692,9.492307692
381.8402077,18.80769231,18.13846154,12.75384615,25.32307692,22.93846154,18.03846154,11.54615385,15.40769231,16.39230769,14.15384615
382.0503699,13.6,11.1,14.19230769,10.96923077,15.93076923,12.74615385,11.53846154,10.23076923,13.13076923,14.49230769
382.2605206,15.79230769,25.16923077,12.93076923,14.59230769,6.746153846,17.57692308,18.76153846,15.78461538,13.44615385,23.90769231
382.4706598,14.13076923,11.6,16.23846154,11.60769231,11.15384615,17.56923077,10.06153846,18.69230769,19.11538462,15.75384615
382.6807874,15.04615385,13.91538462,15.83076923,27.55384615,18.69230769,12.01538462,13.38461538,10.46923077,16.74615385,15.94615385
382.8909035,11.88461538,13.56153846,12.82307692,21.33076923,18.60769231,12.54615385,8.469230769,8.823076923,8.584615385,18.7
383.1010081,14.61538462,21.36153846,16.67692308,13.64615385,22.18461538,12.65384615,22.27692308,13.4,18.59230769,30.70769231
383.3111011,12.23076923,6.215384615,11.93846154,20.46153846,15.32307692,12.83076923,10.81538462,10.84615385,6.738461538,10.77692308
383.5211826,11.93076923,17.43846154,21.87692308,12.43846154,11.15384615,12.2,11.96923077,7.915384615,19.36923077,12.05384615
383.7312525,7.430769231,4.430769231,15.16153846,21.13076923,19.56153846,12.01538462,14.10769231,9.915384615,10.19230769,9.753846154
383.9413109,15.17692308,13.56153846,16.9,16.54615385,10.73846154,25.67692308,24.83846154,7.8,18.22307692,22.20769231
384.1513577,11.00769231,19.35384615,12.35384615,12.78461538,13.79230769,18.16153846,14.03846154,17.64615385,13.08461538,7.315384615
384.361393,12.06923077,13.16153846,23.7,16.70769231,18.03846154,4.430769231,19.80769231,5.769230769,12.07692308,14.59230769
384.5714167,16.03846154,13.58461538,14.70769231,11.35384615,9.546153846,13.25384615,15.8,12.48461538,11.5,17.66923077
384.7814289,8.315384615,13.56153846,34.07692308,14.12307692,13.72307692,5.869230769,15.32307692,13.20769231,28.36923077,15.59230769
384.9914295,21.60769231,9.007692308,18.09230769,16.35384615,19.43076923,15.80769231,14.3,18.76923077,7.069230769,13.66153846
385.2014185,22.60769231,19.65384615,27.03076923,15.13076923,16.55384615,12.13076923,19.26153846,20.56153846,15.87692308,26.40769231
385.411396,11.46153846,8.461538462,16.66153846,16.13846154,22.68461538,15.84615385,9.892307692,20.71538462,13.40769231,13.75384615
385.6213619,15.46153846,19.09230769,17.38461538,16.14615385,12.56153846,26.03076923,8.776923077,20.95384615,20.33846154,15.66153846
385.8313162,14.79230769,20.33076923,17.86153846,17.18461538,15.36153846,10.90769231,19.55384615,8.615384615,12.10769231,9.607692308
386.041259,16.99230769,15.83846154,22.58461538,16.58461538,13.24615385,12.16923077,18.45384615,14.18461538,11.35384615,19.06923077
386.2511902,5.676923077,19.76153846,18.46153846,14.77692308,9.584615385,15.21538462,8.538461538,12.30769231,10.56923077,12
386.4611098,11.43076923,13.13846154,17.90769231,19.98461538,20.11538462,18.61538462,16.40769231,18.39230769,10.73076923,18.4
386.6710178,18.14615385,10.91538462,14.89230769,10.45384615,15.02307692,16.32307692,12.2,14.31538462,13.44615385,6.015384615
386.8809142,21.45384615,14.65384615,11.37692308,18.36923077,8.946153846,23.6,20.26923077,16.4,8.876923077,6.469230769
387.0907991,13.6,10.38461538,11.23846154,18.07692308,19.13076923,8.384615385,18.33846154,10.73846154,11.26923077,10.29230769
387.3006723,12.07692308,10.5,17.79230769,16.35384615,13.13076923,19.14615385,23.67692308,17.60769231,18.86923077,19.7
387.510534,13.72307692,14.02307692,19.87692308,7.269230769,12.33846154,4.869230769,17.35384615,11.2,17.86153846,8.1
387.7203841,14.24615385,17.73846154,17.00769231,12.19230769,18.11538462,17.97692308,23.70769231,14.3,14.36153846,19.31538462
387.9302226,9.230769231,12.13846154,16.96153846,16.62307692,16.76153846,14.39230769,13.60769231,18,12.46923077,11.52307692
388.1400495,22.44615385,11.43846154,18.86153846,16.46923077,9.384615385,13.86923077,18.56923077,10.05384615,15.08461538,20.89230769
388.3498648,8.169230769,15.53846154,23.28461538,11.76923077,10.8,10.63846154,14.33846154,9.776923077,6.376923077,13.44615385
388.5596684,16.73076923,20.33076923,15.31538462,14.56153846,10.23076923,10.15384615,16.75384615,16.42307692,16.3,15.23846154
388.7694605,12.54615385,14.43076923,17.02307692,13.76153846,16.63846154,15.65384615,9.184615385,14,15.93076923,19.08461538
388.979241,12.56923077,15.53076923,20.46153846,8.976923077,16.08461538,14.86923077,10.26153846,12.57692308,14.10769231,19.10769231
389.1890099,10.49230769,8.623076923,9.707692308,6.938461538,18.02307692,14.32307692,10.20769231,4.784615385,10.07692308,14.76153846
389.3987671,16.59230769,17.00769231,9.276923077,16.07692308,20.14615385,20.27692308,15.80769231,11.03846154,21.25384615,10.5
389.6085127,10.78461538,3.7,9.369230769,11.80769231,11.03076923,12.3,14.23846154,6.323076923,7.423076923,12.26153846
389.8182468,17.96153846,22.56153846,19.06153846,15.85384615,23.73076923,19.07692308,15.56923077,11.00769231,18.36923077,16.36153846
390.0279692,8.884615385,13.26153846,22.33076923,21.54615385,18.04615385,12.83846154,12.23846154,11.58461538,10.52307692,16.10769231
390.2376799,15.45384615,20.6,17.81538462,20.2,22.23846154,9.715384615,20.27692308,19.13076923,14.45384615,24.60769231
390.4473791,15.30769231,10.60769231,9.115384615,23.84615385,7.615384615,7.1,9.015384615,14.59230769,14.07692308,9.015384615
390.6570666,14.8,21.71538462,20.08461538,18.63846154,13.73846154,14.5,19.69230769,14.07692308,11.19230769,25.46923077
390.8667425,10.26153846,16.16153846,15.70769231,12.86153846,14.47692308,13.36923077,16.31538462,9.9,11.48461538,13.10769231
391.0764068,15.37692308,19.43846154,14.49230769,23.84615385,11.41538462,11.60769231,7.638461538,11.05384615,9.484615385,10.34615385
391.2860594,10.2,14.06153846,13.53846154,22.75384615,16.88461538,12.49230769,21.74615385,11.1,12.06923077,1.769230769
391.4957004,25.04615385,18.22307692,20.95384615,20.6,18.57692308,18.47692308,15.36153846,13.86923077,18.15384615,24.26923077
391.7053298,5.146153846,8.953846154,11.33846154,9.753846154,21.11538462,7.269230769,2.423076923,17.03846154,16.10769231,16.64615385
391.9149475,13.62307692,13.40769231,22.50769231,19.70769231,25.53846154,18.33846154,35.40769231,16.5,18.36923077,27.40769231
392.1245536,10.13846154,16.45384615,15.05384615,14.1,11.96923077,12.43076923,20.76153846,18.1,14.73076923,11.67692308
392.334148,20.74615385,16.81538462,22.87692308,8.938461538,14.36153846,8.915384615,16.60769231,8.684615385,11.44615385,11.05384615
392.5437308,17.00769231,10.90769231,16.70769231,21.62307692,11.15384615,15.46153846,7.361538462,14.45384615,15.67692308,13.82307692
392.7533019,18.90769231,15.06153846,14.88461538,13.92307692,20.63846154,20.41538462,19.46153846,13.38461538,22.02307692,23.38461538
392.9628614,7.2,12.05384615,9.346153846,13.52307692,15.7,13.74615385,13.48461538,14.16923077,10.84615385,18.6
393.1724092,9.5,7.776923077,19.46153846,18.83846154,19.33846154,20.22307692,20.76153846,17.44615385,11.31538462,11.38461538
393.3819454,12.18461538,10.82307692,13.80769231,12.08461538,13.72307692,12.99230769,16.26923077,10.83846154,7.053846154,9.015384615
393.5914699,16.08461538,16.81538462,14.16153846,21.58461538,21.03846154,21.34615385,22.49230769,10.99230769,13.52307692,10.96153846
393.8009827,10.73846154,12.98461538,14.56153846,11.89230769,6.307692308,20.53846154,17.72307692,17.76153846,12.88461538,8.992307692
394.0104839,25.13076923,16.26153846,19.17692308,18.42307692,26.93076923,19.43076923,9.592307692,15.65384615,21.76923077,11.88461538
394.2199734,15.63846154,22.20769231,15.86923077,15.63846154,12.56923077,15.16153846,8.553846154,11.17692308,15.49230769,10.42307692
394.4294512,21.20769231,14.41538462,12.73846154,15.23846154,11.30769231,19.48461538,24.16153846,17.27692308,11.96923077,13.43846154
394.6389174,16.03076923,23.23076923,16.77692308,15.26153846,14.63846154,17.47692308,9,10.56923077,17.41538462,6.461538462
394.8483719,13.23076923,22.95384615,19.23076923,22.08461538,17.52307692,25.46923077,13.6,7.461538462,24.16923077,20.70769231
395.0578147,9.715384615,14.86153846,8.453846154,11.94615385,12.62307692,9.438461538,12.73846154,7.192307692,8,15.58461538
395.2672458,20.56923077,21.35384615,16.45384615,14.84615385,20.63076923,11.5,21.2,18.30769231,15.31538462,23
395.4766652,11.33076923,12.57692308,18.14615385,12.06923077,15.63846154,11.93846154,19.62307692,11.63076923,12.18461538,9.207692308
395.686073,16.50769231,11.58461538,19.81538462,14.39230769,20.91538462,16.86923077,15.30769231,19.44615385,13.16923077,30.90769231
395.8954691,9.569230769,12.26153846,18.72307692,14.36153846,13.46153846,10.16923077,19.96923077,9.892307692,21.16923077,17.51538462
396.1048535,20.83846154,13.05384615,18.34615385,24.42307692,13.44615385,9.176923077,14.11538462,15.84615385,8.515384615,25.88461538
396.3142262,12.01538462,11.30769231,15.16923077,8.569230769,18.02307692,13.15384615,11.53846154,13.66153846,16.36923077,16.2
396.5235872,6.407692308,19.60769231,13.88461538,12.86153846,17.83076923,23.84615385,20.84615385,24.96923077,26.96923077,15.34615385
396.7329365,9.384615385,18.63846154,6.346153846,24.82307692,7.953846154,11.89230769,13.65384615,11.52307692,14.7,23.96923077
396.9422741,21.81538462,20.27692308,16.86153846,29.84615385,23.36923077,19.54615385,17.13076923,21.79230769,10.72307692,18.81538462
397.1516,21.67692308,11.25384615,17.32307692,8.846153846,15.35384615,10.03846154,14.26923077,16.83846154,19.06153846,13.46923077
397.3609142,12.03076923,24.41538462,21.73846154,20.52307692,14.6,20.47692308,17.86153846,13.64615385,12.75384615,17.86153846
397.5702167,11.65384615,13.38461538,15.83076923,5.030769231,12.21538462,9.984615385,10.39230769,16.82307692,13.38461538,12.1
397.7795074,21.40769231,14.2,14.53846154,24.62307692,14.83076923,10.28461538,20.06923077,13.2,13.61538462,20.16923077
397.9887865,9.976923077,18.27692308,15.44615385,12.37692308,11.61538462,12.66923077,10.41538462,18.1,10.03846154,22.99230769
398.1980539,15.72307692,18.19230769,28.63076923,23.95384615,23.36153846,17.06923077,20.86153846,19.20769231,17.54615385,18.40769231
398.4073095,8.284615385,11.09230769,13.33846154,15.30769231,11.53846154,16.19230769,20.66153846,17.60769231,9.107692308,10.93846154
398.6165534,13.63076923,20.03076923,16.19230769,21.61538462,17.15384615,12.13076923,23.46923077,11.84615385,20.43076923,13.3
398.8257856,10.4,11.69230769,18.12307692,14.29230769,8.9,11.62307692,8.261538462,9.030769231,10.31538462,11.45384615
399.0350061,18.46923077,12.83076923,20.83076923,11.28461538,17.48461538,15.93076923,12.82307692,26.59230769,14.23076923,26.56153846
399.2442149,9.961538462,13.42307692,11.79230769,10.64615385,16.87692308,13.58461538,14.63846154,9.153846154,14.73076923,13.98461538
399.4534119,23.80769231,16.84615385,16.75384615,8.307692308,22.73846154,15.42307692,11.13076923,14.80769231,10.37692308,19.81538462
399.6625972,14.93076923,10.8,14.96923077,7.1,14.78461538,7.246153846,15.34615385,17.55384615,17.25384615,12.02307692
399.8717707,18.87692308,19.59230769,18.80769231,20.76923077,17.05384615,15.62307692,11.08461538,20.16153846,15.68461538,17.70769231
400.0809326,6.538461538,22.02307692,7.853846154,15.57692308,19.73076923,14.06923077,17.5,19.40769231,17.98461538,6.392307692
400.2900827,19.64615385,25.3,12.88461538,14.41538462,14.44615385,19.72307692,12.43076923,15.10769231,15.04615385,25.55384615
400.499221,12.93076923,17.99230769,16.98461538,10.25384615,14.14615385,20.04615385,10.01538462,10.04615385,9.376923077,9.5
400.7083476,18.65384615,23.7,21.88461538,23.57692308,16.35384615,15.75384615,19.40769231,23.6,18.46923077,21.20769231
400.9174625,7.230769231,12.40769231,12.25384615,12.72307692,19.60769231,16.02307692,7.769230769,16.75384615,6.561538462,12.77692308
401.1265656,23.89230769,21.83846154,14.35384615,25.64615385,18.31538462,13.30769231,15.95384615,11.08461538,9.669230769,17.2
401.3356569,12.90769231,16.96153846,10.23846154,14.97692308,11.75384615,7.746153846,14.03846154,12.04615385,19.2,17.71538462
401.5447366,22.99230769,17.92307692,21.85384615,22.22307692,21.83076923,17.71538462,18.04615385,17.40769231,15.58461538,13.90769231
401.7538044,15.16923077,12.37692308,9.538461538,19.75384615,14.67692308,13.91538462,17.77692308,13.26153846,10.97692308,10.28461538
401.9628605,27.70769231,20.11538462,23.48461538,18.01538462,21.82307692,23.68461538,12.33076923,20.30769231,15.53846154,29.70769231
402.1719048,16.72307692,17.11538462,16.63846154,12.23846154,15.57692308,12.93076923,15.02307692,14.05384615,16.72307692,15.57692308
402.3809374,24.87692308,21.91538462,17.53076923,14.92307692,20.22307692,20.28461538,15.89230769,10.66153846,17.27692308,21.29230769
402.5899582,14.56153846,19.71538462,12.43076923,9.653846154,10.93076923,13.96153846,15.99230769,12.45384615,13.72307692,10.25384615
402.7989673,18.72307692,9.569230769,12.53076923,11.05384615,10.29230769,16.38461538,12.26153846,14.63846154,20.60769231,14.55384615
403.0079646,15.15384615,23.57692308,16.06923077,14.40769231,20.26153846,20.5,14.35384615,17.6,12.33846154,8.507692308
403.2169501,4.669230769,15.98461538,21.27692308,25.22307692,20,20.76153846,25.20769231,18.75384615,17.83846154,17.79230769
403.4259238,11.27692308,17.21538462,26.57692308,11.43846154,8.769230769,12.90769231,13.63076923,16.76153846,11.09230769,14.86153846
403.6348857,15.41538462,24.23076923,10.98461538,24.3,17.13846154,17.73846154,22.50769231,17.44615385,10.95384615,10.05384615
403.8438359,16.33076923,9.238461538,18.73846154,15.49230769,23.56153846,18.43846154,11.84615385,7.823076923,10.21538462,14.16923077
404.0527743,20.30769231,25.79230769,19.98461538,20.22307692,21.33846154,17.56153846,9.769230769,15.44615385,16.80769231,16.40769231
404.2617009,11.66923077,20.73076923,23.11538462,19.85384615,14.14615385,11.85384615,23.75384615,15.70769231,16.11538462,17.49230769
404.4706157,27.40769231,23.43076923,18.17692308,17.92307692,21.56923077,14.17692308,18.73846154,19.9,16.01538462,20.96923077
404.6795188,9.169230769,12.49230769,12.04615385,12.87692308,18.93846154,10.7,17.53846154,17.59230769,15.11538462,17.94615385
404.88841,13.10769231,22.23846154,29.13076923,22.98461538,17.26923077,20.18461538,24.50769231,14.73846154,16.01538462,17.03846154
405.0972895,11.95384615,10.57692308,14.9,22.87692308,14.01538462,7.884615385,11.05384615,17.08461538,8.1,14.04615385
405.3061571,19.59230769,22.21538462,17.66923077,18.43076923,24.03846154,14.15384615,32.96923077,16.99230769,18.6,19.20769231
405.515013,25.79230769,7.407692308,13.20769231,14.36923077,8.092307692,8.3,16.33076923,4.861538462,20.51538462,16.84615385
405.723857,13.15384615,10.17692308,15.75384615,19.34615385,13.86153846,14.78461538,16,17.24615385,18.01538462,14.21538462
405.9326893,16.3,17.60769231,11.5,16.48461538,13.32307692,16,12.76153846,21.95384615,8.961538462,14.00769231
406.1415097,16.73076923,14.55384615,26.08461538,23.57692308,22.46153846,9.669230769,14.46153846,18.59230769,17.85384615,22.37692308
406.3503183,10.63846154,19.81538462,14.07692308,23.42307692,11.74615385,26.87692308,13.3,19.10769231,23.75384615,8.5
406.5591152,13.56923077,15.52307692,23.25384615,20.52307692,27.13846154,17.48461538,17.74615385,14.99230769,19.06923077,23.9
406.7679002,9.330769231,16.71538462,21.7,13.52307692,17.16153846,26.13846154,22.43846154,12.82307692,11.13076923,18.90769231
406.9766734,18.4,29.33076923,25.07692308,26.76153846,22.79230769,18.8,23.67692308,21.77692308,13,16.05384615
407.1854348,14.86153846,12.83846154,9.384615385,9.115384615,17.62307692,9.553846154,15.27692308,14.64615385,12.17692308,21.20769231
407.3941843,23.53076923,25.06153846,15.24615385,19.52307692,27.63846154,14.9,22.10769231,22.60769231,14.20769231,21
407.6029221,12.67692308,8.123076923,16.1,14.55384615,19.08461538,17.1,9.238461538,13.89230769,16.14615385,18.40769231
407.811648,24.98461538,15.87692308,15.00769231,27.1,17.33846154,22.62307692,17.33846154,16.35384615,13.66153846,19.40769231
408.0203621,9.846153846,12.5,17.43076923,17.42307692,18.28461538,16.92307692,16.90769231,16.20769231,14.57692308,22.15384615
408.2290643,26.93076923,11.65384615,10.54615385,19.42307692,23.23846154,20.43846154,15.46153846,16.40769231,10.56923077,24.20769231
408.4377547,15.05384615,13.98461538,19.53076923,12.33076923,13.4,13.94615385,14.29230769,12.40769231,16.51538462,21.10769231
408.6464333,9.915384615,17.41538462,24.73076923,20.52307692,26.03846154,26.46923077,28.00769231,17.29230769,16.44615385,16.60769231
408.8551001,15.09230769,22.1,12.46153846,24.14615385,13.95384615,24.77692308,12.99230769,14.20769231,12.17692308,17.40769231
409.063755,16.5,29.17692308,19.28461538,35.72307692,17.04615385,19.83076923,27.36923077,18.17692308,22.06923077,28.40769231
409.2723981,20.23076923,14.28461538,24.10769231,24.02307692,16.74615385,13.50769231,15.00769231,28.88461538,14.74615385,13.03076923
409.4810293,18.63846154,24.61538462,30.13076923,34.32307692,22.43846154,20.66923077,21.36153846,23.15384615,7.9,21.01538462
409.6896487,20.71538462,19.93076923,15.53076923,18.91538462,17.8,12.83846154,20.00769231,9.069230769,11.27692308,17.94615385
409.8982562,18.28461538,18.15384615,18.55384615,19.62307692,18.81538462,20.66923077,12.17692308,18.43846154,14.03076923,11.50769231
410.1068519,18.63076923,15.3,19.43076923,28.44615385,22.31538462,13.62307692,20.26153846,25.29230769,10.06153846,19.06153846
410.3154357,29.70769231,23.21538462,22.53076923,30.42307692,28.73846154,29.46923077,22.58461538,18.3,21.46923077,22.36923077
410.5240077,17.30769231,13.51538462,16.06153846,22.1,6.992307692,18.23846154,32.60769231,16.84615385,22.52307692,10.97692308
410.7325678,33.00769231,22.71538462,18.14615385,27.02307692,21.63846154,25.37692308,20.95384615,22.94615385,20.96923077,20.70769231
410.941116,23.17692308,16.83076923,18.53076923,21.56153846,14.88461538,14.3,19.50769231,16.30769231,12.92307692,22.89230769
411.1496524,18.34615385,26.65384615,24.87692308,25.44615385,28.23846154,20.06153846,26.46153846,25.4,16.51538462,20.35384615
411.3581769,23.69230769,23.41538462,28.03076923,18.70769231,25.83076923,29.22307692,14.47692308,18.30769231,35.06923077,23.30769231
411.5666896,26.03076923,26.63076923,31.67692308,24.25384615,33.11538462,31.42307692,21.73846154,20.79230769,20.02307692,25.26923077
411.7751904,16.97692308,29.83076923,23.87692308,29.74615385,15.86923077,18.64615385,17.86153846,12.93846154,18.6,22.7
411.9836793,25.46153846,30.55384615,30.77692308,32.55384615,26.96153846,28.12307692,40.00769231,26.94615385,20.88461538,20.9
412.1921563,19.18461538,26.21538462,24.54615385,23.15384615,21.83846154,17.8,16.81538462,27.53846154,15.07692308,14.55384615
412.4006215,20.23076923,22.10769231,29.96153846,20.32307692,18.53846154,29.12307692,27.90769231,20.10769231,33.04615385,17.14615385
412.6090747,24.40769231,23.91538462,28.00769231,25.11538462,27.81538462,25.82307692,25,30.90769231,29.86153846,24.70769231
412.8175161,20.03846154,23.87692308,28.43076923,29.72307692,32.03846154,17.97692308,31.00769231,14.94615385,23.2,30.20769231
413.0259456,27.60769231,33.03076923,35.17692308,21.13076923,23.70769231,14.10769231,34.20769231,19.59230769,22.54615385,21.36923077
413.2343632,28.80769231,24.71538462,29.08461538,23.20769231,23.53846154,24.2,34.40769231,36.86153846,27.76923077,29.70769231
413.442769,22.50769231,20.16153846,21.77692308,17.25384615,24.13846154,28.52307692,13.6,33.90769231,19.5,22.23846154
413.6511628,24.13846154,34.63076923,51.47692308,32.32307692,39.73846154,24.22307692,28.26923077,21.60769231,17.33076923,39.50769231
413.8595447,33.97692308,28.9,39.45384615,30.8,17.93846154,34.12307692,24.30769231,26.96923077,28.51538462,23.09230769
414.0679148,25.93846154,34.23076923,48.27692308,36.42307692,37.73076923,28.12307692,35.10769231,30.60769231,33.26923077,30.80769231
414.2762729,27.60769231,35.25384615,21.54615385,32.09230769,27.48461538,39.32307692,37.60769231,30.80769231,25.26153846,31.36923077
414.4846191,33.30769231,31.23076923,31.17692308,30.44615385,32.93846154,34.22307692,26.54615385,31.20769231,33.06923077,22.10769231
414.6929535,33.80769231,39.80769231,29.25384615,28.22307692,31.13846154,34.62307692,36.90769231,30.80769231,30.22307692,34.50769231
414.9012759,41.70769231,43.63076923,33.67692308,39.30769231,37.23846154,33.7,32.50769231,33.20769231,42.26923077,45.00769231
415.1095864,28.95384615,29.41538462,35.63076923,26.92307692,32.93846154,17.46923077,39.90769231,27.16153846,29.76923077,27.9
415.317885,27.00769231,29.63076923,28.27692308,33.82307692,36.63846154,25.02307692,34.80769231,41.40769231,37.46923077,31.30769231
415.5261717,29.30769231,28.75384615,42.57692308,24.68461538,32.23846154,30.72307692,20.60769231,34.90769231,20.36923077,29.40769231
415.7344465,40.60769231,45.13076923,46.67692308,41.12307692,38.83846154,44.22307692,45.80769231,43.20769231,40.36923077,36.99230769
415.9427093,31.10769231,34.83076923,36.93076923,32.72307692,31.03846154,31.32307692,26.30769231,32.90769231,30.56923077,27.00769231
416.1509603,34.96153846,39.43076923,44.67692308,37.8,34.56923077,36.72307692,40.20769231,47.10769231,32.45384615,31.60769231
416.3591993,32.55384615,31.43076923,38.17692308,28.74615385,31.33846154,34.62307692,37.33846154,28.30769231,41.96923077,48.50769231
416.5674264,41.30769231,38.53076923,46.67692308,38.82307692,40.66153846,45.82307692,44.40769231,40.20769231,44.1,39.30769231
416.7756415,32.65384615,40.43076923,38.47692308,48.32307692,39.63846154,26.52307692,32.97692308,29.83846154,36.06923077,44.00769231
416.9838447,49.50769231,35.13076923,42.57692308,36.02307692,49.13846154,36.42307692,52.40769231,44.70769231,43.46923077,39.40769231
417.192036,42.90769231,46.23076923,41.77692308,40.32307692,45.73846154,32.86923077,43.50769231,39.90769231,51.06923077,37.90769231
417.4002154,32.50769231,49.53076923,36.97692308,47.62307692,34.51538462,47.66923077,40.40769231,35.60769231,43.36923077,46.80769231
417.6083828,42.60769231,48.33076923,45.27692308,48.92307692,40.33846154,40.22307692,47.20769231,44.80769231,34.16923077,41.00769231
417.8165383,33.10769231,45.43076923,51.97692308,49.42307692,40.03846154,48.22307692,54.70769231,44.40769231,46.56923077,54.70769231
418.0246818,46.10769231,47.85384615,37.77692308,44.52307692,46.83846154,56.52307692,58.00769231,40.80769231,43.26923077,46.86923077
418.2328134,52.20769231,60.03076923,52.47692308,64.72307692,48.93846154,58.72307692,49.40769231,60.30769231,52.26923077,49.90769231
418.440933,50.10769231,54.63076923,43.97692308,35.62307692,43.93846154,46.52307692,50.30769231,51.50769231,41.76923077,46.50769231
418.6490407,44.10769231,55.33076923,46.87692308,61.22307692,57.63846154,51.92307692,50.70769231,40.10769231,45.16923077,53.30769231
418.8571364,39.10769231,47.43076923,48.67692308,48.72307692,58.43846154,44.02307692,54.30769231,55.00769231,38.56923077,53.7
419.0652202,56.10769231,57.53076923,50.77692308,61.52307692,48.43846154,62.62307692,48.50769231,58.20769231,49.56923077,54.60769231
419.273292,56.60769231,59.93076923,60.67692308,52.92307692,55.03846154,40.72307692,46.90769231,40.90769231,40.76923077,56.30769231
419.4813519,55.60769231,58.03076923,48.07692308,57.52307692,64.43846154,58.32307692,59.70769231,66.50769231,53.96923077,55.40769231
419.6893998,65.50769231,57.83076923,64.17692308,59.92307692,56.93846154,51.62307692,55.50769231,58.60769231,70.66923077,63.60769231
419.8974357,68.60769231,63.43076923,60.47692308,68.22307692,55.33846154,51.72307692,55.10769231,56.00769231,47.86923077,60.60769231
420.1054597,58.50769231,54.63076923,54.87692308,57.42307692,49.33846154,48.62307692,54.50769231,48.90769231,48.56923077,62.80769231
420.3134716,66.30769231,60.53076923,59.57692308,62.52307692,55.23846154,64.82307692,80.40769231,66.40769231,55.46923077,58.80769231
420.5214717,55.40769231,62.43076923,78.07692308,68.62307692,60.33846154,58.42307692,53.80769231,59.80769231,65.86923077,60.10769231
420.7294597,65.80769231,61.83076923,64.37692308,80.42307692,73.43846154,63.42307692,63.40769231,79.60769231,61.86923077,77.30769231
420.9374358,61.60769231,67.03076923,66.67692308,66.92307692,60.31538462,62.22307692,66.80769231,61.20769231,62.16923077,58.70769231
421.1453999,61.40769231,69.43076923,75.07692308,77.52307692,71.63846154,73.42307692,70.60769231,78.50769231,64.86923077,66.40769231
421.353352,77.80769231,71.43076923,82.57692308,70.42307692,63.03846154,65.82307692,70.40769231,64.00769231,74.06923077,70.40769231
421.5612921,79.90769231,74.33076923,78.17692308,71.02307692,75.13846154,84.22307692,74.10769231,72.60769231,78.66923077,79.90769231
421.7692202,80.50769231,77.13076923,67.37692308,77.12307692,73.23846154,76.42307692,80.00769231,67.80769231,79.86923077,73.60769231
421.9771364,90.60769231,78.53076923,80.17692308,78.62307692,76.53846154,65.82307692,76.00769231,75.80769231,74.96923077,77.20769231
422.1850405,76.80769231,76.23076923,67.47692308,64.82307692,77.63846154,90.12307692,73.00769231,78.90769231,66.86923077,72.90769231
422.3929327,88.70769231,74.83076923,83.47692308,78.22307692,97.23846154,87.22307692,83.60769231,84.60769231,84.46923077,88.90769231
422.6008128,72.60769231,86.53076923,89.57692308,94.12307692,83.43846154,92.72307692,82.60769231,84.30769231,86.16923077,85.60769231
422.808681,82.50769231,91.93076923,91.57692308,88.82307692,93.03846154,97.02307692,96.80769231,84.90769231,83.86923077,90.10769231
423.0165371,92.70769231,89.53076923,86.07692308,90.92307692,85.23846154,77.12307692,76.90769231,73.60769231,68.46923077,85.70769231
423.2243813,91.40769231,97.83076923,96.77692308,86.52307692,97.73846154,99.22307692,99.70769231,84.30769231,82.26923077,85.10769231
423.4322135,92.10769231,83.13076923,95.57692308,86.52307692,105.3384615,95.12307692,88.30769231,94.10769231,86.36923077,92.60769231
423.6400336,89.60769231,98.33076923,86.67692308,92.22307692,93.43846154,103.3230769,86.70769231,97.10769231,100.9692308,105.0076923
423.8478417,91.90769231,95.13076923,102.1769231,106.4230769,109.5384615,106.2230769,103.8076923,95.50769231,98.06923077,97.00769231
424.0556378,103.9076923,97.33076923,100.6769231,109.3230769,95.83846154,91.12307692,98.50769231,98.30769231,93.26923077,112.1076923
424.2634219,101.7076923,106.3307692,106.7769231,106.1230769,106.3384615,101.4230769,100.0076923,106.7076923,93.46923077,106.4076923
424.471194,106.7076923,110.6307692,108.6769231,112.5230769,99.93846154,114.9230769,112.5076923,103.5076923,112.6692308,101.4076923
424.6789541,109.3076923,110.5307692,116.5769231,107.8230769,112.5384615,106.8230769,112.4076923,109.3076923,103.7692308,113.3076923
424.8867021,111.4076923,126.0307692,124.4769231,119.3230769,102.6384615,111.9230769,109.6076923,109.3076923,107.8692308,107.9076923
425.0944381,119.7076923,115.6307692,104.4769231,120.5230769,117.9384615,112.1230769,107.6076923,117.1076923,110.5692308,122.7076923
425.3021621,112.5076923,136.7307692,116.7769231,116.6230769,128.6384615,124.0230769,126.6076923,122.9076923,111.8692308,124.0076923
425.5098741,114.0076923,119.0307692,134.2769231,125.4230769,122.1384615,114.3230769,112.2076923,111.3076923,121.4692308,120.6076923
425.717574,126.8076923,115.4307692,129.1769231,136.2230769,130.2384615,130.0230769,132.4076923,120.8076923,116.9692308,134.6076923
425.9252619,122.0076923,119.6307692,125.5769231,124.0230769,127.2384615,124.9230769,126.0076923,129.2076923,121.5692308,122.5076923
426.1329377,134.9076923,133.6307692,128.8769231,133.1230769,131.8384615,119.7230769,135.6076923,129.4076923,132.7692308,133.3076923
426.3406015,142.2076923,140.2307692,129.8769231,136.2230769,140.0384615,155.4230769,134.6076923,133.8076923,136.0692308,137.5076923
426.5482533,145.7076923,137.2307692,142.2769231,153.7230769,148.1384615,147.2230769,144.4076923,141.7076923,149.7692308,149.5076923
426.755893,143.2076923,145.3307692,137.8769231,140.9230769,150.8384615,149.1230769,149.1076923,137.9076923,144.4692308,134.7076923
426.9635207,155.4076923,160.8307692,142.5769231,155.6230769,151.2384615,150.8230769,154.7076923,146.2076923,149.5692308,145.6076923
427.1711363,159.1076923,154.9307692,151.0769231,169.5230769,165.5384615,148.9230769,157.3076923,151.2076923,152.3692308,158.1076923
427.3787399,163.3076923,165.7307692,165.3769231,160.3230769,154.4384615,163.1230769,164.6076923,167.6076923,174.4692308,164.9076923
427.5863314,159.9076923,155.6307692,159.9769231,161.2230769,157.9384615,154.2230769,166.3076923,146.7076923,158.2692308,161.4076923
427.7939109,169.3076923,170.9307692,166.0769231,166.1230769,170.8384615,160.5230769,184.1076923,178.9076923,160.1692308,166.6076923
428.0014783,180.1076923,173.8307692,173.6769231,166.7230769,168.5384615,169.7230769,191.9076923,186.0076923,175.0692308,181.9076923
428.2090336,191.0076923,188.9307692,179.0769231,188.1230769,201.1384615,183.6230769,183.9076923,189.2076923,172.5692308,198.7076923
428.4165769,179.2076923,181.6307692,181.3769231,185.9230769,175.1384615,180.9230769,182.3076923,172.1076923,173.1692308,174.6076923
428.6241081,187.2076923,189.4307692,188.4769231,196.6230769,201.6384615,192.8230769,190.4076923,202.0076923,200.9692308,179.9076923
428.8316272,191.3076923,192.7307692,192.9769231,188.6230769,189.5384615,198.8230769,191.2076923,196.4076923,198.1692308,184.4076923
429.0391343,191.9076923,199.3307692,205.0769231,194.4230769,190.9384615,188.1230769,196.9076923,192.6076923,191.0692308,193.1076923
429.2466293,190.0076923,178.4307692,188.8769231,185.2230769,189.8384615,204.3230769,183.6076923,187.4076923,181.7692308,184.4076923
429.4541122,208.3076923,204.7307692,225.1769231,219.6230769,210.2384615,220.4230769,215.1076923,222.5076923,209.2692308,221.5076923
429.661583,223.8076923,220.7307692,227.1769231,220.8230769,225.9384615,231.4230769,220.8076923,221.6076923,226.5692308,228.4076923
429.8690418,210.5076923,217.1307692,209.9769231,217.2230769,211.3384615,208.5230769,219.6076923,209.8076923,215.5692308,214.2076923
430.0764885,219.4076923,229.0307692,232.4769231,231.0230769,220.6384615,218.2230769,230.5076923,228.0076923,225.9692308,215.5076923
430.283923,220.0076923,222.8307692,228.4769231,217.3230769,235.0384615,240.4230769,212.8076923,225.9076923,218.8692308,234.3076923
430.4913455,233.9076923,227.9307692,241.0769231,235.2230769,230.7384615,239.2230769,237.3076923,208.9076923,229.1692308,245.9076923
430.6987559,262.8076923,252.5307692,251.7769231,249.5230769,257.5384615,246.0230769,251.9076923,252.8076923,249.6692308,240.4076923
430.9061543,243.9076923,253.2307692,250.3769231,248.8230769,245.8384615,251.5230769,250.3076923,244.9076923,243.5692308,247.9076923
431.1135405,248.6076923,262.0307692,259.3769231,256.5230769,260.9384615,253.4230769,246.1076923,246.3076923,256.0692308,251.3076923
431.3209146,261.3076923,263.5307692,259.2769231,261.3230769,261.3384615,259.6230769,271.5076923,262.0076923,266.6692308,259.1076923
431.5282766,266.4076923,277.6307692,272.4769231,267.9230769,264.5384615,276.3230769,271.8076923,277.2076923,272.2692308,260.9076923
431.7356265,282.4076923,281.6307692,289.0769231,292.9230769,280.7384615,276.4230769,294.4076923,284.9076923,280.4692308,270.8076923
431.9429643,307.2076923,295.1307692,292.2769231,307.8230769,294.0384615,307.4230769,312.8076923,302.1076923,300.7692308,307.8076923
432.15029,295.3076923,294.3307692,289.7769231,285.4230769,296.9384615,303.6230769,287.6076923,288.6076923,268.0692308,283.8076923
432.3576036,305.5076923,307.9307692,299.7769231,305.3230769,303.0384615,298.0230769,304.2076923,295.2076923,313.2692308,304.1076923
432.5649051,316.5076923,318.2307692,316.4769231,314.3230769,308.7384615,313.3230769,314.7076923,314.8076923,305.0692308,323.9076923
432.7721945,314.5076923,310.6307692,316.8769231,325.8230769,312.4384615,321.3230769,312.0076923,317.1076923,319.4692308,314.7076923
432.9794717,334.0076923,338.1307692,333.0769231,338.2230769,329.6384615,322.4230769,337.7076923,331.2076923,329.3692308,341.6076923
433.1867368,342.2076923,339.1307692,339.1769231,343.6230769,348.2384615,338.9230769,344.7076923,345.4076923,329.6692308,343.7076923
433.3939898,353.3076923,362.4307692,344.9769231,342.3230769,339.8384615,339.5230769,347.6076923,347.0076923,346.5692308,338.0076923
433.6012307,378.6076923,384.3307692,366.4769231,363.4230769,385.9384615,374.3230769,353.0076923,364.4076923,384.4692308,366.5076923
433.8084595,369.0076923,384.6307692,371.6769231,382.0230769,375.8384615,373.1230769,379.1076923,372.9076923,370.4692308,375.6076923
434.0156761,376.4076923,382.7307692,386.3769231,375.2230769,378.5384615,372.9230769,368.9076923,377.6076923,370.7692308,385.0076923
434.2228806,385.9076923,392.1307692,392.3769231,401.1230769,395.5384615,395.7230769,379.9076923,395.3076923,394.1692308,397.4076923
434.4300729,422.5076923,427.6307692,410.1769231,424.9230769,423.9384615,415.9230769,413.9076923,421.4076923,409.2692308,429.5076923
434.6372532,404.4076923,403.4307692,411.6769231,423.5230769,417.6384615,416.8230769,416.9076923,403.7076923,401.0692308,408.7076923
434.8444212,447.2076923,439.2307692,458.5769231,444.9230769,455.7384615,438.3230769,444.1076923,443.7076923,432.6692308,446.3076923
435.0515772,443.1076923,446.2307692,430.1769231,451.3230769,463.8384615,442.3230769,436.4076923,437.0076923,433.2692308,442.8076923
435.258721,448.7076923,448.9307692,442.4769231,449.0230769,445.5384615,444.3230769,454.0076923,457.7076923,453.5692308,439.8076923
435.4658526,442.6076923,453.1307692,465.4769231,468.6230769,446.5384615,454.2230769,458.7076923,440.3076923,449.1692308,447.7076923
435.6729721,465.8076923,467.1307692,452.2769231,469.6230769,445.0384615,449.4230769,458.6076923,452.5076923,457.0692308,463.3076923
435.8800795,474.0076923,489.3307692,488.8769231,485.3230769,482.1384615,475.3230769,482.2076923,478.4076923,476.6692308,475.5076923
436.0871747,509.1076923,501.4307692,523.2769231,512.6230769,515.5384615,506.4230769,515.7076923,514.1076923,501.5692308,513.9076923
436.2942577,525.5076923,525.2307692,529.9769231,522.1230769,521.6384615,530.6230769,523.2076923,528.2076923,504.5692308,521.8076923
436.5013286,525.9076923,522.8307692,517.5769231,512.7230769,528.7384615,514.9230769,519.2076923,512.2076923,516.6692308,523.4076923
436.7083873,506.1076923,515.0307692,521.3769231,521.8230769,527.4384615,527.3230769,516.7076923,527.3076923,518.9692308,510.1076923
436.9154338,533.2076923,552.0307692,553.3769231,536.6230769,537.7384615,549.5230769,542.4076923,553.2076923,531.4692308,550.5076923
437.1224682,573.0076923,552.7307692,552.6769231,571.8230769,570.1384615,571.1230769,561.4076923,568.5076923,565.9692308,579.8076923
437.3294904,572.0076923,577.3307692,576.0769231,571.1230769,580.4384615,568.8230769,573.9076923,556.3076923,567.6692308,574.8076923
437.5365005,594.4076923,606.6307692,613.8769231,601.8230769,608.5384615,591.4230769,600.0076923,582.8076923,600.8692308,609.4076923
437.7434984,591.8076923,616.7307692,613.5769231,604.0230769,618.3384615,606.6230769,622.3076923,614.1076923,609.1692308,618.9076923
437.9504841,604.3076923,617.5307692,608.2769231,607.2230769,592.7384615,614.9230769,600.8076923,602.1076923,617.9692308,608.1076923
438.1574576,645.3076923,649.5307692,663.7769231,658.0230769,640.4384615,637.6230769,657.9076923,642.4076923,646.2692308,657.5076923
438.3644189,670.6076923,675.9307692,668.6769231,682.8230769,668.5384615,670.6230769,670.0076923,682.8076923,669.7692308,675.4076923
438.5713681,672.4076923,672.7307692,682.1769231,679.8230769,691.9384615,692.7230769,682.0076923,686.1076923,681.9692308,684.7076923
438.7783051,689.6076923,703.3307692,689.7769231,679.5230769,694.9384615,696.6230769,689.6076923,691.9076923,681.1692308,679.6076923
438.9852298,740.4076923,741.2307692,753.9769231,742.4230769,746.3384615,743.9230769,728.4076923,732.8076923,719.4692308,743.5076923
439.1921424,739.9076923,711.4307692,721.9769231,719.9230769,723.0384615,717.1230769,728.5076923,719.7076923,724.5692308,724.9076923
439.3990428,757.0076923,747.5307692,750.2769231,762.3230769,769.2384615,758.4230769,757.8076923,758.0076923,752.6692308,739.8076923
439.6059311,753.2076923,750.4307692,746.7769231,749.8230769,743.3384615,744.1230769,752.7076923,747.9076923,745.0692308,750.0076923
439.8128071,808.3076923,813.1307692,800.0769231,790.0230769,814.4384615,790.1230769,804.2076923,800.3076923,792.8692308,796.5076923
440.0196709,845.0076923,846.5307692,843.8769231,853.9230769,845.5384615,848.8230769,836.4076923,851.7076923,837.4692308,839.1076923
440.2265225,845.3076923,857.1307692,845.6769231,842.1230769,839.8384615,838.6230769,854.4076923,837.6076923,829.1692308,838.0076923
440.4333619,821.9076923,843.8307692,843.8769231,850.3230769,838.7384615,847.9230769,846.8076923,841.3076923,841.8692308,820.7076923
440.6401891,869.7076923,874.1307692,870.7769231,885.8230769,866.7384615,862.3230769,877.3076923,875.0076923,881.1692308,868.7076923
440.8470041,860.9076923,864.2307692,875.1769231,872.2230769,853.4384615,878.9230769,867.5076923,865.3076923,873.3692308,860.5076923
441.0538068,901.2076923,897.0307692,899.6769231,902.4230769,888.4384615,900.6230769,892.2076923,871.7076923,902.8692308,884.4076923
441.2605974,945.9076923,950.0307692,961.2769231,963.2230769,942.5384615,960.3230769,949.6076923,951.5076923,953.8692308,962.8076923
441.4673758,935.2076923,934.6307692,939.9769231,969.4230769,950.3384615,953.8230769,929.3076923,942.7076923,947.3692308,944.8076923
441.6741419,973.1076923,981.9307692,976.5769231,968.8230769,979.5384615,995.3230769,974.0076923,980.6076923,970.2692308,966.7076923
441.8808958,1006.007692,1021.230769,1022.876923,1007.823077,1013.038462,1018.123077,1017.207692,1013.007692,996.5692308,1024.807692
442.0876375,1035.307692,1051.330769,1044.376923,1040.923077,1047.738462,1028.423077,1031.407692,1027.507692,1045.569231,1044.007692
442.2943669,1034.607692,1045.930769,1052.676923,1047.723077,1042.138462,1040.223077,1050.707692,1069.407692,1050.469231,1041.707692
442.5010841,1054.307692,1069.030769,1059.476923,1077.923077,1064.338462,1053.423077,1055.207692,1061.907692,1067.269231,1068.007692
442.7077891,1099.807692,1102.230769,1082.276923,1104.823077,1088.138462,1088.823077,1100.607692,1109.407692,1076.169231,1086.807692
442.9144819,1140.807692,1133.330769,1146.676923,1142.823077,1149.238462,1127.323077,1136.207692,1121.507692,1143.969231,1133.607692
443.1211624,1212.007692,1185.830769,1196.876923,1208.023077,1201.438462,1201.623077,1207.407692,1212.207692,1183.869231,1189.207692
443.3278307,1176.507692,1163.430769,1190.276923,1197.423077,1165.738462,1180.223077,1184.807692,1166.007692,1155.969231,1178.507692
443.5344867,1286.207692,1259.630769,1278.876923,1278.923077,1279.838462,1282.723077,1275.007692,1278.007692,1254.469231,1279.107692
443.7411305,1262.307692,1263.130769,1268.876923,1258.423077,1242.338462,1247.623077,1244.207692,1259.807692,1256.469231,1245.407692
443.9477621,1229.707692,1236.030769,1250.576923,1238.423077,1240.438462,1236.623077,1223.607692,1249.307692,1233.369231,1226.807692
444.1543814,1333.907692,1335.730769,1338.376923,1328.423077,1336.938462,1342.323077,1328.107692,1335.907692,1316.369231,1324.907692
444.3609885,1344.307692,1343.430769,1354.576923,1360.023077,1364.638462,1335.223077,1366.207692,1359.207692,1344.769231,1351.707692
444.5675833,1350.907692,1354.230769,1351.976923,1373.223077,1368.338462,1351.323077,1358.107692,1355.107692,1369.669231,1343.607692
444.7741658,1364.407692,1371.830769,1348.476923,1357.923077,1366.538462,1359.523077,1357.007692,1354.907692,1363.469231,1353.607692
444.9807361,1375.107692,1401.530769,1387.076923,1399.923077,1391.938462,1386.423077,1407.207692,1397.907692,1372.269231,1396.307692
445.1872941,1438.607692,1455.930769,1454.076923,1451.323077,1437.038462,1412.723077,1441.007692,1447.507692,1436.869231,1453.807692
445.3938399,1495.807692,1520.630769,1534.976923,1502.623077,1494.038462,1515.023077,1497.607692,1516.707692,1502.069231,1505.707692
445.6003734,1511.007692,1509.130769,1511.076923,1523.823077,1502.138462,1506.323077,1509.707692,1505.007692,1517.869231,1518.907692
445.8068946,1656.907692,1656.730769,1639.676923,1665.823077,1648.738462,1632.723077,1658.107692,1629.907692,1642.069231,1658.607692
446.0134036,1610.407692,1602.530769,1586.376923,1596.123077,1617.038462,1596.323077,1607.407692,1604.007692,1612.669231,1614.307692
446.2199003,1646.107692,1641.230769,1649.476923,1646.823077,1640.438462,1641.123077,1628.107692,1637.407692,1633.269231,1619.807692
446.4263847,1724.707692,1716.530769,1738.376923,1720.523077,1743.238462,1725.723077,1699.707692,1715.107692,1702.769231,1706.607692
446.6328569,1740.207692,1726.030769,1741.376923,1722.223077,1757.138462,1728.723077,1732.307692,1738.107692,1722.769231,1738.707692
446.8393167,1829.407692,1818.430769,1826.676923,1823.023077,1809.338462,1812.923077,1843.207692,1811.507692,1813.969231,1814.907692
447.0457643,1757.707692,1778.930769,1774.476923,1781.223077,1755.938462,1763.623077,1770.107692,1757.507692,1782.069231,1775.607692
447.2521996,1871.807692,1893.530769,1877.676923,1913.523077,1882.138462,1886.723077,1886.007692,1891.607692,1886.669231,1875.107692
447.4586226,1895.507692,1873.830769,1894.376923,1873.223077,1881.638462,1890.323077,1876.107692,1876.807692,1885.769231,1883.707692
447.6650333,1894.107692,1902.430769,1901.376923,1908.423077,1912.138462,1902.023077,1908.607692,1903.007692,1898.469231,1913.307692
447.8714318,1996.007692,2006.130769,2011.676923,2018.223077,2015.338462,2009.423077,2026.907692,2022.707692,2017.269231,2048.407692
448.0778179,2088.807692,2149.830769,2133.776923,2126.123077,2128.238462,2117.623077,2107.307692,2133.007692,2126.569231,2108.007692
448.2841917,2038.307692,2037.730769,2032.276923,2052.123077,2038.938462,2032.923077,2040.807692,2042.907692,2021.469231,2036.407692
448.4905533,2100.207692,2084.530769,2068.376923,2114.823077,2099.738462,2076.523077,2049.907692,2109.507692,2110.169231,2092.707692
448.6969025,2191.907692,2199.830769,2188.476923,2190.823077,2204.938462,2178.923077,2189.907692,2178.207692,2168.369231,2182.607692
448.9032394,2212.407692,2201.530769,2256.476923,2223.423077,2240.438462,2211.423077,2222.607692,2229.707692,2214.769231,2244.707692
449.1095641,2273.107692,2263.230769,2275.676923,2305.523077,2277.138462,2280.623077,2284.707692,2271.107692,2273.669231,2255.407692
449.3158764,2279.507692,2306.230769,2278.276923,2283.323077,2277.738462,2295.623077,2300.907692,2276.807692,2281.269231,2271.107692
449.5221764,2349.507692,2336.230769,2328.576923,2366.023077,2372.838462,2339.423077,2352.607692,2335.207692,2346.369231,2367.607692
449.7284641,2428.007692,2413.830769,2423.376923,2430.123077,2421.538462,2407.223077,2420.407692,2411.807692,2394.269231,2431.807692
449.9347395,2416.007692,2440.430769,2440.676923,2428.623077,2406.838462,2414.323077,2431.307692,2421.607692,2410.369231,2401.307692
450.1410025,2462.607692,2470.430769,2503.876923,2478.123077,2476.138462,2485.723077,2462.507692,2490.207692,2483.169231,2468.107692
450.3472533,2562.407692,2548.430769,2550.176923,2550.323077,2566.438462,2546.223077,2541.307692,2528.807692,2535.369231,2558.307692
450.5534917,2488.707692,2475.130769,2482.776923,2465.823077,2511.838462,2491.523077,2512.307692,2483.607692,2494.369231,2496.307692
450.7597178,2551.907692,2540.830769,2557.376923,2542.723077,2524.538462,2547.223077,2528.407692,2562.607692,2540.669231,2552.807692
450.9659315,2669.507692,2663.330769,2697.476923,2676.523077,2699.738462,2690.323077,2683.907692,2663.807692,2679.669231,2693.607692
451.172133,2653.407692,2644.030769,2675.176923,2639.023077,2648.538462,2651.623077,2637.207692,2640.507692,2661.669231,2649.107692
451.3783221,2771.007692,2774.630769,2747.376923,2750.023077,2778.638462,2763.523077,2766.107692,2761.407692,2760.569231,2792.907692
451.5844988,2740.307692,2725.130769,2736.376923,2747.023077,2745.138462,2741.223077,2739.107692,2752.807692,2755.469231,2733.107692
451.7906633,2777.607692,2775.330769,2827.876923,2794.723077,2806.738462,2806.923077,2821.907692,2800.507692,2769.669231,2785.407692
451.9968153,2826.007692,2809.630769,2783.976923,2799.823077,2799.738462,2781.123077,2808.307692,2835.907692,2812.869231,2783.607692
452.2029551,2928.707692,2909.030769,2876.676923,2901.923077,2901.438462,2891.523077,2894.407692,2909.407692,2881.369231,2900.107692
452.4090825,2974.807692,2947.830769,2969.176923,2946.123077,2971.238462,2966.823077,2965.507692,2966.707692,2994.669231,2975.707692
452.6151975,2898.407692,2923.830769,2927.676923,2942.223077,2926.838462,2944.123077,2930.907692,2916.507692,2922.469231,2934.307692
452.8213002,2913.107692,2918.930769,2919.676923,2927.623077,2916.438462,2927.023077,2900.707692,2914.907692,2892.669231,2928.707692
453.0273906,2840.207692,2876.530769,2886.476923,2868.723077,2873.438462,2866.923077,2889.207692,2870.007692,2851.269231,2880.707692
453.2334686,3023.707692,3051.030769,3016.076923,3027.023077,3039.638462,3026.623077,3045.407692,3045.407692,3018.469231,3039.207692
453.4395342,2987.707692,2975.730769,2979.876923,2985.723077,2983.938462,2989.123077,2985.007692,3004.607692,2975.069231,2983.407692
453.6455875,3025.407692,3002.030769,3015.976923,3031.123077,3014.938462,3024.323077,3042.707692,3013.907692,3022.069231,3033.507692
453.8516284,3054.907692,3034.330769,3055.676923,3057.523077,3084.738462,3051.923077,3055.807692,3057.007692,3069.169231,3035.107692
454.057657,3111.007692,3117.130769,3131.776923,3154.123077,3118.138462,3146.323077,3129.207692,3114.207692,3100.569231,3122.407692
454.2636732,3096.307692,3077.230769,3104.076923,3053.923077,3107.338462,3110.023077,3112.907692,3077.807692,3079.369231,3089.907692
454.469677,3175.107692,3158.430769,3153.876923,3166.023077,3148.438462,3147.523077,3182.507692,3159.307692,3180.969231,3155.207692
454.6756684,3111.807692,3127.930769,3095.976923,3092.823077,3116.438462,3096.523077,3110.107692,3109.807692,3104.669231,3105.307692
454.8816475,3255.707692,3265.230769,3279.976923,3301.723077,3265.838462,3275.423077,3255.207692,3295.807692,3260.569231,3280.007692
455.0876142,3043.707692,3042.330769,3052.976923,3044.623077,3050.238462,3043.823077,3053.707692,3045.307692,3043.869231,3054.007692
455.2935685,3102.807692,3100.530769,3072.776923,3093.823077,3087.438462,3098.023077,3092.907692,3086.907692,3085.369231,3090.907692
455.4995105,3205.807692,3194.730769,3198.776923,3219.823077,3210.338462,3212.323077,3186.707692,3210.307692,3210.669231,3180.107692
455.70544,3192.607692,3188.030769,3154.876923,3181.823077,3191.638462,3199.023077,3193.707692,3191.707692,3192.069231,3187.307692
455.9113572,3146.507692,3119.430769,3096.776923,3125.223077,3132.438462,3131.423077,3130.107692,3134.207692,3111.169231,3117.307692
456.117262,3097.507692,3090.230769,3067.276923,3098.723077,3103.238462,3102.723077,3108.007692,3118.907692,3110.469231,3102.507692
456.3231543,3101.307692,3104.030769,3097.876923,3125.223077,3098.238462,3105.523077,3103.907692,3116.407692,3114.269231,3123.307692
456.5290343,3038.807692,3037.330769,3021.976923,3037.223077,3034.138462,3007.623077,3019.907692,3012.207692,3009.969231,3045.107692
456.7349019,3155.207692,3166.030769,3152.176923,3163.623077,3146.838462,3146.223077,3150.207692,3148.507692,3151.669231,3171.607692
456.9407571,3109.507692,3123.530769,3127.576923,3132.023077,3100.638462,3117.423077,3108.207692,3122.607692,3090.169231,3112.607692
457.1465999,3100.007692,3086.330769,3080.476923,3109.823077,3112.038462,3084.123077,3087.007692,3081.007692,3084.469231,3096.107692
457.3524303,3016.107692,3013.030769,3014.676923,3029.523077,3035.238462,3020.023077,3042.107692,3026.407692,3038.169231,3016.807692
457.5582483,2970.707692,2983.730769,2973.776923,2981.323077,3011.938462,2971.223077,3017.607692,2984.907692,3008.769231,3001.007692
457.7640539,3038.107692,3024.730769,3041.176923,3019.823077,3037.038462,3040.323077,3054.007692,3051.607692,3020.469231,3047.507692
457.9698471,3003.907692,2991.930769,3024.276923,3021.323077,3011.438462,3000.723077,3000.207692,3000.807692,3017.969231,2981.907692
458.1756278,2954.707692,2971.330769,2995.976923,2978.523077,2998.038462,2978.923077,2973.507692,2960.707692,2981.469231,2989.707692
458.3813962,2969.407692,2995.530769,2991.676923,2998.523077,2972.438462,2995.023077,2989.207692,2982.507692,3000.569231,2958.707692
458.5871521,2882.207692,2881.930769,2880.476923,2877.223077,2866.338462,2876.223077,2892.907692,2867.107692,2884.369231,2888.607692
458.7928956,2970.307692,2937.730769,2932.076923,2932.023077,2958.238462,2944.123077,2933.507692,2959.207692,2966.269231,2921.807692
458.9986267,2742.407692,2751.130769,2760.976923,2783.723077,2767.438462,2778.923077,2745.907692,2762.607692,2761.869231,2744.807692
459.2043454,2989.907692,3025.630769,2994.676923,3004.123077,3022.638462,3026.323077,3000.007692,3032.107692,3029.869231,3018.607692
459.4100516,2965.407692,2990.430769,2994.276923,2989.523077,2985.738462,2996.023077,2980.907692,2991.807692,2968.169231,2968.407692
459.6157454,2783.807692,2792.730769,2795.576923,2792.723077,2805.638462,2781.423077,2773.807692,2787.307692,2798.569231,2785.107692
459.8214268,2856.907692,2825.430769,2821.676923,2795.723077,2812.838462,2816.323077,2814.407692,2818.307692,2831.869231,2836.007692
460.0270957,2869.807692,2849.930769,2853.276923,2870.323077,2852.038462,2861.923077,2859.907692,2861.307692,2852.169231,2855.707692
460.2327522,2836.907692,2806.530769,2819.276923,2830.223077,2839.138462,2819.723077,2846.907692,2850.207692,2830.569231,2840.007692
460.4383963,2714.307692,2704.830769,2698.076923,2707.323077,2721.138462,2718.323077,2705.507692,2706.707692,2709.569231,2713.007692
460.6440279,2782.307692,2759.730769,2761.276923,2790.223077,2766.238462,2764.023077,2767.407692,2764.907692,2764.269231,2760.007692
460.8496471,2668.307692,2666.830769,2662.076923,2665.523077,2682.038462,2670.423077,2667.407692,2699.107692,2677.569231,2711.407692
461.0552538,2610.107692,2636.530769,2615.676923,2641.723077,2634.538462,2640.223077,2626.507692,2637.207692,2620.069231,2620.307692
461.2608481,2661.907692,2644.730769,2668.676923,2644.223077,2657.838462,2656.223077,2666.907692,2669.007692,2649.269231,2655.007692
461.46643,2481.207692,2474.330769,2486.076923,2503.623077,2494.638462,2484.123077,2502.607692,2479.307692,2505.869231,2493.507692
461.6719993,2440.307692,2455.530769,2414.376923,2440.323077,2450.838462,2438.923077,2436.507692,2450.907692,2448.669231,2447.607692
461.8775563,2616.407692,2591.530769,2603.976923,2598.923077,2622.638462,2609.923077,2620.607692,2617.107692,2584.869231,2623.807692
462.0831007,2463.707692,2451.530769,2447.476923,2460.923077,2440.238462,2429.123077,2453.307692,2459.507692,2464.269231,2447.807692
462.2886327,2404.707692,2387.630769,2394.276923,2396.523077,2400.038462,2388.223077,2391.107692,2411.207692,2394.569231,2403.307692
462.4941523,2407.407692,2398.030769,2405.576923,2388.223077,2379.538462,2402.223077,2421.307692,2396.707692,2406.669231,2407.707692
462.6996593,2315.307692,2335.030769,2317.576923,2320.223077,2334.738462,2325.923077,2342.107692,2340.107692,2310.669231,2326.807692
462.9051539,2265.507692,2275.630769,2275.676923,2278.923077,2281.638462,2282.723077,2273.707692,2261.507692,2271.769231,2280.607692
463.1106361,2368.907692,2369.130769,2378.376923,2377.823077,2372.238462,2370.823077,2381.107692,2373.907692,2379.569231,2379.107692
463.3161057,2420.607692,2411.530769,2424.976923,2432.023077,2421.838462,2410.723077,2413.307692,2428.407692,2420.669231,2418.407692
463.5215629,2381.407692,2346.630769,2343.976923,2379.923077,2370.338462,2367.923077,2367.507692,2373.007692,2381.869231,2375.607692
463.7270076,2439.007692,2413.830769,2439.476923,2410.823077,2427.238462,2441.723077,2428.207692,2430.907692,2428.669231,2451.707692
463.9324399,2433.307692,2446.030769,2438.176923,2454.323077,2449.838462,2427.623077,2440.607692,2438.107692,2438.769231,2449.507692
464.1378596,2440.607692,2472.130769,2460.976923,2456.123077,2462.038462,2475.523077,2454.007692,2465.107692,2469.869231,2466.907692
464.3432669,2464.407692,2455.930769,2457.076923,2452.623077,2468.238462,2447.223077,2466.107692,2460.807692,2444.869231,2468.107692
464.5486616,2369.907692,2361.430769,2405.476923,2380.823077,2398.938462,2391.623077,2385.807692,2394.307692,2407.469231,2385.807692
464.7540439,2477.307692,2465.830769,2484.776923,2485.423077,2471.738462,2494.823077,2489.807692,2488.807692,2480.869231,2473.907692
464.9594137,2461.507692,2445.830769,2455.176923,2492.423077,2452.738462,2462.323077,2458.907692,2451.707692,2447.069231,2458.907692
465.164771,2485.207692,2499.230769,2496.176923,2507.623077,2521.138462,2514.123077,2496.207692,2486.907692,2498.269231,2521.007692
465.3701158,2404.907692,2361.930769,2363.676923,2370.523077,2389.038462,2389.723077,2368.107692,2381.807692,2382.769231,2379.607692
465.5754481,2376.707692,2364.630769,2360.276923,2360.023077,2363.438462,2365.923077,2354.707692,2368.407692,2368.869231,2359.407692
465.7807679,2441.807692,2428.530769,2450.476923,2462.623077,2474.338462,2445.423077,2466.007692,2431.907692,2437.169231,2436.907692
465.9860752,2471.907692,2497.030769,2477.876923,2461.823077,2503.138462,2484.823077,2467.807692,2476.207692,2464.869231,2481.807692
466.19137,2408.907692,2412.230769,2419.276923,2429.123077,2415.038462,2417.023077,2446.307692,2427.707692,2411.469231,2444.307692
466.3966523,2372.707692,2400.930769,2402.276923,2384.623077,2403.438462,2409.523077,2382.807692,2412.407692,2392.969231,2389.007692
466.601922,2289.407692,2291.130769,2277.776923,2295.323077,2294.938462,2270.723077,2298.407692,2289.807692,2273.469231,2290.507692
466.8071793,2403.607692,2389.530769,2375.176923,2387.223077,2382.138462,2370.223077,2388.007692,2380.607692,2365.869231,2379.607692
467.012424,2415.007692,2391.930769,2412.476923,2417.923077,2382.838462,2408.823077,2383.207692,2390.107692,2393.969231,2400.307692
467.2176562,2379.707692,2362.530769,2372.576923,2382.623077,2378.038462,2402.923077,2393.407692,2371.007692,2356.469231,2366.907692
467.4228759,2421.707692,2431.530769,2404.376923,2416.323077,2426.738462,2438.023077,2430.307692,2422.307692,2409.469231,2433.807692
467.6280831,2451.807692,2429.730769,2409.076923,2422.523077,2419.038462,2422.823077,2445.507692,2432.807692,2415.869231,2435.107692
467.8332777,2559.207692,2552.830769,2529.176923,2519.423077,2542.938462,2562.123077,2551.007692,2533.507692,2569.069231,2553.007692
468.0384599,2443.007692,2449.330769,2433.076923,2456.223077,2453.038462,2443.823077,2450.507692,2463.607692,2462.469231,2439.207692
468.2436294,2397.407692,2383.230769,2406.176923,2417.023077,2387.238462,2367.223077,2385.607692,2387.607692,2401.069231,2380.907692
468.4487865,2473.007692,2481.030769,2502.876923,2471.923077,2496.338462,2477.923077,2484.307692,2494.707692,2495.569231,2486.207692
468.653931,2450.607692,2419.730769,2427.576923,2444.423077,2463.138462,2439.623077,2443.107692,2446.307692,2460.569231,2465.907692
468.859063,2448.407692,2461.230769,2441.476923,2480.223077,2476.338462,2485.823077,2478.907692,2447.407692,2468.469231,2463.407692
469.0641824,2461.707692,2452.630769,2464.676923,2453.323077,2468.738462,2450.823077,2440.707692,2459.107692,2461.569231,2446.007692
469.2692893,2379.307692,2378.330769,2359.376923,2361.223077,2386.238462,2353.223077,2355.807692,2352.907692,2361.769231,2369.807692
469.4743837,2414.607692,2431.430769,2413.376923,2440.723077,2425.338462,2423.223077,2423.407692,2417.007692,2446.169231,2403.307692
469.6794655,2458.507692,2460.630769,2440.076923,2468.023077,2483.638462,2478.123077,2475.207692,2463.507692,2450.769231,2464.007692
469.8845347,2429.607692,2416.930769,2424.476923,2416.723077,2437.838462,2426.323077,2426.907692,2429.307692,2419.769231,2414.007692
470.0895914,2472.307692,2468.830769,2477.976923,2476.223077,2460.838462,2501.023077,2446.907692,2456.207692,2475.969231,2454.307692
470.2946355,2459.507692,2459.630769,2464.376923,2440.123077,2475.038462,2476.523077,2470.707692,2479.907692,2477.669231,2452.107692
470.4996671,2413.507692,2407.330769,2425.776923,2415.423077,2390.338462,2403.023077,2405.607692,2411.107692,2424.169231,2415.407692
470.7046861,2489.507692,2468.130769,2457.576923,2437.423077,2448.238462,2450.323077,2458.807692,2459.607692,2437.669231,2472.407692
470.9096926,2438.907692,2419.830769,2418.376923,2426.323077,2419.038462,2432.823077,2439.907692,2436.007692,2435.469231,2448.807692
471.1146865,2429.207692,2405.430769,2406.276923,2416.723077,2419.938462,2417.823077,2430.707692,2427.607692,2399.669231,2417.707692
471.3196678,2490.307692,2468.830769,2485.476923,2486.023077,2473.038462,2470.423077,2471.007692,2476.007692,2495.069231,2483.107692
471.5246366,2489.707692,2462.930769,2466.076923,2455.423077,2477.838462,2442.523077,2455.507692,2466.407692,2455.569231,2483.307692
471.7295928,2445.807692,2435.130769,2453.276923,2448.023077,2451.238462,2431.423077,2443.207692,2439.907692,2440.269231,2446.207692
471.9345364,2456.207692,2442.330769,2421.676923,2414.423077,2428.838462,2460.323077,2456.307692,2453.207692,2432.669231,2450.307692
472.1394674,2411.707692,2397.030769,2405.276923,2400.123077,2405.538462,2413.323077,2412.207692,2415.307692,2387.969231,2407.607692
472.3443859,2456.307692,2440.830769,2433.376923,2441.923077,2420.638462,2443.623077,2426.007692,2421.807692,2434.069231,2447.107692
472.5492918,2406.207692,2389.230769,2401.176923,2393.623077,2395.438462,2399.023077,2395.607692,2391.507692,2411.469231,2408.007692
472.754185,2410.407692,2417.530769,2427.276923,2446.623077,2434.438462,2407.323077,2424.307692,2444.907692,2428.469231,2440.907692
472.9590657,2413.507692,2388.330769,2396.476923,2397.323077,2381.938462,2382.223077,2384.407692,2407.007692,2384.469231,2387.207692
473.1639339,2375.707692,2361.730769,2382.776923,2369.623077,2379.638462,2351.623077,2373.407692,2379.507692,2384.969231,2384.207692
473.3687894,2353.007692,2332.330769,2331.476923,2347.523077,2353.538462,2361.023077,2366.707692,2379.207692,2360.969231,2350.807692
473.5736323,2442.207692,2441.730769,2426.776923,2437.723077,2444.738462,2426.323077,2460.907692,2443.307692,2430.169231,2460.607692
473.7784626,2433.207692,2426.930769,2435.876923,2417.523077,2446.138462,2437.123077,2451.107692,2436.707692,2427.069231,2459.407692
473.9832804,2428.707692,2401.930769,2427.776923,2433.823077,2425.738462,2421.223077,2426.107692,2424.207692,2438.169231,2415.807692
474.1880855,2433.007692,2455.830769,2431.576923,2455.923077,2434.238462,2444.423077,2422.007692,2432.407692,2449.669231,2469.507692
474.392878,2367.007692,2363.830769,2367.376923,2357.823077,2377.338462,2352.223077,2377.607692,2361.207692,2364.269231,2392.807692
474.597658,2392.007692,2393.730769,2388.776923,2398.523077,2381.738462,2401.423077,2415.707692,2405.207692,2389.169231,2391.607692
474.8024253,2380.407692,2377.830769,2366.776923,2386.523077,2360.438462,2370.223077,2374.407692,2385.907692,2373.869231,2361.207692
475.00718,2405.807692,2416.130769,2409.476923,2418.023077,2394.638462,2417.523077,2410.007692,2420.907692,2415.969231,2406.007692
475.2119221,2423.107692,2421.530769,2450.676923,2437.023077,2441.738462,2412.723077,2414.307692,2423.107692,2419.869231,2434.907692
475.4166515,2327.807692,2312.830769,2339.576923,2343.023077,2322.538462,2357.723077,2325.607692,2344.107692,2368.969231,2356.107692
475.6213684,2357.307692,2356.330769,2371.976923,2370.523077,2340.438462,2362.623077,2354.807692,2371.207692,2332.969231,2329.707692
475.8260726,2388.307692,2360.430769,2346.876923,2367.423077,2355.638462,2384.523077,2349.307692,2376.707692,2364.669231,2360.707692
476.0307642,2364.607692,2353.330769,2361.176923,2379.523077,2368.538462,2364.223077,2357.607692,2356.507692,2360.469231,2371.807692
476.2354432,2333.307692,2307.230769,2333.576923,2323.423077,2350.138462,2337.823077,2339.507692,2333.607692,2334.569231,2353.807692
476.4401096,2382.507692,2372.530769,2390.576923,2380.223077,2383.538462,2374.623077,2365.907692,2378.807692,2393.069231,2390.407692
476.6447633,2362.207692,2331.330769,2344.976923,2321.023077,2337.838462,2343.923077,2339.207692,2350.107692,2366.669231,2338.707692
476.8494044,2393.807692,2411.030769,2383.676923,2383.223077,2404.738462,2392.323077,2392.007692,2420.407692,2398.169231,2406.207692
477.0540329,2374.807692,2391.230769,2391.976923,2382.223077,2367.338462,2371.023077,2388.607692,2383.107692,2365.869231,2396.907692
477.2586487,2390.507692,2384.430769,2403.776923,2369.623077,2398.438462,2375.223077,2385.307692,2376.507692,2377.869231,2403.807692
477.4632519,2403.607692,2385.230769,2369.776923,2394.923077,2388.838462,2398.523077,2396.907692,2394.407692,2383.169231,2392.707692
477.6678424,2348.207692,2315.030769,2360.676923,2334.123077,2332.438462,2337.023077,2362.907692,2346.407692,2346.469231,2321.507692
477.8724203,2388.107692,2403.030769,2390.776923,2394.023077,2407.338462,2391.923077,2403.207692,2398.207692,2384.869231,2380.107692
478.0769856,2379.407692,2388.330769,2371.576923,2382.523077,2375.438462,2387.223077,2393.007692,2393.307692,2387.469231,2393.507692
478.2815382,2339.707692,2359.930769,2355.276923,2364.123077,2341.538462,2347.723077,2340.407692,2338.207692,2357.169231,2355.907692
478.4860781,2341.507692,2343.630769,2357.876923,2348.023077,2364.638462,2340.823077,2340.607692,2355.307692,2366.669231,2340.007692
478.6906054,2358.307692,2366.730769,2354.976923,2358.523077,2351.738462,2345.723077,2349.907692,2340.307692,2346.069231,2355.607692
478.89512,2373.007692,2365.030769,2390.276923,2365.123077,2387.138462,2372.023077,2377.407692,2376.607692,2348.069231,2349.307692
479.099622,2356.507692,2356.230769,2349.576923,2359.723077,2372.038462,2351.023077,2372.407692,2363.407692,2349.069231,2361.607692
479.3041113,2373.407692,2381.930769,2382.476923,2354.723077,2368.238462,2396.523077,2374.607692,2390.407692,2388.369231,2375.407692
479.508588,2342.207692,2343.130769,2338.176923,2338.523077,2343.538462,2342.923077,2342.607692,2345.807692,2326.369231,2358.707692
479.713052,2419.607692,2428.030769,2395.476923,2424.123077,2409.938462,2400.323077,2423.907692,2425.307692,2414.869231,2408.407692
479.9175033,2376.607692,2375.330769,2394.476923,2369.823077,2368.338462,2363.623077,2379.007692,2374.707692,2365.169231,2370.407692
480.1219419,2347.807692,2331.830769,2355.976923,2358.123077,2347.638462,2358.223077,2354.607692,2380.407692,2364.469231,2345.707692
480.3263679,2431.907692,2411.430769,2413.976923,2422.523077,2416.738462,2423.223077,2411.607692,2411.307692,2414.769231,2437.507692
480.5307812,2408.707692,2439.630769,2434.876923,2415.823077,2407.738462,2439.723077,2436.707692,2431.107692,2416.069231,2447.207692
480.7351818,2399.007692,2401.230769,2429.076923,2416.423077,2412.838462,2421.723077,2394.907692,2401.707692,2399.469231,2402.407692
480.9395698,2410.907692,2427.630769,2423.876923,2429.123077,2446.938462,2415.823077,2432.907692,2422.307692,2401.269231,2448.707692
481.143945,2484.007692,2506.430769,2488.976923,2501.423077,2491.938462,2483.323077,2477.707692,2475.307692,2479.769231,2504.307692
481.3483076,2418.607692,2397.630769,2412.676923,2418.723077,2405.238462,2425.123077,2410.007692,2449.307692,2417.069231,2427.007692
481.5526575,2471.907692,2467.930769,2480.576923,2454.623077,2466.738462,2451.123077,2479.407692,2479.807692,2470.069231,2479.607692
481.7569947,2427.107692,2428.030769,2427.576923,2435.823077,2453.638462,2448.323077,2422.807692,2464.407692,2435.569231,2451.607692
481.9613191,2502.407692,2510.530769,2509.076923,2509.923077,2508.038462,2491.223077,2500.207692,2508.107692,2516.169231,2489.107692
482.1656309,2513.507692,2517.130769,2541.776923,2532.323077,2538.738462,2524.623077,2535.507692,2557.107692,2530.969231,2524.007692
482.36993,2529.907692,2531.530769,2534.176923,2547.023077,2526.638462,2521.923077,2554.107692,2534.107692,2520.969231,2532.707692
482.5742165,2504.807692,2515.430769,2514.376923,2519.023077,2507.038462,2521.323077,2512.607692,2501.107692,2516.369231,2510.507692
482.7784901,2515.307692,2525.530769,2536.176923,2548.423077,2514.638462,2541.623077,2525.307692,2533.407692,2526.069231,2544.407692
482.9827511,2592.607692,2585.630769,2581.876923,2581.723077,2600.038462,2576.823077,2606.807692,2576.707692,2576.069231,2615.607692
483.1869994,2565.407692,2577.830769,2577.076923,2550.223077,2583.238462,2574.823077,2563.007692,2557.007692,2582.969231,2563.407692
483.391235,2627.707692,2616.330769,2601.276923,2609.123077,2621.238462,2634.923077,2621.507692,2618.107692,2600.069231,2636.607692
483.5954579,2611.707692,2607.930769,2597.576923,2607.023077,2589.838462,2600.923077,2604.307692,2626.007692,2596.569231,2611.507692
483.799668,2609.107692,2586.530769,2615.576923,2606.023077,2599.838462,2609.323077,2616.807692,2609.007692,2610.869231,2612.007692
484.0038654,2653.307692,2629.730769,2659.476923,2658.823077,2629.338462,2668.623077,2657.207692,2655.307692,2656.469231,2677.907692
484.2080502,2711.007692,2682.030769,2690.676923,2705.823077,2690.938462,2709.623077,2686.207692,2674.607692,2694.369231,2684.007692
484.4122222,2679.107692,2673.230769,2667.576923,2678.823077,2707.138462,2674.823077,2651.807692,2663.807692,2670.469231,2684.507692
484.6163814,2715.907692,2687.030769,2697.976923,2714.423077,2700.838462,2689.923077,2708.007692,2712.107692,2698.669231,2698.307692
484.820528,2716.907692,2748.930769,2723.976923,2729.323077,2733.038462,2720.223077,2762.507692,2738.707692,2744.869231,2738.207692
485.0246618,2723.607692,2706.030769,2712.076923,2720.023077,2724.538462,2707.623077,2731.207692,2737.107692,2696.369231,2704.207692
485.2287828,2802.007692,2806.230769,2803.376923,2791.623077,2809.238462,2785.623077,2777.207692,2792.607692,2768.569231,2800.307692
485.4328912,2763.107692,2774.930769,2739.976923,2746.623077,2779.538462,2780.023077,2769.807692,2772.507692,2757.669231,2757.607692
485.6369868,2829.707692,2811.030769,2836.276923,2838.423077,2828.538462,2812.023077,2811.007692,2797.507692,2813.969231,2815.407692
485.8410697,2782.707692,2809.730769,2798.776923,2818.623077,2814.038462,2785.523077,2785.007692,2817.407692,2800.969231,2790.107692
486.0451398,2801.007692,2827.730769,2824.176923,2815.123077,2819.038462,2815.023077,2823.707692,2793.407692,2783.669231,2832.507692
486.2491972,2841.807692,2838.130769,2842.276923,2860.623077,2889.138462,2857.123077,2867.907692,2855.407692,2866.069231,2840.207692
486.4532418,2852.007692,2854.930769,2850.976923,2879.823077,2852.838462,2873.923077,2855.807692,2867.207692,2866.669231,2872.907692
486.6572737,2903.607692,2895.030769,2911.276923,2887.123077,2888.238462,2897.523077,2894.607692,2873.007692,2908.669231,2898.407692
486.8612928,2935.307692,2944.530769,2970.476923,2936.823077,2938.338462,2955.623077,2922.107692,2942.707692,2928.169231,2931.507692
487.0652992,2871.807692,2876.730769,2865.676923,2865.223077,2880.838462,2855.023077,2884.607692,2879.807692,2888.669231,2853.307692
487.2692928,2941.907692,2925.430769,2932.476923,2918.823077,2947.438462,2940.023077,2960.607692,2925.707692,2941.469231,2935.507692
487.4732737,2912.307692,2922.130769,2975.676923,2921.723077,2956.038462,2921.923077,2937.907692,2925.207692,2918.869231,2961.807692
487.6772418,2985.707692,2998.230769,3005.076923,2993.923077,2992.638462,2994.123077,3014.107692,2996.507692,2997.169231,2989.707692
487.8811972,3015.807692,3014.930769,3016.876923,3015.123077,3035.538462,3033.223077,3027.607692,3012.107692,3020.369231,3016.507692
488.0851397,2994.907692,3000.130769,3021.676923,3003.623077,3024.538462,3018.523077,2999.007692,3002.307692,3015.269231,2988.707692
488.2890695,3044.407692,3076.730769,3034.076923,3044.723077,3051.038462,3042.823077,3091.607692,3060.007692,3057.369231,3055.607692
488.4929866,3063.207692,3083.430769,3043.776923,3052.823077,3092.838462,3113.423077,3083.307692,3064.507692,3061.869231,3051.107692
488.6968909,3098.107692,3087.330769,3084.276923,3109.323077,3086.338462,3080.623077,3092.907692,3084.107692,3098.069231,3106.207692
488.9007823,3123.507692,3125.830769,3112.976923,3112.923077,3093.838462,3095.623077,3110.807692,3110.507692,3101.869231,3089.907692
489.1046611,3125.407692,3122.630769,3130.576923,3124.023077,3134.538462,3114.123077,3125.207692,3131.807692,3132.169231,3165.507692
489.308527,3154.707692,3164.430769,3156.476923,3161.923077,3173.438462,3192.323077,3179.507692,3150.607692,3171.169231,3153.207692
489.5123801,3206.607692,3189.330769,3203.876923,3202.323077,3189.938462,3183.223077,3213.307692,3174.007692,3181.869231,3176.907692
489.7162205,3200.407692,3203.330769,3202.576923,3215.223077,3222.438462,3207.023077,3201.807692,3203.507692,3213.269231,3214.307692
489.9200481,3217.907692,3212.330769,3253.376923,3236.623077,3217.538462,3215.723077,3222.107692,3224.207692,3218.669231,3206.307692
490.1238629,3212.907692,3195.330769,3252.176923,3223.323077,3222.138462,3241.423077,3216.607692,3227.807692,3238.469231,3237.107692
490.3276649,3308.707692,3312.130769,3319.876923,3312.823077,3305.638462,3342.223077,3292.007692,3315.707692,3278.569231,3315.107692
490.5314541,3272.107692,3276.030769,3295.276923,3312.723077,3284.138462,3279.323077,3282.107692,3303.307692,3281.769231,3278.907692
490.7352305,3338.707692,3329.430769,3364.676923,3335.523077,3341.938462,3327.323077,3305.807692,3301.007692,3341.669231,3342.507692
490.9389941,3349.207692,3355.830769,3370.976923,3356.323077,3370.438462,3352.723077,3365.707692,3368.507692,3348.069231,3363.807692
491.1427449,3350.707692,3329.130769,3367.176923,3361.023077,3386.538462,3351.423077,3366.507692,3363.507692,3338.669231,3357.607692
491.3464829,3383.507692,3362.530769,3366.476923,3370.023077,3341.638462,3358.023077,3409.707692,3377.807692,3340.769231,3378.407692
491.5502081,3431.507692,3425.730769,3446.176923,3464.523077,3440.338462,3432.723077,3450.107692,3439.107692,3434.469231,3458.207692
491.7539205,3448.607692,3427.130769,3466.776923,3431.823077,3446.638462,3446.723077,3441.207692,3438.607692,3450.169231,3476.107692
491.95762,3493.507692,3486.730769,3486.376923,3470.523077,3468.138462,3465.623077,3485.907692,3479.507692,3463.769231,3503.707692
492.1613068,3480.507692,3486.830769,3477.076923,3482.923077,3505.738462,3480.223077,3475.207692,3494.907692,3506.169231,3497.807692
492.3649807,3504.807692,3496.030769,3532.776923,3547.823077,3531.538462,3520.023077,3531.907692,3534.107692,3535.969231,3519.807692
492.5686419,3510.707692,3516.230769,3529.876923,3528.423077,3528.838462,3515.023077,3520.907692,3502.607692,3500.569231,3525.507692
492.7722902,3564.907692,3526.930769,3553.176923,3546.123077,3534.638462,3541.223077,3565.207692,3536.207692,3558.069231,3532.007692
492.9759257,3597.307692,3598.730769,3571.276923,3587.023077,3620.038462,3571.423077,3584.807692,3582.007692,3593.069231,3579.407692
493.1795483,3613.207692,3624.530769,3612.776923,3617.923077,3606.838462,3611.523077,3606.407692,3590.807692,3647.269231,3612.407692
493.3831581,3683.407692,3671.830769,3669.176923,3679.523077,3648.838462,3666.623077,3653.207692,3686.007692,3664.769231,3663.407692
493.5867551,3686.107692,3691.730769,3691.376923,3697.523077,3710.638462,3692.823077,3709.207692,3704.807692,3700.869231,3739.507692
493.7903393,3726.707692,3720.730769,3740.576923,3730.423077,3723.838462,3710.823077,3716.407692,3735.807692,3723.869231,3739.007692
493.9939106,3681.507692,3694.830769,3674.776923,3688.823077,3691.238462,3686.123077,3688.007692,3669.307692,3679.869231,3686.107692
494.1974691,3750.007692,3765.930769,3749.076923,3752.423077,3757.338462,3734.023077,3750.407692,3761.307692,3746.869231,3760.407692
494.4010147,3787.907692,3773.030769,3774.176923,3780.223077,3768.038462,3798.023077,3794.707692,3783.307692,3790.069231,3791.707692
494.6045475,3767.007692,3781.630769,3780.976923,3797.123077,3784.138462,3790.023077,3772.507692,3770.607692,3794.669231,3802.307692
494.8080675,3854.707692,3890.330769,3869.176923,3861.023077,3845.838462,3873.023077,3861.207692,3862.507692,3842.769231,3856.207692
495.0115746,3880.507692,3829.630769,3849.976923,3825.823077,3848.938462,3856.123077,3842.407692,3850.007692,3834.969231,3834.307692
495.2150689,3866.007692,3877.230769,3869.076923,3850.323077,3905.938462,3882.723077,3850.107692,3853.307692,3877.669231,3883.407692
495.4185503,3904.307692,3895.930769,3902.876923,3907.023077,3896.738462,3862.323077,3914.907692,3892.507692,3887.669231,3895.007692
495.6220188,3887.807692,3904.930769,3892.376923,3893.223077,3900.838462,3895.723077,3893.707692,3897.207692,3879.069231,3908.707692
495.8254745,3957.607692,3966.930769,3958.676923,3959.123077,3944.138462,3968.323077,3961.907692,3988.507692,3943.569231,3964.007692
496.0289173,3953.907692,3969.630769,3977.176923,3972.823077,3977.438462,3974.123077,3957.207692,3982.207692,3981.469231,3964.707692
496.2323473,4043.707692,4009.430769,4023.976923,4036.323077,4041.038462,4035.623077,4019.907692,4005.207692,4036.369231,4023.307692
496.4357644,3998.207692,4021.930769,4033.876923,4051.323077,4046.138462,4002.823077,4025.407692,4028.807692,4031.769231,4054.007692
496.6391687,4106.407692,4113.730769,4105.176923,4113.923077,4114.738462,4094.323077,4134.707692,4097.307692,4097.669231,4119.207692
496.84256,4067.907692,4063.930769,4089.976923,4065.823077,4070.238462,4069.023077,4069.107692,4089.707692,4084.169231,4077.807692
497.0459385,4171.207692,4151.830769,4190.276923,4161.323077,4178.838462,4168.023077,4168.507692,4159.207692,4173.969231,4172.307692
497.2493042,4172.307692,4187.530769,4191.576923,4190.123077,4188.938462,4153.123077,4158.907692,4137.507692,4166.469231,4167.407692
497.4526569,4194.707692,4174.330769,4176.976923,4212.223077,4167.138462,4178.923077,4188.007692,4181.007692,4155.969231,4209.107692
497.6559968,4245.807692,4212.830769,4255.976923,4233.623077,4240.638462,4235.423077,4236.807692,4235.707692,4231.369231,4234.107692
497.8593238,4220.607692,4223.830769,4229.076923,4250.623077,4220.338462,4253.423077,4260.007692,4248.007692,4217.769231,4214.807692
498.0626379,4255.507692,4280.530769,4239.376923,4245.323077,4263.538462,4250.523077,4251.707692,4255.807692,4277.069231,4270.107692
498.2659391,4323.207692,4313.530769,4327.876923,4317.623077,4341.438462,4339.723077,4338.207692,4366.807692,4350.869231,4323.907692
498.4692274,4293.207692,4301.230769,4307.676923,4317.723077,4311.238462,4293.623077,4333.307692,4318.207692,4328.369231,4317.707692
498.6725028,4359.607692,4324.130769,4302.176923,4327.723077,4345.638462,4333.823077,4357.707692,4314.307692,4318.369231,4319.207692
498.8757654,4401.107692,4382.930769,4395.276923,4380.223077,4368.438462,4396.823077,4393.807692,4386.607692,4389.869231,4414.707692
499.079015,4436.907692,4431.930769,4422.676923,4420.323077,4423.538462,4438.423077,4453.207692,4419.207692,4433.569231,4427.907692
499.2822518,4407.407692,4398.930769,4410.476923,4397.323077,4370.138462,4413.823077,4387.807692,4395.807692,4405.869231,4410.007692
499.4854756,4487.707692,4462.630769,4504.976923,4515.123077,4503.238462,4493.923077,4482.407692,4482.307692,4493.269231,4488.707692
499.6886865,4449.907692,4499.330769,4482.276923,4490.723077,4489.838462,4462.923077,4495.107692,4457.507692,4496.369231,4474.407692
499.8918846,4535.107692,4543.130769,4527.476923,4550.923077,4535.938462,4531.523077,4518.807692,4538.907692,4546.069231,4553.107692
500.0950697,4538.007692,4529.430769,4527.776923,4540.623077,4521.538462,4564.423077,4536.007692,4547.407692,4537.269231,4513.907692
500.2982419,4642.707692,4618.630769,4665.276923,4612.823077,4652.238462,4631.523077,4629.107692,4633.007692,4623.669231,4633.207692
500.5014012,4585.507692,4569.230769,4588.976923,4587.623077,4582.938462,4594.223077,4591.907692,4591.707692,4583.169231,4582.607692
500.7045476,4638.307692,4642.630769,4689.176923,4677.923077,4655.638462,4647.323077,4665.407692,4679.907692,4677.869231,4647.007692
500.9076811,4699.307692,4695.130769,4723.876923,4702.723077,4721.138462,4691.723077,4692.207692,4687.507692,4698.469231,4724.307692
501.1108016,4726.407692,4689.130769,4707.376923,4717.623077,4706.338462,4715.423077,4703.107692,4704.607692,4706.669231,4695.607692
501.3139093,4734.307692,4729.730769,4728.976923,4738.623077,4742.038462,4740.723077,4739.407692,4732.507692,4734.569231,4739.207692
501.517004,4763.607692,4763.030769,4768.976923,4776.023077,4760.938462,4733.923077,4749.907692,4760.407692,4763.769231,4765.707692
501.7200857,4806.707692,4811.930769,4833.676923,4841.423077,4815.538462,4789.523077,4825.507692,4825.507692,4840.369231,4784.707692
501.9231546,4765.307692,4805.430769,4755.576923,4767.923077,4771.838462,4778.123077,4794.307692,4782.507692,4796.669231,4765.607692
502.1262105,4879.407692,4871.430769,4844.876923,4872.023077,4882.838462,4849.623077,4895.707692,4886.807692,4887.769231,4889.907692
502.3292535,4887.607692,4902.330769,4890.476923,4904.523077,4912.838462,4928.023077,4903.007692,4897.107692,4909.469231,4904.307692
502.5322835,4904.907692,4924.730769,4921.776923,4886.823077,4922.138462,4891.123077,4875.007692,4900.307692,4879.469231,4900.707692
502.7353006,4921.607692,4929.830769,4922.776923,4919.723077,4923.038462,4948.123077,4911.707692,4922.107692,4962.169231,4924.507692
502.9383048,4969.007692,4962.930769,4999.576923,4963.923077,4971.738462,4956.023077,4983.607692,4981.607692,4970.669231,4975.107692
503.141296,5006.907692,4991.630769,4973.976923,4999.623077,4971.738462,4990.623077,4969.107692,4999.007692,4976.969231,4993.607692
503.3442743,5050.307692,5035.230769,5037.276923,5023.823077,5084.438462,5065.223077,5050.607692,5065.807692,5026.869231,5049.107692
503.5472396,5012.807692,5015.530769,5038.376923,5016.123077,5029.838462,5026.523077,5011.307692,5023.407692,5027.269231,4993.007692
503.7501919,5094.607692,5106.030769,5074.276923,5088.923077,5067.138462,5086.623077,5080.507692,5086.907692,5103.769231,5090.307692
503.9531313,5134.707692,5152.130769,5130.976923,5101.823077,5138.138462,5122.023077,5120.307692,5161.507692,5109.369231,5136.307692
504.1560578,5165.807692,5127.230769,5142.376923,5137.923077,5124.838462,5133.823077,5171.907692,5166.607692,5122.269231,5129.707692
504.3589713,5180.207692,5141.230769,5178.276923,5151.423077,5185.838462,5188.623077,5209.007692,5165.607692,5139.369231,5167.807692
504.5618718,5123.907692,5156.930769,5164.376923,5150.123077,5176.138462,5147.723077,5187.207692,5163.707692,5175.769231,5169.407692
504.7647594,5218.307692,5246.930769,5248.776923,5267.323077,5279.038462,5255.023077,5278.107692,5250.407692,5262.669231,5262.007692
504.967634,5267.807692,5269.730769,5275.476923,5277.523077,5261.238462,5291.823077,5261.307692,5292.807692,5268.169231,5269.907692
505.1704956,5291.607692,5301.730769,5307.676923,5295.023077,5339.638462,5310.923077,5314.207692,5314.907692,5274.069231,5332.407692
505.3733443,5284.407692,5268.230769,5243.576923,5262.823077,5270.938462,5271.623077,5285.207692,5306.307692,5285.569231,5288.207692
505.57618,5351.907692,5367.530769,5336.976923,5347.823077,5384.338462,5357.923077,5353.607692,5348.307692,5346.469231,5381.007692
505.7790027,5394.307692,5372.830769,5375.776923,5367.023077,5398.738462,5367.623077,5389.407692,5408.607692,5401.169231,5358.107692
505.9818124,5393.607692,5370.730769,5401.476923,5391.123077,5424.538462,5373.623077,5402.607692,5390.907692,5363.969231,5391.607692
506.1846092,5469.307692,5516.130769,5492.376923,5468.923077,5436.538462,5494.123077,5447.807692,5466.107692,5466.869231,5442.507692
506.387393,5493.507692,5470.530769,5457.276923,5453.023077,5500.738462,5489.523077,5457.507692,5456.807692,5440.669231,5444.107692
506.5901637,5464.607692,5483.930769,5452.976923,5482.623077,5455.838462,5477.723077,5448.907692,5464.307692,5485.869231,5479.807692
506.7929215,5556.407692,5561.930769,5588.476923,5569.123077,5568.838462,5547.323077,5580.107692,5569.407692,5561.769231,5549.807692
506.9956663,5505.607692,5509.030769,5499.676923,5516.123077,5521.438462,5526.923077,5509.507692,5541.307692,5519.669231,5535.707692
507.1983982,5625.807692,5640.930769,5652.476923,5631.023077,5651.938462,5675.423077,5643.207692,5647.907692,5625.269231,5639.307692
507.401117,5579.807692,5550.930769,5568.776923,5599.023077,5564.438462,5539.123077,5573.307692,5582.707692,5614.869231,5576.707692
507.6038228,5619.407692,5587.330769,5613.176923,5631.523077,5644.138462,5615.123077,5632.107692,5623.807692,5629.869231,5610.107692
507.8065156,5701.307692,5705.030769,5714.576923,5703.523077,5707.338462,5732.723077,5709.207692,5706.107692,5731.569231,5745.607692
508.0091954,5706.507692,5712.530769,5702.876923,5734.323077,5717.538462,5694.023077,5704.707692,5723.007692,5700.169231,5726.107692
508.2118623,5702.107692,5713.330769,5736.976923,5708.123077,5735.538462,5704.323077,5722.307692,5730.907692,5731.169231,5680.007692
508.4145161,5740.307692,5767.330769,5770.476923,5738.923077,5742.938462,5778.723077,5769.307692,5742.807692,5789.969231,5794.207692
508.6171569,5788.907692,5802.730769,5797.876923,5821.123077,5801.038462,5801.523077,5826.607692,5807.007692,5826.069231,5811.207692
508.8197846,5787.307692,5789.730769,5763.076923,5789.323077,5807.638462,5765.623077,5777.307692,5802.207692,5809.869231,5794.207692
509.0223994,5762.607692,5747.730769,5780.376923,5781.323077,5781.638462,5781.823077,5786.207692,5785.407692,5781.469231,5781.107692
509.2250012,5914.807692,5869.330769,5887.276923,5935.723077,5879.738462,5881.823077,5887.107692,5857.107692,5898.069231,5896.807692
509.4275899,5892.307692,5876.330769,5897.476923,5912.023077,5905.338462,5929.323077,5897.907692,5895.007692,5917.969231,5889.907692
509.6301656,5934.407692,5926.130769,5919.276923,5965.323077,5915.738462,5917.623077,5920.907692,5914.607692,5908.569231,5940.907692
509.8327283,5923.207692,5912.230769,5929.876923,5914.823077,5907.238462,5936.723077,5940.207692,5911.507692,5920.069231,5953.707692
510.0352779,6023.007692,5974.830769,6047.276923,6034.923077,6033.038462,5995.523077,6035.507692,6008.107692,6018.669231,6022.307692
510.2378146,5962.407692,5970.330769,5967.476923,5981.123077,5960.938462,5959.723077,5981.707692,5942.407692,5961.269231,5934.407692
510.4403382,6031.707692,6031.630769,6046.876923,6050.523077,6022.338462,6044.023077,6034.307692,6039.007692,6026.369231,6029.007692
510.6428487,6105.807692,6094.530769,6070.576923,6063.723077,6104.938462,6089.223077,6110.607692,6081.207692,6087.669231,6082.707692
510.8453463,6115.207692,6108.830769,6153.776923,6110.723077,6103.838462,6097.623077,6126.407692,6119.607692,6127.769231,6090.207692
511.0478308,6046.707692,6074.030769,6071.376923,6073.123077,6064.038462,6075.023077,6068.507692,6071.507692,6056.269231,6069.607692
511.2503022,6114.607692,6139.230769,6121.376923,6131.323077,6124.538462,6128.623077,6184.007692,6137.807692,6114.269231,6125.307692
511.4527606,6104.607692,6155.630769,6141.276923,6140.423077,6131.638462,6152.623077,6150.307692,6149.307692,6131.269231,6112.907692
511.655206,6304.107692,6315.630769,6313.876923,6325.123077,6327.438462,6313.223077,6333.107692,6297.607692,6311.669231,6316.307692
511.8576383,6182.107692,6184.630769,6221.476923,6185.423077,6225.138462,6213.723077,6226.007692,6223.207692,6230.069231,6194.907692
512.0600575,6239.407692,6242.530769,6284.976923,6261.323077,6258.138462,6234.123077,6230.907692,6256.607692,6253.769231,6261.207692
512.2624637,6299.307692,6312.330769,6292.976923,6303.723077,6321.038462,6310.923077,6347.307692,6278.807692,6305.169231,6320.707692
512.4648569,6267.007692,6261.930769,6287.476923,6268.723077,6278.138462,6243.623077,6271.407692,6259.707692,6296.069231,6294.107692
512.667237,6338.707692,6337.830769,6355.776923,6344.423077,6356.438462,6314.423077,6366.107692,6365.307692,6364.169231,6330.207692
512.869604,6391.307692,6369.130769,6382.376923,6372.323077,6325.538462,6375.523077,6358.107692,6365.607692,6359.269231,6378.507692
513.071958,6366.207692,6356.930769,6359.676923,6355.523077,6379.938462,6385.523077,6358.307692,6363.107692,6407.369231,6343.807692
513.2742989,6453.607692,6438.730769,6466.776923,6444.723077,6467.938462,6468.523077,6442.507692,6441.907692,6459.969231,6435.907692
513.4766267,6498.207692,6482.330769,6525.076923,6500.023077,6521.338462,6501.223077,6507.707692,6525.807692,6489.969231,6501.307692
513.6789415,6499.207692,6512.830769,6518.876923,6530.023077,6526.938462,6517.223077,6527.407692,6547.807692,6524.069231,6510.207692
513.8812432,6584.107692,6570.730769,6518.676923,6538.123077,6569.538462,6538.723077,6578.107692,6539.807692,6581.569231,6548.307692
514.0835318,6602.507692,6571.630769,6532.476923,6575.623077,6578.138462,6562.523077,6596.107692,6590.407692,6553.769231,6535.907692
514.2858073,6526.407692,6578.930769,6583.376923,6581.223077,6578.038462,6537.623077,6558.907692,6553.307692,6536.669231,6575.707692
514.4880698,6561.407692,6601.730769,6561.576923,6593.523077,6609.138462,6575.723077,6591.907692,6602.807692,6572.269231,6556.907692
514.6903192,6713.907692,6752.130769,6731.376923,6731.823077,6709.638462,6713.323077,6727.707692,6720.507692,6733.569231,6701.507692
514.8925554,6714.207692,6714.530769,6692.676923,6702.023077,6716.438462,6736.423077,6719.707692,6692.807692,6724.469231,6705.407692
515.0947787,6690.407692,6733.730769,6706.476923,6736.623077,6725.938462,6696.123077,6707.607692,6700.307692,6721.469231,6698.207692
515.2969888,6738.207692,6749.530769,6759.276923,6766.323077,6745.938462,6768.223077,6782.707692,6777.407692,6744.169231,6748.707692
515.4991858,6756.707692,6736.730769,6740.376923,6720.223077,6784.738462,6768.823077,6761.607692,6739.007692,6767.569231,6754.107692
515.7013697,6818.707692,6823.430769,6817.176923,6857.123077,6853.238462,6800.923077,6810.407692,6808.207692,6838.769231,6837.907692
515.9035405,6827.007692,6841.730769,6819.276923,6844.223077,6857.438462,6842.423077,6855.707692,6816.007692,6842.769231,6834.607692
516.1056983,6883.707692,6846.630769,6828.476923,6839.723077,6838.038462,6864.623077,6850.507692,6862.807692,6850.669231,6826.607692
516.3078429,6878.907692,6916.530769,6898.176923,6905.223077,6915.838462,6901.723077,6861.007692,6879.707692,6881.769231,6884.907692
516.5099744,6979.407692,6975.830769,6990.576923,6961.823077,6946.738462,6960.023077,6943.007692,6969.707692,7002.269231,6930.407692
516.7120929,6974.307692,6971.730769,6948.376923,6923.023077,6940.738462,6924.723077,6926.907692,6974.507692,6918.469231,6918.307692
516.9141982,6981.507692,6964.430769,6976.376923,7010.323077,6994.238462,6971.723077,6939.707692,6987.407692,6993.569231,7002.807692
517.1162904,7047.307692,7084.130769,7052.576923,7071.423077,7108.738462,7070.723077,7048.407692,7058.707692,7048.569231,7043.907692
517.3183694,7023.207692,7016.630769,7101.276923,7067.723077,7063.838462,7049.923077,7033.707692,7061.607692,7092.469231,7040.707692
517.5204354,7052.507692,7066.730769,7101.776923,7051.523077,7067.738462,7069.323077,7058.607692,7035.207692,7080.169231,7075.707692
517.7224883,7079.407692,7095.230769,7092.976923,7078.023077,7105.138462,7105.723077,7067.007692,7082.307692,7063.669231,7049.307692
517.924528,7119.307692,7110.830769,7144.076923,7161.923077,7142.538462,7145.923077,7129.607692,7146.207692,7164.969231,7156.007692
518.1265546,7176.407692,7190.030769,7165.476923,7192.223077,7192.538462,7179.723077,7201.207692,7206.707692,7217.069231,7185.007692
518.3285681,7170.307692,7212.530769,7194.476923,7191.123077,7178.738462,7159.823077,7205.507692,7223.007692,7180.669231,7193.607692
518.5305684,7184.207692,7137.530769,7155.476923,7166.123077,7197.238462,7154.923077,7179.007692,7166.907692,7155.369231,7164.807692
518.7325556,7258.207692,7279.430769,7268.276923,7287.123077,7323.038462,7278.123077,7287.907692,7260.507692,7275.169231,7277.407692
518.9345297,7306.707692,7320.130769,7293.476923,7315.923077,7314.638462,7278.623077,7296.307692,7290.807692,7310.869231,7272.107692
519.1364907,7266.007692,7291.630769,7303.576923,7303.223077,7301.038462,7284.523077,7305.907692,7268.107692,7281.069231,7263.607692
519.3384385,7370.807692,7356.730769,7390.376923,7348.223077,7354.038462,7413.623077,7373.007692,7382.107692,7382.569231,7386.107692
519.5403732,7323.207692,7356.630769,7336.776923,7381.123077,7353.338462,7375.823077,7353.007692,7332.307692,7359.869231,7368.007692
519.7422947,7398.207692,7401.130769,7434.976923,7400.323077,7410.538462,7441.623077,7430.407692,7394.407692,7420.769231,7440.807692
519.9442031,7383.207692,7405.030769,7400.276923,7392.523077,7431.838462,7427.223077,7394.607692,7403.107692,7366.969231,7413.107692
520.1460983,7479.607692,7483.530769,7517.276923,7520.223077,7503.538462,7529.623077,7497.307692,7486.707692,7456.969231,7455.707692
520.3479804,7507.607692,7529.130769,7495.076923,7519.723077,7506.338462,7470.723077,7503.007692,7498.007692,7528.169231,7529.307692
520.5498493,7504.107692,7531.430769,7508.776923,7468.523077,7485.738462,7532.823077,7537.007692,7512.707692,7508.869231,7506.007692
520.7517051,7514.907692,7498.730769,7530.676923,7550.123077,7515.838462,7528.623077,7518.907692,7509.607692,7533.769231,7503.807692
520.9535477,7618.907692,7644.430769,7633.176923,7626.923077,7597.338462,7635.923077,7629.507692,7616.807692,7628.969231,7650.707692
521.1553772,7533.907692,7544.030769,7528.476923,7565.323077,7512.238462,7548.323077,7505.307692,7511.707692,7535.869231,7541.807692
521.3571935,7647.407692,7660.630769,7638.376923,7619.023077,7669.438462,7632.823077,7621.107692,7624.807692,7619.969231,7664.707692
521.5589966,7664.607692,7679.930769,7698.576923,7668.723077,7683.638462,7675.623077,7651.807692,7675.807692,7658.769231,7660.807692
521.7607866,7710.507692,7738.230769,7719.076923,7744.823077,7720.538462,7759.523077,7708.207692,7715.207692,7719.969231,7719.807692
521.9625634,7721.207692,7700.230769,7721.876923,7690.123077,7696.438462,7689.423077,7722.007692,7688.007692,7725.969231,7716.707692
522.164327,7686.307692,7705.230769,7685.076923,7698.823077,7697.838462,7715.523077,7723.107692,7681.107692,7668.969231,7710.507692
522.3660775,7739.607692,7743.230769,7718.576923,7752.123077,7727.238462,7713.523077,7733.107692,7709.807692,7753.269231,7700.307692
522.5678148,7754.207692,7715.130769,7772.876923,7718.223077,7734.938462,7731.223077,7751.607692,7724.907692,7749.569231,7725.507692
522.7695389,7734.307692,7771.530769,7761.476923,7771.723077,7800.238462,7770.723077,7768.207692,7747.907692,7783.169231,7766.407692
522.9712498,7882.307692,7856.630769,7875.876923,7889.423077,7877.338462,7888.023077,7896.007692,7891.707692,7871.769231,7881.907692
523.1729475,7806.607692,7818.530769,7813.576923,7809.123077,7771.438462,7789.223077,7817.907692,7784.507692,7842.269231,7788.107692
523.3746321,7829.907692,7855.730769,7834.276923,7842.723077,7839.538462,7863.523077,7830.307692,7854.507692,7850.869231,7848.007692
523.5763034,7815.907692,7861.030769,7845.676923,7812.123077,7879.838462,7857.823077,7851.507692,7899.307692,7861.069231,7881.007692
523.7779616,7830.707692,7834.130769,7827.176923,7830.623077,7846.938462,7827.523077,7814.907692,7816.807692,7794.069231,7866.407692
523.9796066,7904.407692,7897.230769,7955.076923,7930.723077,7904.738462,7930.523077,7940.507692,7921.307692,7892.169231,7905.807692
524.1812383,7920.807692,7942.330769,7948.976923,7950.923077,7851.838462,7922.323077,7961.707692,7929.107692,7957.369231,7941.907692
524.3828569,7879.807692,7913.030769,7924.076923,7917.923077,7943.038462,7910.423077,7931.407692,7938.207692,7900.269231,7925.507692
524.5844623,7965.507692,7969.030769,7975.576923,7956.623077,7970.338462,7990.223077,7977.707692,7955.907692,7967.969231,7968.307692
524.7860545,7955.107692,7974.730769,7962.576923,7990.223077,7982.938462,7984.923077,8011.107692,7978.207692,8006.269231,7970.707692
524.9876334,7923.407692,7914.430769,7922.876923,7931.623077,7958.638462,7916.123077,7915.807692,7918.707692,7940.069231,7936.507692
525.1891992,8012.607692,8035.530769,8016.176923,8016.023077,8039.638462,7998.123077,8017.507692,8016.207692,8001.669231,8017.407692
525.3907517,8017.107692,8011.330769,8018.976923,8054.823077,8004.738462,8057.323077,8018.607692,8018.507692,8062.669231,8041.107692
525.5922911,8059.507692,8030.330769,8009.176923,8038.223077,8052.338462,8046.223077,8047.907692,8083.807692,8048.569231,8069.807692
525.7938172,8027.407692,8039.530769,8054.476923,8060.523077,8022.838462,8064.423077,8013.307692,8030.307692,8008.069231,8039.607692
525.9953301,8048.807692,8055.430769,8046.576923,8082.723077,8072.738462,8064.623077,8088.807692,8063.407692,8056.069231,8053.607692
526.1968298,8026.807692,8074.830769,8045.676923,8044.923077,8043.538462,8020.123077,8063.607692,8059.207692,8052.669231,8058.607692
526.3983162,8016.307692,8062.530769,8015.376923,8021.323077,8025.438462,8030.523077,8052.707692,8039.107692,8038.469231,8012.307692
526.5997895,8076.807692,8058.530769,8090.876923,8118.323077,8100.838462,8127.923077,8077.207692,8085.907692,8072.069231,8105.507692
526.8012495,8135.407692,8107.830769,8120.776923,8067.623077,8134.038462,8133.723077,8125.407692,8136.007692,8134.569231,8124.407692
527.0026963,8117.507692,8107.630769,8111.976923,8102.023077,8124.838462,8162.323077,8108.507692,8130.507692,8073.069231,8129.207692
527.2041298,8102.107692,8081.130769,8103.476923,8139.423077,8076.038462,8108.023077,8072.407692,8097.307692,8087.169231,8105.107692
527.4055501,8154.307692,8131.130769,8168.276923,8157.123077,8120.138462,8139.223077,8120.707692,8125.807692,8146.369231,8167.007692
527.6069572,8123.407692,8130.730769,8130.176923,8129.723077,8136.938462,8157.823077,8150.207692,8131.807692,8165.569231,8140.807692
527.808351,8153.507692,8138.930769,8191.176923,8170.223077,8166.238462,8176.423077,8184.207692,8163.907692,8204.369231,8161.207692
528.0097316,8062.907692,8006.630769,8067.176923,8076.623077,8027.238462,8046.523077,8077.907692,8069.007692,8048.969231,8015.607692
528.211099,8102.007692,8125.630769,8108.176923,8141.023077,8120.038462,8131.423077,8119.807692,8094.907692,8107.669231,8137.907692
528.4124531,8228.407692,8215.330769,8237.876923,8235.323077,8255.538462,8215.123077,8245.707692,8237.407692,8261.769231,8249.807692
528.6137939,8190.307692,8140.630769,8197.576923,8212.723077,8181.838462,8175.423077,8224.707692,8179.607692,8181.769231,8176.607692
528.8151215,8187.307692,8177.430769,8161.676923,8135.323077,8155.938462,8167.523077,8157.407692,8163.507692,8130.369231,8178.507692
529.0164358,8226.207692,8221.630769,8239.376923,8233.223077,8228.738462,8216.123077,8247.507692,8223.207692,8248.669231,8219.407692
529.2177369,8175.007692,8143.930769,8130.776923,8133.323077,8160.538462,8164.023077,8165.307692,8175.307692,8176.269231,8134.807692
529.4190248,8137.707692,8212.330769,8158.176923,8209.623077,8193.938462,8185.723077,8196.907692,8172.607692,8196.569231,8160.407692
529.6202993,8185.807692,8162.630769,8179.176923,8201.423077,8171.338462,8190.123077,8159.307692,8207.107692,8206.669231,8191.707692
529.8215606,8184.907692,8181.230769,8162.076923,8161.323077,8149.838462,8174.923077,8205.107692,8139.907692,8168.869231,8162.607692
530.0228087,8159.807692,8216.730769,8222.076923,8193.123077,8197.138462,8173.623077,8194.807692,8175.307692,8167.869231,8206.607692
530.2240434,8154.607692,8178.830769,8170.076923,8183.123077,8187.338462,8133.223077,8180.507692,8203.407692,8164.469231,8178.207692
530.4252649,8202.507692,8151.230769,8190.076923,8169.623077,8200.038462,8164.323077,8190.207692,8201.107692,8194.869231,8178.407692
530.6264732,8096.307692,8141.130769,8116.076923,8128.223077,8146.838462,8108.723077,8112.407692,8152.107692,8128.369231,8143.007692
530.8276681,8102.007692,8078.730769,8070.776923,8138.723077,8124.738462,8103.423077,8125.307692,8109.907692,8094.769231,8090.507692
531.0288498,8266.507692,8302.730769,8246.676923,8268.123077,8226.338462,8233.423077,8244.307692,8241.707692,8248.569231,8274.007692
531.2300182,8163.207692,8116.730769,8179.476923,8144.123077,8155.838462,8141.323077,8134.907692,8128.107692,8097.269231,8125.807692
531.4311733,8184.707692,8151.730769,8181.876923,8167.723077,8196.238462,8178.723077,8135.607692,8169.107692,8186.169231,8156.507692
531.6323151,8169.807692,8159.330769,8190.276923,8194.723077,8145.138462,8162.123077,8169.207692,8178.307692,8164.269231,8172.207692
531.8334436,8164.907692,8226.330769,8188.476923,8182.423077,8189.138462,8195.523077,8167.307692,8184.407692,8185.169231,8178.707692
532.0345589,8133.207692,8145.430769,8186.976923,8151.623077,8172.838462,8166.323077,8187.407692,8151.107692,8182.269231,8170.407692
532.2356608,8168.907692,8205.330769,8217.276923,8202.623077,8213.638462,8218.123077,8162.807692,8173.507692,8151.669231,8178.207692
532.4367495,8188.307692,8217.730769,8227.676923,8256.723077,8215.938462,8236.323077,8241.407692,8237.907692,8213.969231,8225.907692
532.6378249,8109.207692,8124.430769,8119.876923,8165.123077,8153.038462,8137.223077,8120.607692,8105.407692,8116.769231,8100.807692
532.8388869,8170.507692,8177.630769,8196.576923,8202.423077,8194.538462,8205.923077,8186.207692,8188.707692,8192.669231,8232.107692
533.0399357,8228.407692,8169.530769,8179.276923,8195.323077,8199.838462,8214.823077,8181.907692,8174.107692,8239.569231,8176.107692
533.2409711,8115.807692,8086.030769,8141.076923,8108.723077,8138.638462,8122.623077,8118.907692,8133.707692,8115.869231,8120.107692
533.4419933,8252.107692,8263.530769,8244.176923,8264.423077,8288.538462,8251.423077,8257.107692,8191.407692,8272.369231,8268.507692
533.6430021,8198.607692,8186.930769,8224.476923,8162.123077,8142.038462,8190.623077,8154.207692,8160.107692,8160.569231,8174.407692
533.8439976,8187.307692,8147.030769,8168.176923,8152.723077,8151.538462,8124.923077,8173.107692,8158.707692,8170.669231,8174.307692
534.0449798,8168.407692,8155.130769,8211.776923,8171.923077,8197.838462,8208.723077,8197.907692,8204.307692,8201.569231,8213.207692
534.2459487,8133.107692,8075.130769,8104.276923,8097.623077,8073.438462,8120.923077,8089.907692,8069.707692,8051.069231,8070.407692
534.4469043,8206.807692,8214.630769,8197.276923,8202.723077,8191.238462,8186.723077,8171.007692,8204.807692,8177.369231,8223.607692
534.6478465,8121.007692,8173.230769,8142.876923,8134.723077,8127.838462,8129.323077,8156.307692,8142.307692,8155.269231,8152.607692
534.8487755,8171.407692,8158.030769,8195.476923,8197.423077,8195.438462,8194.023077,8194.507692,8190.507692,8192.169231,8182.807692
535.0496911,8098.307692,8163.330769,8120.476923,8077.823077,8130.238462,8133.423077,8120.807692,8087.107692,8116.469231,8135.607692
535.2505933,8164.007692,8160.130769,8165.876923,8181.923077,8185.338462,8194.123077,8153.507692,8173.907692,8165.869231,8198.107692
535.4514823,8152.207692,8143.330769,8140.376923,8132.623077,8120.638462,8116.223077,8166.207692,8123.007692,8175.269231,8159.207692
535.6523579,8178.207692,8180.230769,8170.176923,8171.323077,8141.938462,8199.723077,8208.407692,8159.407692,8199.769231,8159.907692
535.8532201,8143.107692,8164.630769,8146.076923,8164.423077,8159.738462,8163.723077,8176.307692,8160.407692,8145.969231,8151.207692
536.0540691,8117.907692,8152.530769,8132.176923,8164.023077,8185.038462,8145.723077,8136.407692,8136.507692,8172.369231,8133.507692
536.2549047,8178.807692,8170.830769,8159.776923,8187.123077,8164.838462,8196.023077,8185.607692,8175.007692,8186.169231,8213.607692
536.4557269,8080.807692,8105.430769,8078.776923,8098.923077,8117.638462,8071.523077,8103.207692,8083.107692,8041.369231,8113.807692
536.6565358,8233.307692,8209.430769,8259.676923,8204.123077,8262.138462,8251.223077,8222.507692,8211.807692,8205.469231,8215.707692
536.8573313,8119.107692,8173.630769,8178.276923,8116.223077,8090.538462,8205.323077,8184.307692,8149.807692,8131.269231,8173.107692
537.0581135,8097.407692,8083.530769,8098.576923,8092.423077,8095.138462,8133.523077,8154.307692,8079.807692,8104.569231,8091.907692
537.2588824,8164.207692,8234.530769,8194.176923,8165.923077,8230.638462,8190.923077,8191.207692,8150.307692,8195.569231,8213.507692
537.4596379,8153.107692,8170.930769,8172.976923,8122.123077,8136.538462,8136.923077,8157.707692,8173.307692,8146.269231,8181.007692
537.66038,8136.007692,8111.930769,8133.076923,8152.623077,8151.938462,8152.523077,8162.107692,8135.407692,8170.469231,8172.007692
537.8611088,8156.707692,8156.630769,8140.676923,8080.623077,8165.838462,8124.623077,8194.507692,8152.307692,8124.969231,8128.007692
538.0618242,8146.307692,8109.130769,8151.576923,8122.423077,8138.538462,8149.623077,8121.707692,8132.407692,8102.169231,8117.607692
538.2625262,8180.107692,8177.530769,8192.976923,8172.923077,8169.238462,8205.823077,8200.607692,8150.207692,8176.069231,8173.307692
538.4632149,8133.307692,8120.930769,8127.576923,8176.723077,8152.638462,8126.223077,8170.807692,8111.207692,8128.169231,8127.307692
538.6638902,8115.207692,8136.930769,8111.476923,8120.223077,8107.538462,8114.923077,8104.307692,8116.307692,8124.569231,8122.107692
538.8645522,8126.707692,8166.430769,8168.876923,8154.823077,8163.838462,8146.523077,8167.307692,8145.007692,8146.669231,8169.807692
539.0652007,8161.607692,8213.830769,8197.876923,8207.123077,8202.138462,8190.523077,8206.507692,8221.707692,8190.069231,8236.107692
539.2658359,8068.007692,8109.530769,8128.576923,8116.923077,8084.538462,8119.023077,8104.807692,8124.307692,8120.169231,8126.307692
539.4664577,8207.407692,8152.130769,8247.176923,8184.123077,8217.938462,8193.923077,8230.507692,8212.207692,8194.669231,8239.707692
539.6670661,8098.107692,8068.830769,8115.276923,8081.123077,8107.638462,8102.423077,8101.407692,8118.307692,8115.769231,8084.307692
539.8676611,8226.907692,8217.530769,8251.276923,8197.823077,8239.938462,8263.023077,8231.607692,8200.407692,8253.969231,8201.107692
540.0682428,8125.407692,8157.530769,8154.576923,8148.623077,8185.438462,8160.923077,8164.507692,8170.407692,8146.169231,8137.207692
540.268811,8106.707692,8138.430769,8117.376923,8161.223077,8147.238462,8126.823077,8149.507692,8150.707692,8148.869231,8138.307692
540.4693659,8193.007692,8210.130769,8219.876923,8236.423077,8249.538462,8193.023077,8194.907692,8194.707692,8253.569231,8211.807692
540.6699074,8121.607692,8139.530769,8127.676923,8165.223077,8165.038462,8148.923077,8105.907692,8122.507692,8119.069231,8096.407692
540.8704355,8156.907692,8150.530769,8123.076923,8131.323077,8157.138462,8124.823077,8149.107692,8129.807692,8153.569231,8129.007692
541.0709501,8133.607692,8163.130769,8168.676923,8154.423077,8148.038462,8174.423077,8188.407692,8153.807692,8164.369231,8180.107692
541.2714514,8212.007692,8196.730769,8201.076923,8173.823077,8205.638462,8236.123077,8245.107692,8186.707692,8206.269231,8192.907692
541.4719393,8171.107692,8238.630769,8147.476923,8164.223077,8180.038462,8149.623077,8211.707692,8182.007692,8186.169231,8166.007692
541.6724137,8108.407692,8164.630769,8137.776923,8133.123077,8128.838462,8141.623077,8131.707692,8156.307692,8157.269231,8136.007692
541.8728748,8152.207692,8185.930769,8152.576923,8124.923077,8135.138462,8174.323077,8149.307692,8132.607692,8158.469231,8158.007692
542.0733224,8052.607692,8068.830769,8055.376923,8098.623077,8086.738462,8065.523077,8085.107692,8061.107692,8046.469231,8088.307692
542.2737567,8249.707692,8229.730769,8260.476923,8266.523077,8238.038462,8226.723077,8270.107692,8235.607692,8204.769231,8283.307692
542.4741775,8176.607692,8157.430769,8172.976923,8184.523077,8187.238462,8191.323077,8172.707692,8234.907692,8182.269231,8185.407692
542.6745849,8171.607692,8144.130769,8127.376923,8156.423077,8114.638462,8140.023077,8186.507692,8135.907692,8158.869231,8120.307692
542.8749788,8271.807692,8254.030769,8284.876923,8275.423077,8270.538462,8270.423077,8287.707692,8245.107692,8250.269231,8269.807692
543.0753594,8182.107692,8171.330769,8178.076923,8165.723077,8208.938462,8205.623077,8166.907692,8181.607692,8202.269231,8197.107692
543.2757265,8136.507692,8152.330769,8157.876923,8114.823077,8145.038462,8124.323077,8149.607692,8129.107692,8142.869231,8180.307692
543.4760802,8251.807692,8238.430769,8251.576923,8237.923077,8269.438462,8241.423077,8282.707692,8274.507692,8264.869231,8263.707692
543.6764205,8223.507692,8195.030769,8241.076923,8209.323077,8201.838462,8234.423077,8184.507692,8186.507692,8219.869231,8184.207692
543.8767473,8232.507692,8273.330769,8293.276923,8257.023077,8276.438462,8247.223077,8256.007692,8264.707692,8252.269231,8237.907692
544.0770607,8264.307692,8256.530769,8242.376923,8254.323077,8226.838462,8240.223077,8210.207692,8211.007692,8212.969231,8233.707692
544.2773607,8197.007692,8216.330769,8215.576923,8213.823077,8229.138462,8246.723077,8208.807692,8192.507692,8221.869231,8242.507692
544.4776472,8195.207692,8207.730769,8225.676923,8245.023077,8246.338462,8191.123077,8230.707692,8258.707692,8230.269231,8242.307692
544.6779203,8256.807692,8257.430769,8265.176923,8218.823077,8263.538462,8273.923077,8272.207692,8235.407692,8257.169231,8286.107692
544.8781799,8248.007692,8290.930769,8278.376923,8266.523077,8278.638462,8273.223077,8285.407692,8265.207692,8244.169231,8267.107692
545.0784261,8244.207692,8263.930769,8234.876923,8234.323077,8259.638462,8284.023077,8248.207692,8271.007692,8258.969231,8260.607692
545.2786588,8265.807692,8273.530769,8254.976923,8292.123077,8255.338462,8254.623077,8253.607692,8237.207692,8265.469231,8268.907692
545.4788781,8253.607692,8222.730769,8244.076923,8281.623077,8248.638462,8237.523077,8255.907692,8213.307692,8214.669231,8219.107692
545.6790839,8254.907692,8299.030769,8288.576923,8313.423077,8278.238462,8276.223077,8306.407692,8291.807692,8301.369231,8287.407692
545.8792763,8256.407692,8262.930769,8280.276923,8263.423077,8298.638462,8301.523077,8282.307692,8268.307692,8292.069231,8274.407692
546.0794552,8318.607692,8314.230769,8303.976923,8261.323077,8276.938462,8325.823077,8299.607692,8287.007692,8294.669231,8297.707692
546.2796207,8260.907692,8249.530769,8294.176923,8300.923077,8276.938462,8275.223077,8288.507692,8288.107692,8271.369231,8294.307692
546.4797726,8272.307692,8287.530769,8232.576923,8281.623077,8254.938462,8272.923077,8270.507692,8279.907692,8252.669231,8292.607692
546.6799112,8328.607692,8353.130769,8338.376923,8361.223077,8331.738462,8344.523077,8346.007692,8337.307692,8328.869231,8318.707692
546.8800362,8316.907692,8369.330769,8379.076923,8362.023077,8376.038462,8360.723077,8353.507692,8359.107692,8350.569231,8337.607692
547.0801478,8301.807692,8329.530769,8346.976923,8330.623077,8339.238462,8335.923077,8326.007692,8344.507692,8306.869231,8338.907692
547.2802459,8334.907692,8362.930769,8362.376923,8339.923077,8330.038462,8338.123077,8368.007692,8339.007692,8372.169231,8379.907692
547.4803305,8295.207692,8271.930769,8294.176923,8280.723077,8294.538462,8273.723077,8315.507692,8328.207692,8281.969231,8284.707692
547.6804016,8359.107692,8383.330769,8355.076923,8388.123077,8392.738462,8386.323077,8382.207692,8345.007692,8386.269231,8364.507692
547.8804593,8334.607692,8320.330769,8326.376923,8318.623077,8314.238462,8308.323077,8329.907692,8326.007692,8330.669231,8313.607692
548.0805035,8417.007692,8398.230769,8462.176923,8445.723077,8384.638462,8411.323077,8426.007692,8405.907692,8390.169231,8421.307692
548.2805342,8379.807692,8393.730769,8433.776923,8419.923077,8382.738462,8406.423077,8385.007692,8405.407692,8435.169231,8427.107692
548.4805514,8342.907692,8358.130769,8374.876923,8373.523077,8334.338462,8376.423077,8383.507692,8350.007692,8306.369231,8329.507692
548.6805551,8426.307692,8420.930769,8441.976923,8439.223077,8494.738462,8472.323077,8475.307692,8424.807692,8432.769231,8475.607692
548.8805453,8384.907692,8388.630769,8405.076923,8389.923077,8424.238462,8406.823077,8423.607692,8421.807692,8388.969231,8392.607692
549.080522,8440.207692,8458.330769,8462.876923,8448.823077,8456.738462,8413.823077,8446.007692,8421.307692,8468.969231,8465.107692
549.2804853,8400.707692,8387.230769,8401.776923,8405.923077,8430.238462,8418.523077,8376.907692,8382.007692,8417.069231,8411.107692
549.480435,8470.707692,8505.630769,8476.776923,8496.123077,8511.438462,8510.923077,8547.407692,8539.907692,8504.269231,8448.707692
549.6803712,8434.607692,8488.330769,8459.176923,8456.423077,8430.438462,8438.423077,8444.007692,8440.707692,8442.869231,8500.407692
549.8802939,8520.407692,8545.930769,8532.076923,8535.223077,8522.338462,8559.423077,8554.507692,8610.207692,8528.869231,8542.807692
550.0802032,8490.007692,8434.830769,8490.076923,8482.523077,8456.338462,8461.123077,8459.707692,8457.307692,8404.469231,8464.407692
550.2800989,8484.907692,8527.930769,8486.976923,8485.923077,8544.238462,8503.623077,8506.307692,8513.007692,8510.469231,8522.207692
550.479981,8468.107692,8505.630769,8482.676923,8468.623077,8490.638462,8475.923077,8501.107692,8499.907692,8507.769231,8506.207692
550.6798497,8558.507692,8571.930769,8578.776923,8588.023077,8564.038462,8565.423077,8604.507692,8566.607692,8584.569231,8565.607692
550.8797049,8502.107692,8493.230769,8520.376923,8502.023077,8538.538462,8526.123077,8508.107692,8521.507692,8506.869231,8544.707692
551.0795465,8576.307692,8515.630769,8510.576923,8513.723077,8557.638462,8548.723077,8519.607692,8541.407692,8526.069231,8542.707692
551.2793746,8539.907692,8548.530769,8565.276923,8570.423077,8556.638462,8595.823077,8571.507692,8525.407692,8599.769231,8579.907692
551.4791892,8533.007692,8528.130769,8529.576923,8551.723077,8519.638462,8522.423077,8587.207692,8518.607692,8520.569231,8578.707692
551.6789902,8599.407692,8570.730769,8578.376923,8555.823077,8563.138462,8576.523077,8575.607692,8597.907692,8566.869231,8568.807692
551.8787778,8553.207692,8531.230769,8566.076923,8559.523077,8603.938462,8591.023077,8579.107692,8575.607692,8578.669231,8606.807692
552.0785518,8655.207692,8654.930769,8680.576923,8660.123077,8698.338462,8700.423077,8657.907692,8694.907692,8678.469231,8663.307692
552.2783122,8582.707692,8597.430769,8587.376923,8615.523077,8579.438462,8594.123077,8598.407692,8591.507692,8579.269231,8592.407692
552.4780592,8619.107692,8623.630769,8641.076923,8609.723077,8655.438462,8671.023077,8613.907692,8598.807692,8626.469231,8647.607692
552.6777925,8629.307692,8598.430769,8642.876923,8657.723077,8641.138462,8636.623077,8659.907692,8626.407692,8643.369231,8631.507692
552.8775124,8678.107692,8718.130769,8723.376923,8701.723077,8704.938462,8715.323077,8728.707692,8718.807692,8695.369231,8702.807692
553.0772187,8683.407692,8637.630769,8633.576923,8638.923077,8644.438462,8639.823077,8674.407692,8661.807692,8643.569231,8676.907692
553.2769114,8651.507692,8636.230769,8638.876923,8612.323077,8647.738462,8614.923077,8662.507692,8648.307692,8667.669231,8654.607692
553.4765906,8808.607692,8776.630769,8803.676923,8747.023077,8770.438462,8796.923077,8745.907692,8781.107692,8757.369231,8773.007692
553.6762563,8717.907692,8750.830769,8735.776923,8717.823077,8747.738462,8733.623077,8718.107692,8728.207692,8731.269231,8732.907692
553.8759084,8791.507692,8769.330769,8716.176923,8754.523077,8752.738462,8719.423077,8744.507692,8726.507692,8755.469231,8782.607692
554.0755469,8776.807692,8722.230769,8755.076923,8744.823077,8778.038462,8769.023077,8746.407692,8701.607692,8758.669231,8712.507692
554.2751719,8705.807692,8710.630769,8717.476923,8728.723077,8734.138462,8770.423077,8770.007692,8713.407692,8741.269231,8749.007692
554.4747833,8712.707692,8716.830769,8673.576923,8693.023077,8719.438462,8713.623077,8723.007692,8677.607692,8707.169231,8713.207692
554.6743812,8785.907692,8797.130769,8794.376923,8768.823077,8803.838462,8791.923077,8829.007692,8797.707692,8780.969231,8809.407692
554.8739655,8835.207692,8832.430769,8833.376923,8816.123077,8837.638462,8827.223077,8829.007692,8813.007692,8828.369231,8826.907692
555.0735362,8830.807692,8806.030769,8798.676923,8795.223077,8832.738462,8807.323077,8840.007692,8782.407692,8826.869231,8835.807692
555.2730934,8860.907692,8854.330769,8856.576923,8848.723077,8849.238462,8830.423077,8876.607692,8863.707692,8855.969231,8879.307692
555.4726369,8907.407692,8899.830769,8873.676923,8947.123077,8869.438462,8888.223077,8893.007692,8858.207692,8906.269231,8907.007692
555.672167,8841.007692,8839.230769,8812.776923,8839.223077,8857.938462,8883.823077,8871.507692,8876.007692,8856.269231,8855.307692
555.8716834,8861.307692,8877.830769,8895.076923,8851.723077,8887.938462,8921.023077,8888.307692,8892.007692,8889.669231,8886.607692
556.0711862,8926.607692,8955.830769,8944.876923,8930.223077,8908.838462,8974.623077,8943.507692,8965.607692,8928.969231,8944.107692
556.2706755,8992.807692,8959.830769,9002.476923,8954.123077,8929.438462,8974.723077,8974.807692,8993.307692,8998.769231,8973.707692
556.4701512,8891.907692,8905.830769,8941.376923,8907.623077,8895.538462,8912.423077,8920.307692,8911.307692,8924.269231,8928.707692
556.6696133,8913.307692,8869.730769,8910.776923,8898.423077,8931.238462,8912.723077,8927.507692,8922.307692,8886.869231,8914.507692
556.8690618,8971.307692,8997.530769,8956.176923,8942.723077,8929.738462,8914.723077,8960.307692,8976.707692,8936.369231,8908.107692
557.0684967,9017.307692,9028.130769,9031.776923,9007.523077,9012.938462,8999.523077,9010.307692,9024.307692,9051.769231,8982.007692
557.267918,9008.807692,8965.630769,8951.876923,8962.123077,8970.538462,8985.623077,8973.607692,9003.707692,8969.269231,8990.107692
557.4673257,8972.907692,8988.530769,9034.176923,9032.623077,8974.338462,9018.823077,9015.407692,9002.407692,8984.969231,9012.007692
557.6667198,9037.507692,9078.930769,9036.676923,9013.523077,9060.738462,9034.723077,9055.307692,9004.707692,9065.469231,9090.607692
557.8661003,9023.107692,9036.230769,9037.676923,9027.523077,9016.038462,9027.023077,9037.307692,8999.707692,9058.469231,9034.107692
558.0654672,9123.507692,9084.430769,9080.276923,9077.023077,9133.238462,9112.223077,9117.607692,9080.707692,9099.969231,9096.007692
558.2648205,9006.807692,9060.030769,9020.276923,9077.323077,9054.038462,9035.723077,9075.107692,9063.107692,9057.669231,9035.907692
558.4641602,9038.507692,9109.430769,9083.676923,9083.223077,9083.138462,9083.823077,9050.407692,9049.307692,9039.069231,9082.107692
558.6634863,9166.507692,9174.630769,9176.076923,9197.623077,9203.938462,9192.123077,9180.807692,9130.507692,9183.769231,9205.607692
558.8627987,9048.307692,9038.730769,9063.676923,9068.623077,9073.238462,9047.123077,9126.707692,9059.107692,9060.369231,9054.407692
559.0620976,9238.107692,9282.330769,9284.576923,9287.623077,9240.838462,9268.823077,9276.107692,9243.807692,9293.369231,9282.607692
559.2613828,9098.307692,9149.930769,9144.076923,9163.323077,9159.838462,9153.723077,9181.907692,9170.207692,9126.569231,9159.507692
559.4606544,9236.007692,9267.530769,9261.776923,9282.923077,9292.038462,9253.223077,9244.307692,9242.907692,9265.669231,9268.607692
559.6599124,9176.307692,9184.530769,9156.776923,9190.723077,9212.038462,9187.423077,9172.107692,9186.907692,9185.969231,9177.507692
559.8591568,9230.907692,9243.530769,9238.176923,9220.423077,9244.438462,9215.923077,9239.407692,9220.807692,9224.969231,9235.507692
560.0583875,9226.107692,9216.930769,9211.676923,9275.423077,9236.538462,9249.823077,9235.907692,9252.107692,9244.169231,9250.307692
560.2576046,9290.307692,9328.030769,9269.276923,9299.123077,9261.638462,9313.823077,9326.707692,9311.307692,9284.969231,9311.807692
560.456808,9221.707692,9198.630769,9208.476923,9234.623077,9266.238462,9238.623077,9226.107692,9194.907692,9256.969231,9229.707692
560.6559979,9365.907692,9387.230769,9368.876923,9315.923077,9346.538462,9318.423077,9346.507692,9343.507692,9365.969231,9384.007692
560.8551741,9325.607692,9296.330769,9335.276923,9329.523077,9339.938462,9321.023077,9322.207692,9331.307692,9341.669231,9309.207692
561.0543366,9365.707692,9403.830769,9357.976923,9374.323077,9347.638462,9399.723077,9391.407692,9386.507692,9379.069231,9411.307692
561.2534855,9296.707692,9311.830769,9320.776923,9310.723077,9318.138462,9342.423077,9364.607692,9294.307692,9347.169231,9332.707692
561.4526208,9401.007692,9410.930769,9412.176923,9397.123077,9404.638462,9395.823077,9392.107692,9443.907692,9407.669231,9410.007692
561.6517424,9449.107692,9419.530769,9415.976923,9426.423077,9445.338462,9421.623077,9440.907692,9425.907692,9452.669231,9431.007692
561.8508503,9514.307692,9463.830769,9460.476923,9490.823077,9521.838462,9493.023077,9475.807692,9500.907692,9488.369231,9467.807692
562.0499446,9448.307692,9446.430769,9486.376923,9495.423077,9435.938462,9475.123077,9452.007692,9418.207692,9465.869231,9460.607692
562.2490253,9390.707692,9446.730769,9421.376923,9445.223077,9449.738462,9438.523077,9432.007692,9404.107692,9451.569231,9477.907692
562.4480923,9578.607692,9564.130769,9605.376923,9565.923077,9591.338462,9542.123077,9569.807692,9576.707692,9573.069231,9552.907692
562.6471456,9552.707692,9522.330769,9521.276923,9522.023077,9566.138462,9559.323077,9566.607692,9549.107692,9557.469231,9578.807692
562.8461853,9537.207692,9539.030769,9560.876923,9554.723077,9557.138462,9547.623077,9551.007692,9527.307692,9588.769231,9585.807692
563.0452113,9560.007692,9530.430769,9565.376923,9595.723077,9588.338462,9566.823077,9577.007692,9582.607692,9618.069231,9596.907692
563.2442236,9546.407692,9518.730769,9534.076923,9580.823077,9522.638462,9560.523077,9535.707692,9533.907692,9553.169231,9564.707692
563.4432223,9636.607692,9651.830769,9685.376923,9700.523077,9663.438462,9736.723077,9706.607692,9665.907692,9658.569231,9665.007692
563.6422073,9541.007692,9533.830769,9538.876923,9576.023077,9549.238462,9529.523077,9542.107692,9562.507692,9584.569231,9537.107692
563.8411786,9675.007692,9652.530769,9654.376923,9639.023077,9666.638462,9637.523077,9643.307692,9721.507692,9671.469231,9642.907692
564.0401362,9654.207692,9636.630769,9649.776923,9670.123077,9652.438462,9639.623077,9667.107692,9668.607692,9679.669231,9669.907692
564.2390802,9738.407692,9753.830769,9769.876923,9759.323077,9752.438462,9763.123077,9765.107692,9764.507692,9746.069231,9746.907692
564.4380105,9717.107692,9704.130769,9697.476923,9666.823077,9719.238462,9674.723077,9682.207692,9707.807692,9697.769231,9699.207692
564.6369271,9786.607692,9745.830769,9776.176923,9787.623077,9781.438462,9755.023077,9766.307692,9767.007692,9772.869231,9776.607692
564.83583,9790.707692,9792.630769,9767.976923,9803.923077,9846.238462,9828.323077,9807.107692,9802.407692,9796.969231,9784.807692
565.0347192,9690.807692,9683.630769,9739.576923,9707.023077,9738.038462,9698.623077,9696.107692,9687.207692,9695.669231,9705.907692
565.2335947,9822.507692,9806.230769,9847.776923,9874.323077,9831.138462,9792.223077,9830.707692,9828.007692,9800.369231,9807.907692
565.4324566,9828.707692,9777.030769,9800.276923,9826.223077,9835.838462,9857.223077,9800.307692,9799.007692,9814.969231,9856.107692
565.6313047,9819.507692,9835.730769,9807.076923,9778.823077,9812.038462,9811.423077,9841.507692,9801.007692,9863.269231,9829.207692
565.8301391,9969.107692,9912.330769,9929.176923,9930.923077,9908.238462,9851.723077,9935.707692,9963.807692,9970.769231,9889.707692
566.0289599,9827.807692,9845.230769,9880.576923,9845.523077,9886.338462,9873.823077,9845.907692,9890.107692,9855.969231,9893.407692
566.2277669,9900.307692,9909.830769,9929.876923,9870.523077,9917.238462,9896.123077,9937.807692,9911.107692,9924.769231,9903.007692
566.4265602,9969.407692,9887.330769,9897.676923,9936.323077,9929.238462,9943.623077,9925.707692,9952.607692,9941.469231,9919.707692
566.6253398,9906.907692,9929.930769,9906.576923,9923.823077,9907.938462,9914.223077,9915.007692,9973.307692,9907.169231,9915.007692
566.8241057,9887.007692,9887.330769,9904.776923,9910.123077,9888.238462,9900.123077,9885.407692,9903.707692,9892.369231,9906.807692
567.0228579,10074.70769,10038.73077,10019.67692,10045.62308,10031.23846,10080.22308,10053.90769,10025.90769,10070.46923,10044.60769
567.2215964,9932.207692,9918.630769,9957.076923,9899.123077,9935.638462,9908.423077,9896.407692,9921.607692,9911.769231,9903.807692
567.4203212,10065.90769,10114.13077,10100.27692,10158.22308,10134.73846,10117.22308,10125.00769,10087.10769,10102.36923,10152.40769
567.6190322,10071.10769,10097.83077,10086.97692,10081.52308,10049.83846,10105.52308,10042.20769,10100.00769,10080.76923,10028.10769
567.8177295,10048.20769,10110.73077,10072.87692,10078.22308,10076.63846,10110.22308,10066.40769,10067.00769,10120.16923,10098.20769
568.0164131,10113.90769,10108.83077,10114.27692,10122.42308,10079.83846,10146.52308,10142.60769,10110.60769,10119.46923,10166.50769
568.215083,10137.60769,10139.93077,10182.87692,10193.22308,10180.53846,10150.02308,10168.60769,10161.40769,10186.06923,10171.70769
568.4137391,10151.50769,10146.83077,10157.47692,10177.02308,10181.13846,10164.52308,10165.80769,10132.10769,10121.56923,10154.20769
568.6123815,10241.90769,10292.63077,10241.17692,10230.92308,10267.33846,10269.12308,10226.20769,10251.10769,10254.96923,10228.50769
568.8110101,10182.70769,10188.23077,10196.37692,10173.12308,10201.43846,10203.92308,10215.80769,10211.60769,10230.96923,10211.90769
569.0096251,10217.60769,10251.73077,10260.57692,10233.72308,10293.93846,10291.42308,10271.00769,10284.70769,10261.16923,10262.20769
569.2082263,10179.50769,10194.03077,10163.97692,10194.72308,10174.53846,10232.82308,10207.10769,10209.90769,10220.46923,10242.90769
569.4068137,10326.80769,10291.53077,10294.97692,10318.12308,10292.53846,10358.92308,10332.10769,10330.30769,10280.06923,10334.90769
569.6053874,10223.60769,10230.83077,10239.77692,10219.42308,10211.63846,10253.72308,10247.00769,10244.30769,10252.76923,10234.20769
569.8039473,10392.90769,10363.73077,10383.67692,10371.12308,10406.13846,10383.42308,10409.20769,10408.80769,10367.36923,10418.30769
570.0024935,10312.10769,10357.83077,10331.17692,10311.92308,10319.13846,10277.02308,10342.00769,10329.00769,10312.06923,10298.10769
570.201026,10388.40769,10384.23077,10411.47692,10419.52308,10407.43846,10379.12308,10417.30769,10391.00769,10385.66923,10351.60769
570.3995447,10357.80769,10337.43077,10342.97692,10348.32308,10333.43846,10345.12308,10361.00769,10320.50769,10323.96923,10333.50769
570.5980496,10380.30769,10356.63077,10355.37692,10419.42308,10387.63846,10389.92308,10386.30769,10404.80769,10403.46923,10424.40769
570.7965408,10403.70769,10363.33077,10386.47692,10376.12308,10352.73846,10358.62308,10396.60769,10409.50769,10427.96923,10393.70769
570.9950182,10466.80769,10478.53077,10468.07692,10481.42308,10469.13846,10480.92308,10505.70769,10496.60769,10487.86923,10530.10769
571.1934818,10406.00769,10430.93077,10423.77692,10434.12308,10418.03846,10458.52308,10408.70769,10407.20769,10463.96923,10436.30769
571.3919317,10556.10769,10539.93077,10517.37692,10552.52308,10526.93846,10540.12308,10555.20769,10532.60769,10512.26923,10540.40769
571.5903678,10465.00769,10494.73077,10521.77692,10506.52308,10501.83846,10450.82308,10497.80769,10532.10769,10518.26923,10486.60769
571.7887902,10538.50769,10520.83077,10549.57692,10584.82308,10541.53846,10538.72308,10517.50769,10532.50769,10506.46923,10547.30769
571.9871988,10588.20769,10569.43077,10569.67692,10547.12308,10564.83846,10546.02308,10595.50769,10547.70769,10574.96923,10577.10769
572.1855935,10588.60769,10609.33077,10556.97692,10598.92308,10610.53846,10566.52308,10559.00769,10561.00769,10573.26923,10584.10769
572.3839746,10611.60769,10578.73077,10589.97692,10614.42308,10626.03846,10625.62308,10609.50769,10646.30769,10632.36923,10624.10769
572.5823418,10618.30769,10631.03077,10646.47692,10623.72308,10644.43846,10629.62308,10665.00769,10634.20769,10671.86923,10654.60769
572.7806952,10735.40769,10682.63077,10710.07692,10704.32308,10690.83846,10728.12308,10707.40769,10701.70769,10740.86923,10696.50769
572.9790349,10583.20769,10611.13077,10594.77692,10623.92308,10629.13846,10594.32308,10651.10769,10619.90769,10599.46923,10614.80769
573.1773608,10724.80769,10709.53077,10767.47692,10771.42308,10773.63846,10779.12308,10768.80769,10715.90769,10719.46923,10743.70769
573.3756729,10721.00769,10768.03077,10819.07692,10761.82308,10802.93846,10763.52308,10766.60769,10760.90769,10802.16923,10770.20769
573.5739711,10646.80769,10696.13077,10674.67692,10640.72308,10689.23846,10680.12308,10682.40769,10657.10769,10696.26923,10686.00769
573.7722556,10826.00769,10834.33077,10807.27692,10815.42308,10814.13846,10844.22308,10794.30769,10806.40769,10816.26923,10839.90769
573.9705263,10774.70769,10800.23077,10770.87692,10738.42308,10802.73846,10780.42308,10775.80769,10795.30769,10833.06923,10800.30769
574.1687832,10776.10769,10760.53077,10790.27692,10729.72308,10772.93846,10780.72308,10790.30769,10786.50769,10781.86923,10722.80769
574.3670263,10844.40769,10771.53077,10801.87692,10793.62308,10788.13846,10792.22308,10811.90769,10757.20769,10814.16923,10781.40769
574.5652556,10915.30769,10881.03077,10946.17692,10925.42308,10922.83846,10920.42308,10915.30769,10896.20769,10921.36923,10912.20769
574.7634711,10810.70769,10829.03077,10836.57692,10806.02308,10831.73846,10828.92308,10839.10769,10864.10769,10854.36923,10861.20769
574.9616727,10905.60769,10912.83077,10874.67692,10937.52308,10891.73846,10880.02308,10892.90769,10862.20769,10929.56923,10898.70769
575.1598606,10871.40769,10823.13077,10827.87692,10843.12308,10855.63846,10845.92308,10885.80769,10830.70769,10855.76923,10865.40769
575.3580346,10950.60769,10956.33077,10969.47692,11008.62308,10958.83846,10991.92308,10966.10769,10923.10769,10976.06923,10919.20769
575.5561949,10865.40769,10841.93077,10909.07692,10884.72308,10876.53846,10874.32308,10857.70769,10913.40769,10875.76923,10888.40769
575.7543413,11084.00769,11097.93077,11071.97692,11086.52308,11088.93846,11126.72308,11140.80769,11068.30769,11065.46923,11071.10769
575.9524738,10925.20769,10921.83077,10896.97692,10921.22308,10946.43846,10925.12308,10922.20769,10949.40769,10895.76923,10926.90769
576.1505926,11102.00769,11062.83077,11087.67692,11062.92308,11106.73846,11128.92308,11101.70769,11048.50769,11033.66923,11070.00769
576.3486975,10970.50769,10939.63077,10990.17692,10974.62308,10971.13846,10987.92308,10986.30769,10984.90769,10980.86923,10968.60769
576.5467886,11001.70769,11023.63077,11051.57692,11046.12308,11044.73846,11060.72308,11032.20769,11030.70769,11072.16923,11050.20769
576.7448659,11112.00769,11089.53077,11103.97692,11081.02308,11093.63846,11123.52308,11089.80769,11125.90769,11104.76923,11086.20769
576.9429293,11121.90769,11095.63077,11163.77692,11100.52308,11084.33846,11150.82308,11143.00769,11121.00769,11076.96923,11102.60769
577.1409789,11179.70769,11145.93077,11177.27692,11188.72308,11195.03846,11120.32308,11114.20769,11178.90769,11185.26923,11156.60769
577.3390147,11160.50769,11184.33077,11206.87692,11173.92308,11226.63846,11148.62308,11234.70769,11199.20769,11180.36923,11221.70769
577.5370366,11173.00769,11158.93077,11170.17692,11207.22308,11210.63846,11196.82308,11188.10769,11191.80769,11189.96923,11206.60769
577.7350447,11156.40769,11150.83077,11172.97692,11186.92308,11199.83846,11175.52308,11192.40769,11155.80769,11205.96923,11176.90769
577.9330389,11123.20769,11164.43077,11151.47692,11133.82308,11201.63846,11164.62308,11147.10769,11150.40769,11124.56923,11162.20769
578.1310193,11252.10769,11273.23077,11264.97692,11231.72308,11298.63846,11255.22308,11285.40769,11247.00769,11249.76923,11274.90769
578.3289858,11229.60769,11258.93077,11231.87692,11241.82308,11251.73846,11234.22308,11225.70769,11275.10769,11219.26923,11269.20769
578.5269384,11233.80769,11206.13077,11196.97692,11258.42308,11217.23846,11231.32308,11210.80769,11214.60769,11237.46923,11193.00769
578.7248773,11278.90769,11268.23077,11323.27692,11280.52308,11290.43846,11318.02308,11305.70769,11275.20769,11310.46923,11327.50769
578.9228022,11356.30769,11356.03077,11358.97692,11332.62308,11391.53846,11354.42308,11349.00769,11337.30769,11387.76923,11355.70769
579.1207133,11300.80769,11311.73077,11322.87692,11270.82308,11324.63846,11333.02308,11325.90769,11348.30769,11332.26923,11324.00769
579.3186105,11314.20769,11331.03077,11302.87692,11332.82308,11325.83846,11305.02308,11364.00769,11329.10769,11333.06923,11329.10769
579.5164939,11447.00769,11407.43077,11414.57692,11397.52308,11408.63846,11450.12308,11465.00769,11442.70769,11480.46923,11441.10769
579.7143634,11354.60769,11426.93077,11390.87692,11343.22308,11405.23846,11374.02308,11412.50769,11386.90769,11382.46923,11372.50769
579.912219,11379.00769,11410.63077,11377.87692,11434.32308,11419.53846,11413.82308,11412.60769,11453.40769,11413.36923,11425.50769
580.1100608,11367.00769,11371.73077,11394.07692,11390.52308,11388.03846,11380.82308,11387.00769,11389.40769,11422.96923,11363.70769
580.3078887,11523.00769,11534.93077,11458.87692,11503.62308,11461.93846,11483.82308,11471.70769,11485.70769,11474.76923,11480.70769
580.5057026,11471.50769,11448.63077,11458.37692,11468.72308,11507.43846,11485.52308,11430.60769,11439.50769,11468.66923,11478.50769
580.7035028,11322.60769,11365.13077,11394.47692,11364.22308,11377.83846,11362.72308,11371.50769,11366.40769,11359.06923,11345.20769
580.901289,11507.40769,11526.13077,11489.77692,11459.82308,11514.03846,11535.92308,11448.40769,11514.10769,11510.86923,11525.00769
581.0990614,11601.00769,11586.03077,11611.37692,11554.82308,11601.43846,11622.72308,11604.20769,11558.10769,11549.16923,11607.10769
581.2968198,11524.40769,11509.33077,11548.37692,11519.12308,11530.83846,11489.12308,11543.20769,11502.90769,11512.86923,11506.70769
581.4945644,11496.30769,11533.03077,11515.97692,11550.92308,11525.43846,11543.62308,11522.10769,11517.50769,11493.16923,11561.60769
581.6922951,11629.60769,11624.93077,11628.07692,11674.72308,11644.33846,11608.12308,11622.40769,11692.10769,11661.26923,11644.20769
581.8900119,11504.00769,11513.03077,11529.97692,11521.82308,11527.43846,11484.62308,11486.80769,11534.10769,11514.06923,11511.40769
582.0877147,11689.90769,11682.23077,11678.47692,11684.82308,11664.43846,11676.12308,11698.30769,11642.30769,11662.86923,11670.30769
582.2854037,11607.40769,11629.13077,11634.17692,11592.42308,11610.83846,11638.52308,11565.40769,11590.60769,11620.96923,11595.90769
582.4830788,11665.40769,11643.13077,11653.47692,11693.12308,11717.33846,11687.02308,11710.70769,11688.20769,11715.96923,11750.10769
582.68074,11699.90769,11658.13077,11712.17692,11702.82308,11686.53846,11698.52308,11691.30769,11697.80769,11692.16923,11707.40769
582.8783873,11619.40769,11623.53077,11660.77692,11639.52308,11649.63846,11652.22308,11634.60769,11628.80769,11620.46923,11627.30769
583.0760206,11638.90769,11632.93077,11639.37692,11674.82308,11609.83846,11660.32308,11644.20769,11600.20769,11625.96923,11683.80769
583.2736401,11773.40769,11778.93077,11797.97692,11791.52308,11774.33846,11795.42308,11806.50769,11798.50769,11777.86923,11806.80769
583.4712456,11643.70769,11604.93077,11622.27692,11645.82308,11647.93846,11668.22308,11653.20769,11648.30769,11638.26923,11662.80769
583.6688372,11754.80769,11703.13077,11722.97692,11732.82308,11768.13846,11736.32308,11718.40769,11748.20769,11733.36923,11709.70769
583.866415,11689.20769,11748.53077,11672.67692,11728.82308,11726.33846,11731.52308,11731.90769,11706.30769,11714.06923,11694.30769
584.0639787,11822.30769,11812.33077,11808.57692,11792.12308,11776.53846,11830.62308,11811.80769,11823.60769,11849.96923,11797.90769
584.2615286,11714.90769,11712.33077,11716.97692,11737.02308,11756.73846,11731.72308,11701.40769,11709.70769,11764.96923,11697.70769
584.4590645,11852.30769,11800.93077,11862.27692,11831.12308,11845.63846,11836.92308,11842.20769,11804.30769,11894.76923,11874.70769
584.6565865,11787.20769,11798.13077,11821.17692,11818.62308,11800.93846,11830.82308,11789.60769,11799.80769,11826.36923,11788.40769
584.8540946,11869.60769,11910.73077,11888.17692,11851.72308,11892.33846,11872.32308,11883.90769,11897.60769,11876.66923,11918.10769
585.0515887,11721.50769,11726.03077,11714.37692,11703.52308,11683.13846,11788.02308,11729.40769,11696.80769,11752.96923,11721.80769
585.2490689,11915.20769,11911.13077,11880.87692,11897.52308,11911.33846,11924.92308,11891.10769,11886.30769,11886.16923,11906.30769
585.4465352,11928.00769,11931.23077,11889.97692,11914.62308,11882.83846,11911.92308,11902.20769,11938.80769,11882.36923,11904.20769
585.6439875,11834.00769,11822.93077,11816.87692,11836.72308,11772.93846,11812.32308,11871.40769,11826.90769,11813.76923,11816.60769
585.8414259,11935.30769,11897.43077,11910.37692,11891.42308,11924.23846,11921.52308,11882.50769,11962.30769,11930.36923,11915.20769
586.0388503,12018.50769,11999.73077,12013.47692,12012.02308,12023.13846,12016.42308,12028.20769,12004.40769,11972.86923,12031.40769
586.2362608,11868.10769,11833.03077,11869.67692,11914.02308,11854.23846,11857.52308,11847.90769,11900.00769,11882.46923,11835.40769
586.4336574,11907.10769,11827.43077,11871.57692,11920.32308,11893.93846,11867.82308,11904.40769,11892.20769,11879.26923,11925.70769
586.6310399,11911.90769,11925.43077,11958.77692,11917.52308,11986.53846,11912.62308,11930.60769,11966.70769,11888.86923,11928.40769
586.8284086,12028.30769,12008.13077,11963.67692,12070.72308,12009.03846,11983.22308,11986.60769,12016.30769,11999.06923,12002.60769
587.0257632,11963.00769,11978.13077,11999.97692,12023.52308,11996.43846,11983.62308,12001.40769,12025.00769,12016.86923,12002.80769
587.2231039,12024.70769,12036.43077,12032.37692,11995.32308,11986.23846,12028.52308,11963.60769,11999.60769,12024.46923,11987.80769
587.4204307,11969.60769,11982.73077,12004.67692,11986.92308,12001.73846,11979.82308,12025.30769,11984.10769,11979.16923,11984.80769
587.6177435,12037.80769,12051.83077,12065.37692,12036.92308,12010.23846,12064.52308,12025.00769,12016.60769,12052.16923,12034.60769
587.8150423,11949.70769,11982.83077,11913.47692,11956.12308,11970.43846,11955.12308,11949.60769,11928.20769,11985.06923,11946.50769
588.0123271,11983.00769,11959.93077,11966.97692,11993.92308,11982.43846,11983.22308,11947.70769,11962.70769,11953.36923,11945.40769
588.209598,12003.90769,12001.63077,12004.67692,11979.82308,12031.03846,12010.02308,12036.80769,12011.50769,12040.86923,11993.70769
588.4068549,12129.70769,12111.23077,12155.07692,12104.82308,12134.93846,12121.42308,12159.30769,12111.30769,12117.66923,12131.80769
588.6040978,12062.50769,12062.93077,12083.07692,12036.52308,12081.83846,12033.62308,12053.40769,12070.70769,12002.46923,12071.30769
588.8013268,11996.20769,12006.43077,11999.67692,12015.52308,12056.73846,11990.22308,12013.40769,12018.00769,12001.76923,12044.50769
588.9985417,12079.70769,12101.63077,12093.47692,12114.92308,12110.53846,12106.62308,12113.20769,12058.70769,12081.56923,12101.00769
589.1957427,12092.20769,12090.33077,12051.87692,12025.62308,12081.43846,12103.02308,12061.10769,12084.80769,12098.96923,12090.70769
589.3929297,12128.80769,12134.23077,12162.67692,12119.92308,12153.33846,12162.32308,12174.10769,12133.40769,12132.76923,12138.70769
589.5901027,12093.80769,12068.63077,12066.87692,12108.82308,12102.93846,12116.12308,12084.40769,12097.00769,12129.16923,12140.30769
589.7872617,12064.50769,12091.73077,12098.57692,12113.62308,12082.33846,12047.62308,12096.70769,12078.00769,12078.56923,12091.10769
589.9844067,12053.20769,12092.53077,12101.97692,12056.82308,12113.83846,12123.82308,12094.10769,12062.50769,12066.76923,12097.60769
590.1815377,12045.50769,12051.43077,12066.87692,12037.32308,12047.63846,12058.62308,12084.20769,12093.10769,12081.36923,12093.90769
590.3786547,12168.70769,12175.53077,12198.77692,12168.92308,12212.73846,12179.52308,12171.00769,12192.30769,12198.86923,12131.80769
590.5757577,12160.30769,12119.93077,12149.47692,12189.42308,12154.33846,12137.42308,12162.90769,12136.80769,12152.46923,12130.90769
590.7728467,12175.40769,12169.43077,12123.67692,12155.82308,12201.33846,12142.12308,12164.70769,12181.70769,12142.16923,12182.30769
590.9699218,12148.20769,12147.93077,12133.37692,12208.42308,12145.63846,12159.82308,12176.80769,12148.10769,12148.16923,12174.60769
591.1669827,12242.90769,12233.33077,12225.07692,12240.42308,12247.73846,12269.52308,12229.60769,12207.20769,12251.36923,12264.50769
591.3640297,12093.40769,12077.53077,12084.77692,12099.32308,12062.93846,12089.12308,12112.70769,12117.60769,12086.06923,12076.80769
591.5610627,12239.50769,12209.93077,12240.87692,12203.72308,12173.63846,12168.72308,12228.90769,12228.40769,12227.76923,12243.60769
591.7580817,12110.40769,12096.53077,12099.37692,12122.42308,12107.23846,12104.32308,12120.80769,12119.30769,12087.16923,12108.10769
591.9550866,12179.00769,12122.43077,12186.67692,12135.32308,12157.83846,12179.12308,12199.30769,12152.40769,12145.66923,12187.20769
592.1520775,12285.10769,12304.53077,12319.37692,12293.12308,12319.53846,12272.72308,12273.80769,12314.60769,12324.36923,12316.40769
592.3490544,12166.70769,12201.93077,12175.87692,12183.42308,12177.33846,12232.92308,12205.40769,12148.00769,12187.76923,12196.10769
592.5460173,12287.20769,12261.33077,12294.57692,12231.72308,12275.93846,12248.02308,12300.00769,12302.70769,12210.46923,12267.30769
592.7429661,12227.10769,12264.63077,12205.67692,12228.42308,12239.33846,12197.22308,12246.60769,12240.20769,12248.66923,12216.20769
592.9399009,12150.30769,12097.53077,12135.57692,12156.12308,12102.23846,12182.02308,12119.20769,12099.50769,12117.96923,12156.20769
593.1368217,12224.60769,12252.33077,12294.97692,12276.92308,12263.03846,12283.12308,12266.90769,12259.00769,12260.16923,12240.80769
593.3337285,12250.80769,12313.03077,12293.27692,12283.62308,12281.23846,12322.72308,12301.20769,12342.90769,12302.16923,12306.30769
593.5306212,12171.80769,12167.33077,12152.77692,12169.32308,12201.33846,12162.72308,12122.90769,12177.60769,12179.06923,12150.10769
593.7274998,12236.70769,12246.03077,12286.37692,12257.02308,12281.03846,12298.72308,12255.00769,12297.40769,12274.16923,12312.60769
593.9243645,12251.00769,12316.13077,12258.47692,12314.82308,12274.23846,12285.22308,12254.80769,12290.30769,12246.26923,12251.20769
594.121215,12152.80769,12215.43077,12187.77692,12228.92308,12200.03846,12171.42308,12237.70769,12222.60769,12212.06923,12208.20769
594.3180516,12295.50769,12339.83077,12349.77692,12364.82308,12320.93846,12365.52308,12311.10769,12344.10769,12281.06923,12361.50769
594.514874,12156.80769,12131.63077,12179.97692,12149.42308,12115.93846,12133.02308,12168.80769,12159.70769,12112.56923,12152.10769
594.7116825,12316.10769,12302.53077,12298.27692,12369.82308,12295.03846,12311.52308,12327.90769,12311.20769,12318.86923,12294.20769
594.9084769,12275.70769,12287.33077,12239.97692,12238.32308,12241.43846,12232.32308,12257.00769,12203.50769,12217.96923,12289.40769
595.1052572,12359.70769,12331.53077,12355.57692,12334.62308,12377.23846,12307.72308,12365.00769,12363.00769,12319.86923,12336.10769
595.3020234,12245.80769,12246.43077,12241.17692,12264.92308,12256.53846,12223.52308,12266.50769,12231.70769,12229.76923,12216.40769
595.4987756,12314.10769,12293.53077,12304.67692,12292.62308,12312.73846,12319.32308,12308.40769,12324.50769,12281.26923,12318.60769
595.6955138,12276.40769,12239.23077,12251.47692,12244.92308,12235.63846,12280.12308,12297.10769,12252.30769,12295.46923,12279.10769
595.8922378,12235.30769,12232.83077,12303.17692,12246.52308,12215.03846,12273.82308,12216.50769,12233.20769,12257.86923,12255.30769
596.0889478,12292.60769,12293.03077,12346.57692,12334.32308,12327.63846,12353.12308,12303.40769,12318.60769,12347.06923,12328.70769
596.2856437,12296.60769,12271.33077,12344.57692,12330.42308,12331.93846,12358.72308,12294.50769,12339.10769,12302.16923,12336.60769
596.4823256,12271.20769,12342.33077,12301.17692,12302.92308,12303.23846,12300.12308,12308.60769,12309.80769,12293.66923,12279.50769
596.6789934,12292.80769,12314.83077,12305.17692,12309.52308,12292.83846,12306.12308,12269.30769,12251.20769,12293.06923,12290.30769
596.8756471,12366.90769,12341.73077,12342.77692,12310.42308,12402.13846,12358.02308,12371.70769,12356.90769,12357.56923,12362.10769
597.0722867,12240.20769,12234.93077,12275.97692,12232.72308,12255.83846,12262.82308,12296.80769,12299.90769,12222.86923,12273.90769
597.2689122,12317.20769,12293.53077,12305.27692,12291.72308,12266.73846,12339.42308,12317.60769,12308.90769,12324.76923,12331.80769
597.4655237,12249.60769,12212.53077,12230.97692,12221.62308,12202.43846,12237.02308,12180.00769,12235.00769,12223.06923,12264.50769
597.662121,12288.90769,12269.43077,12313.57692,12287.92308,12253.63846,12252.42308,12232.10769,12272.70769,12248.46923,12264.30769
597.8587043,12312.80769,12276.53077,12304.27692,12313.62308,12282.03846,12283.82308,12306.60769,12288.30769,12268.16923,12292.80769
598.0552735,12284.30769,12339.63077,12302.37692,12344.82308,12280.83846,12266.62308,12312.50769,12280.00769,12310.36923,12342.10769
598.2518285,12248.40769,12237.43077,12224.37692,12252.02308,12274.73846,12238.12308,12287.00769,12227.60769,12278.26923,12319.00769
598.4483695,12294.80769,12299.13077,12328.67692,12317.12308,12305.23846,12299.72308,12290.50769,12282.00769,12263.76923,12298.80769
598.6448964,12258.20769,12268.63077,12219.37692,12266.22308,12239.73846,12251.52308,12243.90769,12263.10769,12229.26923,12250.40769
598.8414092,12215.90769,12213.53077,12197.97692,12253.92308,12196.33846,12154.52308,12213.30769,12212.60769,12205.76923,12234.20769
599.0379079,12250.80769,12213.53077,12261.47692,12253.32308,12248.83846,12260.02308,12242.50769,12287.40769,12279.56923,12284.30769
599.2343924,12346.50769,12312.33077,12281.17692,12296.82308,12289.33846,12304.02308,12290.10769,12293.40769,12277.86923,12325.30769
599.4308629,12165.50769,12101.03077,12162.77692,12158.62308,12134.73846,12161.52308,12189.60769,12176.20769,12171.26923,12204.10769
599.6273192,12263.10769,12236.23077,12191.97692,12190.62308,12246.73846,12262.82308,12252.10769,12270.50769,12245.56923,12240.90769
599.8237614,12299.20769,12264.73077,12297.17692,12302.52308,12286.43846,12291.42308,12286.10769,12307.80769,12346.26923,12302.90769
600.0201896,12233.20769,12224.43077,12258.37692,12254.82308,12243.83846,12216.82308,12248.30769,12223.90769,12225.16923,12248.70769
600.2166035,12264.90769,12293.43077,12217.27692,12258.82308,12269.33846,12286.02308,12255.30769,12295.30769,12275.16923,12245.50769
600.4130034,12221.30769,12245.43077,12257.07692,12239.32308,12260.33846,12210.92308,12238.00769,12224.80769,12231.96923,12248.50769
600.6093892,12199.60769,12160.23077,12227.97692,12170.62308,12259.23846,12167.32308,12185.10769,12242.50769,12260.06923,12215.10769
600.8057608,12144.30769,12191.83077,12131.27692,12189.52308,12157.73846,12163.82308,12146.90769,12179.60769,12158.96923,12129.00769
601.0021183,12308.60769,12235.53077,12244.67692,12289.82308,12253.83846,12232.62308,12299.80769,12281.70769,12276.76923,12284.20769
601.1984616,12231.90769,12201.23077,12222.77692,12270.12308,12220.83846,12266.72308,12229.30769,12207.60769,12249.76923,12199.40769
601.3947908,12146.30769,12191.43077,12145.87692,12131.22308,12157.13846,12122.62308,12153.70769,12111.50769,12095.96923,12146.20769
601.5911059,12208.20769,12193.33077,12245.47692,12229.12308,12226.73846,12206.42308,12253.00769,12227.70769,12182.46923,12228.90769
601.7874069,12212.00769,12179.33077,12256.37692,12240.62308,12168.23846,12249.72308,12229.90769,12204.80769,12200.56923,12230.60769
601.9836937,12159.70769,12154.43077,12195.57692,12144.42308,12135.63846,12125.42308,12157.30769,12137.90769,12168.06923,12165.80769
602.1799663,12284.90769,12307.33077,12279.97692,12298.52308,12290.93846,12286.92308,12284.60769,12294.20769,12304.36923,12284.00769
602.3762248,12150.70769,12187.43077,12161.97692,12194.12308,12218.63846,12199.32308,12188.80769,12189.30769,12186.06923,12188.70769
602.5724692,12173.90769,12161.83077,12152.27692,12170.32308,12157.03846,12159.22308,12172.90769,12188.40769,12157.96923,12174.20769
602.7686994,12198.20769,12190.63077,12167.57692,12191.52308,12232.93846,12201.52308,12197.60769,12199.70769,12161.06923,12174.70769
602.9649155,12131.00769,12097.53077,12095.77692,12062.42308,12087.93846,12154.92308,12121.10769,12114.60769,12107.06923,12150.60769
603.1611174,12160.00769,12228.63077,12181.27692,12209.52308,12163.93846,12199.32308,12231.60769,12204.60769,12186.96923,12164.40769
603.3573051,12091.40769,12043.93077,12082.77692,12086.82308,12108.23846,12079.22308,12096.30769,12058.80769,12092.06923,12075.60769
603.5534787,12164.60769,12146.43077,12191.17692,12169.92308,12100.23846,12152.22308,12125.70769,12081.20769,12170.96923,12168.40769
603.7496381,12192.30769,12193.43077,12198.57692,12180.82308,12212.93846,12131.22308,12219.80769,12202.80769,12115.76923,12176.30769
603.9457834,12116.70769,12045.03077,12096.37692,12096.32308,12124.43846,12096.82308,12072.80769,12098.20769,12088.16923,12070.30769
604.1419145,12141.50769,12170.23077,12199.77692,12167.92308,12185.53846,12217.22308,12192.20769,12162.10769,12135.86923,12211.10769
604.3380314,12017.70769,12033.23077,12045.47692,12003.52308,12014.03846,12029.32308,12069.40769,12063.30769,12099.86923,12038.10769
604.5341341,12160.40769,12173.23077,12172.87692,12198.72308,12131.43846,12217.12308,12188.40769,12203.00769,12119.96923,12164.30769
604.7302227,12064.90769,12024.13077,12032.17692,12051.22308,12035.23846,12006.62308,12057.10769,12040.80769,12028.96923,12071.30769
604.9262971,12015.40769,12071.63077,12066.57692,12100.72308,12067.63846,12066.52308,12066.00769,12062.40769,12047.86923,12053.80769
605.1223573,12130.50769,12180.73077,12214.97692,12196.82308,12146.23846,12178.02308,12158.20769,12141.10769,12160.56923,12092.50769
605.3184033,12022.40769,12054.43077,11997.07692,12070.02308,12065.93846,12054.12308,12093.60769,12038.30769,12067.36923,12065.20769
605.5144352,12024.10769,12026.83077,12013.67692,11972.52308,12039.93846,12055.82308,12020.40769,12058.70769,12028.56923,12060.70769
605.7104528,12031.50769,12006.43077,12073.07692,12065.72308,12005.33846,12084.82308,11978.10769,12071.90769,11983.46923,12008.90769
605.9064563,12116.90769,12054.13077,12038.17692,12073.72308,12059.63846,12104.72308,12096.80769,12091.00769,12093.06923,12081.50769
606.1024455,11989.70769,12069.53077,12049.47692,12111.22308,12010.93846,12054.42308,12000.90769,12044.60769,12066.06923,12097.00769
606.2984206,12105.70769,12101.33077,12126.27692,12119.62308,12101.93846,12105.72308,12105.50769,12058.70769,12085.66923,12093.00769
606.4943815,12082.10769,12055.43077,12050.97692,11987.82308,12056.13846,12039.02308,12038.40769,12010.10769,12055.56923,12062.50769
606.6903282,12120.40769,12075.53077,12111.47692,12121.52308,12106.13846,12108.32308,12078.90769,12078.20769,12077.76923,12131.10769
606.8862607,12007.60769,12052.93077,12127.07692,12109.52308,12050.33846,12062.02308,12100.20769,12070.30769,12090.66923,12108.60769
607.0821789,11955.60769,11958.63077,11960.67692,11969.12308,11968.73846,11974.32308,11954.60769,11973.20769,11940.96923,11938.20769
607.278083,12062.80769,12121.03077,12092.57692,12137.92308,12127.53846,12115.42308,12077.50769,12130.70769,12080.56923,12114.10769
607.4739729,11935.90769,11943.73077,11953.87692,11943.42308,11966.63846,11966.32308,11980.30769,11973.60769,11934.46923,11920.90769
607.6698485,12072.80769,12055.73077,12088.17692,12070.12308,12073.83846,12068.02308,12054.00769,12085.90769,12037.26923,12033.90769
607.8657099,11942.20769,11899.93077,11919.07692,11896.42308,11929.33846,11933.02308,11964.40769,11884.90769,11930.76923,11937.00769
608.0615571,12088.00769,12086.43077,12081.37692,12073.92308,12171.53846,12082.22308,12135.20769,12108.00769,12121.26923,12088.70769
608.2573901,12020.30769,12052.73077,12052.27692,12039.22308,12045.53846,12020.92308,12051.90769,12052.80769,12036.46923,12062.00769
608.4532089,11997.90769,12052.23077,12058.67692,11980.02308,12053.63846,12039.62308,12006.10769,12008.50769,12051.46923,12067.70769
608.6490135,12112.40769,12063.83077,12077.07692,12081.72308,12050.53846,12095.02308,12097.30769,12087.00769,12092.66923,12061.10769
608.8448038,12049.60769,12033.03077,11974.57692,12024.22308,12003.93846,12050.12308,12074.50769,11980.10769,12018.76923,11959.90769
609.0405799,12028.10769,12025.13077,12031.57692,12036.12308,12076.03846,12066.12308,12058.70769,12059.70769,12057.96923,12019.90769
609.2363418,12069.20769,12041.13077,12056.17692,12068.52308,12060.63846,12078.92308,12060.70769,12090.10769,12052.36923,12033.00769
609.4320894,12026.20769,12027.73077,11979.57692,12016.52308,12024.23846,12036.92308,11972.20769,12075.20769,11991.26923,12022.90769
609.6278228,11971.30769,11997.43077,12014.87692,12010.62308,12009.63846,12011.92308,12053.10769,11962.50769,12020.36923,11977.60769
609.8235419,12010.70769,12032.93077,12054.47692,12035.92308,12015.93846,12015.72308,12052.10769,12018.50769,12016.76923,12018.70769
610.0192469,11947.40769,11970.33077,11935.67692,11995.82308,11986.93846,11960.42308,11976.60769,11967.00769,11949.56923,11981.80769
610.2149375,11969.20769,12014.03077,12022.67692,11993.42308,11990.53846,12013.62308,12056.00769,12013.50769,12040.46923,12043.40769
610.410614,12055.20769,12080.53077,12067.17692,12081.52308,12067.23846,12097.02308,12077.80769,12072.40769,12085.06923,12136.00769
610.6062761,11939.40769,11970.43077,11969.27692,11945.82308,11935.63846,11914.42308,11982.30769,11968.00769,11954.86923,11998.10769
610.8019241,12055.70769,12068.23077,12090.67692,12034.42308,12067.93846,12013.02308,12065.30769,12027.70769,12033.26923,12046.00769
610.9975578,11988.50769,12019.43077,11994.17692,12003.62308,11976.43846,12005.02308,12008.50769,12029.00769,12002.26923,12021.40769
611.1931772,12013.30769,12016.53077,12008.67692,12022.42308,12041.73846,12027.22308,12015.00769,12018.50769,11978.76923,12024.50769
611.3887823,11979.00769,11981.33077,12005.77692,11977.92308,11997.73846,11998.92308,11967.70769,11999.80769,12006.56923,12009.80769
611.5843732,11954.50769,11937.73077,11980.97692,11960.02308,11939.23846,11951.62308,12003.60769,11944.20769,11954.16923,11937.10769
611.7799499,11943.00769,11938.53077,11924.47692,11970.52308,11946.13846,11954.62308,11965.80769,11934.30769,11959.66923,11983.60769
611.9755123,11973.10769,12017.73077,12025.27692,11996.72308,12033.83846,12004.92308,12006.10769,11992.30769,12003.46923,11987.40769
612.1710604,11970.10769,12018.53077,11974.57692,12014.02308,11977.13846,12019.72308,12022.40769,12024.10769,12039.16923,11988.80769
612.3665942,11959.50769,11960.13077,11969.67692,11964.42308,11955.93846,11987.62308,11985.00769,11956.20769,11991.46923,11982.90769
612.5621138,11988.50769,11937.63077,11972.77692,11953.92308,11961.13846,11913.22308,11948.20769,11956.70769,11998.16923,11948.50769
612.7576191,11843.40769,11786.43077,11834.47692,11827.02308,11871.93846,11821.72308,11821.80769,11832.30769,11866.16923,11880.60769
612.9531101,11922.30769,11898.43077,11917.27692,11905.22308,11887.03846,11941.02308,11893.40769,11896.10769,11893.86923,11884.60769
613.1485868,12019.10769,12045.23077,11974.97692,12068.22308,12085.33846,12022.02308,12019.70769,12023.70769,12056.56923,12057.40769
613.3440493,11927.40769,11935.03077,11916.47692,11935.32308,11928.23846,11909.72308,11957.10769,11959.70769,11897.36923,11962.20769
613.5394975,12090.00769,12105.73077,12100.87692,12083.82308,12132.33846,12162.32308,12106.80769,12088.60769,12097.16923,12094.50769
613.7349313,11962.80769,12026.63077,12003.67692,12008.92308,12023.63846,11985.52308,12000.90769,12016.50769,12005.76923,12018.20769
613.9303509,11991.80769,12009.73077,12016.67692,11982.82308,12006.83846,11980.62308,11999.40769,11983.10769,12021.06923,11999.20769
614.1257562,11935.60769,12025.43077,11955.17692,11980.52308,11947.43846,11933.82308,11956.50769,11991.20769,11917.16923,11965.10769
614.3211472,12042.90769,12054.33077,12022.67692,12038.82308,12062.33846,12094.82308,12066.60769,12057.90769,12075.36923,12040.20769
614.516524,11987.20769,11982.33077,11969.17692,12027.42308,11999.53846,12001.52308,11977.00769,11965.70769,11981.96923,11983.60769
614.7118864,11947.40769,12002.33077,11990.47692,11937.92308,11988.63846,11914.72308,11987.30769,11947.10769,11978.26923,11963.50769
614.9072345,11948.20769,11907.43077,11927.87692,11882.62308,11937.23846,11891.92308,11961.60769,11926.10769,11909.56923,11928.90769
615.1025683,11999.50769,11993.13077,12023.97692,11997.72308,11995.83846,12019.12308,12032.50769,12013.20769,12042.66923,11991.00769
615.2978878,11937.60769,11933.13077,11945.67692,11919.22308,11935.73846,11950.42308,11913.20769,11933.20769,11912.16923,11923.20769
615.493193,12015.30769,12058.93077,12036.17692,12042.12308,12058.23846,12030.12308,12075.40769,12050.40769,12055.46923,12072.80769
615.6884839,11880.90769,11866.23077,11869.77692,11880.02308,11877.23846,11875.12308,11881.50769,11832.50769,11866.96923,11849.00769
615.8837605,12096.00769,12074.53077,12066.37692,12046.32308,12077.63846,12080.92308,12081.20769,12043.00769,12092.46923,12055.50769
616.0790227,11838.70769,11851.23077,11858.37692,11867.02308,11881.53846,11848.62308,11840.70769,11831.20769,11840.96923,11841.30769
616.2742707,11963.30769,12043.73077,12010.97692,12013.12308,12002.43846,11986.82308,11997.00769,11976.80769,12014.56923,12028.20769
616.4695043,11849.50769,11905.13077,11892.77692,11902.92308,11916.93846,11923.22308,11920.00769,11914.40769,11918.36923,11893.30769
616.6647236,11913.90769,11977.93077,11956.77692,11913.02308,11919.63846,11932.82308,11939.00769,11956.10769,11922.66923,11939.80769
616.8599285,11918.10769,11932.23077,11920.67692,11897.22308,11938.33846,11900.62308,11906.30769,11921.90769,11906.26923,11923.10769
617.0551192,11891.30769,11887.13077,11882.77692,11844.12308,11904.13846,11892.62308,11861.80769,11901.30769,11896.46923,11895.90769
617.2502955,11837.90769,11864.83077,11830.67692,11880.12308,11848.73846,11872.42308,11855.70769,11839.50769,11830.06923,11838.00769
617.4454575,11941.10769,11970.93077,11987.07692,11933.52308,11972.53846,11943.52308,11929.70769,11964.00769,11987.46923,11933.00769
617.6406051,11769.30769,11730.33077,11752.77692,11787.32308,11749.53846,11698.42308,11727.40769,11717.70769,11757.96923,11720.60769
617.8357384,11887.80769,11855.93077,11936.17692,11884.72308,11911.43846,11870.02308,11913.20769,11914.40769,11882.96923,11867.30769
618.0308574,11719.10769,11703.53077,11761.07692,11717.72308,11741.43846,11736.12308,11740.00769,11734.70769,11737.26923,11756.10769
618.225962,11869.90769,11879.53077,11877.97692,11910.62308,11876.13846,11860.92308,11846.90769,11866.40769,11894.26923,11859.50769
618.4210523,11762.00769,11731.63077,11733.67692,11797.02308,11782.43846,11726.32308,11798.30769,11783.70769,11783.16923,11750.00769
618.6161282,11862.00769,11835.93077,11833.57692,11856.82308,11847.13846,11858.72308,11883.30769,11848.80769,11894.16923,11882.50769
618.8111898,11646.60769,11667.83077,11673.57692,11635.82308,11684.43846,11634.92308,11652.90769,11657.70769,11641.56923,11652.30769
619.006237,11835.60769,11880.53077,11874.87692,11824.92308,11859.53846,11826.52308,11806.30769,11821.10769,11825.46923,11793.10769
619.2012699,11582.10769,11570.63077,11558.37692,11644.12308,11634.53846,11629.22308,11604.60769,11590.90769,11562.26923,11618.70769
619.3962884,11689.20769,11684.43077,11713.57692,11722.42308,11726.53846,11706.32308,11686.90769,11710.30769,11675.06923,11715.60769
619.5912926,11591.80769,11484.33077,11565.97692,11527.82308,11548.93846,11553.72308,11516.20769,11566.00769,11543.76923,11519.20769
619.7862824,11620.00769,11683.63077,11701.57692,11679.92308,11663.23846,11692.72308,11689.50769,11668.40769,11647.46923,11668.70769
619.9812578,11478.40769,11452.53077,11473.97692,11482.82308,11505.23846,11520.12308,11479.00769,11499.00769,11449.66923,11488.70769
620.1762189,11598.60769,11623.83077,11625.67692,11607.42308,11616.83846,11630.22308,11648.20769,11630.30769,11636.36923,11623.20769
620.3711656,11455.80769,11477.63077,11442.67692,11435.12308,11425.33846,11424.92308,11420.10769,11450.30769,11425.26923,11454.50769
620.5660979,11517.80769,11559.73077,11570.77692,11516.62308,11544.23846,11512.52308,11533.20769,11522.10769,11521.26923,11552.20769
620.7610159,11436.10769,11469.13077,11429.37692,11454.92308,11403.23846,11432.92308,11440.90769,11455.90769,11446.86923,11419.10769
620.9559195,11506.40769,11471.13077,11468.67692,11495.42308,11494.23846,11483.72308,11511.50769,11537.70769,11512.56923,11479.50769
621.1508087,11279.80769,11352.23077,11281.27692,11286.92308,11310.13846,11322.92308,11326.00769,11316.30769,11349.86923,11341.00769
621.3456835,11411.20769,11334.63077,11415.67692,11395.02308,11419.83846,11368.42308,11402.00769,11390.20769,11404.06923,11378.10769
621.5405439,11245.80769,11248.03077,11239.47692,11222.32308,11245.23846,11217.42308,11212.90769,11256.70769,11239.06923,11206.10769
621.73539,11308.10769,11324.63077,11336.17692,11355.92308,11338.53846,11323.32308,11297.90769,11298.80769,11317.86923,11320.30769
621.9302216,11118.10769,11138.43077,11149.27692,11169.62308,11169.03846,11132.42308,11161.70769,11146.40769,11113.56923,11155.90769
622.1250389,11211.80769,11252.83077,11233.47692,11233.92308,11260.53846,11263.62308,11210.80769,11233.00769,11195.26923,11288.90769
622.3198418,11036.30769,11061.03077,11064.87692,11023.82308,11020.63846,11038.32308,11038.40769,11078.20769,11033.96923,11078.60769
622.5146303,11158.20769,11152.93077,11153.77692,11130.92308,11162.93846,11132.02308,11172.50769,11179.20769,11124.86923,11162.20769
622.7094043,11061.10769,11059.13077,11052.37692,11038.62308,11035.83846,11074.92308,11042.90769,11022.00769,11075.06923,11044.10769
622.904164,11013.70769,10977.23077,10985.67692,11032.22308,11031.93846,11051.72308,11033.40769,11010.60769,11050.76923,11034.30769
623.0989093,10972.90769,10946.33077,10945.07692,10969.82308,10964.93846,10950.22308,10988.00769,10978.30769,10951.16923,10947.30769
623.2936402,10973.80769,11003.73077,10999.77692,11003.12308,10983.53846,10990.02308,10965.40769,11004.60769,10949.66923,10972.90769
623.4883567,10875.50769,10859.83077,10814.17692,10889.92308,10816.93846,10840.82308,10929.60769,10840.50769,10828.76923,10902.10769
623.6830587,10853.80769,10937.03077,10848.47692,10896.62308,10909.03846,10903.82308,10929.90769,10880.30769,10931.36923,10913.10769
623.8777464,10749.40769,10712.63077,10743.67692,10768.62308,10712.83846,10705.92308,10719.30769,10752.30769,10747.26923,10703.70769
624.0724196,10786.80769,10766.23077,10814.57692,10776.62308,10795.53846,10762.32308,10807.10769,10795.30769,10764.26923,10811.50769
624.2670784,10757.60769,10743.93077,10782.07692,10779.12308,10802.13846,10776.02308,10738.00769,10764.30769,10765.96923,10761.40769
624.4617228,10667.60769,10667.73077,10697.37692,10730.12308,10665.23846,10721.72308,10678.00769,10663.10769,10659.36923,10663.70769
624.6563528,10640.20769,10563.83077,10591.87692,10658.02308,10618.63846,10612.02308,10604.70769,10607.80769,10604.46923,10611.40769
624.8509683,10624.50769,10613.83077,10651.57692,10634.12308,10629.93846,10634.02308,10651.80769,10637.90769,10578.66923,10664.20769
625.0455695,10574.80769,10533.53077,10536.47692,10534.02308,10567.43846,10501.82308,10542.60769,10507.50769,10531.36923,10531.50769
625.2401561,10505.00769,10515.73077,10482.27692,10486.82308,10531.43846,10505.22308,10531.50769,10492.90769,10473.66923,10535.20769
625.4347284,10407.60769,10435.83077,10397.47692,10414.82308,10445.13846,10414.52308,10431.40769,10456.20769,10428.76923,10420.60769
625.6292862,10401.90769,10410.13077,10428.47692,10430.22308,10417.23846,10424.32308,10413.40769,10414.30769,10384.56923,10469.90769
625.8238296,10339.20769,10363.33077,10320.17692,10372.12308,10373.83846,10378.72308,10329.80769,10324.30769,10362.56923,10350.00769
626.0183586,10313.80769,10342.23077,10317.77692,10311.12308,10329.33846,10294.82308,10310.70769,10303.00769,10347.46923,10326.50769
626.2128731,10147.20769,10090.23077,10146.57692,10124.92308,10136.33846,10153.52308,10155.40769,10167.90769,10122.56923,10144.60769
626.4073731,10251.80769,10210.23077,10216.87692,10250.32308,10190.53846,10203.92308,10223.70769,10233.90769,10247.86923,10254.40769
626.6018588,10110.30769,10073.23077,10145.17692,10100.32308,10130.23846,10121.72308,10153.40769,10089.70769,10105.76923,10136.30769
626.7963299,10148.00769,10170.63077,10124.27692,10223.82308,10156.83846,10176.22308,10212.40769,10153.30769,10183.66923,10198.40769
626.9907867,10144.50769,10122.93077,10124.17692,10111.82308,10101.23846,10097.42308,10135.90769,10062.50769,10132.56923,10187.60769
627.1852289,10053.50769,10073.13077,9999.876923,10000.52308,10055.93846,10033.92308,10056.10769,10050.90769,10064.06923,10036.80769
627.3796567,9940.107692,9989.430769,9986.776923,9968.623077,9958.738462,9964.923077,9971.407692,9933.407692,9972.069231,9972.307692
627.5740701,9917.007692,9902.730769,9916.776923,9926.723077,9934.938462,9919.523077,9956.407692,9900.207692,9902.369231,9920.707692
627.768469,9842.707692,9906.730769,9855.776923,9876.423077,9876.138462,9882.223077,9915.307692,9873.607692,9863.169231,9832.907692
627.9628534,9857.607692,9813.530769,9872.476923,9801.723077,9857.738462,9868.423077,9823.407692,9825.807692,9830.269231,9847.007692
628.1572234,9705.707692,9772.530769,9738.476923,9724.723077,9738.338462,9722.423077,9767.807692,9758.307692,9786.569231,9739.307692
628.3515789,9817.707692,9831.630769,9820.776923,9828.023077,9813.938462,9838.823077,9815.807692,9812.807692,9789.869231,9823.007692
628.5459199,9657.007692,9631.830769,9653.176923,9655.123077,9655.538462,9675.323077,9705.907692,9662.307692,9637.969231,9663.407692
628.7402464,9748.507692,9768.930769,9727.576923,9715.023077,9780.138462,9738.223077,9755.007692,9737.007692,9758.769231,9791.807692
628.9345585,9598.407692,9601.030769,9546.676923,9612.923077,9616.738462,9609.023077,9629.507692,9611.407692,9613.069231,9591.607692
629.1288561,9588.507692,9593.030769,9609.876923,9653.723077,9629.038462,9621.623077,9595.707692,9594.607692,9613.869231,9612.707692
629.3231392,9530.907692,9512.330769,9549.576923,9517.523077,9510.838462,9533.923077,9497.107692,9537.507692,9510.569231,9491.607692
629.5174079,9474.907692,9474.030769,9494.676923,9483.323077,9460.338462,9489.323077,9478.707692,9476.407692,9479.269231,9440.307692
629.711662,9468.807692,9491.230769,9477.876923,9523.923077,9447.338462,9500.823077,9441.607692,9446.007692,9503.569231,9496.707692
629.9059017,9426.707692,9424.330769,9429.376923,9417.123077,9457.338462,9454.823077,9427.507692,9425.807692,9439.269231,9448.807692
630.1001269,9319.007692,9270.830769,9265.676923,9260.823077,9286.438462,9262.123077,9259.607692,9276.307692,9283.469231,9281.607692
630.2943375,9294.107692,9366.730769,9348.276923,9343.423077,9376.538462,9335.023077,9345.907692,9362.907692,9337.669231,9369.307692
630.4885337,9238.207692,9239.530769,9251.776923,9271.023077,9292.738462,9284.123077,9278.807692,9269.907692,9240.169231,9256.107692
630.6827154,9299.507692,9270.830769,9297.276923,9277.023077,9285.438462,9290.723077,9288.407692,9302.807692,9281.869231,9270.007692
630.8768826,9129.307692,9140.430769,9165.376923,9159.223077,9149.238462,9126.923077,9112.207692,9149.207692,9157.069231,9135.407692
631.0710353,9102.807692,9104.530769,9089.676923,9120.823077,9111.138462,9113.523077,9131.007692,9102.007692,9148.369231,9111.707692
631.2651735,9142.407692,9174.230769,9140.076923,9169.323077,9143.338462,9174.823077,9169.707692,9146.207692,9163.969231,9156.907692
631.4592972,9066.907692,9085.530769,9069.276923,9100.523077,9092.338462,9085.423077,9049.207692,9091.207692,9058.569231,9068.107692
631.6534063,9035.707692,9024.630769,9019.576923,9077.423077,9035.738462,9026.023077,9040.407692,9047.107692,9005.769231,9033.307692
631.847501,8985.307692,9029.030769,8984.776923,9001.623077,9035.738462,9059.623077,8983.607692,8996.407692,8965.069231,8986.907692
632.0415811,8964.807692,8904.830769,8968.676923,8971.523077,8938.738462,8939.623077,8914.807692,8891.507692,8918.569231,8955.407692
632.2356468,8914.107692,8933.730769,8995.876923,8979.223077,8941.738462,8948.923077,8910.207692,8931.607692,8912.769231,8947.607692
632.4296979,8830.507692,8861.330769,8828.176923,8823.623077,8854.238462,8823.123077,8829.507692,8823.107692,8829.369231,8819.107692
632.6237345,8867.707692,8857.330769,8868.876923,8858.723077,8879.938462,8864.923077,8872.907692,8891.107692,8841.569231,8885.507692
632.8177565,8804.307692,8758.130769,8761.676923,8817.623077,8806.938462,8781.523077,8815.507692,8774.907692,8783.869231,8800.607692
633.0117641,8693.407692,8689.130769,8697.076923,8676.323077,8731.538462,8729.323077,8709.807692,8705.707692,8705.369231,8715.807692
633.2057571,8694.507692,8660.330769,8684.876923,8680.923077,8685.238462,8694.323077,8670.407692,8696.707692,8696.269231,8711.207692
633.3997355,8718.507692,8675.430769,8674.676923,8689.923077,8714.538462,8730.923077,8725.007692,8675.407692,8697.669231,8666.707692
633.5936995,8621.807692,8611.530769,8594.976923,8581.123077,8590.738462,8589.723077,8600.007692,8575.507692,8603.369231,8611.707692
633.7876489,8568.307692,8569.730769,8594.876923,8607.723077,8644.438462,8598.023077,8623.607692,8585.207692,8619.969231,8587.507692
633.9815838,8541.507692,8575.930769,8574.776923,8590.023077,8529.938462,8518.823077,8546.107692,8562.107692,8587.269231,8574.707692
634.1755041,8501.907692,8533.830769,8542.776923,8530.023077,8541.738462,8498.323077,8519.907692,8485.407692,8498.569231,8472.807692
634.3694099,8432.907692,8457.330769,8468.376923,8440.723077,8513.638462,8430.323077,8464.207692,8458.207692,8464.069231,8469.207692
634.5633011,8403.807692,8420.630769,8439.476923,8442.523077,8441.438462,8454.723077,8475.607692,8456.507692,8463.969231,8479.307692
634.7571778,8389.307692,8405.930769,8402.676923,8395.923077,8388.238462,8410.523077,8387.807692,8387.807692,8346.369231,8399.407692
634.95104,8384.707692,8408.030769,8379.076923,8344.623077,8383.338462,8408.223077,8384.807692,8408.307692,8374.269231,8398.707692
635.1448876,8314.207692,8356.730769,8360.676923,8322.123077,8316.338462,8329.823077,8285.307692,8321.907692,8344.269231,8321.907692
635.3387206,8329.507692,8351.530769,8304.576923,8387.723077,8338.438462,8340.823077,8323.807692,8332.207692,8344.369231,8318.007692
635.5325391,8183.507692,8235.630769,8221.276923,8233.023077,8229.338462,8226.823077,8229.807692,8217.307692,8237.269231,8202.107692
635.726343,8167.507692,8200.930769,8237.076923,8202.223077,8209.838462,8234.323077,8234.407692,8211.207692,8214.569231,8232.307692
635.9201323,8078.007692,8113.430769,8129.476923,8112.023077,8126.038462,8112.923077,8116.907692,8144.507692,8096.469231,8081.507692
636.1139071,8135.407692,8167.230769,8154.476923,8155.223077,8188.138462,8181.323077,8159.107692,8152.207692,8159.869231,8136.807692
636.3076674,8101.907692,8093.430769,8065.176923,8083.123077,8109.538462,8119.323077,8057.407692,8100.707692,8064.669231,8088.407692
636.501413,8073.307692,8037.430769,8057.076923,8057.223077,8070.338462,8071.123077,8064.707692,8014.107692,8055.869231,8042.707692
636.6951441,8015.107692,8047.730769,8026.476923,8021.223077,8026.938462,8059.223077,8053.707692,8052.707692,8029.069231,8066.007692
636.8888606,7926.407692,7963.630769,7948.776923,7974.823077,7982.338462,7949.523077,7954.207692,7996.707692,7920.869231,7951.307692
637.0825625,7916.207692,7881.530769,7897.176923,7921.123077,7920.538462,7914.123077,7901.407692,7932.207692,7939.769231,7930.907692
637.2762499,7879.107692,7847.330769,7912.576923,7885.423077,7893.138462,7925.723077,7852.707692,7897.407692,7893.669231,7917.207692
637.4699227,7851.907692,7850.230769,7865.876923,7864.723077,7870.838462,7845.323077,7847.307692,7836.307692,7866.769231,7848.707692
637.6635808,7849.407692,7828.730769,7839.676923,7803.723077,7785.538462,7797.223077,7842.207692,7763.307692,7830.169231,7831.107692
637.8572244,7794.807692,7790.530769,7795.876923,7842.723077,7775.038462,7808.223077,7820.907692,7809.007692,7818.569231,7787.207692
638.0508535,7787.807692,7766.730769,7739.476923,7783.823077,7768.838462,7795.623077,7818.307692,7768.807692,7771.069231,7749.107692
638.2444679,7703.407692,7740.930769,7689.276923,7709.223077,7707.238462,7690.223077,7683.807692,7709.807692,7694.169231,7695.507692
638.4380677,7719.207692,7722.430769,7656.176923,7675.923077,7678.438462,7695.823077,7707.107692,7694.107692,7690.769231,7680.607692
638.6316529,7681.007692,7625.230769,7593.376923,7641.523077,7650.138462,7634.223077,7643.607692,7598.007692,7615.669231,7648.107692
638.8252236,7583.307692,7575.130769,7584.976923,7616.223077,7589.838462,7530.623077,7595.707692,7585.207692,7603.369231,7587.407692
639.0187796,7534.107692,7515.230769,7537.876923,7537.423077,7558.538462,7555.423077,7533.807692,7506.207692,7535.769231,7539.707692
639.212321,7467.307692,7483.530769,7515.176923,7485.123077,7490.538462,7470.623077,7498.907692,7512.707692,7502.569231,7504.807692
639.4058478,7493.907692,7464.930769,7518.576923,7505.823077,7494.338462,7515.123077,7494.207692,7455.607692,7490.669231,7494.307692
639.5993601,7457.307692,7455.630769,7434.476923,7473.323077,7465.038462,7478.923077,7438.507692,7444.907692,7439.169231,7437.707692
639.7928577,7457.507692,7440.930769,7453.076923,7441.323077,7486.538462,7479.523077,7473.407692,7472.007692,7448.669231,7462.807692
639.9863407,7303.707692,7314.430769,7344.976923,7310.023077,7312.438462,7349.523077,7343.107692,7330.107692,7358.269231,7323.507692
640.179809,7382.607692,7345.630769,7379.976923,7377.423077,7382.438462,7395.223077,7366.207692,7390.707692,7365.169231,7379.107692
640.3732628,7344.507692,7313.230769,7349.676923,7348.923077,7353.238462,7354.823077,7344.607692,7345.607692,7362.869231,7320.007692
640.5667019,7215.307692,7185.230769,7215.776923,7250.323077,7233.438462,7217.423077,7254.907692,7223.307692,7217.669231,7232.607692
640.7601264,7243.907692,7247.530769,7247.876923,7237.723077,7250.638462,7240.823077,7261.507692,7201.707692,7245.169231,7239.607692
640.9535363,7181.807692,7199.730769,7138.076923,7153.923077,7176.138462,7174.423077,7168.607692,7174.507692,7151.569231,7132.707692
641.1469316,7086.607692,7116.330769,7139.276923,7119.823077,7136.638462,7132.923077,7145.207692,7129.407692,7127.169231,7162.007692
641.3403122,7134.707692,7082.230769,7120.976923,7122.423077,7126.838462,7104.523077,7140.307692,7125.607692,7146.269231,7109.207692
641.5336782,7126.807692,7102.130769,7109.276923,7086.823077,7123.638462,7115.723077,7126.607692,7116.507692,7086.469231,7119.507692
641.7270296,7047.807692,7041.530769,7052.276923,7053.423077,7058.038462,7075.023077,7045.207692,7028.607692,7036.269231,7063.807692
641.9203663,6997.307692,7019.630769,7068.976923,7066.923077,7082.138462,7045.123077,7072.307692,7047.507692,7029.769231,7022.307692
642.1136884,6981.407692,6978.730769,6985.876923,6997.523077,6957.938462,6998.823077,6983.607692,6979.507692,7003.469231,7010.407692
642.3069958,6953.107692,6937.330769,6964.276923,6942.723077,6978.838462,6957.423077,6974.207692,6942.407692,6954.969231,6937.207692
642.5002886,6930.107692,6929.430769,6918.576923,6924.723077,6917.738462,6881.823077,6918.207692,6913.607692,6925.369231,6914.507692
642.6935668,6813.007692,6829.030769,6801.476923,6806.923077,6805.238462,6833.523077,6806.107692,6788.307692,6802.269231,6785.907692
642.8868303,6810.607692,6805.830769,6825.676923,6794.823077,6799.938462,6816.023077,6817.307692,6825.207692,6830.369231,6855.507692
643.0800791,6809.107692,6848.630769,6906.476923,6845.723077,6843.638462,6860.523077,6881.107692,6812.907692,6843.169231,6859.307692
643.2733133,6785.307692,6798.530769,6786.276923,6781.023077,6797.038462,6762.523077,6789.107692,6788.407692,6778.269231,6781.907692
643.4665329,6749.307692,6759.030769,6717.976923,6745.723077,6793.638462,6719.323077,6767.507692,6711.207692,6737.469231,6716.207692
643.6597377,6717.407692,6708.430769,6722.876923,6679.223077,6690.738462,6692.723077,6669.707692,6697.507692,6679.069231,6720.907692
643.852928,6651.307692,6631.530769,6645.976923,6665.823077,6644.738462,6659.023077,6644.307692,6642.607692,6680.969231,6656.907692
644.0461035,6594.607692,6573.230769,6588.976923,6588.023077,6598.038462,6587.923077,6591.807692,6553.907692,6571.469231,6583.007692
644.2392644,6650.307692,6614.830769,6655.676923,6624.123077,6633.538462,6613.923077,6629.107692,6607.607692,6586.869231,6643.607692
644.4324106,6570.307692,6589.830769,6568.876923,6583.523077,6554.138462,6589.623077,6595.607692,6563.907692,6589.569231,6544.207692
644.6255422,6519.607692,6522.030769,6520.876923,6535.723077,6548.038462,6554.723077,6549.707692,6528.307692,6501.169231,6540.707692
644.8186591,6492.707692,6492.030769,6485.576923,6490.223077,6469.938462,6498.223077,6471.007692,6456.207692,6466.969231,6508.407692
645.0117613,6460.607692,6464.130769,6494.176923,6490.323077,6471.238462,6488.623077,6476.607692,6503.507692,6473.269231,6470.707692
645.2048488,6438.107692,6463.530769,6454.076923,6475.723077,6445.638462,6476.323077,6457.607692,6452.007692,6451.269231,6437.807692
645.3979216,6392.007692,6419.430769,6401.776923,6381.623077,6407.838462,6368.423077,6405.907692,6418.007692,6397.969231,6356.707692
645.5909798,6335.907692,6354.230769,6346.476923,6370.623077,6366.938462,6347.623077,6388.807692,6327.207692,6383.169231,6364.907692
645.7840232,6355.407692,6382.730769,6317.876923,6375.723077,6371.738462,6363.223077,6333.207692,6331.607692,6311.469231,6334.607692
645.977052,6256.007692,6274.630769,6270.476923,6259.123077,6275.138462,6222.923077,6277.407692,6289.807692,6256.069231,6267.407692
646.1700661,6273.407692,6280.630769,6293.876923,6287.523077,6243.638462,6261.323077,6274.807692,6259.207692,6262.069231,6265.707692
646.3630655,6207.407692,6219.430769,6240.776923,6205.223077,6204.638462,6195.323077,6223.207692,6203.007692,6201.169231,6217.907692
646.5560502,6137.507692,6166.830769,6162.576923,6162.323077,6147.038462,6145.923077,6152.907692,6127.607692,6138.369231,6179.707692
646.7490202,6170.707692,6210.730769,6199.576923,6196.323077,6176.938462,6176.023077,6189.107692,6182.807692,6184.169231,6178.607692
646.9419755,6142.007692,6141.130769,6163.776923,6216.623077,6134.338462,6181.923077,6176.707692,6162.107692,6138.069231,6155.707692
647.1349162,6069.207692,6096.530769,6078.076923,6083.223077,6066.938462,6080.823077,6054.807692,6091.707692,6038.569231,6088.507692
647.3278421,6070.607692,6063.430769,6062.876923,6055.123077,6074.338462,6073.023077,6023.407692,6073.207692,6048.969231,6068.307692
647.5207532,6042.307692,6054.130769,6043.676923,6065.523077,6038.038462,6058.523077,6033.807692,6011.907692,6049.569231,6042.107692
647.7136497,5905.707692,5945.230769,5952.576923,5911.523077,5913.238462,5924.223077,5934.007692,5918.407692,5943.669231,5953.307692
647.9065315,5948.807692,5982.430769,5998.376923,5984.023077,5954.438462,5995.523077,5981.407692,5971.607692,5993.069231,5934.907692
648.0993986,5913.907692,5931.430769,5923.076923,5944.623077,5948.138462,5938.223077,5924.007692,5941.407692,5945.169231,5948.407692
648.2922509,5913.307692,5936.030769,5904.276923,5925.723077,5946.238462,5905.623077,5940.007692,5912.207692,5945.769231,5945.107692
648.4850885,5889.907692,5875.830769,5909.876923,5864.523077,5853.738462,5888.523077,5880.607692,5862.907692,5868.169231,5893.807692
648.6779114,5801.807692,5825.430769,5845.876923,5830.523077,5829.038462,5801.323077,5849.207692,5829.007692,5831.169231,5833.807692
648.8707196,5777.707692,5805.830769,5797.776923,5783.023077,5798.938462,5789.123077,5800.607692,5797.407692,5774.369231,5809.407692
649.063513,5765.907692,5752.830769,5762.776923,5742.823077,5741.138462,5775.923077,5780.307692,5751.807692,5766.269231,5763.407692
649.2562917,5787.207692,5762.430769,5773.876923,5775.823077,5791.538462,5783.623077,5777.207692,5785.207692,5798.769231,5796.307692
649.4490557,5722.607692,5709.030769,5701.076923,5711.423077,5715.038462,5693.223077,5707.207692,5704.107692,5685.269231,5694.707692
649.641805,5684.807692,5701.530769,5661.576923,5686.523077,5704.138462,5657.223077,5690.407692,5686.007692,5652.469231,5669.707692
649.8345395,5637.007692,5627.730769,5604.776923,5647.423077,5631.138462,5591.423077,5648.407692,5592.707692,5589.069231,5650.407692
650.0272593,5585.207692,5616.430769,5638.076923,5603.223077,5606.838462,5623.723077,5612.907692,5610.607692,5610.569231,5613.007692
650.2199643,5570.907692,5582.230769,5564.076923,5579.623077,5562.138462,5538.523077,5557.807692,5562.807692,5525.269231,5574.507692
650.4126546,5522.007692,5534.930769,5552.976923,5554.723077,5514.638462,5516.323077,5548.607692,5558.507692,5547.569231,5560.507692
650.6053301,5488.507692,5530.830769,5543.276923,5519.323077,5538.638462,5486.723077,5505.407692,5555.107692,5509.469231,5520.707692
650.7979909,5500.707692,5505.030769,5477.976923,5460.823077,5482.338462,5497.623077,5512.707692,5490.907692,5506.469231,5514.107692
650.990637,5416.407692,5451.230769,5429.076923,5443.323077,5430.738462,5446.223077,5427.507692,5409.307692,5400.769231,5414.907692
651.1832683,5441.107692,5449.030769,5473.576923,5444.523077,5462.938462,5447.123077,5457.607692,5471.107692,5442.669231,5446.507692
651.3758848,5362.807692,5372.630769,5392.176923,5382.223077,5371.238462,5371.323077,5407.307692,5381.607692,5395.669231,5395.407692
651.5684866,5385.307692,5380.730769,5407.176923,5395.323077,5380.138462,5366.823077,5370.507692,5356.707692,5373.269231,5393.607692
651.7610736,5339.807692,5343.230769,5308.676923,5332.323077,5325.438462,5347.623077,5345.507692,5321.207692,5355.969231,5318.507692
651.9536459,5332.407692,5294.130769,5296.776923,5282.423077,5290.538462,5317.623077,5345.107692,5287.107692,5322.569231,5348.407692
652.1462034,5269.007692,5255.030769,5297.976923,5276.823077,5264.238462,5276.223077,5298.507692,5250.307692,5285.569231,5260.607692
652.3387461,5238.007692,5219.430769,5248.676923,5272.423077,5237.938462,5271.923077,5260.607692,5242.407692,5245.769231,5236.507692
652.531274,5211.707692,5212.330769,5242.276923,5245.223077,5239.338462,5219.423077,5234.807692,5207.907692,5228.669231,5252.107692
652.7237872,5179.707692,5145.130769,5141.176923,5177.223077,5178.438462,5166.823077,5176.607692,5172.707692,5169.469231,5179.707692
652.9162856,5070.207692,5113.230769,5091.376923,5106.923077,5104.338462,5121.223077,5087.107692,5092.607692,5106.569231,5095.207692
653.1087692,5156.507692,5135.330769,5125.376923,5138.723077,5115.538462,5149.423077,5126.307692,5097.007692,5154.569231,5131.307692
653.3012381,5099.607692,5133.130769,5122.076923,5104.523077,5073.238462,5092.623077,5099.107692,5091.307692,5091.769231,5090.707692
653.4936922,5083.907692,5100.330769,5083.376923,5067.823077,5061.238462,5075.723077,5103.607692,5046.107692,5077.369231,5079.007692
653.6861314,4997.307692,4965.230769,4978.176923,5018.623077,5007.138462,4987.823077,4994.907692,5003.507692,4983.069231,5003.107692
653.8785559,5037.207692,5019.030769,5045.676923,5039.023077,5014.038462,5045.023077,5047.707692,5021.407692,5039.069231,5046.907692
654.0709656,4971.707692,4956.430769,4951.076923,4970.623077,4984.338462,4989.223077,4976.107692,4955.107692,4954.569231,4972.407692
654.2633605,4932.807692,4907.930769,4902.976923,4950.223077,4929.438462,4876.123077,4902.907692,4929.107692,4901.069231,4920.607692
654.4557406,4926.307692,4931.430769,4916.576923,4941.323077,4923.238462,4911.823077,4930.907692,4937.207692,4900.969231,4978.407692
654.648106,4900.107692,4920.430769,4928.176923,4908.523077,4876.838462,4884.423077,4922.207692,4899.807692,4916.769231,4918.007692
654.8404565,4809.607692,4793.330769,4814.076923,4806.223077,4822.738462,4807.623077,4815.207692,4822.607692,4808.169231,4823.207692
655.0327922,4815.007692,4804.730769,4823.976923,4834.723077,4853.038462,4826.823077,4809.107692,4832.907692,4814.569231,4841.407692
655.2251131,4815.607692,4816.130769,4798.176923,4756.323077,4808.238462,4805.023077,4778.107692,4805.507692,4802.069231,4787.107692
655.4174192,4757.107692,4745.430769,4769.376923,4752.323077,4759.838462,4768.723077,4804.707692,4776.807692,4771.869231,4756.307692
655.6097105,4738.007692,4714.130769,4741.976923,4746.423077,4773.138462,4752.923077,4722.807692,4765.707692,4794.969231,4746.007692
655.801987,4724.607692,4738.430769,4718.276923,4715.023077,4733.538462,4732.323077,4728.707692,4731.907692,4743.869231,4736.107692
655.9942487,4654.407692,4644.630769,4657.476923,4698.723077,4695.538462,4671.023077,4677.507692,4672.807692,4688.169231,4650.807692
656.1864955,4699.107692,4704.930769,4707.076923,4675.323077,4695.538462,4691.323077,4697.907692,4673.607692,4686.069231,4697.407692
656.3787276,4617.307692,4622.430769,4621.076923,4619.123077,4625.738462,4626.423077,4637.907692,4604.907692,4614.969231,4623.007692
656.5709448,4624.707692,4611.230769,4642.376923,4646.023077,4601.638462,4599.223077,4631.207692,4637.407692,4635.569231,4625.407692
656.7631472,4573.307692,4569.930769,4572.776923,4569.523077,4559.138462,4573.123077,4562.307692,4573.207692,4551.169231,4587.207692
656.9553348,4547.107692,4553.330769,4564.576923,4558.623077,4530.238462,4561.823077,4534.507692,4526.707692,4528.569231,4531.507692
657.1475075,4555.007692,4545.330769,4535.776923,4528.823077,4513.338462,4551.923077,4534.307692,4558.507692,4561.569231,4547.807692
657.3396654,4478.607692,4480.030769,4481.376923,4507.523077,4491.238462,4488.323077,4475.407692,4472.407692,4484.869231,4484.107692
657.5318085,4459.807692,4467.830769,4445.376923,4437.423077,4432.538462,4476.023077,4452.607692,4431.007692,4431.169231,4418.507692
657.7239367,4426.307692,4414.030769,4402.976923,4448.223077,4407.438462,4410.823077,4426.207692,4398.707692,4415.269231,4422.507692
657.9160501,4424.507692,4436.030769,4428.176923,4444.823077,4449.738462,4406.523077,4430.207692,4422.507692,4414.469231,4412.607692
658.1081487,4370.207692,4378.830769,4365.376923,4373.623077,4400.938462,4386.423077,4380.207692,4380.807692,4371.369231,4398.007692
658.3002324,4370.907692,4368.830769,4353.876923,4350.323077,4338.438462,4356.723077,4367.007692,4360.907692,4332.969231,4350.207692
658.4923013,4336.307692,4372.230769,4364.776923,4336.323077,4319.638462,4348.723077,4355.207692,4354.207692,4369.469231,4349.807692
658.6843553,4287.107692,4234.030769,4300.776923,4290.223077,4283.338462,4277.323077,4288.407692,4303.507692,4286.669231,4278.707692
658.8763945,4248.807692,4294.930769,4286.376923,4276.123077,4252.438462,4247.023077,4283.707692,4298.307692,4266.169231,4265.807692
659.0684188,4262.107692,4241.630769,4244.176923,4252.223077,4264.338462,4291.923077,4247.907692,4270.207692,4242.169231,4260.007692
659.2604283,4218.807692,4241.830769,4240.176923,4212.523077,4225.038462,4226.223077,4217.307692,4218.007692,4221.169231,4225.407692
659.4524229,4219.407692,4215.530769,4245.076923,4228.023077,4184.438462,4225.723077,4201.907692,4186.607692,4221.569231,4225.707692
659.6444026,4185.207692,4208.130769,4179.576923,4208.323077,4180.438462,4181.423077,4183.507692,4176.407692,4175.969231,4179.907692
659.8363675,4123.607692,4156.330769,4157.576923,4145.423077,4147.938462,4132.023077,4137.407692,4140.607692,4127.869231,4126.107692
660.0283175,4159.607692,4165.830769,4175.976923,4124.523077,4151.338462,4161.323077,4135.707692,4168.607692,4138.969231,4151.007692
660.2202527,4069.307692,4063.430769,4046.376923,4066.523077,4086.938462,4082.423077,4073.707692,4057.807692,4053.869231,4070.407692
660.412173,4080.507692,4047.230769,4057.976923,4040.523077,4037.838462,4073.823077,4075.107692,4094.507692,4052.669231,4074.607692
660.6040784,4054.207692,4029.430769,4052.476923,4032.123077,4024.738462,4034.323077,4009.307692,4013.407692,4004.669231,4006.107692
660.7959689,4023.507692,4007.130769,4034.676923,4020.423077,4064.638462,4030.823077,4026.307692,4026.907692,4023.369231,4026.407692
660.9878446,4006.407692,4018.230769,4017.676923,3988.723077,3996.338462,3981.823077,4020.607692,3970.707692,4008.369231,4002.207692
661.1797054,3936.207692,3956.630769,3945.076923,3973.923077,3964.438462,3958.523077,3950.207692,3958.407692,3994.069231,3959.907692
661.3715513,3920.107692,3937.530769,3918.576923,3935.423077,3959.538462,3940.623077,3927.707692,3917.307692,3937.569231,3936.407692
661.5633823,3960.107692,3935.530769,3965.976923,3939.823077,3934.138462,3957.623077,3957.607692,3946.607692,3937.569231,3961.607692
661.7551985,3898.007692,3867.930769,3880.276923,3889.523077,3888.038462,3880.623077,3893.807692,3883.907692,3878.869231,3888.907692
661.9469997,3939.107692,3898.930769,3891.076923,3899.023077,3878.338462,3899.023077,3919.107692,3879.507692,3865.469231,3917.907692
662.1387861,3844.807692,3869.930769,3839.876923,3851.423077,3861.438462,3868.623077,3861.707692,3833.407692,3861.769231,3864.707692
662.3305575,3806.907692,3815.730769,3837.676923,3790.223077,3810.838462,3800.423077,3838.107692,3778.107692,3844.169231,3827.007692
662.5223141,3780.007692,3795.130769,3771.976923,3783.223077,3792.238462,3779.423077,3770.807692,3784.007692,3798.669231,3760.207692
662.7140558,3770.107692,3784.930769,3784.776923,3763.423077,3763.538462,3798.323077,3762.107692,3781.007692,3781.269231,3778.907692
662.9057825,3750.907692,3749.030769,3762.676923,3774.523077,3728.838462,3755.923077,3740.907692,3738.607692,3735.369231,3732.407692
663.0974944,3770.007692,3730.630769,3747.376923,3758.123077,3735.738462,3723.423077,3738.407692,3742.707692,3740.069231,3763.107692
663.2891913,3703.807692,3703.830769,3727.776923,3686.723077,3687.638462,3681.123077,3706.207692,3725.507692,3693.669231,3716.507692
663.4808734,3681.207692,3664.730769,3692.176923,3690.123077,3651.838462,3689.823077,3672.507692,3676.807692,3672.469231,3666.707692
663.6725405,3675.307692,3683.830769,3664.476923,3659.123077,3660.338462,3681.423077,3679.107692,3668.807692,3654.969231,3667.607692
663.8641927,3595.507692,3599.230769,3654.976923,3633.023077,3613.538462,3631.823077,3591.307692,3627.907692,3598.969231,3605.007692
664.0558301,3609.507692,3585.230769,3584.476923,3602.623077,3599.738462,3609.323077,3608.407692,3582.007692,3621.869231,3592.907692
664.2474525,3594.107692,3651.330769,3587.576923,3593.923077,3583.638462,3568.123077,3575.407692,3592.907692,3605.469231,3587.907692
664.4390599,3509.807692,3551.630769,3523.476923,3526.223077,3514.538462,3544.623077,3563.107692,3532.707692,3535.269231,3520.207692
664.6306525,3546.207692,3538.630769,3541.876923,3553.523077,3535.338462,3558.023077,3528.207692,3548.307692,3540.069231,3551.907692
664.8222301,3551.907692,3539.630769,3535.276923,3539.523077,3529.838462,3517.323077,3539.107692,3554.407692,3527.869231,3507.207692
665.0137928,3523.107692,3509.330769,3512.576923,3521.623077,3494.238462,3512.723077,3502.307692,3498.907692,3485.469231,3526.107692
665.2053406,3471.407692,3475.830769,3475.076923,3482.223077,3474.738462,3476.423077,3481.107692,3474.407692,3481.669231,3470.607692
665.3968734,3466.007692,3447.230769,3444.276923,3441.223077,3451.838462,3463.623077,3437.107692,3433.207692,3441.569231,3428.907692
665.5883913,3432.107692,3423.030769,3439.476923,3440.123077,3459.538462,3420.823077,3436.007692,3433.407692,3435.269231,3450.207692
665.7798943,3407.607692,3397.930769,3392.676923,3397.423077,3416.338462,3395.823077,3411.707692,3416.307692,3406.469231,3397.707692
665.9713823,3395.007692,3388.630769,3392.276923,3380.123077,3393.538462,3369.423077,3372.907692,3372.507692,3359.469231,3376.607692
666.1628554,3368.807692,3353.430769,3372.676923,3383.423077,3377.538462,3372.123077,3376.207692,3377.907692,3384.069231,3385.507692
666.3543135,3335.807692,3336.130769,3343.576923,3344.423077,3339.938462,3356.523077,3356.407692,3366.307692,3324.569231,3371.307692
666.5457567,3314.907692,3327.930769,3330.576923,3288.623077,3327.338462,3328.923077,3317.107692,3335.507692,3322.369231,3331.107692
666.7371849,3290.607692,3292.430769,3287.476923,3295.323077,3313.838462,3315.523077,3302.207692,3292.907692,3296.169231,3286.007692
666.9285982,3302.607692,3264.730769,3283.676923,3291.823077,3301.638462,3268.023077,3306.407692,3266.007692,3278.569231,3292.707692
667.1199966,3259.507692,3285.030769,3282.876923,3286.123077,3284.838462,3303.423077,3271.607692,3265.107692,3299.769231,3259.107692
667.3113799,3240.207692,3213.530769,3232.076923,3217.823077,3219.038462,3227.523077,3215.207692,3219.707692,3235.669231,3232.607692
667.5027484,3211.607692,3204.530769,3194.276923,3217.423077,3216.238462,3199.323077,3232.507692,3200.107692,3200.669231,3182.007692
667.6941018,3201.507692,3207.930769,3183.676923,3208.423077,3182.638462,3184.923077,3198.207692,3193.707692,3205.969231,3185.507692
667.8854403,3147.607692,3158.830769,3176.776923,3171.623077,3145.538462,3168.123077,3180.307692,3160.307692,3149.569231,3136.907692
668.0767638,3149.007692,3163.130769,3158.176923,3156.523077,3167.338462,3138.923077,3153.307692,3186.207692,3162.069231,3187.807692
668.2680724,3134.207692,3110.030769,3125.476923,3127.723077,3119.738462,3131.723077,3121.807692,3137.707692,3129.869231,3120.607692
668.459366,3116.507692,3096.830769,3128.776923,3125.823077,3131.538462,3107.923077,3105.507692,3115.607692,3104.069231,3125.307692
668.6506446,3101.707692,3073.130769,3111.876923,3107.223077,3074.738462,3058.723077,3081.007692,3078.207692,3097.569231,3103.607692
668.8419082,3069.707692,3075.330769,3077.476923,3061.623077,3086.838462,3081.323077,3097.307692,3054.307692,3059.269231,3089.707692
669.0331569,3029.607692,3056.730769,3036.176923,3056.123077,3065.938462,3054.323077,3035.607692,3057.807692,3069.169231,3044.107692
669.2243906,3022.707692,3030.930769,3038.176923,3047.923077,3017.938462,3042.823077,3033.607692,3026.907692,3026.169231,3029.207692
669.4156093,3000.107692,3003.730769,3047.476923,3009.523077,3020.338462,3001.623077,3024.807692,3014.807692,3007.369231,3006.607692
669.606813,2989.407692,3016.630769,3033.776923,2995.223077,3012.538462,2998.523077,3008.707692,2998.607692,2975.669231,3003.807692
669.7980017,2981.607692,2955.630769,2975.176923,2975.023077,2963.238462,2937.523077,2977.607692,2971.707692,2972.069231,2966.007692
669.9891754,2955.807692,2973.330769,2955.476923,2974.323077,2975.738462,2974.223077,2974.907692,2969.307692,2969.769231,2949.707692
670.1803342,2947.807692,2940.430769,2931.476923,2942.623077,2928.438462,2940.923077,2935.007692,2919.407692,2945.269231,2935.207692
670.3714779,2907.307692,2922.030769,2916.176923,2895.623077,2894.938462,2900.823077,2881.407692,2904.807692,2911.369231,2885.407692
670.5626067,2899.907692,2883.730769,2919.076923,2915.423077,2874.338462,2893.723077,2898.307692,2906.507692,2910.069231,2895.107692
670.7537204,2866.607692,2895.030769,2900.876923,2877.523077,2886.538462,2874.223077,2876.707692,2863.107692,2873.169231,2894.607692
670.9448192,2837.907692,2832.930769,2844.176923,2857.323077,2878.338462,2832.223077,2868.407692,2844.207692,2828.469231,2837.707692
671.1359029,2833.007692,2850.130769,2833.876923,2863.523077,2844.138462,2863.423077,2814.207692,2854.107692,2846.269231,2848.907692
671.3269717,2840.307692,2827.530769,2841.776923,2826.423077,2838.938462,2842.223077,2834.107692,2821.707692,2838.969231,2821.507692
671.5180254,2778.307692,2797.030769,2819.376923,2791.523077,2807.438462,2781.123077,2773.907692,2788.807692,2815.269231,2823.807692
671.7090641,2765.807692,2791.230769,2791.676923,2782.723077,2778.438462,2790.823077,2780.107692,2777.307692,2773.269231,2770.607692
671.9000878,2783.107692,2782.530769,2778.476923,2793.523077,2804.338462,2794.223077,2816.907692,2784.907692,2805.669231,2777.307692
672.0910965,2733.807692,2753.030769,2738.976923,2773.323077,2751.838462,2744.423077,2738.007692,2718.307692,2744.969231,2751.107692
672.2820901,2735.207692,2746.830769,2731.476923,2725.523077,2734.838462,2726.423077,2725.707692,2726.907692,2721.269231,2726.807692
672.4730688,2709.007692,2715.430769,2679.976923,2698.923077,2716.938462,2706.923077,2708.007692,2698.707692,2723.569231,2707.407692
672.6640324,2729.807692,2745.830769,2714.576923,2726.723077,2726.838462,2726.623077,2723.307692,2726.207692,2729.169231,2733.707692
672.854981,2680.107692,2676.430769,2670.176923,2667.823077,2683.138462,2706.323077,2667.807692,2670.807692,2668.769231,2687.307692
673.0459145,2652.107692,2675.830769,2672.776923,2655.923077,2670.938462,2671.423077,2649.907692,2670.907692,2684.869231,2675.007692
673.2368331,2680.207692,2657.430769,2654.976923,2665.223077,2681.038462,2672.023077,2678.107692,2671.507692,2684.369231,2659.707692
673.4277366,2633.007692,2637.930769,2650.876923,2623.523077,2651.738462,2622.623077,2655.507692,2614.307692,2633.169231,2637.407692
673.618625,2614.307692,2621.030769,2628.276923,2620.323077,2604.138462,2612.723077,2652.707692,2615.407692,2623.469231,2594.407692
673.8094984,2572.907692,2586.930769,2575.076923,2575.523077,2589.638462,2573.823077,2579.607692,2573.907692,2587.369231,2557.007692
674.0003568,2568.707692,2554.530769,2556.576923,2574.623077,2588.038462,2557.723077,2604.207692,2559.207692,2551.469231,2575.207692
674.1912001,2554.107692,2563.830769,2550.476923,2556.223077,2554.738462,2558.623077,2548.207692,2573.307692,2556.069231,2565.007692
674.3820284,2534.507692,2543.830769,2546.276923,2547.623077,2541.438462,2541.023077,2541.607692,2534.907692,2531.869231,2530.907692
674.5728417,2548.407692,2545.830769,2514.776923,2528.323077,2526.338462,2541.123077,2547.407692,2536.007692,2542.269231,2535.707692
674.7636399,2532.707692,2533.730769,2497.276923,2517.923077,2520.638462,2527.223077,2504.907692,2506.607692,2490.369231,2493.507692
674.954423,2505.607692,2508.130769,2506.176923,2516.823077,2515.538462,2522.823077,2511.407692,2507.107692,2519.169231,2490.907692
675.1451911,2469.207692,2469.930769,2479.576923,2482.523077,2485.738462,2477.323077,2468.707692,2465.607692,2481.669231,2498.607692
675.3359441,2459.807692,2456.230769,2473.376923,2464.623077,2452.238462,2457.323077,2456.807692,2455.507692,2478.169231,2481.907692
675.5266821,2445.607692,2449.930769,2443.176923,2446.423077,2436.138462,2451.623077,2459.207692,2442.307692,2449.069231,2462.007692
675.717405,2445.907692,2455.230769,2443.976923,2428.523077,2437.938462,2468.823077,2439.507692,2446.707692,2445.469231,2449.507692
675.9081128,2405.407692,2433.730769,2410.476923,2398.123077,2427.038462,2418.123077,2412.207692,2400.807692,2402.669231,2428.807692
676.0988056,2397.007692,2419.030769,2411.276923,2403.723077,2403.338462,2398.323077,2397.307692,2392.007692,2381.769231,2410.707692
676.2894833,2380.507692,2382.630769,2369.476923,2378.523077,2369.238462,2375.023077,2391.307692,2388.007692,2385.469231,2369.007692
676.4801459,2359.107692,2354.730769,2356.176923,2404.123077,2374.738462,2380.923077,2389.307692,2356.107692,2376.769231,2374.007692
676.6707934,2346.407692,2326.130769,2351.376923,2338.823077,2329.738462,2337.923077,2332.207692,2331.307692,2338.569231,2328.507692
676.8614259,2323.807692,2359.730769,2354.176923,2356.123077,2346.638462,2347.623077,2358.107692,2332.207692,2332.769231,2340.207692
677.0520433,2340.807692,2307.630769,2325.176923,2318.123077,2300.338462,2294.123077,2314.407692,2308.607692,2308.069231,2307.707692
677.2426456,2294.807692,2271.130769,2285.776923,2294.823077,2295.238462,2292.623077,2283.407692,2291.207692,2306.369231,2284.907692
677.4332328,2301.207692,2283.130769,2284.676923,2297.223077,2285.038462,2280.823077,2307.207692,2290.207692,2298.869231,2287.807692
677.623805,2283.607692,2261.330769,2285.476923,2291.123077,2291.338462,2283.623077,2307.007692,2260.507692,2283.069231,2282.807692
677.814362,2247.907692,2264.430769,2231.076923,2252.023077,2263.338462,2265.423077,2284.007692,2263.807692,2257.469231,2234.207692
678.004904,2245.207692,2247.130769,2239.976923,2250.423077,2243.838462,2222.823077,2254.807692,2236.507692,2251.069231,2263.407692
678.1954308,2237.607692,2235.330769,2219.976923,2236.323077,2209.538462,2230.823077,2223.907692,2241.007692,2217.169231,2232.207692
678.3859426,2217.407692,2214.930769,2230.576923,2210.623077,2242.638462,2229.523077,2222.207692,2239.607692,2213.569231,2229.407692
678.5764393,2159.907692,2186.030769,2204.676923,2178.023077,2205.438462,2174.523077,2195.307692,2182.007692,2185.769231,2183.507692
678.7669208,2163.207692,2186.830769,2190.476923,2172.023077,2197.838462,2214.223077,2204.607692,2187.607692,2185.369231,2169.507692
678.9573873,2173.807692,2177.430769,2174.776923,2165.223077,2162.338462,2157.223077,2188.007692,2177.907692,2163.969231,2156.307692
679.1478387,2186.907692,2184.830769,2155.676923,2175.823077,2183.938462,2153.223077,2183.607692,2163.207692,2167.869231,2185.307692
679.3382749,2119.007692,2123.330769,2124.076923,2152.323077,2146.538462,2131.923077,2161.307692,2123.207692,2131.869231,2136.007692
679.528696,2142.307692,2147.430769,2121.776923,2125.323077,2134.238462,2118.323077,2143.807692,2085.507692,2133.069231,2141.007692
679.7191021,2113.007692,2101.030769,2114.376923,2130.323077,2100.738462,2104.423077,2101.607692,2110.207692,2131.569231,2110.207692
679.909493,2113.807692,2118.530769,2139.376923,2107.723077,2125.838462,2114.123077,2116.407692,2110.407692,2133.069231,2133.107692
680.0998688,2100.807692,2085.230769,2098.976923,2061.623077,2090.438462,2081.523077,2092.107692,2070.507692,2083.869231,2094.307692
680.2902294,2084.107692,2077.730769,2067.976923,2067.623077,2078.638462,2073.723077,2060.807692,2051.407692,2057.269231,2065.707692
680.480575,2082.707692,2073.630769,2049.476923,2074.423077,2051.738462,2074.923077,2060.807692,2081.607692,2052.269231,2066.307692
680.6709054,2043.407692,2040.130769,2037.976923,2042.623077,2054.438462,2046.623077,2061.807692,2046.707692,2066.069231,2040.907692
680.8612207,2050.607692,2025.430769,2017.276923,2028.323077,2028.538462,2025.023077,2036.107692,2050.107692,2041.569231,2021.707692
681.0515208,2025.507692,2031.330769,2042.776923,2019.423077,2019.638462,2012.823077,2027.907692,2038.407692,2028.069231,2034.107692
681.2418058,2013.507692,1995.430769,1990.676923,1989.423077,2003.638462,2003.723077,1995.507692,2010.807692,1992.269231,2012.707692
681.4320757,2005.707692,2013.530769,2011.176923,2009.623077,2017.338462,2013.623077,2018.807692,2005.007692,2008.569231,2010.907692
681.6223305,1974.707692,1963.430769,1958.876923,1968.423077,1960.638462,1973.523077,1942.807692,1971.007692,1959.969231,1983.907692
681.8125701,1978.507692,1969.230769,1976.676923,1978.223077,1980.738462,1987.323077,1973.007692,1965.107692,1986.469231,1967.407692
682.0027946,1960.607692,1972.630769,1958.276923,1955.123077,1952.138462,1935.223077,1957.507692,1956.507692,1956.769231,1944.607692
682.1930039,1923.007692,1918.830769,1931.476923,1916.623077,1923.638462,1912.523077,1948.107692,1929.507692,1914.569231,1917.607692
682.3831981,1959.907692,1952.630769,1940.776923,1951.923077,1935.638462,1955.623077,1932.007692,1948.207692,1937.669231,1951.007692
682.5733771,1939.407692,1885.330769,1920.476923,1925.023077,1898.938462,1935.723077,1895.207692,1917.207692,1920.269231,1938.407692
682.763541,1921.107692,1878.530769,1879.376923,1902.323077,1895.038462,1918.823077,1912.307692,1900.007692,1891.069231,1889.007692
682.9536897,1889.607692,1892.330769,1890.176923,1886.523077,1894.738462,1897.323077,1886.507692,1888.707692,1877.369231,1882.907692
683.1438232,1890.507692,1884.030769,1874.676923,1892.623077,1899.838462,1883.723077,1873.707692,1902.007692,1872.169231,1868.507692
683.3339416,1864.407692,1874.530769,1876.176923,1859.823077,1846.338462,1877.923077,1842.107692,1871.907692,1846.669231,1867.207692
683.5240449,1851.607692,1845.030769,1839.476923,1847.923077,1853.938462,1851.623077,1847.107692,1864.507692,1822.669231,1857.107692
683.714133,1826.407692,1833.330769,1833.376923,1829.623077,1861.338462,1842.123077,1853.007692,1845.407692,1838.669231,1852.307692
683.9042059,1811.607692,1805.930769,1833.676923,1826.423077,1809.138462,1832.123077,1820.707692,1817.507692,1809.269231,1833.807692
684.0942636,1818.307692,1817.630769,1825.076923,1829.123077,1809.238462,1837.923077,1809.407692,1842.007692,1828.269231,1843.507692
684.2843062,1804.807692,1819.230769,1812.876923,1807.123077,1805.638462,1809.723077,1800.307692,1804.807692,1822.169231,1816.407692
684.4743336,1800.607692,1797.230769,1774.376923,1799.723077,1802.638462,1805.223077,1791.807692,1802.907692,1811.169231,1801.407692
684.6643458,1780.007692,1807.530769,1794.276923,1773.923077,1802.838462,1782.023077,1795.507692,1769.707692,1769.369231,1800.407692
684.8543428,1788.507692,1749.530769,1784.376923,1756.623077,1757.538462,1777.323077,1776.207692,1763.807692,1759.869231,1788.507692
685.0443247,1751.407692,1757.830769,1752.976923,1769.323077,1759.438462,1739.923077,1765.707692,1770.707692,1746.769231,1756.007692
685.2342914,1729.107692,1743.530769,1742.676923,1746.223077,1722.738462,1742.523077,1759.107692,1739.707692,1721.869231,1742.507692
685.4242428,1722.707692,1732.530769,1736.576923,1756.323077,1709.438462,1725.223077,1721.707692,1749.407692,1731.269231,1724.407692
685.6141791,1726.507692,1712.430769,1725.876923,1731.023077,1721.138462,1717.323077,1726.907692,1712.607692,1721.269231,1730.607692
685.8041003,1703.707692,1695.630769,1707.776923,1714.523077,1705.238462,1726.123077,1715.607692,1697.207692,1694.369231,1717.807692
685.9940062,1686.007692,1687.530769,1703.576923,1689.723077,1716.238462,1721.923077,1719.807692,1702.007692,1680.069231,1693.407692
686.1838969,1699.707692,1696.930769,1695.076923,1711.423077,1718.138462,1709.723077,1707.707692,1707.007692,1703.469231,1701.407692
686.3737724,1685.107692,1670.730769,1694.976923,1694.723077,1692.338462,1678.623077,1678.607692,1681.207692,1683.569231,1680.007692
686.5636327,1654.607692,1669.530769,1682.276923,1658.923077,1661.638462,1656.723077,1667.707692,1662.607692,1658.169231,1669.007692
686.7534778,1660.507692,1671.430769,1678.976923,1660.223077,1657.138462,1648.023077,1653.607692,1648.607692,1659.269231,1672.407692
686.9433077,1642.907692,1645.630769,1641.976923,1638.923077,1632.838462,1638.723077,1659.807692,1636.507692,1628.169231,1639.907692
687.1331224,1639.007692,1639.230769,1636.076923,1641.923077,1641.238462,1644.623077,1659.607692,1632.307692,1642.969231,1634.107692
687.3229219,1624.707692,1630.630769,1619.076923,1628.323077,1622.738462,1619.823077,1628.307692,1616.607692,1629.869231,1615.807692
687.5127062,1640.307692,1623.130769,1629.076923,1604.323077,1617.238462,1608.023077,1623.307692,1601.207692,1614.369231,1616.307692
687.7024753,1602.307692,1597.830769,1625.776923,1604.723077,1621.738462,1614.623077,1610.707692,1592.107692,1594.769231,1607.207692
687.8922291,1578.007692,1584.030769,1603.376923,1592.923077,1596.438462,1573.823077,1579.707692,1575.307692,1581.769231,1580.207692
688.0819678,1583.207692,1568.830769,1557.676923,1581.523077,1565.338462,1567.123077,1579.107692,1576.907692,1572.969231,1573.307692
688.2716912,1585.307692,1579.530769,1570.976923,1578.523077,1557.238462,1568.023077,1570.107692,1573.007692,1578.469231,1576.507692
688.4613993,1563.607692,1559.630769,1562.776923,1566.723077,1562.338462,1562.223077,1553.907692,1554.607692,1561.169231,1574.407692
688.6510923,1543.907692,1555.130769,1544.076923,1565.423077,1559.238462,1539.123077,1558.007692,1550.707692,1568.869231,1553.807692
688.84077,1514.507692,1541.830769,1542.076923,1524.223077,1563.638462,1525.123077,1538.007692,1531.907692,1520.069231,1534.707692
689.0304325,1511.307692,1531.630769,1543.176923,1527.423077,1527.038462,1515.123077,1534.807692,1505.407692,1500.369231,1518.807692
689.2200798,1520.907692,1512.030769,1499.176923,1523.223077,1502.638462,1540.623077,1519.407692,1515.107692,1511.469231,1491.407692
689.4097118,1508.007692,1493.530769,1511.676923,1508.923077,1500.438462,1498.923077,1501.207692,1505.307692,1505.769231,1510.707692
689.5993286,1500.607692,1522.730769,1492.776923,1500.123077,1513.138462,1488.723077,1519.807692,1493.807692,1493.469231,1512.607692
689.7889301,1488.107692,1489.030769,1478.376923,1498.923077,1497.538462,1500.123077,1490.407692,1484.307692,1480.469231,1511.907692
689.9785164,1467.607692,1494.730769,1457.276923,1472.123077,1480.438462,1486.023077,1449.307692,1451.707692,1476.069231,1470.407692
690.1680874,1460.807692,1457.530769,1488.776923,1486.523077,1468.738462,1466.323077,1476.307692,1465.507692,1466.169231,1481.807692
690.3576432,1467.507692,1434.330769,1460.676923,1442.023077,1452.838462,1464.123077,1451.007692,1439.607692,1456.869231,1454.807692
690.5471838,1435.707692,1452.830769,1420.276923,1444.123077,1443.538462,1437.023077,1432.807692,1439.307692,1434.369231,1442.807692
690.7367091,1443.707692,1429.230769,1460.376923,1442.523077,1452.638462,1433.623077,1439.407692,1435.707692,1445.069231,1457.507692
690.9262191,1421.507692,1426.430769,1451.776923,1429.023077,1440.338462,1434.323077,1442.307692,1422.407692,1411.569231,1419.607692
691.1157139,1398.507692,1391.830769,1407.176923,1418.423077,1401.238462,1393.123077,1402.707692,1405.507692,1397.669231,1406.507692
691.3051934,1414.407692,1422.530769,1414.276923,1414.623077,1412.538462,1381.623077,1409.907692,1429.107692,1420.969231,1398.307692
691.4946576,1389.507692,1404.830769,1403.376923,1409.423077,1397.938462,1408.323077,1390.107692,1412.607692,1378.669231,1388.607692
691.6841066,1369.707692,1391.830769,1374.676923,1389.723077,1394.138462,1387.423077,1394.907692,1394.607692,1368.269231,1377.307692
691.8735403,1387.407692,1375.730769,1406.076923,1375.323077,1380.238462,1384.623077,1385.707692,1376.907692,1388.869231,1398.907692
692.0629588,1383.107692,1336.030769,1374.576923,1369.923077,1386.338462,1364.023077,1371.807692,1374.907692,1366.269231,1370.707692
692.252362,1358.307692,1361.030769,1364.876923,1350.123077,1362.138462,1365.223077,1365.607692,1378.007692,1364.469231,1368.007692
692.4417499,1354.507692,1353.330769,1358.376923,1353.323077,1356.438462,1346.823077,1380.407692,1365.507692,1363.169231,1363.507692
692.6311225,1354.007692,1328.430769,1353.276923,1338.923077,1325.438462,1330.523077,1326.407692,1316.407692,1336.269231,1343.807692
692.8204798,1349.407692,1331.530769,1326.076923,1339.323077,1352.238462,1335.323077,1345.007692,1331.807692,1346.969231,1331.607692
693.0098219,1332.607692,1322.430769,1318.176923,1340.623077,1327.738462,1318.823077,1314.507692,1325.507692,1303.569231,1335.607692
693.1991486,1327.507692,1311.930769,1322.176923,1319.023077,1307.238462,1323.023077,1313.807692,1312.807692,1332.769231,1339.907692
693.3884601,1294.507692,1303.330769,1288.976923,1282.723077,1298.938462,1284.323077,1289.407692,1291.107692,1295.869231,1303.907692
693.5777563,1288.807692,1299.630769,1303.776923,1296.823077,1288.038462,1295.823077,1276.507692,1305.507692,1286.969231,1292.807692
693.7670372,1309.807692,1296.630769,1298.976923,1287.323077,1298.438462,1298.123077,1305.407692,1287.707692,1284.769231,1284.107692
693.9563028,1271.307692,1279.830769,1286.676923,1261.623077,1285.438462,1281.023077,1243.007692,1266.607692,1271.969231,1269.007692
694.1455531,1258.707692,1276.730769,1279.076923,1261.123077,1280.738462,1273.923077,1275.307692,1296.107692,1270.669231,1280.107692
694.3347881,1241.407692,1241.030769,1258.776923,1264.423077,1263.838462,1266.423077,1259.007692,1249.407692,1248.069231,1248.807692
694.5240078,1269.407692,1243.630769,1253.476923,1249.323077,1241.838462,1247.223077,1245.007692,1254.907692,1241.169231,1237.107692
694.7132122,1258.907692,1244.430769,1266.376923,1248.623077,1257.138462,1245.823077,1252.807692,1235.907692,1237.969231,1252.507692
694.9024013,1243.907692,1240.730769,1236.176923,1230.423077,1247.538462,1244.723077,1254.507692,1238.907692,1241.869231,1244.707692
695.0915751,1243.907692,1241.230769,1240.976923,1211.023077,1251.538462,1221.123077,1252.007692,1231.907692,1234.269231,1227.807692
695.2807336,1211.607692,1213.730769,1226.876923,1216.623077,1220.138462,1223.123077,1221.607692,1219.207692,1202.069231,1223.607692
695.4698768,1218.607692,1213.630769,1220.676923,1210.323077,1222.338462,1204.623077,1218.707692,1206.107692,1201.369231,1211.607692
695.6590046,1189.207692,1188.130769,1205.376923,1218.923077,1197.938462,1199.523077,1199.207692,1193.207692,1198.169231,1212.007692
695.8481171,1175.407692,1172.930769,1193.276923,1170.323077,1193.338462,1195.523077,1187.107692,1194.207692,1168.369231,1206.707692
696.0372143,1171.707692,1177.430769,1180.676923,1208.823077,1177.238462,1200.523077,1178.907692,1188.007692,1189.769231,1198.907692
696.2262962,1187.407692,1166.930769,1175.476923,1191.523077,1180.738462,1178.323077,1176.407692,1173.907692,1158.869231,1193.007692
696.4153627,1164.207692,1155.730769,1187.576923,1172.623077,1170.638462,1170.723077,1176.407692,1162.307692,1152.469231,1182.507692
696.604414,1165.507692,1169.230769,1167.776923,1164.923077,1174.838462,1146.223077,1166.707692,1164.907692,1157.769231,1159.707692
696.7934499,1161.007692,1169.330769,1155.976923,1151.623077,1148.438462,1130.423077,1156.807692,1139.707692,1138.769231,1153.307692
696.9824704,1146.607692,1138.130769,1137.476923,1131.123077,1142.238462,1163.623077,1137.607692,1125.307692,1148.669231,1163.807692
697.1714756,1137.307692,1131.530769,1154.076923,1127.123077,1132.938462,1127.123077,1141.307692,1137.807692,1137.169231,1139.007692
697.3604655,1113.507692,1142.430769,1134.976923,1125.723077,1137.938462,1128.423077,1133.507692,1131.407692,1125.169231,1134.007692
697.5494401,1115.207692,1110.530769,1122.176923,1129.723077,1114.238462,1110.023077,1119.407692,1113.507692,1113.369231,1116.307692
697.7383993,1098.007692,1113.530769,1122.276923,1120.423077,1125.138462,1118.423077,1116.607692,1130.407692,1106.569231,1124.607692
697.9273431,1114.007692,1096.430769,1097.976923,1115.323077,1096.138462,1108.923077,1098.307692,1116.407692,1098.869231,1109.907692
698.1162716,1099.307692,1099.830769,1106.076923,1102.323077,1093.538462,1095.123077,1093.907692,1088.507692,1089.069231,1107.107692
698.3051848,1095.607692,1091.230769,1078.576923,1090.023077,1099.738462,1076.923077,1097.707692,1079.707692,1081.469231,1086.007692
698.4940826,1082.007692,1088.630769,1084.376923,1087.423077,1088.038462,1084.423077,1101.007692,1088.807692,1102.569231,1079.107692
698.682965,1074.307692,1085.130769,1078.176923,1091.323077,1081.638462,1090.523077,1078.507692,1082.507692,1085.469231,1079.107692
698.8718321,1062.807692,1061.330769,1063.576923,1063.723077,1074.038462,1068.423077,1060.007692,1073.707692,1066.569231,1070.907692
699.0606838,1055.507692,1069.530769,1075.276923,1057.423077,1044.738462,1057.823077,1055.207692,1064.007692,1057.769231,1060.507692
699.2495202,1036.807692,1046.630769,1054.576923,1035.223077,1038.438462,1044.423077,1056.207692,1033.007692,1033.369231,1055.107692
699.4383412,1044.107692,1056.930769,1047.676923,1032.923077,1058.238462,1069.923077,1054.507692,1054.907692,1047.669231,1057.407692
699.6271468,1035.607692,1041.730769,1042.176923,1047.123077,1045.538462,1039.223077,1035.707692,1046.307692,1045.169231,1031.907692
699.8159371,1028.107692,1035.430769,1017.776923,1037.123077,1042.238462,1040.323077,1028.107692,1024.407692,1021.269231,1019.707692
700.004712,1020.107692,1025.030769,1026.076923,1020.723077,1016.238462,1031.423077,1024.407692,1031.707692,1011.569231,1041.207692
700.1934715,1037.307692,1019.730769,1028.276923,1032.423077,1018.038462,1017.723077,1013.807692,1018.407692,1009.069231,1026.407692
700.3822156,1010.607692,1016.930769,1028.076923,1021.923077,1012.238462,1006.523077,1005.607692,1021.907692,1014.369231,1005.307692
700.5709444,1004.007692,994.6307692,985.2769231,1004.223077,1001.538462,1001.023077,982.8076923,1008.407692,996.7692308,987.4076923
700.7596577,977.6076923,998.0307692,1013.876923,991.7230769,999.4384615,987.1230769,989.9076923,1000.307692,980.9692308,971.2076923
700.9483557,983.0076923,988.4307692,991.5769231,999.2230769,1000.138462,991.5230769,983.8076923,988.4076923,1001.769231,998.1076923
701.1370383,976.4076923,981.6307692,955.7769231,978.9230769,981.3384615,960.4230769,984.9076923,974.8076923,983.1692308,975.2076923
701.3257055,975.0076923,974.0307692,988.8769231,980.2230769,967.1384615,983.7230769,976.8076923,976.4076923,969.8692308,979.3076923
701.5143574,955.1076923,962.5307692,970.7769231,965.0230769,977.8384615,966.5230769,949.5076923,958.4076923,969.8692308,967.0076923
701.7029938,961.8076923,959.0307692,956.2769231,958.2230769,952.9384615,956.1230769,952.9076923,961.6076923,956.6692308,970.1076923
701.8916148,939.0076923,940.7307692,936.0769231,954.2230769,957.7384615,949.2230769,944.2076923,924.1076923,942.6692308,942.1076923
702.0802204,929.4076923,965.4307692,958.7769231,958.7230769,947.0384615,935.6230769,931.0076923,948.5076923,949.3692308,954.0076923
702.2688107,937.7076923,941.1307692,947.6769231,954.5230769,937.4384615,934.0230769,939.8076923,938.2076923,941.0692308,933.8076923
702.4573855,927.9076923,929.9307692,918.8769231,921.2230769,918.7384615,930.1230769,929.7076923,935.8076923,928.5692308,917.2076923
702.6459449,916.9076923,930.0307692,942.6769231,932.4230769,916.9384615,921.4230769,905.2076923,913.9076923,915.6692308,918.5076923
702.8344889,921.2076923,897.8307692,914.3769231,902.6230769,910.7384615,898.3230769,923.1076923,908.3076923,903.8692308,925.8076923
703.0230175,899.6076923,901.2307692,912.5769231,886.3230769,896.8384615,913.9230769,890.1076923,900.2076923,901.7692308,916.0076923
703.2115307,909.0076923,923.4307692,909.5769231,935.9230769,902.5384615,913.7230769,909.3076923,921.5076923,904.1692308,902.9076923
703.4000285,885.8076923,911.7307692,896.5769231,897.8230769,883.5384615,903.6230769,902.7076923,912.6076923,897.1692308,898.5076923
703.5885108,879.2076923,903.9307692,881.8769231,888.0230769,874.2384615,876.9230769,867.7076923,892.5076923,900.9692308,907.4076923
703.7769778,889.3076923,895.5307692,893.6769231,887.1230769,898.9384615,894.0230769,890.6076923,888.2076923,889.4692308,888.3076923
703.9654293,873.9076923,868.6307692,891.9769231,885.7230769,878.7384615,866.7230769,871.0076923,884.7076923,867.2692308,868.7076923
704.1538654,868.1076923,866.9307692,879.4769231,881.4230769,882.3384615,851.3230769,867.4076923,862.3076923,868.0692308,879.2076923
704.342286,870.7076923,872.7307692,875.2769231,879.8230769,882.3384615,850.4230769,862.8076923,866.5076923,881.9692308,865.7076923
704.5306913,868.2076923,847.1307692,861.0769231,867.6230769,876.0384615,851.1230769,853.6076923,854.2076923,859.5692308,871.8076923
704.719081,841.2076923,843.6307692,853.6769231,846.3230769,852.1384615,842.9230769,844.3076923,851.0076923,871.1692308,856.1076923
704.9074554,859.5076923,851.0307692,845.4769231,828.8230769,849.9384615,849.7230769,844.0076923,832.0076923,850.6692308,859.8076923
705.0958143,814.4076923,852.1307692,857.1769231,846.5230769,840.5384615,833.6230769,832.9076923,847.2076923,835.5692308,835.6076923
705.2841578,836.7076923,830.1307692,830.8769231,828.7230769,842.4384615,823.8230769,838.7076923,817.7076923,826.1692308,829.2076923
705.4724858,829.4076923,828.3307692,842.0769231,843.3230769,836.7384615,815.4230769,844.5076923,831.5076923,829.5692308,806.8076923
705.6607984,815.4076923,813.9307692,809.8769231,818.9230769,814.2384615,814.2230769,815.3076923,807.2076923,818.4692308,826.1076923
705.8490956,808.9076923,812.6307692,830.4769231,816.7230769,819.1384615,818.4230769,815.4076923,821.2076923,809.0692308,829.8076923
706.0373773,814.6076923,820.5307692,814.3769231,815.0230769,816.1384615,809.9230769,828.6076923,799.7076923,795.9692308,816.9076923
706.2256435,824.3076923,794.0307692,808.2769231,820.1230769,806.4384615,810.2230769,801.0076923,804.4076923,798.9692308,802.1076923
706.4138943,793.0076923,786.5307692,800.6769231,795.3230769,811.6384615,800.0230769,796.8076923,796.1076923,794.8692308,792.7076923
706.6021296,796.0076923,781.4307692,777.9769231,805.0230769,790.4384615,807.1230769,803.6076923,777.6076923,795.4692308,784.3076923
706.7903495,772.4076923,780.4307692,776.4769231,779.8230769,783.9384615,779.8230769,785.1076923,775.0076923,782.9692308,783.3076923
706.9785539,778.9076923,780.1307692,798.4769231,784.8230769,780.7384615,779.9230769,795.0076923,787.2076923,782.9692308,785.6076923
707.1667429,768.2076923,779.2307692,769.2769231,772.7230769,773.1384615,775.1230769,779.1076923,780.4076923,774.8692308,770.0076923
707.3549163,776.3076923,758.2307692,762.1769231,780.4230769,767.8384615,771.2230769,759.3076923,779.1076923,765.0692308,777.2076923
707.5430743,767.2076923,762.8307692,771.3769231,767.0230769,750.4384615,770.1230769,773.7076923,749.3076923,758.7692308,758.9076923
707.7312169,759.3076923,762.8307692,765.3769231,771.4230769,749.5384615,754.6230769,761.4076923,766.0076923,745.8692308,762.8076923
707.9193439,740.9076923,752.6307692,767.4769231,767.4230769,751.7384615,757.6230769,753.3076923,757.1076923,761.4692308,760.3076923
708.1074555,738.2076923,755.2307692,759.7769231,736.3230769,746.3384615,740.5230769,757.5076923,742.2076923,747.1692308,744.6076923
708.2955516,750.3076923,753.5307692,731.5769231,735.9230769,741.8384615,731.8230769,732.2076923,743.2076923,728.9692308,747.8076923
708.4836323,732.0076923,723.4307692,725.5769231,730.9230769,732.3384615,729.7230769,736.4076923,729.5076923,725.4692308,736.9076923
708.6716974,724.1076923,724.0307692,735.0769231,717.4230769,730.1384615,739.8230769,747.7076923,720.0076923,736.1692308,717.1076923
708.8597471,734.1076923,728.4307692,734.4769231,732.2230769,718.8384615,733.5230769,712.1076923,738.4076923,733.7692308,733.7076923
709.0477812,716.0076923,722.7307692,713.6769231,730.2230769,735.4384615,726.4230769,717.7076923,712.2076923,730.3692308,712.7076923
709.2357999,712.2076923,711.3307692,705.6769231,725.9230769,728.0384615,726.4230769,718.4076923,726.3076923,707.5692308,726.0076923
709.4238031,692.2076923,708.7307692,694.7769231,712.2230769,712.6384615,694.0230769,697.5076923,714.5076923,715.4692308,703.1076923
709.6117908,701.9076923,706.7307692,716.0769231,710.2230769,712.5384615,714.2230769,711.6076923,700.6076923,694.6692308,699.9076923
709.799763,687.2076923,688.6307692,701.0769231,696.2230769,694.4384615,691.8230769,712.0076923,703.3076923,683.7692308,689.5076923
709.9877197,694.7076923,691.8307692,687.2769231,692.9230769,688.4384615,676.7230769,701.7076923,689.0076923,695.7692308,689.7076923
710.1756609,703.7076923,681.1307692,697.1769231,682.5230769,684.8384615,698.2230769,692.9076923,678.6076923,671.6692308,684.9076923
710.3635865,685.1076923,682.2307692,679.4769231,684.5230769,689.5384615,685.4230769,671.5076923,688.3076923,683.8692308,699.3076923
710.5514967,678.5076923,688.5307692,683.9769231,678.4230769,687.0384615,682.0230769,660.0076923,680.3076923,663.1692308,670.1076923
710.7393914,662.1076923,671.0307692,686.3769231,685.2230769,689.1384615,672.0230769,661.4076923,676.3076923,665.2692308,665.3076923
710.9272705,675.8076923,669.2307692,672.6769231,664.8230769,680.9384615,680.8230769,675.6076923,665.7076923,665.3692308,652.0076923
711.1151342,653.5076923,662.7307692,649.2769231,667.9230769,658.1384615,647.5230769,654.9076923,673.8076923,655.0692308,647.8076923
711.3029823,653.0076923,666.9307692,667.6769231,656.0230769,657.3384615,674.5230769,660.4076923,650.8076923,658.9692308,650.4076923
711.4908149,645.2076923,643.5307692,655.0769231,641.5230769,645.6384615,649.7230769,649.6076923,661.9076923,658.4692308,658.1076923
711.678632,639.6076923,629.6307692,650.3769231,657.5230769,647.7384615,634.1230769,656.2076923,645.5076923,640.5692308,636.6076923
711.8664335,646.4076923,635.0307692,642.9769231,646.2230769,639.8384615,649.3230769,653.9076923,640.9076923,642.9692308,641.3076923
712.0542195,636.9076923,645.6307692,638.9769231,632.4230769,629.1384615,645.9230769,632.5076923,634.5076923,645.3692308,659.0076923
712.24199,630.2076923,628.3307692,627.7769231,634.6230769,617.7384615,629.4230769,628.7076923,638.7076923,632.2692308,613.6076923
712.429745,633.0076923,622.5307692,633.7769231,631.9230769,631.4384615,622.3230769,635.0076923,626.7076923,631.6692308,616.8076923
712.6174844,630.6076923,619.5307692,622.7769231,621.9230769,628.5384615,627.2230769,612.5076923,626.4076923,624.5692308,625.9076923
712.8052083,616.4076923,628.7307692,611.4769231,594.2230769,614.7384615,609.8230769,610.7076923,604.1076923,615.6692308,604.3076923
712.9929167,621.2076923,619.4307692,608.5769231,621.6230769,617.3384615,619.3230769,608.1076923,614.2076923,615.8692308,621.2076923
713.1806095,600.7076923,603.5307692,591.7769231,601.2230769,615.3384615,595.4230769,588.5076923,594.9076923,594.6692308,606.8076923
713.3682867,592.6076923,603.6307692,605.6769231,612.7230769,611.4384615,612.1230769,609.5076923,604.9076923,605.0692308,588.2076923
713.5559485,588.4076923,613.1307692,600.6769231,595.8230769,605.2384615,591.0230769,593.6076923,603.5076923,591.9692308,610.0076923
713.7435946,590.7076923,580.1307692,602.7769231,592.3230769,597.1384615,589.1230769,582.3076923,576.8076923,572.1692308,590.7076923
713.9312253,585.5076923,595.1307692,601.1769231,589.2230769,588.2384615,590.9230769,588.1076923,599.2076923,597.8692308,590.0076923
714.1188403,569.1076923,577.1307692,579.0769231,589.9230769,571.3384615,569.7230769,561.8076923,583.1076923,572.1692308,580.9076923
714.3064398,566.4076923,581.1307692,585.5769231,579.1230769,578.0384615,573.2230769,586.5076923,587.5076923,580.2692308,584.4076923
714.4940238,582.3076923,562.2307692,587.5769231,596.4230769,589.8384615,581.2230769,586.0076923,567.8076923,574.0692308,567.4076923
714.6815922,558.0076923,575.5307692,562.2769231,562.9230769,564.9384615,556.7230769,565.5076923,559.8076923,578.0692308,567.1076923
714.869145,572.7076923,563.9307692,569.4769231,568.0230769,561.0384615,553.2230769,569.3076923,566.3076923,560.2692308,552.5076923
715.0566823,572.2076923,567.0307692,554.0769231,565.7230769,565.2384615,557.2230769,572.0076923,562.4076923,551.6692308,556.4076923
715.244204,573.1076923,555.5307692,549.2769231,548.3230769,562.5384615,549.5230769,555.8076923,548.2076923,553.4692308,566.0076923
715.4317101,542.7076923,565.0307692,536.7769231,555.4230769,547.0384615,562.1230769,551.2076923,553.6076923,544.3692308,548.4076923
715.6192006,557.2076923,529.7307692,545.2769231,555.3230769,554.2384615,553.0230769,554.0076923,549.7076923,549.9692308,561.7076923
715.8066756,539.9076923,539.6307692,552.8769231,539.8230769,543.9384615,544.0230769,539.2076923,534.3076923,540.3692308,545.0076923
715.994135,537.5076923,536.7307692,541.8769231,535.4230769,540.0384615,541.5230769,535.0076923,546.8076923,538.5692308,540.4076923
716.1815788,516.8076923,529.6307692,528.7769231,524.7230769,527.7384615,526.1230769,528.1076923,538.1076923,545.5692308,534.9076923
716.369007,534.0076923,535.9307692,535.6769231,526.2230769,530.3384615,529.5230769,542.9076923,535.7076923,529.9692308,513.4076923
716.5564197,531.2076923,532.2307692,522.4769231,528.8230769,521.9384615,515.1230769,528.4076923,528.0076923,526.3692308,523.2076923
716.7438167,513.4076923,522.0307692,536.2769231,524.7230769,523.9384615,524.1230769,521.4076923,516.5076923,514.5692308,522.1076923
716.9311982,516.4076923,510.5307692,524.3769231,515.4230769,519.0384615,517.9230769,515.3076923,510.7076923,512.1692308,521.3076923
717.1185641,522.2076923,523.2307692,532.2769231,524.1230769,529.4384615,519.9230769,522.1076923,510.6076923,509.1692308,512.3076923
717.3059144,504.0076923,498.3307692,526.1769231,514.3230769,504.9384615,509.3230769,502.6076923,508.8076923,506.4692308,511.8076923
717.4932491,493.5076923,492.1307692,506.7769231,500.4230769,502.9384615,509.7230769,494.2076923,502.1076923,513.8692308,510.6076923
717.6805681,494.0076923,493.4307692,504.8769231,502.7230769,505.4384615,508.7230769,499.0076923,496.4076923,510.7692308,501.0076923
717.8678716,504.1076923,500.8307692,494.7769231,494.8230769,498.9384615,497.0230769,492.2076923,493.8076923,488.5692308,514.9076923
718.0551595,497.6076923,494.9307692,494.5769231,485.4230769,499.9384615,496.1230769,489.3076923,486.4076923,495.1692308,492.1076923
718.2424318,495.0076923,490.7307692,500.9769231,503.6230769,489.5384615,486.9230769,499.8076923,495.2076923,478.0692308,501.1076923
718.4296884,475.4076923,478.4307692,470.8769231,490.3230769,471.3384615,464.6230769,475.7076923,479.0076923,473.6692308,486.4076923
718.6169295,487.5076923,482.4307692,481.5769231,476.0230769,479.0384615,477.8230769,476.8076923,481.3076923,472.7692308,490.6076923
718.8041549,487.9076923,476.2307692,472.4769231,464.0230769,486.2384615,474.3230769,478.2076923,469.2076923,467.1692308,470.2076923
718.9913648,464.1076923,483.5307692,474.7769231,476.7230769,467.5384615,479.5230769,463.7076923,464.3076923,472.5692308,474.3076923
719.178559,466.0076923,465.8307692,452.5769231,474.5230769,468.6384615,469.4230769,479.2076923,476.4076923,473.7692308,469.3076923
719.3657375,467.6076923,465.1307692,462.2769231,450.7230769,460.6384615,461.8230769,462.7076923,460.2076923,443.1692308,463.2076923
719.5529005,450.3076923,461.3307692,472.9769231,455.5230769,441.2384615,450.3230769,464.1076923,460.8076923,456.9692308,451.0076923
719.7400478,452.8076923,446.7307692,463.2769231,457.7230769,465.1384615,446.8230769,467.3076923,459.7076923,467.5692308,450.0076923
719.9271795,456.2076923,453.4307692,444.6769231,457.6230769,460.9384615,460.6230769,457.9076923,459.9076923,443.7692308,442.3076923
720.1142956,439.4076923,449.0307692,463.7769231,450.1230769,437.6384615,449.5230769,452.0076923,446.8076923,437.6692308,447.9076923
720.301396,428.3076923,439.9307692,446.7769231,452.3230769,444.4384615,442.7230769,448.4076923,443.3076923,443.5692308,449.0076923
720.4884808,442.4076923,432.3307692,450.7769231,432.8230769,435.1384615,433.9230769,443.4076923,428.2076923,441.0692308,441.9076923
720.67555,434.1076923,423.4307692,429.1769231,432.1230769,422.6384615,434.8230769,440.8076923,432.4076923,431.6692308,441.6076923
720.8626035,426.3076923,460.1307692,434.6769231,439.7230769,446.4384615,428.7230769,444.1076923,447.0076923,433.0692308,445.8076923
721.0496414,421.6076923,419.9307692,424.1769231,437.9230769,435.2384615,416.3230769,418.6076923,424.1076923,436.0692308,429.9076923
721.2366636,420.1076923,429.4307692,423.7769231,422.8230769,431.1384615,423.6230769,436.8076923,433.2076923,430.5692308,420.5076923
721.4236702,420.8076923,415.6307692,419.9769231,415.9230769,413.4384615,417.9230769,426.9076923,414.6076923,415.1692308,407.4076923
721.6106611,419.0076923,418.3307692,420.3769231,418.5230769,429.6384615,423.4230769,424.9076923,431.3076923,421.9692308,413.6076923
721.7976364,412.1076923,415.5307692,410.1769231,410.0230769,394.5384615,391.8230769,400.9076923,397.4076923,401.3692308,422.2076923
721.984596,398.6076923,404.2307692,405.4769231,404.5230769,401.2384615,398.9230769,414.7076923,413.8076923,421.0692308,405.5076923
722.17154,402.1076923,399.6307692,409.9769231,399.0230769,400.0384615,395.6230769,394.1076923,391.9076923,417.4692308,409.7076923
722.3584683,394.2076923,400.8307692,407.2769231,419.1230769,405.7384615,391.6230769,395.2076923,402.6076923,403.1692308,392.5076923
722.5453809,402.1076923,389.0307692,403.9769231,405.5230769,405.9384615,400.9230769,397.6076923,402.8076923,388.0692308,402.2076923
722.7322779,409.9076923,406.0307692,404.6769231,399.5230769,401.3384615,395.3230769,387.1076923,397.6076923,398.4692308,387.4076923
722.9191592,393.4076923,392.1307692,387.2769231,389.5230769,401.1384615,390.2230769,409.8076923,390.1076923,398.4692308,384.7076923
723.1060249,382.7076923,402.5307692,377.0769231,379.7230769,380.2384615,403.7230769,391.6076923,395.2076923,383.2692308,384.8076923
723.2928749,393.7076923,378.0307692,377.9769231,388.1230769,385.9384615,374.8230769,384.5076923,382.1076923,386.0692308,390.5076923
723.4797091,383.6076923,382.5307692,378.8769231,393.6230769,394.8384615,368.5230769,391.7076923,387.7076923,382.5692308,395.3076923
723.6665278,389.5076923,358.4307692,374.3769231,377.5230769,378.3384615,364.0230769,386.9076923,367.9076923,373.8692308,359.0076923
723.8533307,360.1076923,371.9307692,374.4769231,359.0230769,373.2384615,378.7230769,381.1076923,367.0076923,387.1692308,372.8076923
724.040118,366.5076923,375.5307692,375.4769231,381.6230769,372.9384615,361.8230769,387.0076923,373.1076923,373.8692308,380.1076923
724.2268895,374.8076923,370.5307692,384.3769231,375.1230769,373.6384615,365.7230769,368.2076923,375.2076923,373.5692308,364.0076923
724.4136454,363.4076923,369.9307692,367.5769231,369.7230769,367.1384615,362.4230769,360.4076923,353.8076923,363.1692308,376.8076923
724.6003856,359.4076923,369.3307692,371.7769231,368.8230769,368.8384615,367.3230769,363.4076923,366.3076923,357.8692308,364.2076923
724.7871101,358.4076923,366.7307692,368.4769231,351.3230769,370.3384615,351.0230769,359.9076923,357.9076923,369.1692308,345.2076923
724.9738189,355.6076923,361.6307692,356.8769231,354.3230769,357.8384615,351.6230769,355.7076923,364.2076923,359.7692308,364.2076923
725.160512,349.8076923,365.0307692,345.5769231,360.0230769,342.9384615,352.6230769,341.4076923,357.3076923,343.9692308,351.5076923
725.3471895,347.8076923,358.2307692,352.7769231,360.1230769,338.3384615,350.3230769,360.4076923,341.9076923,340.0692308,351.8076923
725.5338512,349.8076923,348.8307692,331.0769231,364.2230769,350.3384615,347.6230769,349.5076923,348.0076923,335.2692308,341.4076923
725.7204972,343.1076923,365.8307692,350.2769231,351.0230769,344.3384615,344.3230769,354.6076923,343.7076923,347.3692308,350.9076923
725.9071275,342.0076923,345.8307692,333.1769231,339.3230769,339.4384615,335.5230769,347.8076923,339.1076923,336.1692308,344.0076923
726.0937421,342.8076923,352.4307692,337.7769231,343.0230769,338.2384615,339.0230769,345.1076923,337.0076923,347.6692308,339.6076923
726.280341,327.8076923,341.8307692,339.0769231,326.6230769,328.0384615,328.7230769,339.1076923,344.7076923,348.3692308,329.9076923
726.4669241,332.9076923,322.1307692,347.0769231,349.4230769,342.5384615,331.8230769,346.6076923,337.4076923,323.3692308,339.4076923
726.6534916,318.6076923,335.4307692,336.0769231,337.1230769,343.0384615,336.1230769,329.1076923,343.8076923,327.5692308,332.0076923
726.8400433,333.1076923,326.2307692,332.4769231,323.1230769,321.4384615,330.0230769,337.0076923,324.8076923,334.5692308,344.5076923
727.0265794,328.3076923,330.6307692,330.5769231,321.0230769,335.5384615,321.9230769,319.9076923,345.4076923,319.3692308,342.6076923
727.2130996,316.8076923,335.4307692,321.8769231,320.1230769,323.9384615,320.2230769,321.4076923,325.8076923,323.3692308,327.8076923
727.3996042,327.4076923,323.2307692,332.7769231,321.3230769,331.9384615,320.4230769,326.1076923,319.2076923,309.8692308,314.1076923
727.5860931,321.4076923,331.5307692,315.6769231,319.4230769,325.1384615,316.7230769,314.8076923,325.1076923,308.8692308,325.4076923
727.7725662,305.1076923,319.8307692,310.2769231,322.8230769,329.5384615,307.7230769,310.1076923,302.6076923,322.2692308,317.2076923
727.9590235,317.6076923,311.5307692,311.6769231,316.7230769,321.7384615,305.3230769,315.1076923,318.4076923,305.6692308,310.7076923
728.1454652,315.4076923,305.7307692,325.1769231,311.1230769,320.1384615,311.1230769,303.7076923,301.7076923,304.9692308,305.7076923
728.3318911,298.1076923,314.3307692,314.8769231,309.6230769,318.2384615,284.8230769,309.8076923,307.2076923,304.8692308,305.1076923
728.5183013,304.1076923,300.4307692,305.4769231,305.9230769,307.7384615,301.7230769,298.5076923,307.0076923,303.9692308,298.1076923
728.7046957,305.1076923,300.2307692,320.3769231,298.8230769,295.8384615,320.5230769,310.4076923,310.8076923,321.2692308,311.6076923
728.8910744,296.5076923,301.5307692,299.5769231,296.3230769,300.6384615,300.6230769,305.4076923,301.5076923,295.7692308,300.3076923
729.0774373,300.1076923,293.7307692,302.8769231,290.9230769,297.5384615,312.8230769,299.3076923,300.9076923,292.0692308,295.2076923
729.2637845,287.3076923,294.7307692,301.1769231,286.4230769,296.5384615,301.6230769,303.3076923,306.4076923,278.4692308,290.2076923
729.4501159,290.0076923,306.9307692,285.6769231,294.8230769,303.6384615,294.1230769,301.2076923,299.0076923,284.7692308,295.5076923
729.6364316,297.8076923,302.0307692,293.5769231,292.0230769,290.5384615,297.6230769,285.5076923,298.9076923,289.8692308,288.1076923
729.8227315,286.0076923,289.9307692,293.1769231,299.0230769,299.8384615,284.7230769,298.9076923,292.2076923,284.2692308,291.5076923
730.0090156,280.5076923,295.9307692,278.0769231,284.0230769,299.9384615,286.6230769,299.4076923,284.1076923,277.0692308,281.3076923
730.195284,287.7076923,296.2307692,273.3769231,293.6230769,282.2384615,278.1230769,280.3076923,285.5076923,283.8692308,291.6076923
730.3815367,289.1076923,267.5307692,272.8769231,276.7230769,281.1384615,286.6230769,277.8076923,280.4076923,291.2692308,289.5076923
730.5677735,278.1076923,276.6307692,272.4769231,280.5230769,264.9384615,293.2230769,291.5076923,286.8076923,273.2692308,274.6076923
730.7539946,276.5076923,277.4307692,276.4769231,276.0230769,278.9384615,269.2230769,279.7076923,283.6076923,275.8692308,272.9076923
730.9402,276.9076923,273.7307692,290.3769231,284.3230769,280.7384615,264.5230769,279.1076923,285.0076923,272.8692308,271.1076923
731.1263895,269.0076923,271.8307692,281.9769231,277.2230769,260.5384615,282.6230769,280.7076923,271.9076923,277.0692308,288.2076923
731.3125633,267.1076923,264.6307692,283.8769231,270.9230769,281.8384615,286.6230769,279.4076923,279.1076923,278.3692308,279.1076923
731.4987213,268.3076923,279.0307692,264.6769231,262.8230769,271.9384615,273.1230769,266.8076923,261.8076923,252.0692308,268.4076923
731.6848635,278.6076923,270.0307692,271.4769231,273.8230769,284.9384615,285.7230769,275.6076923,270.8076923,267.9692308,262.6076923
731.8709899,265.2076923,261.6307692,270.0769231,254.2230769,263.4384615,268.4230769,265.5076923,263.9076923,264.8692308,269.7076923
732.0571006,252.7076923,259.0307692,271.2769231,279.9230769,266.8384615,272.0230769,281.4076923,258.6076923,268.5692308,262.0076923
732.2431954,255.9076923,255.5307692,261.0769231,257.7230769,269.3384615,266.5230769,262.3076923,258.6076923,267.2692308,249.9076923
732.4292745,260.5076923,253.5307692,258.7769231,273.4230769,270.6384615,262.5230769,263.7076923,261.7076923,257.8692308,269.5076923
732.6153378,254.6076923,262.9307692,254.5769231,263.5230769,264.7384615,257.9230769,252.7076923,247.8076923,265.4692308,265.7076923
732.8013853,258.8076923,265.6307692,264.4769231,257.1230769,259.6384615,260.0230769,262.9076923,256.0076923,260.1692308,249.6076923
732.9874169,257.7076923,250.9307692,248.0769231,256.5230769,263.4384615,252.9230769,252.2076923,242.3076923,243.3692308,246.5076923
733.1734328,252.6076923,246.2307692,268.9769231,253.2230769,256.0384615,254.0230769,260.8076923,250.2076923,264.9692308,257.1076923
733.3594329,245.2076923,250.0307692,245.2769231,249.4230769,248.5384615,256.9230769,262.3076923,261.6076923,259.0692308,236.3076923
733.5454172,244.6076923,256.4307692,244.5769231,254.5230769,261.4384615,237.6230769,246.2076923,249.2076923,239.8692308,261.6076923
733.7313856,238.9076923,232.2307692,237.6769231,244.1230769,247.8384615,242.9230769,242.3076923,248.9076923,236.5692308,246.4076923
733.9173383,249.3076923,244.2307692,239.6769231,249.3230769,255.2384615,254.3230769,244.3076923,249.1076923,251.9692308,258.7076923
734.1032751,226.3076923,248.0307692,245.9769231,251.8230769,249.1384615,240.7230769,245.4076923,250.9076923,231.3692308,240.4076923
734.2891962,245.7076923,241.3307692,252.9769231,247.6230769,249.9384615,250.5230769,252.3076923,240.7076923,242.9692308,249.3076923
734.4751014,232.0076923,236.7307692,234.0769231,243.0230769,233.6384615,235.6230769,246.6076923,232.9076923,237.4692308,240.4076923
734.6609908,232.2076923,242.3307692,254.4769231,248.1230769,247.0384615,244.3230769,243.0076923,241.6076923,240.2692308,235.7076923
734.8468643,224.0076923,243.5307692,224.6769231,237.9230769,244.7384615,234.9230769,242.7076923,232.4076923,240.2692308,226.7076923
735.0327221,237.9076923,244.1307692,239.9769231,235.8230769,233.1384615,234.9230769,248.5076923,234.3076923,241.1692308,234.4076923
735.218564,231.9076923,231.2307692,226.9769231,229.9230769,226.6384615,242.4230769,240.7076923,218.9076923,229.5692308,222.0076923
735.4043901,237.4076923,240.3307692,238.0769231,237.8230769,235.1384615,230.2230769,235.4076923,241.7076923,230.3692308,230.0076923
735.5902003,222.4076923,229.7307692,214.7769231,236.7230769,232.9384615,225.0230769,229.4076923,232.8076923,219.6692308,216.1076923
735.7759947,236.8076923,220.0307692,237.9769231,228.8230769,239.9384615,221.3230769,219.8076923,234.5076923,215.1692308,229.9076923
735.9617733,237.2076923,238.8307692,224.3769231,221.5230769,236.6384615,214.1230769,224.2076923,224.0076923,227.5692308,231.1076923
736.1475361,230.1076923,233.4307692,226.4769231,239.9230769,237.4384615,233.7230769,233.8076923,229.3076923,228.3692308,228.6076923
736.333283,215.8076923,227.9307692,220.2769231,212.1230769,229.2384615,234.6230769,228.1076923,223.7076923,207.2692308,226.1076923
736.519014,216.7076923,221.9307692,231.6769231,221.7230769,223.1384615,222.0230769,218.9076923,217.3076923,224.4692308,225.3076923
736.7047293,217.7076923,214.3307692,228.0769231,208.1230769,229.9384615,218.1230769,227.2076923,227.0076923,218.9692308,210.2076923
736.8904286,223.6076923,218.5307692,220.8769231,223.2230769,216.4384615,216.2230769,221.7076923,225.1076923,221.4692308,224.2076923
737.0761121,212.9076923,213.6307692,207.9769231,220.4230769,223.5384615,214.9230769,218.8076923,223.5076923,209.2692308,220.8076923
737.2617798,213.3076923,212.7307692,217.6769231,215.1230769,219.9384615,222.6230769,208.0076923,208.5076923,214.9692308,214.0076923
737.4474316,210.3076923,217.5307692,219.8769231,212.9230769,218.6384615,210.6230769,207.9076923,225.3076923,207.4692308,209.4076923
737.6330675,228.6076923,218.7307692,217.3769231,224.6230769,219.7384615,208.0230769,217.3076923,209.4076923,199.3692308,216.5076923
737.8186876,214.0076923,207.1307692,216.1769231,208.1230769,215.5384615,206.3230769,208.2076923,215.3076923,202.1692308,219.5076923
738.0042918,204.3076923,210.6307692,203.8769231,206.5230769,205.1384615,208.1230769,212.7076923,204.6076923,213.0692308,223.3076923
738.1898802,208.9076923,190.9307692,207.8769231,201.3230769,209.6384615,210.4230769,194.0076923,195.2076923,202.5692308,210.6076923
738.3754527,215.6076923,208.7307692,205.6769231,214.3230769,206.6384615,204.7230769,209.2076923,212.8076923,204.4692308,212.2076923
738.5610093,205.8076923,216.7307692,206.2769231,201.8230769,203.3384615,206.5230769,192.2076923,205.3076923,212.0692308,207.1076923
738.74655,208.2076923,205.9307692,206.0769231,205.6230769,204.7384615,211.1230769,203.4076923,194.9076923,214.6692308,198.8076923
738.9320749,203.5076923,196.3307692,207.7769231,201.5230769,195.0384615,202.4230769,199.9076923,202.6076923,201.9692308,200.6076923
739.1175839,205.9076923,207.1307692,205.8769231,207.0230769,212.3384615,195.0230769,202.6076923,200.8076923,202.5692308,204.7076923
739.303077,188.1076923,202.1307692,202.4769231,206.3230769,178.7384615,200.6230769,194.3076923,208.5076923,197.5692308,202.5076923
739.4885542,201.0076923,206.4307692,210.6769231,189.0230769,209.2384615,209.3230769,209.3076923,201.0076923,201.2692308,205.0076923
739.6740156,190.5076923,197.8307692,192.6769231,200.1230769,185.2384615,187.6230769,183.6076923,188.1076923,206.4692308,176.5076923
739.859461,192.6076923,196.7307692,199.2769231,203.1230769,204.0384615,196.2230769,200.9076923,206.8076923,197.3692308,206.7076923
740.0448906,187.3076923,192.4307692,187.5769231,193.5230769,197.4384615,184.6230769,189.6076923,193.6076923,197.5692308,194.6076923
740.2303043,193.7076923,203.3307692,204.4769231,189.5230769,196.0384615,194.7230769,204.3076923,200.4076923,199.0692308,190.5076923
740.4157021,190.7076923,178.0307692,191.7769231,197.6230769,191.2384615,181.4230769,188.7076923,191.3076923,184.1692308,191.8076923
740.6010839,199.9076923,207.0307692,182.5769231,187.2230769,185.5384615,197.1230769,200.5076923,210.5076923,186.2692308,196.7076923
740.7864499,176.0076923,181.3307692,180.9769231,186.9230769,184.7384615,194.2230769,188.3076923,188.3076923,185.2692308,179.2076923
740.9718,176.6076923,183.4307692,185.6769231,183.0230769,178.8384615,191.5230769,192.2076923,198.5076923,179.2692308,187.3076923
741.1571342,191.0076923,194.3307692,179.3769231,189.6230769,185.9384615,195.4230769,183.8076923,186.1076923,186.8692308,178.1076923
741.3424524,187.9076923,179.8307692,189.1769231,180.8230769,182.9384615,175.1230769,160.9076923,181.1076923,181.3692308,181.2076923
741.5277548,179.3076923,193.5307692,179.3769231,183.9230769,182.6384615,183.6230769,181.5076923,174.8076923,175.3692308,173.8076923
741.7130412,189.7076923,184.0307692,185.4769231,188.8230769,179.1384615,178.6230769,183.0076923,185.0076923,187.7692308,190.2076923
741.8983118,178.8076923,179.1307692,182.7769231,176.8230769,175.2384615,184.8230769,170.4076923,177.2076923,177.7692308,174.7076923
742.0835664,173.5076923,179.9307692,183.7769231,181.2230769,186.3384615,187.7230769,190.6076923,178.0076923,177.5692308,183.3076923
742.2688051,189.0076923,181.8307692,171.1769231,178.8230769,177.2384615,184.0230769,175.0076923,174.7076923,185.1692308,177.5076923
742.4540279,180.3076923,187.3307692,169.6769231,175.3230769,171.4384615,186.7230769,173.3076923,172.3076923,161.3692308,177.0076923
742.6392347,190.5076923,171.5307692,179.0769231,174.7230769,176.5384615,176.6230769,184.8076923,166.9076923,167.8692308,187.3076923
742.8244256,173.7076923,182.0307692,173.3769231,175.8230769,176.4384615,171.2230769,173.9076923,181.8076923,179.0692308,181.4076923
743.0096006,172.6076923,177.7307692,173.1769231,167.7230769,172.6384615,171.1230769,169.4076923,160.0076923,166.1692308,186.0076923
743.1947597,176.3076923,182.8307692,186.5769231,177.3230769,176.4384615,178.8230769,175.4076923,174.8076923,168.4692308,190.5076923
743.3799028,162.0076923,158.7307692,163.8769231,171.4230769,154.6384615,173.1230769,173.7076923,171.8076923,155.9692308,161.4076923
743.56503,164.2076923,173.0307692,178.4769231,177.0230769,171.9384615,160.6230769,180.1076923,170.0076923,166.1692308,176.7076923
743.7501413,167.9076923,170.7307692,168.8769231,168.9230769,177.8384615,168.6230769,176.4076923,175.6076923,162.6692308,169.7076923
743.9352366,169.5076923,164.9307692,171.7769231,181.5230769,161.8384615,165.6230769,171.5076923,166.2076923,168.9692308,168.4076923
744.120316,156.6076923,170.8307692,166.0769231,165.5230769,168.6384615,165.9230769,168.4076923,168.8076923,172.2692308,168.1076923
744.3053794,157.4076923,165.2307692,158.4769231,164.8230769,167.6384615,165.9230769,167.1076923,158.6076923,157.5692308,161.4076923
744.4904269,158.3076923,158.6307692,170.7769231,152.2230769,162.7384615,151.1230769,152.9076923,159.4076923,158.7692308,172.3076923
744.6754584,167.3076923,168.7307692,159.7769231,164.5230769,159.1384615,151.2230769,168.1076923,162.5076923,159.3692308,179.0076923
744.860474,154.0076923,159.2307692,160.9769231,161.1230769,159.7384615,160.3230769,154.8076923,147.3076923,150.2692308,153.7076923
745.0454736,160.0076923,168.9307692,172.2769231,170.5230769,169.0384615,155.6230769,164.6076923,166.4076923,170.9692308,163.0076923
745.2304573,165.3076923,172.7307692,164.6769231,167.0230769,163.0384615,156.9230769,164.4076923,159.0076923,148.9692308,158.8076923
745.415425,167.6076923,171.3307692,155.1769231,165.3230769,154.8384615,165.7230769,168.8076923,155.5076923,164.1692308,157.5076923
745.6003768,162.6076923,155.6307692,156.7769231,157.3230769,153.6384615,148.4230769,156.1076923,145.6076923,157.6692308,163.9076923
745.7853125,161.0076923,159.4307692,159.7769231,158.8230769,155.2384615,156.5230769,160.5076923,156.8076923,155.7692308,160.8076923
745.9702323,160.4076923,146.4307692,169.0769231,156.8230769,152.0384615,164.3230769,169.9076923,160.5076923,159.1692308,162.5076923
746.1551362,158.7076923,177.2307692,157.4769231,168.9230769,163.4384615,154.5230769,152.8076923,150.4076923,165.0692308,174.0076923
746.3400241,149.7076923,151.8307692,149.5769231,159.3230769,146.2384615,151.6230769,154.3076923,157.5076923,157.0692308,160.0076923
746.524896,147.8076923,163.0307692,172.9769231,162.2230769,156.9384615,153.3230769,149.0076923,152.0076923,153.3692308,159.8076923
746.7097519,160.2076923,152.1307692,156.7769231,155.2230769,160.6384615,149.3230769,157.6076923,157.0076923,146.4692308,151.0076923
746.8945918,146.2076923,154.1307692,155.6769231,153.7230769,152.0384615,154.0230769,162.2076923,145.4076923,153.3692308,148.1076923
747.0794158,155.8076923,149.4307692,142.8769231,159.0230769,152.9384615,143.6230769,143.6076923,154.6076923,145.5692308,149.4076923
747.2642237,153.3076923,144.6307692,146.3769231,153.3230769,138.6384615,151.3230769,148.2076923,138.2076923,152.1692308,147.5076923
747.4490157,137.0076923,149.8307692,153.7769231,157.9230769,144.3384615,132.6230769,150.8076923,153.0076923,151.5692308,145.8076923
747.6337917,149.6076923,152.4307692,148.5769231,158.1230769,147.6384615,145.0230769,139.0076923,150.3076923,157.4692308,148.4076923
747.8185517,158.9076923,143.8307692,155.6769231,153.0230769,150.5384615,137.5230769,146.4076923,131.9076923,130.5692308,133.9076923
748.0032957,140.7076923,150.3307692,146.6769231,159.4230769,150.2384615,144.0230769,147.5076923,148.0076923,139.9692308,141.8076923
748.1880238,141.5076923,145.4307692,131.7769231,123.7230769,146.1384615,135.1230769,138.7076923,144.1076923,139.8692308,144.6076923
748.3727358,148.1076923,143.7307692,147.1769231,139.7230769,150.1384615,146.4230769,142.5076923,142.1076923,136.3692308,149.8076923
748.5574318,142.6076923,142.8307692,145.4769231,139.2230769,126.0384615,137.3230769,142.4076923,147.0076923,141.8692308,142.4076923
748.7421118,138.0076923,137.9307692,143.0769231,146.0230769,148.0384615,135.2230769,143.3076923,142.9076923,140.6692308,154.6076923
748.9267758,122.5076923,138.2307692,138.2769231,144.2230769,143.0384615,135.5230769,129.8076923,134.0076923,136.8692308,148.2076923
749.1114238,132.7076923,137.4307692,134.2769231,146.4230769,135.7384615,139.8230769,128.9076923,146.6076923,127.6692308,145.5076923
749.2960558,132.6076923,142.6307692,130.5769231,140.2230769,146.1384615,124.7230769,137.7076923,136.7076923,137.1692308,132.7076923
749.4806718,137.4076923,135.6307692,142.3769231,152.2230769,141.5384615,141.1230769,134.0076923,149.2076923,138.4692308,149.5076923
749.6652717,120.3076923,135.4307692,153.4769231,141.6230769,142.2384615,131.4230769,140.8076923,129.9076923,130.2692308,125.1076923
749.8498557,138.2076923,132.3307692,137.1769231,145.9230769,143.7384615,134.4230769,134.8076923,129.1076923,127.9692308,136.7076923
750.0344236,128.5076923,135.3307692,142.2769231,129.3230769,138.7384615,138.7230769,118.6076923,125.7076923,122.1692308,141.3076923
750.2189755,138.8076923,138.2307692,139.1769231,134.1230769,129.3384615,132.5230769,133.2076923,127.5076923,129.7692308,144.9076923
750.4035114,126.6076923,134.8307692,125.8769231,141.8230769,139.0384615,130.3230769,138.3076923,128.6076923,129.9692308,122.1076923
750.5880312,143.7076923,134.5307692,129.9769231,134.6230769,135.3384615,127.8230769,134.7076923,134.3076923,138.9692308,138.4076923
750.772535,113.3076923,134.1307692,123.8769231,124.5230769,126.7384615,125.6230769,127.1076923,128.0076923,126.2692308,124.7076923
750.9570228,141.6076923,135.7307692,144.2769231,132.4230769,136.5384615,125.9230769,129.4076923,126.7076923,135.0692308,136.4076923
751.1414946,119.2076923,131.9307692,129.3769231,116.7230769,131.4384615,127.8230769,130.2076923,120.9076923,127.8692308,118.2076923
751.3259503,127.9076923,126.8307692,129.2769231,137.7230769,130.9384615,134.9230769,145.0076923,131.5076923,115.9692308,134.5076923
751.5103899,125.0076923,127.5307692,130.6769231,115.6230769,132.3384615,122.5230769,127.9076923,124.6076923,126.8692308,120.6076923
751.6948136,129.2076923,123.2307692,134.8769231,130.6230769,130.9384615,108.0230769,129.1076923,111.5076923,123.2692308,123.8076923
751.8792211,122.4076923,124.2307692,124.1769231,127.0230769,125.9384615,121.2230769,122.5076923,114.7076923,116.9692308,117.8076923
752.0636127,125.3076923,129.5307692,124.1769231,138.7230769,123.3384615,134.1230769,132.5076923,134.1076923,128.0692308,134.2076923
752.2479882,127.5076923,117.9307692,121.8769231,117.3230769,128.2384615,122.5230769,124.0076923,121.5076923,113.0692308,123.3076923
752.4323476,116.1076923,111.5307692,135.5769231,127.0230769,134.3384615,125.8230769,125.8076923,124.5076923,128.0692308,140.5076923
752.616691,120.5076923,119.2307692,123.3769231,130.5230769,120.3384615,114.7230769,107.8076923,122.3076923,109.9692308,128.8076923
752.8010183,119.4076923,126.3307692,114.2769231,122.9230769,130.6384615,119.1230769,117.3076923,114.9076923,122.3692308,117.6076923
752.9853296,117.9076923,123.8307692,120.8769231,131.0230769,109.7384615,133.5230769,122.5076923,115.6076923,116.1692308,120.9076923
753.1696248,120.0076923,116.0307692,122.4769231,119.3230769,139.4384615,113.2230769,132.4076923,125.6076923,99.96923077,114.9076923
753.3539039,120.6076923,116.8307692,125.5769231,126.4230769,106.9384615,106.6230769,122.5076923,119.9076923,114.4692308,106.3076923
753.538167,125.8076923,127.5307692,126.8769231,117.0230769,117.8384615,122.8230769,125.9076923,119.9076923,115.9692308,120.2076923
753.722414,110.4076923,121.7307692,118.4769231,116.6230769,111.1384615,122.1230769,121.5076923,121.4076923,109.2692308,114.8076923
753.9066449,118.4076923,125.6307692,120.1769231,108.3230769,120.9384615,121.0230769,120.3076923,111.6076923,118.5692308,120.4076923
754.0908598,104.3076923,123.5307692,116.9769231,113.1230769,105.4384615,122.8230769,112.4076923,111.3076923,108.6692308,109.0076923
754.2750586,100.0076923,112.5307692,116.9769231,115.2230769,124.4384615,113.5230769,127.8076923,123.5076923,106.3692308,114.9076923
754.4592413,115.1076923,116.3307692,109.8769231,110.6230769,115.1384615,108.1230769,124.5076923,111.4076923,113.3692308,113.7076923
754.6434079,104.2076923,109.6307692,124.0769231,121.9230769,124.6384615,114.2230769,120.3076923,110.5076923,101.5692308,114.3076923
754.8275584,119.3076923,107.7307692,111.8769231,111.4230769,107.2384615,106.4230769,107.5076923,111.2076923,114.8692308,112.5076923
755.0116929,112.9076923,109.0307692,111.8769231,127.6230769,111.0384615,111.3230769,120.4076923,116.4076923,117.4692308,117.8076923
755.1958112,108.3076923,107.4307692,98.37692308,107.5230769,112.6384615,103.5230769,106.3076923,106.3076923,118.2692308,120.4076923
755.3799135,116.9076923,118.5307692,118.6769231,114.0230769,114.2384615,119.4230769,111.7076923,108.3076923,118.5692308,109.2076923
755.5639997,102.6076923,107.6307692,112.2769231,105.5230769,108.4384615,110.4230769,101.5076923,103.8076923,105.6692308,112.5076923
755.7480698,111.6076923,105.5307692,111.1769231,106.9230769,103.1384615,106.9230769,116.6076923,106.2076923,102.4692308,112.4076923
755.9321238,100.6076923,107.9307692,104.9769231,103.4230769,103.8384615,115.4230769,108.9076923,96.50769231,100.7692308,101.5076923
756.1161617,112.4076923,106.5307692,100.4769231,107.7230769,111.1384615,115.0230769,108.6076923,108.7076923,114.8692308,119.8076923
756.3001834,103.8076923,115.0307692,98.97692308,102.6230769,104.8384615,93.82307692,101.9076923,95.80769231,108.8692308,104.6076923
756.4841891,108.8076923,98.03076923,107.1769231,109.1230769,102.5384615,105.3230769,101.0076923,101.8076923,109.8692308,102.4076923
756.6681787,86.70769231,100.7307692,109.6769231,85.62307692,104.7384615,100.1230769,93.90769231,100.7076923,98.66923077,109.5076923
756.8521522,106.8076923,92.43076923,103.5769231,108.2230769,110.1384615,107.2230769,98.40769231,103.4076923,104.0692308,100.8076923
757.0361095,99.40769231,91.93076923,102.4769231,101.0230769,109.7384615,102.8230769,100.9076923,99.50769231,95.06923077,98.90769231
757.2200507,115.0076923,112.4307692,103.9769231,100.7230769,104.9384615,91.52307692,108.3076923,101.4076923,100.0692308,103.9076923
757.4039759,90.70769231,99.53076923,95.47692308,95.72307692,109.4384615,92.12307692,95.30769231,103.1076923,98.76923077,105.4076923
757.5878849,100.6076923,108.5307692,107.4769231,101.9230769,105.9384615,99.82307692,103.8076923,101.4076923,93.96923077,100.0076923
757.7717777,86.90769231,110.5307692,110.1769231,105.5230769,113.2384615,93.62307692,96.20769231,100.8076923,98.66923077,97.40769231
757.9556545,97.50769231,105.3307692,108.7769231,107.8230769,112.6384615,98.52307692,105.8076923,104.8076923,101.3692308,112.8076923
758.1395151,101.1076923,93.83076923,102.0769231,96.02307692,91.73846154,99.62307692,97.10769231,100.5076923,93.36923077,97.90769231
758.3233596,100.6076923,86.83076923,92.87692308,98.62307692,107.4384615,96.42307692,91.40769231,108.2076923,97.06923077,105.8076923
758.507188,85.30769231,107.1307692,96.57692308,101.0230769,96.83846154,88.92307692,108.2076923,98.90769231,86.66923077,94.50769231
758.6910002,90.10769231,101.7307692,88.97692308,99.92307692,104.1384615,102.6230769,109.1076923,104.9076923,100.4692308,96.10769231
758.8747963,95.60769231,99.53076923,105.1769231,89.02307692,102.5384615,100.9230769,97.90769231,90.00769231,91.66923077,93.70769231
759.0585763,99.80769231,100.1307692,93.17692308,104.8230769,99.63846154,104.0230769,106.6076923,90.30769231,96.86923077,100.6076923
759.2423401,93.40769231,94.33076923,84.97692308,97.12307692,88.63846154,81.72307692,94.50769231,96.00769231,82.36923077,101.5076923
759.4260877,93.30769231,100.1307692,100.2769231,88.72307692,108.3384615,88.92307692,110.8076923,87.20769231,85.36923077,98.70769231
759.6098193,90.80769231,92.33076923,88.47692308,99.22307692,100.1384615,96.42307692,91.80769231,88.90769231,96.96923077,88.40769231
759.7935346,101.9076923,104.6307692,101.5769231,85.42307692,94.63846154,83.82307692,87.20769231,93.10769231,91.66923077,87.80769231
759.9772339,96.40769231,89.53076923,105.1769231,87.12307692,96.33846154,92.12307692,86.60769231,95.00769231,90.56923077,95.70769231
760.1609169,96.50769231,92.53076923,94.77692308,109.3230769,96.83846154,99.12307692,99.50769231,105.4076923,109.8692308,106.5076923
760.3445838,95.90769231,82.13076923,91.77692308,93.62307692,93.13846154,87.52307692,90.60769231,86.30769231,81.96923077,81.80769231
760.5282346,84.30769231,99.43076923,102.2769231,98.52307692,98.63846154,100.3230769,109.5076923,100.8076923,93.96923077,105.1076923
760.7118692,91.80769231,91.63076923,96.87692308,93.72307692,98.13846154,89.12307692,91.20769231,85.80769231,89.56923077,84.60769231
760.8954876,82.10769231,103.8307692,95.57692308,81.92307692,83.03846154,91.32307692,92.50769231,104.3076923,95.46923077,82.80769231
761.0790899,83.60769231,94.73076923,87.37692308,94.12307692,90.03846154,90.02307692,82.70769231,88.30769231,99.26923077,95.60769231
761.262676,89.10769231,90.43076923,88.97692308,84.52307692,93.63846154,86.92307692,99.10769231,94.80769231,84.06923077,100.5076923
761.4462459,86.90769231,93.93076923,81.37692308,97.32307692,86.33846154,91.32307692,90.40769231,87.10769231,81.96923077,77.10769231
761.6297997,86.20769231,105.0307692,87.97692308,89.32307692,94.93846154,83.42307692,95.70769231,91.90769231,87.86923077,85.40769231
761.8133373,86.50769231,88.03076923,86.57692308,86.82307692,87.73846154,92.82307692,83.50769231,91.80769231,80.06923077,95.80769231
761.9968587,75.60769231,100.9307692,91.87692308,89.52307692,87.83846154,94.52307692,92.50769231,88.40769231,90.96923077,91.60769231
762.1803639,85.60769231,90.53076923,85.67692308,85.72307692,90.53846154,88.82307692,82.70769231,85.60769231,93.66923077,85.60769231
762.3638529,92.50769231,90.53076923,87.47692308,101.2230769,103.2384615,91.82307692,94.90769231,84.80769231,91.86923077,99.10769231
762.5473258,86.10769231,91.23076923,81.17692308,89.32307692,88.53846154,87.32307692,86.10769231,73.80769231,66.86923077,79.50769231
762.7307825,93.90769231,89.13076923,94.27692308,97.32307692,91.83846154,87.32307692,87.30769231,85.70769231,84.16923077,95.40769231
762.9142229,84.60769231,78.63076923,94.57692308,86.42307692,91.43846154,88.12307692,83.50769231,89.10769231,80.96923077,92.20769231
763.0976472,93.50769231,83.63076923,90.47692308,90.72307692,87.73846154,79.62307692,79.20769231,92.80769231,80.96923077,86.10769231
763.2810553,89.20769231,78.43076923,85.47692308,83.52307692,80.03846154,87.62307692,78.40769231,78.50769231,86.46923077,83.20769231
763.4644472,89.70769231,82.13076923,84.07692308,87.82307692,97.33846154,83.62307692,89.30769231,82.60769231,85.16923077,86.20769231
763.6478229,89.80769231,77.93076923,77.27692308,95.12307692,90.83846154,82.02307692,81.00769231,72.00769231,75.36923077,89.10769231
763.8311824,77.00769231,83.23076923,83.57692308,78.72307692,91.73846154,75.22307692,92.00769231,88.00769231,89.66923077,95.20769231
764.0145257,74.60769231,92.23076923,79.37692308,76.02307692,82.73846154,77.12307692,83.30769231,79.30769231,74.26923077,79.70769231
764.1978528,93.90769231,82.33076923,81.67692308,92.92307692,87.03846154,83.12307692,83.70769231,88.40769231,82.16923077,82.00769231
764.3811636,76.40769231,76.13076923,87.07692308,74.12307692,75.53846154,78.52307692,80.70769231,87.60769231,78.26923077,80.50769231
764.5644583,82.70769231,83.83076923,95.27692308,88.12307692,82.13846154,86.42307692,87.10769231,80.90769231,78.86923077,80.20769231
764.7477367,91.30769231,83.43076923,76.57692308,79.52307692,81.13846154,77.92307692,82.90769231,82.70769231,73.36923077,84.40769231
764.930999,80.10769231,92.33076923,80.37692308,86.32307692,82.53846154,84.82307692,85.30769231,77.40769231,82.76923077,85.40769231
765.114245,83.70769231,76.53076923,90.47692308,79.62307692,80.23846154,81.62307692,83.20769231,72.30769231,68.66923077,85.70769231
765.2974748,92.60769231,80.73076923,86.07692308,77.02307692,90.03846154,79.72307692,98.50769231,92.70769231,85.66923077,88.10769231
765.4806884,76.30769231,82.53076923,79.37692308,78.62307692,78.53846154,82.62307692,78.50769231,73.30769231,79.86923077,78.50769231
765.6638857,81.80769231,79.63076923,81.97692308,86.12307692,89.13846154,82.62307692,84.20769231,78.40769231,87.26923077,76.80769231
765.8470668,76.00769231,78.83076923,84.47692308,74.12307692,69.83846154,75.82307692,71.90769231,73.90769231,58.76923077,76.60769231
766.0302317,75.80769231,81.73076923,77.17692308,80.22307692,90.23846154,77.62307692,83.00769231,76.10769231,78.26923077,82.20769231
766.2133803,77.30769231,85.23076923,79.57692308,77.92307692,72.73846154,74.62307692,70.60769231,78.60769231,77.36923077,83.00769231
766.3965128,71.60769231,90.43076923,82.47692308,89.12307692,70.43846154,81.92307692,66.10769231,83.10769231,82.46923077,87.80769231
766.5796289,77.50769231,71.23076923,82.67692308,78.42307692,83.63846154,76.72307692,76.90769231,80.50769231,63.96923077,71.30769231
766.7627289,79.40769231,82.73076923,85.27692308,93.92307692,83.63846154,74.22307692,92.50769231,75.90769231,76.06923077,84.50769231
766.9458126,71.60769231,71.43076923,84.17692308,83.62307692,79.83846154,78.92307692,67.40769231,71.60769231,60.66923077,74.90769231
767.12888,81.30769231,80.43076923,86.27692308,78.02307692,86.43846154,85.32307692,75.90769231,78.50769231,84.16923077,77.40769231
767.3119312,70.00769231,71.33076923,85.27692308,83.12307692,73.03846154,75.72307692,82.30769231,67.60769231,77.46923077,74.20769231
767.4949662,89.70769231,80.33076923,82.97692308,80.72307692,83.83846154,86.62307692,73.00769231,84.20769231,76.86923077,84.60769231
767.6779849,76.60769231,71.63076923,79.97692308,77.82307692,64.53846154,66.92307692,72.70769231,75.60769231,70.56923077,60.20769231
767.8609873,82.10769231,80.73076923,84.67692308,81.52307692,72.03846154,71.82307692,71.00769231,72.90769231,73.36923077,75.40769231
768.0439735,75.20769231,71.13076923,76.27692308,78.52307692,71.13846154,73.42307692,79.90769231,71.60769231,64.26923077,70.50769231
768.2269434,86.10769231,87.13076923,83.97692308,88.82307692,82.73846154,78.82307692,79.20769231,75.40769231,70.66923077,73.30769231
768.4098971,64.20769231,74.33076923,74.27692308,86.42307692,77.93846154,77.72307692,72.60769231,69.30769231,73.66923077,78.80769231
768.5928345,81.90769231,86.83076923,75.97692308,74.22307692,66.23846154,76.12307692,88.50769231,69.50769231,83.66923077,79.60769231
768.7757556,79.70769231,71.03076923,81.57692308,71.62307692,82.53846154,68.42307692,70.60769231,71.30769231,73.46923077,78.20769231
768.9586605,73.10769231,68.33076923,81.67692308,91.02307692,71.53846154,72.52307692,71.90769231,61.90769231,74.16923077,78.60769231
769.141549,84.60769231,65.63076923,69.67692308,73.42307692,86.53846154,80.22307692,70.00769231,57.10769231,63.36923077,69.40769231
769.3244214,87.60769231,77.13076923,71.87692308,71.22307692,78.53846154,73.62307692,90.90769231,74.10769231,74.86923077,81.30769231
769.5072774,63.00769231,69.43076923,73.17692308,85.62307692,78.13846154,75.32307692,71.10769231,82.10769231,81.66923077,79.60769231
769.6901172,76.00769231,78.93076923,79.17692308,81.82307692,83.73846154,82.92307692,83.20769231,75.90769231,71.86923077,69.10769231
769.8729406,66.60769231,79.53076923,74.87692308,77.02307692,74.23846154,68.22307692,82.60769231,66.10769231,63.56923077,70.50769231
770.0557478,74.70769231,80.33076923,82.67692308,62.22307692,91.93846154,76.72307692,83.50769231,73.80769231,80.86923077,78.30769231
770.2385387,68.10769231,74.93076923,82.47692308,69.22307692,88.83846154,80.32307692,73.30769231,69.30769231,71.46923077,64.80769231
770.4213133,92.00769231,85.13076923,76.67692308,72.42307692,79.83846154,72.42307692,69.40769231,73.30769231,62.26923077,85.80769231
770.6040717,77.90769231,74.93076923,71.27692308,68.02307692,76.33846154,76.32307692,64.40769231,69.10769231,70.86923077,71.40769231
770.7868137,73.70769231,82.23076923,83.77692308,72.22307692,70.73846154,68.32307692,71.20769231,74.70769231,65.56923077,81.70769231
770.9695394,66.20769231,55.53076923,84.07692308,67.82307692,72.23846154,81.02307692,71.10769231,53.90769231,52.3,73.70769231
771.1522489,64.90769231,67.63076923,69.77692308,80.62307692,69.63846154,82.62307692,71.50769231,77.70769231,68.46923077,66.50769231
771.334942,67.60769231,61.13076923,71.57692308,63.02307692,64.33846154,65.82307692,76.90769231,67.10769231,67.56923077,61.70769231
771.5176188,64.90769231,79.03076923,62.87692308,78.42307692,72.63846154,68.22307692,63.00769231,66.00769231,74.56923077,81.80769231
771.7002794,64.50769231,75.03076923,64.47692308,59.52307692,75.13846154,62.32307692,70.00769231,62.10769231,66.86923077,75.80769231
771.8829236,65.60769231,67.83076923,80.47692308,78.12307692,76.63846154,69.02307692,78.90769231,74.20769231,63.36923077,67.60769231
772.0655515,67.10769231,71.63076923,60.47692308,73.82307692,66.43846154,68.12307692,68.60769231,70.90769231,61.06923077,74.80769231
772.2481631,65.50769231,72.93076923,77.67692308,69.32307692,77.03846154,75.02307692,81.20769231,79.90769231,59.56923077,62.70769231
772.4307584,56.50769231,71.03076923,62.47692308,74.12307692,72.23846154,72.32307692,65.80769231,63.30769231,58.26923077,77.70769231
772.6133373,72.40769231,65.63076923,67.87692308,75.72307692,65.33846154,73.52307692,72.00769231,79.00769231,64.86923077,81.80769231
772.7959,60.00769231,64.33076923,60.17692308,70.52307692,66.43846154,62.42307692,81.00769231,74.70769231,64.56923077,65.40769231
772.9784463,66.30769231,84.23076923,76.47692308,80.52307692,68.83846154,69.12307692,69.20769231,69.64615385,81.06923077,71.70769231
773.1609763,61.30769231,63.73076923,63.07692308,69.02307692,65.83846154,64.92307692,70.20769231,65.50769231,71.86923077,71.90769231
773.34349,74.40769231,68.13076923,72.07692308,74.12307692,71.93846154,74.52307692,64.80769231,76.10769231,61.66923077,82.30769231
773.5259873,62.40769231,66.23076923,74.97692308,72.32307692,60.03846154,66.12307692,70.00769231,63.20769231,69.96923077,60.80769231
773.7084683,64.90769231,59.73076923,70.87692308,64.62307692,75.63846154,72.72307692,67.70769231,65.80769231,68.36923077,64.40769231
773.890933,57.30769231,61.03076923,56.57692308,49.82307692,56.83846154,70.52307692,60.20769231,63.60769231,66.26923077,62.70769231
774.0733813,69.70769231,72.33076923,65.57692308,73.12307692,56.73846154,69.92307692,66.90769231,64.80769231,69.66923077,66.10769231
774.2558133,57.20769231,69.23076923,59.57692308,61.72307692,64.23846154,66.92307692,56.50769231,62.10769231,59.56923077,68.90769231
774.4382289,72.00769231,66.93076923,66.47692308,80.22307692,57.93846154,73.42307692,67.30769231,73.50769231,61.16923077,66.20769231
774.6206282,56.30769231,76.83076923,70.37692308,69.22307692,58.93846154,63.72307692,67.00769231,53.60769231,61.76923077,58.90769231
774.8030112,61.80769231,70.43076923,61.37692308,67.92307692,73.53846154,73.52307692,71.60769231,73.80769231,72.56923077,73.70769231
774.9853778,57.50769231,59.23076923,70.27692308,51.32307692,56.63846154,61.32307692,61.00769231,54.20769231,65.96923077,65.50769231
775.1677281,60.00769231,65.63076923,62.57692308,73.62307692,62.53846154,69.62307692,69.00769231,72.80769231,64.46923077,62.90769231
775.350062,58.30769231,58.93076923,64.27692308,54.02307692,68.03846154,60.92307692,62.60769231,60.90769231,58.46923077,68.10769231
775.5323795,59.70769231,63.63076923,68.37692308,58.02307692,65.03846154,75.62307692,71.40769231,68.80769231,62.76923077,66.20769231
775.7146807,58.60769231,62.53076923,62.97692308,72.72307692,57.63846154,63.92307692,61.90769231,52.90769231,63.36923077,63.30769231
775.8969655,52.70769231,64.73076923,65.17692308,60.42307692,58.83846154,55.82307692,69.30769231,66.20769231,56.46923077,58.60769231
776.079234,58.20769231,64.73076923,62.07692308,57.12307692,57.83846154,66.42307692,55.20769231,57.80769231,51.11538462,77.00769231
776.2614861,70.80769231,62.83076923,60.77692308,66.12307692,58.23846154,67.42307692,70.50769231,61.10769231,53.96923077,74.90769231
776.4437218,53.50769231,58.33076923,60.37692308,66.12307692,58.13846154,62.22307692,65.00769231,61.00769231,53.16923077,63.30769231
776.6259412,59.30769231,64.13076923,64.07692308,58.22307692,76.33846154,69.72307692,64.60769231,66.00769231,69.06923077,75.70769231
776.8081442,49.70769231,58.53076923,52.07692308,62.72307692,64.53846154,61.42307692,54.10769231,50.90769231,46.46923077,58.80769231
776.9903308,50.60769231,62.63076923,59.67692308,54.52307692,63.93846154,50.42307692,60.90769231,51.90769231,63.86923077,62.10769231
777.172501,62.30769231,64.43076923,61.77692308,70.82307692,62.93846154,63.82307692,49.70769231,57.90769231,49.26923077,52.70769231
777.3546548,63.10769231,58.33076923,63.27692308,60.02307692,67.73846154,62.32307692,55.30769231,56.50769231,56.16923077,56.30769231
777.5367923,50.80769231,56.03076923,59.27692308,58.42307692,57.33846154,53.92307692,63.90769231,51.50769231,61.26923077,60.20769231
777.7189134,65.50769231,67.43076923,66.77692308,59.02307692,62.23846154,60.72307692,58.80769231,55.50769231,53.76923077,54.10769231
777.9010181,58.30769231,50.93076923,58.17692308,56.02307692,68.03846154,61.52307692,62.00769231,55.30769231,55.76923077,41.10769231
778.0831064,61.10769231,49.33076923,58.77692308,59.62307692,61.33846154,59.62307692,54.00769231,53.40769231,49.26923077,57.80769231
778.2651783,47.40769231,45.93076923,55.67692308,51.42307692,42.23846154,55.92307692,59.30769231,48.30769231,51.76923077,59.30769231
778.4472338,53.10769231,60.63076923,57.97692308,57.32307692,64.83846154,56.82307692,60.30769231,65.30769231,54.76923077,51.60769231
778.6292729,51.30769231,56.63076923,42.67692308,49.92307692,65.23846154,48.52307692,54.20769231,61.20769231,52.56923077,58.30769231
778.8112956,52.20769231,64.83076923,41.37692308,52.02307692,50.23846154,48.72307692,56.70769231,55.90769231,58.36923077,64.40769231
778.9933019,56.20769231,56.63076923,54.17692308,62.62307692,55.03846154,58.32307692,49.50769231,41.50769231,50.86923077,53.70769231
779.1752918,51.40769231,52.63076923,65.37692308,63.72307692,57.73846154,45.92307692,63.80769231,61.80769231,53.26923077,51.00769231
779.3572653,53.10769231,55.23076923,55.37692308,52.42307692,48.43846154,46.32307692,60.90769231,53.26923077,48.86923077,55.90769231
779.5392224,58.10769231,56.33076923,46.07692308,49.12307692,50.53846154,56.02307692,53.60769231,62.50769231,41.66923077,46.90769231
779.7211631,57.80769231,57.93076923,53.57692308,62.52307692,59.63846154,56.62307692,51.90769231,52.20769231,35.56923077,45.40769231
779.9030874,54.50769231,48.63076923,49.27692308,46.92307692,62.33846154,53.32307692,56.80769231,58.30769231,51.76923077,55.20769231
780.0849952,46.23076923,62.03076923,54.07692308,43.02307692,62.33846154,41.92307692,44.30769231,56.90769231,65.46923077,53.80769231
780.2668866,54.00769231,48.13076923,52.17692308,54.52307692,49.73846154,59.72307692,46.30769231,42.20769231,48.86923077,65.50769231
780.4487617,56.10769231,46.93076923,47.77692308,63.12307692,50.53846154,48.22307692,52.80769231,51.40769231,50.06153846,50.1
780.6306202,57.30769231,47.93076923,59.77692308,48.62307692,56.73846154,47.32307692,56.40769231,49.10769231,49.06923077,49.2
780.8124624,46.20769231,56.93076923,48.47692308,49.22307692,52.23846154,48.52307692,57.30769231,51.90769231,47.76923077,56.70769231
780.9942881,48.60769231,47.53076923,61.07692308,51.92307692,50.33846154,59.12307692,55.30769231,40.70769231,46.36923077,56.30769231
781.1760974,55.20769231,50.53076923,42.76153846,46.82307692,42.83846154,53.02307692,51.10769231,57.50769231,34.76923077,47.80769231
781.3578903,63.20769231,55.03076923,55.67692308,46.52307692,46.03846154,55.42307692,50.20769231,53.90769231,55.16923077,49.70769231
781.5396667,45.93846154,47.23076923,47.97692308,55.72307692,55.53846154,45.62307692,42.20769231,39.50769231,40.54615385,46.5
781.7214267,55.70769231,45.03076923,60.57692308,52.62307692,52.43846154,52.26923077,55.40769231,47.90769231,45.36923077,59.30769231
781.9031702,47.40769231,51.43076923,48.77692308,46.72307692,50.33846154,51.42307692,47.20769231,46.60769231,29.76923077,43.70769231
782.0848973,50.40769231,48.93076923,43.27692308,59.12307692,50.03846154,53.22307692,41.10769231,38.60769231,55.96923077,58.80769231
782.266608,31.40769231,48.83076923,53.37692308,45.22307692,53.53846154,41.82307692,49.20769231,41.40769231,45.06923077,53.00769231
782.4483022,44.50769231,38.03076923,46.27692308,42.92307692,48.53846154,51.92307692,47.00769231,46.40769231,42.16923077,57.40769231
782.6299799,44.90769231,35.43076923,35.65384615,49.42307692,37.53846154,40.82307692,44.40769231,48.10769231,52.86923077,34.50769231
782.8116412,46.30769231,53.83076923,56.47692308,50.72307692,52.13846154,39.52307692,50.30769231,51.60769231,43.36923077,46.90769231
782.9932861,43.80769231,44.53076923,38.27692308,43.72307692,42.83846154,40.82307692,45.50769231,33.80769231,39.56923077,50.90769231
783.1749145,55.00769231,39.73076923,47.47692308,58.02307692,43.83846154,55.02307692,45.40769231,45.50769231,48.86923077,47.50769231
783.3565264,33.10769231,46.63076923,38.97692308,49.02307692,46.73846154,38.42307692,30.30769231,30.70769231,43.56923077,36.20769231
783.5381218,44.10769231,55.73076923,50.13076923,50.92307692,56.13846154,53.62307692,53.80769231,50.90769231,45.16923077,52.10769231
783.7197008,37.04615385,46.83076923,50.97692308,39.62307692,39.83846154,37.42307692,49.90769231,53.50769231,41.66923077,43.00769231
783.9012634,56.00769231,50.03076923,48.03076923,49.52307692,43.53846154,57.02307692,48.90769231,41.30769231,45.66923077,41.50769231
784.0828094,45.90769231,38.43076923,43.87692308,53.72307692,35.53846154,44.22307692,47.50769231,44.50769231,32.86923077,44.90769231
784.264339,44.10769231,38.43076923,50.57692308,35.32307692,47.43846154,46.72307692,47.70769231,31.60769231,40.66923077,37.70769231
784.4458521,31.96153846,54.53076923,31.37692308,39.02307692,38.53846154,33.22307692,37.90769231,35.70769231,47.36923077,33.20769231
784.6273488,40.60769231,39.63076923,48.77692308,51.92307692,46.03846154,50.22307692,40.30769231,41.80769231,40.46923077,36.50769231
784.8088289,43.80769231,34.85384615,50.87692308,37.02307692,40.53846154,42.77692308,38.10769231,37.70769231,41.46923077,30.20769231
784.9902926,44.10769231,36.45384615,44.67692308,39.82307692,45.03846154,34.02307692,42.30769231,39.00769231,44.23846154,40.50769231
785.1717398,40.40769231,39.33076923,43.97692308,40.72307692,31.63846154,41.52307692,36.40769231,26.53076923,38.46923077,43.40769231
785.3531705,37.60769231,37.91538462,38.85384615,46.52307692,49.13846154,41.32307692,47.10769231,41.70769231,33.45384615,43.10769231
785.5345847,31.53076923,34.33076923,46.47692308,40.52307692,50.43846154,43.42307692,41.00769231,35.50769231,27.46923077,50.00769231
785.7159824,49.20769231,56.23076923,53.87692308,45.02307692,42.03846154,34.3,34.10769231,42.70769231,34.06923077,41.10769231
785.8973636,33.33076923,45.13076923,38.27692308,35.92307692,35.1,44.22307692,47.30769231,37.40769231,38.36923077,42.80769231
786.0787284,40.80769231,48.93076923,47.17692308,45.12307692,34.23846154,47.02307692,36.70769231,43.90769231,53.46923077,49.60769231
786.2600766,34.50769231,35.53076923,31.27692308,42.22307692,25.40769231,36.42307692,41.80769231,35.80769231,31.16923077,37.90769231
786.4414083,37.43076923,54.33076923,51.07692308,46.12307692,36.23846154,34.82307692,49.90769231,33.36923077,33.45384615,47.30769231
786.6227235,25.60769231,33.03076923,43.27692308,41.52307692,38.43846154,28.62307692,35.76923077,35.80769231,38.22307692,37.25384615
786.8040222,39.00769231,38.13076923,52.07692308,49.12307692,46.73846154,39.67692308,44.30769231,45.80769231,32.85384615,38.00769231
786.9853044,39.50769231,43.93076923,35.87692308,46.92307692,35.63846154,41.62307692,33.10769231,47.80769231,28.91538462,43.50769231
787.1665701,39.20769231,38.53076923,46.65384615,40.02307692,38.03846154,35.02307692,41.80769231,41.50769231,34.16923077,31.60769231
787.3478193,32.56153846,35.73076923,38.67692308,33.62307692,35.33846154,22.23846154,46.20769231,40.40769231,35.26923077,36.00769231
787.529052,31.80769231,36.75384615,46.95384615,51.62307692,44.63846154,41.52307692,36.60769231,38.60769231,32.06923077,28.30769231
787.7102681,34.83076923,38.4,32.77692308,39.38461538,38.53846154,36.72307692,48.80769231,42.00769231,40.56923077,36.75384615
787.8914678,45.90769231,47.63076923,39.87692308,40.32307692,39.53846154,38.12307692,32.84615385,31.63846154,33.06923077,34.50769231
788.0726509,31.53846154,33.33076923,35.37692308,41.62307692,39.13846154,36.22307692,31.97692308,32.30769231,28.25384615,32.7
788.2538174,31.50769231,40.03076923,39.87692308,40.80769231,33.76923077,35.92307692,42.30769231,37.80769231,36.63846154,39.00769231
788.4349675,28.05384615,33.23076923,39.77692308,38.82307692,33.53846154,31.66153846,25.73846154,38.60769231,22.46923077,40.20769231
788.616101,47.80769231,44.53076923,26.07692308,37.82307692,35.63846154,39.92307692,41.80769231,38.00769231,23.46153846,43.60769231
788.797218,27.50769231,23.86153846,35.27692308,36.53846154,36.03846154,27.42307692,38.40769231,37.50769231,29.06923077,31.40769231
788.9783184,38.90769231,34.33076923,38.77692308,36.92307692,33.33846154,27.62307692,38.10769231,39.10769231,36.36923077,41.60769231
789.1594023,36.40769231,36.73076923,30.47692308,26.68461538,30.22307692,26.4,36.50769231,32.86923077,25.05384615,27.30769231
789.3404697,37.60769231,43.93076923,42.67692308,36.62307692,45.03846154,40.42307692,40.36923077,38.04615385,38.76923077,33.20769231
789.5215205,42.60769231,33.33076923,29.37692308,32.22307692,35.53846154,26.24615385,32.00769231,17.85384615,29.16153846,21.00769231
789.7025548,45.60769231,29.41538462,35.97692308,36.52307692,37.43846154,31.32307692,39.40769231,44.60769231,24.36153846,30.70769231
789.8835726,38.70769231,26.53846154,26.57692308,26.93846154,29.13076923,25.57692308,30.80769231,29.10769231,26.06923077,43.10769231
790.0645737,19.40769231,37.63076923,20.13076923,36.52307692,42.23846154,38.92307692,40.40769231,39.96153846,36.16923077,26.25384615
790.2455584,32.50769231,33.47692308,24.33076923,34.22307692,32.33846154,36.02307692,29.40769231,35.70769231,34.86923077,26.10769231
790.4265265,32.90769231,33.23076923,35.97692308,43.74615385,32.43846154,31.16923077,36.80769231,37.66923077,34.36923077,43.15384615
790.607478,29.60769231,40.23076923,48.57692308,38.72307692,26.73076923,34.22307692,29.80769231,32.90769231,30.26923077,29.40769231
790.7884129,33.40769231,44.23076923,37.17692308,45.02307692,40.02307692,37.22307692,36.00769231,36.50769231,33.91538462,28.90769231
790.9693313,15.70769231,34.03076923,33.57692308,33.49230769,34.23846154,27.1,29.90769231,24.20769231,25.26923077,29.56923077
791.1502332,26.70769231,44.13076923,26.35384615,34.82307692,19.48461538,33.67692308,23.33846154,37.20769231,32.06923077,34.40769231
791.3311184,18.50769231,31.73076923,27.07692308,29.32307692,28.23846154,31.46923077,42.70769231,31.30769231,25.56923077,17.13846154
791.5119871,21.63846154,28.51538462,35.05384615,39.52307692,39.33846154,34.52307692,32.80769231,31.70769231,37.1,22.30769231
791.6928393,27.80769231,40.73076923,34.77692308,40.32307692,31.53076923,31.96923077,23.71538462,27.80769231,20.04615385,20.8
791.8736748,32.13076923,36.33076923,35.17692308,33.72307692,39.23846154,26.47692308,36.60769231,29.46153846,26.3,41.30769231
792.0544938,18.90769231,32.16153846,32.37692308,34.52307692,26.35384615,34.92307692,25.80769231,20.53846154,27.12307692,37.10769231
792.2352962,26.59230769,34.43076923,35.63076923,39.12307692,30.93846154,23.92307692,23.04615385,28.60769231,33.55384615,36.30769231
792.416082,38.10769231,34.63076923,28.67692308,20.95384615,29,17.86923077,26.63076923,14.59230769,24.18461538,21.86923077
792.5968512,33.78461538,31.5,33.83076923,30.62307692,35.53846154,31.16923077,33.10769231,35.60769231,29.96923077,26.20769231
792.7776039,31.74615385,28.03076923,26.87692308,26.32307692,33.93846154,18.66153846,30.50769231,23.25384615,24.23076923,28.50769231
792.9583399,33.53076923,31.53076923,32.77692308,37.82307692,42.93846154,29.32307692,33.60769231,41.04615385,26.05384615,33.95384615
793.1390594,25.26153846,23.21538462,24.07692308,30.5,36.33846154,24.99230769,24.43076923,30.99230769,19.15384615,20.40769231
793.3197623,24.09230769,42.33076923,36.27692308,33.22307692,21.61538462,28.92307692,26.60769231,27.25384615,24.56923077,36.85384615
793.5004485,21.03846154,24.43076923,28.73076923,27.15384615,30.93846154,23.36923077,25.60769231,24.5,28.46923077,28.81538462
793.6811182,28.80769231,36.91538462,41.27692308,26.52307692,33.53846154,30.52307692,24.16923077,41.10769231,26.24615385,51.10769231
793.8617713,31.03076923,26.65384615,28.57692308,17.08461538,25.73846154,21.87692308,24,24.90769231,28.04615385,19.86153846
794.0424078,28.36153846,31.07692308,31.37692308,34.94615385,33.8,22.16923077,34.40769231,20.70769231,27.46923077,25.65384615
794.2230276,9.761538462,24.91538462,42.97692308,21.84615385,24.73846154,23.2,29.10769231,23.5,20.14615385,24.50769231
794.4036309,29.23846154,39.73076923,28.47692308,41.12307692,30.81538462,32.92307692,37.00769231,30.90769231,10.76153846,18.38461538
794.5842175,26.00769231,30.11538462,19.24615385,19.50769231,18.42307692,17.26923077,24.50769231,14.99230769,22.74615385,19.85384615
794.7647876,24.50769231,12.53846154,30.55384615,37.22307692,24.93846154,22.92307692,31.60769231,17.20769231,17.7,21.75384615
794.945341,28.13076923,26.15384615,27.40769231,32.82307692,23.43846154,28.62307692,19.04615385,26.89230769,32.21538462,16.34615385
795.1258778,20.10769231,37.03076923,35.23076923,25.04615385,30.73846154,24.24615385,16.76153846,24.10769231,22.16923077,34.80769231
795.306398,22.13076923,32.93076923,29.83076923,24.22307692,29.70769231,19.32307692,35.80769231,21.29230769,33.83846154,22.96923077
795.4869015,30.34615385,17.43076923,37.77692308,27.54615385,33.93846154,32.66923077,31.70769231,29.00769231,20.81538462,30.60769231
795.6673885,13.31538462,36.03076923,28.77692308,31.95384615,22.47692308,24.66153846,15.99230769,24.90769231,25.96923077,23.36923077
795.8478588,31.93846154,34.61538462,35.77692308,34.72307692,18.13846154,30.42307692,24.90769231,29.92307692,31.86923077,26.60769231
796.0283124,21.70769231,20.76153846,25.86153846,24.59230769,22.37692308,24.34615385,28.30769231,23.39230769,28.73846154,20.20769231
796.2087495,28.53076923,29.63076923,31.77692308,36.82307692,27.23846154,33.52307692,33.43846154,24.90769231,16.71538462,28.2
796.3891699,21.00769231,11.23076923,32.87692308,10.06153846,32.08461538,20.52307692,29.22307692,22.26923077,24.55384615,32.90769231
796.5695737,27.70769231,34.95384615,21.37692308,32.63846154,25.83846154,21.53846154,25.06923077,31.30769231,28.13846154,32.26923077
796.7499608,27.90769231,26.91538462,28.63076923,17.8,21.26923077,20.2,15.83846154,24.79230769,19.25384615,21.29230769
796.9303313,21.46153846,27.33076923,34.47692308,17.96923077,23.83846154,14.26923077,22.50769231,41.80769231,26.43846154,21.80769231
797.1106851,30.93076923,18.30769231,20.60769231,19.56923077,27.33846154,11.63846154,26.00769231,24.93846154,11.84615385,22.61538462
797.2910223,27.80769231,25.03076923,30.37692308,29.38461538,30.13076923,28.52307692,28.93846154,20.66923077,14.86153846,36.50769231
797.4713429,16.25384615,24.20769231,23.43076923,18.51538462,20.59230769,12.15384615,26.24615385,24.80769231,23.36923077,21.41538462
797.6516468,25.11538462,31.15384615,33.45384615,36.83076923,31.33846154,29.54615385,28.76923077,29.20769231,31.53846154,25.26923077
797.831934,19.55384615,17.46153846,29.53076923,23.48461538,20.49230769,18.2,19.42307692,24.50769231,23.53846154,22.50769231
798.0122046,30.40769231,25.13076923,21.45384615,24.45384615,33.7,23.57692308,30.50769231,35.10769231,25.55384615,25.00769231
798.1924585,24.50769231,17.95384615,22.35384615,26.32307692,26.63846154,19.92307692,21.13846154,17.95384615,12.86923077,18.61538462
798.3726958,23.60769231,23.33076923,20.45384615,26.52307692,24.43846154,27.92307692,23.66153846,25.60769231,8.861538462,25.1
798.5529164,15.65384615,23.12307692,24.76153846,15.53846154,25.43846154,28.32307692,23.00769231,22.60769231,20.65384615,17.4
798.7331204,13.59230769,15.98461538,30.15384615,22.92307692,25.73846154,24.37692308,22.64615385,21.64615385,28.16923077,18.71538462
798.9133076,24.70769231,18.65384615,22.57692308,15.36923077,22.52307692,15.86153846,24.50769231,23.33076923,17.88461538,22.80769231
799.0934782,19.1,27.33076923,25.95384615,31.12307692,31.53846154,25.72307692,25.70769231,26.30769231,9.030769231,29.40769231
799.2736322,20.80769231,24.73076923,30.97692308,21.02307692,22.13076923,17.87692308,25.73846154,16.16153846,14.20769231,22.30769231
799.4537694,25.26153846,31.23076923,21.43076923,26.92307692,19.26153846,19.66923077,18.82307692,26.13846154,9.492307692,26.25384615
799.63389,36.10769231,19.63076923,21.87692308,23.92307692,24.03846154,20.97692308,11.85384615,23.06923077,16.04615385,17.00769231
799.8139939,30.63846154,30.23076923,18.46923077,27.38461538,21.33846154,33.02307692,19.97692308,18.46923077,25.46923077,24.5
799.9940811,23.56923077,31.43076923,28.43076923,21.67692308,21.63076923,29.12307692,30.40769231,19.65384615,14.9,18.5
800.1741516,26.30769231,20.33846154,35.47692308,25.15384615,25.03846154,16.66153846,27.00769231,19.60769231,18.73846154,31.60769231
800.3542054,20.53076923,27.25384615,35.03076923,24.42307692,25.1,18.70769231,24.80769231,14.63846154,16.96923077,23.90769231
800.5342426,24.05384615,19.8,18.9,13.86923077,23.03846154,20.89230769,20.96923077,24.35384615,20.32307692,16.40769231
800.714263,16.40769231,19.47692308,19.87692308,20.43076923,20.33846154,23.92307692,22.79230769,17.43846154,12.59230769,21.70769231
800.8942668,14.86153846,31.53076923,31.77692308,24.72307692,25.46923077,19.82307692,22.07692308,22.29230769,21.46923077,25.90769231
801.0742538,19.55384615,30.13076923,15.06923077,17.33846154,22.53846154,19.05384615,21.66923077,20.37692308,17.11538462,19.36923077
801.2542242,28.67692308,18.76153846,27.67692308,27.45384615,24.93846154,20.57692308,17.07692308,31.8,12.96923077,28.56923077
801.4341779,17.55384615,15.50769231,17.83076923,32.72307692,18.49230769,23.94615385,21.90769231,16.60769231,23.86923077,25.26923077
801.6141148,18.80769231,22.93076923,21.14615385,23.42307692,22.9,21.70769231,19.90769231,14.29230769,24.33846154,23.11538462
801.7940351,15.03846154,21.8,22.97692308,23.35384615,19.88461538,17.42307692,23.56923077,22.8,20,23.76923077
801.9739386,70.20769231,65.23076923,67.87692308,69.02307692,63.53846154,66.92307692,77.60769231,76.90769231,75.16923077,76.10769231
802.1538254,15.28461538,16.73076923,17.53846154,18.73846154,13.62307692,21.28461538,19.5,16.3,16.73846154,15.23846154
802.3336955,30.63076923,23.76153846,20.37692308,28.62307692,23.54615385,21.86923077,24.46923077,22.79230769,27.56923077,29.41538462
802.5135489,13.91538462,19.15384615,22.47692308,22.14615385,26.71538462,19.32307692,25.33846154,21.99230769,22.43846154,13.76923077
802.6933856,26.78461538,20.23076923,22.43846154,22.58461538,23.21538462,15.45384615,23.20769231,25.15384615,19.53076923,28.56923077
802.8732055,7.323076923,17.39230769,23.57692308,21.14615385,30.73846154,21.37692308,18.86153846,23.39230769,19.96153846,8.069230769
803.0530088,27.04615385,26.8,30.67692308,24.45384615,20.11538462,28.92307692,27.90769231,21.60769231,26.46923077,13.28461538
803.2327953,18.63076923,27.16153846,21.66153846,30.22307692,31.48461538,24.42307692,18.30769231,15.38461538,26.25384615,23.33846154
803.412565,24.70769231,24.66153846,18.20769231,32.52307692,38.43846154,17.26923077,27.5,23.46923077,22.8,18.87692308
803.5923181,15.28461538,25.43076923,15.80769231,25.35384615,22.5,15.8,17.82307692,18.69230769,13.96923077,20.7
803.7720544,21.64615385,27.73076923,26.23846154,25.35384615,21.92307692,14.82307692,26.80769231,17.20769231,19.2,15.16923077
803.951774,15.38461538,18.81538462,14.33846154,18.30769231,16.43846154,14.16923077,22.02307692,6.776923077,12.46923077,15.16923077
804.1314768,34.00769231,16.46923077,19.98461538,28.15384615,19.21538462,21.62307692,18.25384615,22.60769231,24.64615385,17.10769231
804.3111629,23.46153846,9.338461538,30.33076923,26.53846154,22.93076923,13.9,25.40769231,23.99230769,11.6,15.90769231
804.4908322,20.22307692,20.13076923,26.53846154,27.02307692,29.82307692,17.62307692,29.70769231,26.30769231,30.96923077,28.30769231
804.6704848,15.60769231,18.15384615,19.71538462,24.47692308,20.03076923,23.4,16.7,20.43076923,19.19230769,15.85384615
804.8501207,17.93076923,32.17692308,28.87692308,15.73076923,31.23846154,20.66923077,18.9,13.73076923,23.55384615,23.88461538
805.0297398,15.45384615,19.5,15.80769231,23.53846154,29.13846154,17.12307692,19.47692308,17.60769231,12.91538462,24.96923077
805.2093421,25.13846154,22.51538462,23.57692308,26.12307692,19.66923077,31.44615385,16.79230769,25.40769231,13.30769231,19.74615385
805.3889277,15.4,19.68461538,16.47692308,27.02307692,12.74615385,17.66153846,14.51538462,11.86923077,12.03846154,16.70769231
805.5684965,16.06923077,20.23076923,29.47692308,27.62307692,32.23846154,27.77692308,30.80769231,20.65384615,24.76923077,15.80769231
805.7480486,19.15384615,23.51538462,15.97692308,13.8,16.51538462,24.16923077,12.26153846,5.261538462,15.5,22.29230769
805.9275839,17.43076923,17.11538462,21.26153846,22.30769231,29.63846154,20.26923077,25.63846154,19.03846154,16.76923077,25.80769231
806.1071025,18.13076923,19.81538462,16.51538462,20.06923077,20.35384615,6.846153846,17.83076923,25.00769231,19.45384615,20.01538462
806.2866043,25.20769231,21.37692308,13.03076923,22.52307692,30.90769231,21.67692308,18.99230769,20.41538462,20.66923077,28.00769231
806.4660893,19.25384615,11.8,12.30769231,17.54615385,17.41538462,20.54615385,15.89230769,15.68461538,16.2,9.946153846
806.6455575,15.13076923,27.13076923,32.57692308,21.60769231,21.28461538,22.42307692,27.13846154,13.03846154,13.91538462,22.31538462
806.825009,17.26153846,21.95384615,16.97692308,13.90769231,16.73076923,15.06153846,15.66153846,24.14615385,18.86923077,15.86923077
807.0044436,17.93076923,22.30769231,22.30769231,24.22307692,15.70769231,21.66923077,19.24615385,16.54615385,19.43846154,14.74615385
807.1838615,24.30769231,18.51538462,15.84615385,20.48461538,27.63846154,18.22307692,17.16923077,15.04615385,16.46923077,14.15384615
807.3632627,22.20769231,16.97692308,27.27692308,23.74615385,29.23846154,21.22307692,28.30769231,20.89230769,13.63846154,23.90769231
807.542647,16.00769231,21.35384615,17.91538462,14.41538462,24.38461538,11.57692308,16.28461538,15.93076923,19.55384615,22.93846154
807.7220146,20.13076923,18.67692308,21.78461538,21.35384615,22.13076923,8.715384615,16.30769231,17.79230769,24.16923077,21.91538462
807.9013653,16.40769231,24.71538462,17.73846154,25.56923077,9.007692308,21.05384615,19.00769231,19.3,12.54615385,18.26153846
808.0806993,18.06153846,29.16923077,14.28461538,17.56923077,17.73076923,18.89230769,16.46923077,16.40769231,19.25384615,19.09230769
808.2600165,19.55384615,15.43076923,19.96923077,13.97692308,6.615384615,18,22.74615385,7.392307692,18.63846154,10.02307692
808.4393168,22.23076923,22.93076923,21.93076923,27.92307692,23.91538462,16.44615385,17.63076923,16.96923077,13.29230769,17.8
808.6186004,10.47692308,23.33076923,13.51538462,20.36923077,19.82307692,18.68461538,14.76923077,13.64615385,16.26923077,19.79230769
808.7978672,11.26153846,27.53076923,21.97692308,30.02307692,22.62307692,17.36923077,6.084615385,28.8,12.46153846,18.36923077
808.9771172,14.4,17.01538462,18.56923077,19.3,9.746153846,15.95384615,10.16153846,16.04615385,11.76153846,23.56153846
809.1563503,12.68461538,14.37692308,14.54615385,22.52307692,17.86153846,15.00769231,17.56923077,16.66923077,26.36923077,24.30769231
809.3355667,17.94615385,12.43076923,18.31538462,16.92307692,23.93846154,16.57692308,16.63846154,16.97692308,15.10769231,24.15384615
809.5147662,11.09230769,14.68461538,17.57692308,20.32307692,14.06923077,17.12307692,23.54615385,21.15384615,19.88461538,22.86923077
809.693949,15.94615385,10.77692308,13.02307692,17.52307692,10.63076923,17.22307692,9.584615385,6.992307692,7.415384615,8.646153846
809.8731149,20.73076923,23.93846154,16.73076923,9.130769231,16.49230769,18.49230769,12.70769231,16.25384615,11.21538462,17.50769231
810.052264,22.44615385,19.76923077,16.08461538,11.56923077,17.43076923,14.24615385,15.33846154,15.6,10.13076923,19.07692308
810.2313963,21.34615385,18.97692308,18.12307692,24.53846154,23.63076923,26.31538462,22.03846154,23.54615385,21.16923077,15.15384615
810.4105117,9.676923077,18.43846154,14.45384615,15.44615385,20.33076923,20.96923077,18.15384615,16.80769231,17.94615385,10.78461538
810.5896103,7.746153846,18.45384615,27.27692308,23.02307692,17.48461538,17.85384615,27.96923077,16.9,20.91538462,22.86923077
810.7686921,14.75384615,9.538461538,10.75384615,18.50769231,13.33076923,10.42307692,17.16923077,15.43076923,16.3,6.992307692
810.9477571,24.05384615,31.75384615,27.85384615,26.30769231,17.61538462,24.4,23.16153846,18.95384615,17.6,20.85384615
811.1268052,10.39230769,16.83846154,12.80769231,22.6,16.61538462,14.35384615,21.82307692,10.98461538,14.61538462,10.64615385
811.3058365,14.59230769,12.84615385,22.80769231,18.69230769,21.8,17.17692308,11.16153846,22.76923077,15.13076923,13.81538462
811.484851,16.38461538,15.12307692,14.20769231,13.16153846,15.81538462,15.42307692,12.78461538,18.62307692,9.161538462,8.746153846
811.6638486,15.67692308,21.93076923,26.8,14.74615385,22.93846154,25.06923077,25.23846154,19.26923077,14.53846154,20.26923077
811.8428294,18.56153846,13.06153846,18.30769231,18.54615385,10.50769231,12.02307692,21.00769231,16.79230769,15.66153846,25.00769231
812.0217934,11.50769231,14.3,26.30769231,16.26153846,13.56153846,22.32307692,23.96923077,23.50769231,17,13.76153846
812.2007404,7.892307692,20.05384615,15.23076923,20.45384615,15.03846154,10.65384615,14.04615385,14.40769231,13.13076923,9.607692308
812.3796707,17.43076923,13.06153846,19.66923077,15.20769231,23.06153846,14.36153846,25.90769231,12.84615385,13.9,25.38461538
812.5585841,7.784615385,11.50769231,11.76153846,12.1,12.52307692,8.938461538,19.66153846,4.192307692,20.37692308,9.6
812.7374806,21.97692308,19.8,14.20769231,12.50769231,20.06153846,22,13.09230769,10.72307692,12.66923077,9.838461538
812.9163603,21.30769231,19.03076923,16.43076923,15.79230769,16.96153846,10.77692308,7.407692308,18.66153846,10.2,16.80769231
813.0952231,12.9,15.82307692,21.40769231,27.07692308,14.26923077,20.80769231,21.06153846,16.33846154,17.42307692,20.4
813.274069,11.61538462,16.47692308,18.03076923,16.40769231,17.63846154,17.11538462,19.2,12.06923077,10.15384615,15.56153846
813.4528981,17.23076923,19.75384615,15.38461538,15.48461538,25.82307692,21.46923077,18.91538462,13.55384615,13.47692308,16.53076923
813.6317103,21.95384615,13.9,11.53076923,17.75384615,18.23846154,14.57692308,21.80769231,26.33846154,9.546153846,15.36923077
813.8105057,15.66153846,14.45384615,15.22307692,16.48461538,16.38461538,17.91538462,14.8,15.43846154,11.37692308,29.20769231
813.9892842,14.06153846,12.47692308,12.08461538,19.76153846,19.96923077,15.90769231,14.17692308,12.16153846,12.10769231,12.83846154
814.1680458,15.66923077,19.66153846,13.93076923,24.29230769,21.56153846,23.72307692,29.90769231,16.13846154,23.45384615,23.65384615
814.3467905,15.32307692,13.95384615,15.25384615,17.71538462,10.65384615,9.969230769,3.492307692,13.49230769,20.2,4.138461538
814.5255184,22.80769231,15.1,21.63846154,15.65384615,11.03076923,17.96923077,20.88461538,16.03076923,18.77692308,16.03846154
814.7042293,13.20769231,11.80769231,15.58461538,13.32307692,14.75384615,7.584615385,16.16923077,15.22307692,10.36923077,17.69230769
814.8829234,22.39230769,15.23076923,23.27692308,15.23846154,9.461538462,21.77692308,19.63846154,13.53076923,19.61538462,27.55384615
815.0616006,14.90769231,21.40769231,20.97692308,12.46923077,14.54615385,6.346153846,21.30769231,10.89230769,17.76923077,4.223076923
815.2402609,12.65384615,28.13076923,12.41538462,24.05384615,14.70769231,22.5,22.90769231,18.20769231,18.04615385,21.90769231
815.4189044,9.046153846,12.08461538,17.48461538,18.44615385,9.9,13.12307692,20.60769231,13.44615385,12.55384615,13.39230769
815.5975309,27.46153846,12.71538462,20.05384615,26.24615385,11.67692308,13.72307692,22.50769231,15.69230769,16.05384615,16.54615385
815.7761405,7.607692308,12.71538462,17.81538462,13.16923077,15.47692308,12.77692308,11.57692308,13.48461538,10.80769231,14.36153846
815.9547332,16.75384615,16.05384615,30.47692308,15.78461538,22.33846154,13.61538462,24.40769231,22.90769231,20.89230769,12.95384615
816.1333091,11.73076923,11.88461538,10.68461538,6.923076923,15.06153846,11.52307692,12.29230769,7.776923077,11.83846154,6.946153846
816.311868,18.33076923,28.73076923,21.06153846,10.11538462,28.13846154,18.64615385,20.54615385,13.61538462,18.22307692,11.31538462
816.49041,7.876923077,11.08461538,16.84615385,12.27692308,12.51538462,9.607692308,14.76153846,12.47692308,26.55384615,12.6
816.6689351,12.93846154,20.21538462,28.53076923,18.73846154,22.81538462,15.27692308,18.49230769,21.26153846,14.44615385,15.89230769
816.8474433,11.98461538,12.3,17.86923077,11.65384615,18.08461538,15.58461538,11.17692308,16.49230769,11.67692308,16.75384615
817.0259346,11.23076923,16.56153846,17.79230769,20.00769231,24.4,15.52307692,11.88461538,7.392307692,13.19230769,11.19230769
817.204409,11.26153846,10.13846154,15.43076923,19.62307692,15.70769231,6.638461538,12.62307692,12.94615385,6.938461538,14.16153846
817.3828665,17.36153846,11.78461538,28.47692308,24.92307692,22.87692308,14.06153846,10.63076923,16.77692308,21.4,25.90769231
817.561307,12.93076923,14.37692308,11.16153846,4.676923077,8.784615385,18.39230769,9.669230769,14.72307692,9.346153846,16.35384615
817.7397306,21.90769231,11.6,20.53076923,18.33076923,18.87692308,24.28461538,17.3,16.93076923,14.63846154,11.17692308
817.9181373,11.00769231,15.84615385,16,15.57692308,15.73076923,14.74615385,16.69230769,11.61538462,8.646153846,9.630769231
818.0965271,17.05384615,21.75384615,20.72307692,19.34615385,15.46923077,15.94615385,21.35384615,20.59230769,6.930769231,10.62307692
818.2748999,11.42307692,17.63076923,12.36153846,21.14615385,13.41538462,15.43076923,13.04615385,6.415384615,12.19230769,11.79230769
818.4532558,20.74615385,19.63846154,21.39230769,17.96153846,16.28461538,20.74615385,22.70769231,21.69230769,12.86923077,17.80769231
818.6315948,6.330769231,10.04615385,11.20769231,12.56153846,14.01538462,7.623076923,20.70769231,18.70769231,12.22307692,5.823076923
818.8099168,17.77692308,12.86153846,10.08461538,10.16153846,18.92307692,13.43076923,16.64615385,20.35384615,17.02307692,14.2
818.9882219,10.68461538,13.35384615,17.96923077,9.546153846,14.66923077,17.89230769,11.93846154,16.6,8.015384615,23.97692308
819.1665101,14.18461538,20.99230769,20.23076923,14,11.22307692,12.11538462,11.46153846,8.069230769,14.35384615,9.730769231
819.3447813,10.20769231,9.507692308,25.23076923,21.04615385,9.830769231,10.47692308,6.1,8.761538462,11.63076923,14.78461538
819.5230355,13.68461538,16.23846154,15.55384615,13.95384615,15.83076923,11.4,21.60769231,13.26923077,7.869230769,20.55384615
819.7012728,14.28461538,17.53076923,18.60769231,18.50769231,9.069230769,10.64615385,10.37692308,14.37692308,7.676923077,15.43846154
819.8794932,13.86923077,22.81538462,19.03076923,15.07692308,14.25384615,25.22307692,17.48461538,16.09230769,16.17692308,18.56923077
820.0576966,15.56153846,17.06153846,20.87692308,14.89230769,24.08461538,14.87692308,8.323076923,12.94615385,5.830769231,14.86153846
820.2358831,17.23076923,15.90769231,16.63846154,25.3,18.36923077,12.98461538,17.12307692,15.63846154,17.43846154,8.246153846
820.4140525,11.23076923,13.44615385,7.938461538,16.85384615,14.64615385,16.56923077,14.6,9.023076923,11.15384615,9.507692308
820.5922051,13.12307692,19.63846154,13,11.50769231,17.93846154,14.25384615,16.04615385,17,12.03076923,24.4
820.7703406,10.04615385,11.3,10.73076923,6.230769231,16.06153846,3.984615385,18.97692308,10.42307692,11.33846154,5.053846154
820.9484592,11.56153846,13.2,11.92307692,19.7,20.00769231,9.561538462,18.40769231,6.384615385,12.58461538,13.56923077
821.1265609,7.453846154,15.66153846,14.10769231,16.85384615,12.88461538,2.553846154,7.284615385,8.930769231,11.55384615,7.792307692
821.3046455,17.1,22.85384615,18.40769231,22.52307692,18.70769231,15.22307692,11.3,12.64615385,10,18.31538462
821.4827132,5.030769231,13.58461538,9.015384615,8.530769231,13.93846154,10.37692308,17.27692308,8.776923077,9.876923077,15.36923077
821.6607639,11.62307692,12.05384615,17.18461538,19.23076923,22.13846154,14.38461538,16.9,11.02307692,16.59230769,16.06153846
821.8387977,9.030769231,11.28461538,7.846153846,18.67692308,5.007692308,12.26923077,17.54615385,11.61538462,16.89230769,6.653846154
822.0168144,14.25384615,20.46153846,11.74615385,23.03846154,16.36923077,13.15384615,21.63846154,9.984615385,17.26923077,14.07692308
822.1948142,10.66153846,20.33076923,10.19230769,6.069230769,7.007692308,17.95384615,13.66923077,6.353846154,7.576923077,13.99230769
822.372797,10.63076923,12.32307692,17.30769231,14.71538462,22.63846154,15.13846154,15.84615385,18.24615385,13.3,18.50769231
822.5507628,8.9,24.07692308,9.223076923,8.846153846,14.06153846,8.953846154,13.29230769,6.192307692,18.73846154,6.761538462
822.7287116,21.90769231,24.83846154,13.53076923,22.91538462,15.76153846,24.35384615,12.84615385,9.492307692,14.35384615,11.9
822.9066434,6.953846154,9,22.71538462,12.10769231,7.315384615,11.76153846,12.75384615,6.715384615,7.5,13.00769231
823.0845582,17.63076923,14.8,18.93076923,17.84615385,15.09230769,11.42307692,21.70769231,15.66153846,8.030769231,10.32307692
823.262456,6.161538462,19.75384615,9.430769231,7.030769231,12.95384615,17.26923077,13.26153846,13.08461538,6.630769231,13.16153846
823.4403369,13.72307692,11.9,26.68461538,8.053846154,18.16923077,10.98461538,11.10769231,7.869230769,10.69230769,22.20769231
823.6182007,10.99230769,16.06153846,22.9,12.80769231,3.738461538,7.238461538,11.00769231,9,9.376923077,11.4
823.7960475,13.11538462,21.28461538,22.73076923,13.43846154,12.71538462,11.01538462,16.7,21.36153846,9.261538462,13.15384615
823.9738773,8.023076923,20.65384615,15.36923077,14.17692308,12.10769231,5.492307692,6.538461538,10.54615385,11.32307692,7.969230769
824.1516901,10.65384615,17.21538462,18.23076923,19.54615385,10.6,13.39230769,15.97692308,10.23076923,15.13076923,11.33846154
824.3294859,7.684615385,8.069230769,16.10769231,11.95384615,13.53846154,9.007692308,13.46153846,14.56923077,5.146153846,19.86923077
824.5072647,11.55384615,17.77692308,11.06923077,17.55384615,16.92307692,19.62307692,18.63846154,15.48461538,13.16153846,18
824.6850264,12.92307692,13,11.18461538,8.146153846,11.40769231,5.669230769,5.738461538,12.48461538,10.02307692,12.10769231
824.8627711,23.85384615,17.73846154,22.05384615,16.47692308,9.246153846,9.438461538,13.37692308,25.10769231,10.1,13.61538462
825.0404989,14.49230769,9.484615385,14.52307692,10.91538462,11.74615385,15.09230769,10.19230769,15.71538462,9.061538462,4.869230769
825.2182095,18.13846154,12.70769231,6.823076923,11.48461538,14.43846154,17.56923077,8.6,17.9,16.97692308,12.93076923
825.3959032,7.861538462,16.63846154,11.70769231,14.60769231,8.753846154,12.99230769,12.18461538,11.63076923,7.830769231,16.7
825.5735798,22.70769231,9.823076923,16.15384615,14.36153846,20.83076923,8.3,17.26153846,20.66923077,16.84615385,5.653846154
825.7512395,9.6,20.37692308,11.46153846,16.54615385,14.62307692,17.66923077,13.90769231,8.6,12.27692308,13.95384615
825.928882,17.35384615,12.85384615,5.992307692,15.17692308,9.184615385,14.5,16.00769231,16.68461538,11.43076923,29.99230769
826.1065076,9.323076923,8.715384615,6.492307692,10.93076923,7.715384615,7.5,13.05384615,2.130769231,7.907692308,6.546153846
826.2841161,20.63076923,13.7,15.53076923,20.05384615,10.44615385,13.51538462,19.40769231,20.00769231,6.892307692,15.54615385
826.4617075,15.13076923,12.4,14.72307692,13.92307692,6.807692308,1.461538462,21.04615385,11.22307692,12.46923077,11.94615385
826.6392819,13.07692308,6.307692308,14.73846154,13.33076923,14.20769231,10.70769231,9.876923077,10.09230769,6.215384615,11.11538462
826.8168393,8.976923077,9.923076923,16.13846154,4.938461538,10.55384615,6.292307692,15.2,5.084615385,8.715384615,12.12307692
826.9943796,7.507692308,12.34615385,16.33076923,8.169230769,15.23846154,12.42307692,15.63076923,7.346153846,19.70769231,17.25384615
827.1719029,13.08461538,11.23076923,7,11.67692308,14.86153846,12.13076923,14.72307692,1.938461538,5.907692308,9.369230769
827.3494091,16.59230769,16.51538462,22.87692308,19.36923077,20.09230769,16.42307692,19.66923077,19.9,14.12307692,19.45384615
827.5268982,11.15384615,6.869230769,14.62307692,11.11538462,12.08461538,16.33076923,11.19230769,12.02307692,11.08461538,7.615384615
827.7043703,16.77692308,15.57692308,20.63076923,16.55384615,23.51538462,10.53076923,12.11538462,15.53846154,17.85384615,15.75384615
827.8818254,15.85384615,6.253846154,16.16923077,9.453846154,17.10769231,14.17692308,8.892307692,10.59230769,5.569230769,10.03076923
828.0592634,14.13076923,18.71538462,13.43076923,18.3,19.67692308,10.36153846,17.1,18.29230769,14.38461538,12.74615385
828.2366843,6.530769231,10.15384615,11.73846154,11.61538462,10.59230769,9.830769231,11.01538462,15.93076923,13.35384615,3.338461538
828.4140881,22.26153846,13.33846154,17.76153846,14.74615385,15.80769231,15.25384615,21.72307692,17.12307692,15.63846154,19.00769231
828.5914749,3.892307692,13,20.26923077,11.6,6.907692308,7.015384615,4.007692308,8.384615385,18.26923077,5.769230769
828.7688446,12.38461538,8.292307692,13.59230769,17.42307692,12.13076923,13.12307692,18.66153846,7.276923077,13.42307692,12.04615385
828.9461972,12.73846154,8.9,12.89230769,16.68461538,19.6,8.153846154,7.184615385,9.784615385,6.284615385,11.65384615
829.1235328,15.43076923,14.23076923,21.08461538,19.92307692,14.42307692,16.62307692,12.7,21.23846154,22.73846154,11.75384615
829.3008513,23.93076923,14.43076923,11.41538462,17.70769231,9.315384615,10.55384615,15.19230769,13.93846154,9.307692308,3.661538462
829.4781526,12.77692308,20.45384615,17.47692308,19.05384615,14.76153846,18.3,11.45384615,7.269230769,18.36153846,19.70769231
829.6554369,9.323076923,10.83846154,7.3,11.03846154,12.53076923,13.1,5.8,12.82307692,3.753846154,14.84615385
829.8327042,15.21538462,15.21538462,13.83846154,13.48461538,12.58461538,10.86153846,13.9,12.02307692,12.62307692,10.10769231
830.0099543,14.04615385,11.43846154,12.30769231,15.06923077,10.17692308,15.77692308,11.20769231,9.761538462,5.392307692,8.007692308
830.1871873,6.276923077,15.33846154,9.323076923,13.13846154,15.92307692,19.12307692,4.230769231,10.23846154,11.31538462,15
830.3644033,10.62307692,8.307692308,11.30769231,10.09230769,16.30769231,14.10769231,9.9,13.33076923,9.030769231,13.20769231
830.5416021,10.86153846,20.37692308,5.361538462,14.1,12.76153846,10.96923077,14.86923077,15.14615385,13.86923077,13.81538462
830.7187839,4.769230769,16.09230769,9.869230769,13.18461538,7.923076923,11.9,8.246153846,17.38461538,8.223076923,17.39230769
830.8959485,11.70769231,14.52307692,20.54615385,14.99230769,15.83846154,16.86923077,10.26923077,20.39230769,10.58461538,14.53076923
831.0730961,17.99230769,12.63076923,14.6,17.77692308,15.38461538,16.8,8.592307692,6.7,10.74615385,15.41538462
831.2502265,10.70769231,7.769230769,23.68461538,20.08461538,19.12307692,9.669230769,16.94615385,17.2,12.93076923,13.30769231
831.4273398,12.06153846,13.66153846,5.9,9.092307692,15.26153846,13.23846154,10.18461538,2.653846154,6.607692308,13.86923077
831.604436,10.29230769,17.15384615,18.98461538,10.83076923,14.32307692,21.40769231,9.838461538,14.73846154,14.21538462,18.83846154
831.7815151,10.59230769,15.35384615,15.98461538,14.66923077,7.215384615,8.853846154,3.784615385,11.28461538,9.007692308,8.392307692
831.9585771,11.87692308,17.60769231,13.09230769,13.1,20.93076923,8.069230769,16.94615385,17.67692308,16.35384615,18.66153846
832.135622,10.50769231,8.861538462,15.73846154,9.469230769,12.14615385,12.43846154,12.65384615,9.6,9.546153846,15.90769231
832.3126497,13.13846154,7.330769231,9.415384615,21.29230769,9.346153846,14.36153846,11.99230769,14.57692308,16.16923077,11.80769231
832.4896604,10.73846154,11.78461538,12.4,9.807692308,12.71538462,13.93076923,21.01538462,13.49230769,10.07692308,11.43846154
832.6666539,11.13076923,18.58461538,13.82307692,11.24615385,15.72307692,10.14615385,13.27692308,13.03846154,12.12307692,10.69230769
832.8436302,10.27692308,11.26153846,7.246153846,11.60769231,10.86153846,9.838461538,13.13846154,9.4,11.06153846,6.6
833.0205895,18.07692308,13.78461538,31.07692308,17.38461538,9.976923077,12.73846154,12.57692308,16.75384615,8.384615385,12.26153846
833.1975316,8.607692308,17.08461538,10.7,8.384615385,4.284615385,7.553846154,10.27692308,11.17692308,5.738461538,12.09230769
833.3744566,2.976923077,18.24615385,14.99230769,11.33076923,16.91538462,9.761538462,21.56153846,10.04615385,17.35384615,10
833.5513644,11.04615385,22.37692308,13.83076923,11.53076923,13.98461538,16.77692308,11.06153846,5.638461538,12.4,14.16153846
833.7282551,13.04615385,18.66923077,15.43846154,13.13076923,19.88461538,10.5,12.72307692,9.4,13.18461538,12.46923077
833.9051286,19.56153846,13.80769231,11.28461538,18.03076923,11.26153846,16.01538462,12.03076923,10.84615385,8.446153846,10.04615385
834.081985,6.230769231,9.853846154,11.53846154,16.78461538,20.13076923,17.2,16.03076923,14.90769231,11.93846154,18.94615385
834.2588243,3.346153846,11.78461538,15.78461538,7.246153846,5.361538462,5.292307692,8.423076923,9.123076923,5.592307692,8.446153846
834.4356464,15.91538462,16.88461538,19.16923077,25.22307692,16.37692308,16.19230769,15.05384615,16,14.87692308,18.61538462
834.6124514,6.146153846,17.55384615,5.169230769,5.253846154,6.230769231,7.630769231,11.77692308,11.29230769,12.55384615,6.553846154
834.7892392,15.98461538,19.83846154,15.00769231,15.40769231,15.36153846,6.984615385,19,12.95384615,13.4,10.15384615
834.9660098,10.06923077,12.53076923,15.98461538,10.50769231,12.16153846,11.56923077,15.6,8.092307692,11.46923077,6.776923077
835.1427633,16.98461538,6.361538462,13.63846154,11.43076923,23.91538462,7.223076923,20.80769231,13.92307692,8.615384615,9.007692308
835.3194996,2.969230769,13.9,11.56923077,6.369230769,14.03076923,6.515384615,7.807692308,9.623076923,6.038461538,6.992307692
835.4962188,14.93076923,11.95384615,9.446153846,13.67692308,10.2,21.12307692,13.13846154,8.823076923,12.04615385,18.71538462
835.6729208,6.584615385,12.01538462,9.5,18.17692308,13.90769231,11.4,14.47692308,7.8,5.930769231,5.246153846
835.8496056,17.16153846,12.88461538,12.46923077,17.02307692,22.16923077,16,20.55384615,8.492307692,5.623076923,18.51538462
836.0262733,5.276923077,6.246153846,13.48461538,14.43846154,6.538461538,8.223076923,8.315384615,9.646153846,8.276923077,12.63076923
836.2029237,21.60769231,10.82307692,15,11.53846154,10.63076923,14.91538462,13.39230769,10.56923077,12.71538462,5.807692308
836.379557,11.85384615,11.76153846,12.83076923,12.14615385,10.35384615,10.66153846,6.076923077,15.98461538,7.5,11.96153846
836.5561732,12.23076923,12.85384615,6.923076923,10.38461538,20.91538462,7.830769231,13.7,16.39230769,9.615384615,7.215384615
836.7327721,8.384615385,13.13076923,10.76153846,13.99230769,13.53076923,8.323076923,10.16153846,8.976923077,10.42307692,9.815384615
836.9093539,19.00769231,18.11538462,9.107692308,20.17692308,13.87692308,11.43076923,15.67692308,6.653846154,18.94615385,7.576923077
837.0859185,6.038461538,14.86153846,5.038461538,18.52307692,1.461538462,5.6,10.88461538,8.284615385,10.23076923,5.046153846
837.2624658,12.13076923,17.10769231,16.38461538,11.27692308,22.43846154,10.30769231,10.19230769,13.23076923,11.41538462,9.446153846
837.438996,1.046153846,13.27692308,6.884615385,19.08461538,11.53846154,7.584615385,9.046153846,6.823076923,7.653846154,4.761538462
837.615509,10.92307692,18.46153846,16.75384615,9.630769231,15.37692308,5.907692308,13.23076923,15.04615385,7.084615385,14.3
837.7920048,10.20769231,7.461538462,15.68461538,15.56923077,11.45384615,15.09230769,3.9,13.49230769,1.376923077,8.292307692
837.9684834,8.130769231,14.21538462,8.776923077,17.09230769,9.130769231,14.8,23.60769231,12.06153846,4.461538462,9.215384615
838.1449449,13.88461538,8.438461538,13.43846154,9.576923077,8.492307692,3.715384615,6.230769231,3.123076923,3.023076923,7.661538462
838.3213891,8.938461538,14.48461538,4.953846154,16.75384615,16.04615385,10.86923077,5.215384615,18.64615385,11.50769231,16.7
838.4978161,13.08461538,14.30769231,10.29230769,10.10769231,6.661538462,11.19230769,21.73846154,14.93846154,9.176923077,10.51538462
838.6742258,10.51538462,15.31538462,8.638461538,19.97692308,15.7,11.21538462,11.16153846,9.138461538,4.9,13.68461538
838.8506184,11.41538462,5.630769231,15.53846154,12.11538462,11.78461538,17.1,9.076923077,9.692307692,9.676923077,4.515384615
839.0269938,11.57692308,25.95384615,23.79230769,15.17692308,10.00769231,17.73846154,17.46153846,11.54615385,9.876923077,6.746153846
839.2033519,14.41538462,2.2,6.553846154,14.99230769,5.607692308,5.638461538,10.62307692,7.038461538,9.946153846,16.06153846
839.3796929,9.130769231,7.546153846,13.93846154,10.22307692,21.41538462,12.71538462,17.86923077,10.33076923,10.2,5.938461538
839.5560166,10.65384615,7.815384615,5.7,4.538461538,15.21538462,14.44615385,4.461538462,8.761538462,8.184615385,12.87692308
839.7323231,2.953846154,13.83846154,20.83076923,18.36923077,17.34615385,17.2,20.72307692,19.65384615,10.68461538,12.59230769
839.9086124,11.55384615,7.607692308,16.01538462,11.31538462,18.99230769,10.27692308,6.561538462,12.59230769,5.846153846,7.192307692
840.0848844,17.6,15.37692308,14.34615385,16.35384615,17.36923077,8.830769231,11.71538462,20.86923077,11.76153846,7.046153846
840.2611392,8.392307692,6.853846154,7.423076923,10.48461538,7.007692308,13.86153846,13.00769231,9.238461538,2.676923077,10.34615385
840.4373768,7.676923077,22.73076923,12.71538462,26.2,15.39230769,4.023076923,12.46923077,14.70769231,8.438461538,7.661538462
840.6135971,9.053846154,8.792307692,9.792307692,7.615384615,12.46153846,7.4,11.69230769,10.36923077,7.169230769,8.646153846
840.7898002,13.83846154,13.84615385,11.47692308,10.66153846,10.43846154,14.92307692,15.13846154,5.7,6.192307692,16.01538462
840.9659861,7.969230769,2.530769231,8.138461538,9.530769231,6.207692308,11.89230769,18.2,14.75384615,7.438461538,3.030769231
841.1421547,8.823076923,14.44615385,15.71538462,13.24615385,20.18461538,5.507692308,6.046153846,9.976923077,0.823076923,15.69230769
841.3183061,7.146153846,11.73846154,2.946153846,5.261538462,8.476923077,1.084615385,8.953846154,8.353846154,12.79230769,5.415384615
841.4944403,5.061538462,17.02307692,19.00769231,14.53846154,8.823076923,5.723076923,15.01538462,15.47692308,9.407692308,12.04615385
841.6705572,9.446153846,10.90769231,6.976923077,12.03846154,18.97692308,6.784615385,9.469230769,5.292307692,9.315384615,11.55384615
841.8466568,13.54615385,10.31538462,15.98461538,8.484615385,18.76153846,10.44615385,13.82307692,15.42307692,3.853846154,12.86923077
842.0227392,5.7,10.53846154,9.084615385,5.292307692,16.32307692,8.130769231,12.86923077,7.430769231,5.492307692,7.2
842.1988043,10.53846154,26.34615385,10.59230769,12.46923077,11.26153846,12.58461538,16.8,7.715384615,9.330769231,8.123076923
842.3748522,9.684615385,7.407692308,8.007692308,11.05384615,7.8,4.153846154,13.76923077,8.553846154,6.8,9.976923077
842.5508828,3.323076923,7.130769231,9.607692308,14.26153846,7.323076923,7.446153846,8.823076923,10.16153846,8.8,7.184615385
842.7268961,15.43076923,12.22307692,5.015384615,11.06923077,10.00769231,10.79230769,9.207692308,12.38461538,2.676923077,12.72307692
842.9028922,7.369230769,13.53076923,20.18461538,15.41538462,15.68461538,11.7,14.54615385,7.953846154,10.62307692,18.00769231
843.078871,8.115384615,9.676923077,12.86923077,4.769230769,0.723076923,9,9.915384615,11.25384615,1.846153846,6.146153846
843.2548326,3.792307692,12.26153846,15.95384615,11.63846154,19.86153846,11.52307692,12.82307692,16.36923077,11.63076923,24.05384615
843.4307768,5.107692308,18.67692308,5.023076923,13.20769231,18.13076923,10.10769231,6.353846154,3.7,9.138461538,9.1
843.6067038,13.33846154,14.09230769,12.78461538,10.75384615,11.66923077,20.86153846,9.476923077,13.17692308,13.13076923,12.71538462
843.7826135,4.046153846,6.376923077,12.51538462,3.261538462,9.530769231,4.492307692,4.653846154,13.52307692,2.015384615,3.953846154
843.958506,9.792307692,7.361538462,10.44615385,15.40769231,8.176923077,20.62307692,8.876923077,15.06153846,13.83846154,12.9
844.1343811,5.084615385,11.59230769,12.09230769,7.015384615,8.453846154,5.792307692,11.06923077,10.46923077,2.892307692,10.41538462
844.310239,13.8,14.62307692,15.68461538,14.57692308,16.9,10.66923077,15.84615385,15.30769231,15.01538462,11.30769231
844.4860795,9.576923077,14.46153846,10.38461538,7.330769231,15.72307692,6.5,10.15384615,7.930769231,9.6,5.946153846
844.6619028,5.384615385,16.73076923,19.42307692,13.3,18.08461538,11.73076923,13.6,10.14615385,7.476923077,11.83076923
844.8377088,3.192307692,5.984615385,8.984615385,7.692307692,2.369230769,5.961538462,4.130769231,10.90769231,13.42307692,6.846153846
845.0134975,14.6,8.323076923,16.46153846,18.32307692,10.53076923,12.26153846,12.33846154,19.73846154,7.269230769,10.31538462
845.1892689,6.830769231,16.46153846,12.12307692,11.3,9.853846154,6.707692308,6.161538462,6.684615385,10.86923077,16.1
845.365023,4.138461538,20.71538462,13.93076923,6.192307692,19.7,10.10769231,9.530769231,12.39230769,10,9.230769231
845.5407598,7.323076923,6.392307692,14.96923077,6.584615385,8.715384615,5.884615385,9.261538462,6.546153846,4.815384615,11.4
845.7164793,15.32307692,14.91538462,14.76923077,17.88461538,10.1,13.45384615,15.59230769,12.74615385,16.36923077,16.31538462
845.8921815,8.623076923,11.66153846,11.54615385,8.430769231,8.023076923,14.96923077,7.546153846,6.861538462,12.53076923,9.407692308
846.0678664,17.87692308,16.28461538,15.80769231,9.584615385,14.61538462,13.73846154,12.94615385,6.5,10.88461538,9.030769231
846.243534,7.238461538,7.484615385,12.06153846,8.084615385,12.44615385,11.84615385,12.76923077,14.34615385,12.10769231,8.253846154
846.4191842,11.38461538,21.20769231,11.75384615,11.4,12.52307692,7.223076923,11.80769231,7.292307692,4.392307692,11.59230769
846.5948172,3.607692308,7.884615385,13.71538462,5.661538462,12.04615385,8.184615385,3.707692308,5.823076923,9.915384615,5.538461538
846.7704328,7.430769231,18.73076923,20.10769231,14.10769231,16.39230769,10.6,17.06923077,13.8,0.938461538,13.48461538
846.9460311,3.715384615,13.35384615,12.00769231,6.823076923,14.16153846,11.06153846,22.2,5.453846154,3.653846154,13.26153846
847.1216121,7.915384615,13.16153846,17.33846154,16.19230769,15.13846154,11.10769231,22.90769231,14.94615385,9.038461538,11.36153846
847.2971757,12.81538462,7.223076923,15.86153846,12.72307692,11.70769231,10.56153846,11.56153846,10.93076923,4.676923077,9.207692308
847.472722,12.26923077,19.88461538,12.15384615,12.85384615,8.746153846,18.33076923,15.54615385,11.74615385,11.82307692,19.55384615
847.648251,7.5,11.62307692,10.64615385,8.992307692,4.584615385,7.246153846,1.561538462,8.192307692,6.130769231,10.18461538
847.8237627,17.45384615,11.83846154,12.48461538,8.923076923,9.592307692,16.7,19.90769231,8.7,9.715384615,14.36153846
847.999257,3.176923077,8.984615385,6.661538462,6.776923077,7.684615385,6.369230769,14.43846154,1.984615385,3.069230769,5.861538462
848.174734,13.48461538,17.28461538,6.876923077,21.93846154,13.72307692,9.676923077,8.915384615,6.653846154,4.023076923,19.75384615
848.3501936,5.276923077,5.861538462,11.31538462,11.36923077,15.93076923,7.884615385,7.923076923,9.615384615,4.5,3.676923077
848.5256359,23.90769231,17.97692308,11.45384615,11.36923077,15.93076923,16.21538462,12.33846154,12.54615385,13.04615385,8.307692308
848.7010608,6.938461538,11.53846154,9.476923077,6.161538462,9.815384615,10.55384615,14.78461538,9.953846154,8.661538462,9.746153846
848.8764684,13.89230769,15.48461538,11.93076923,15.68461538,20.83846154,17.01538462,10.21538462,3.923076923,8.923076923,8.446153846
849.0518587,0.915384615,8.784615385,7.7,13.13846154,9.215384615,6.215384615,7.215384615,9.715384615,14.11538462,12.64615385
849.2272316,11.63076923,9.569230769,9.076923077,15.28461538,13.29230769,9.915384615,14.47692308,10.17692308,15.52307692,10.41538462
849.4025871,1.384615385,12.86153846,5.030769231,10.96153846,15.60769231,11.95384615,7.330769231,9.807692308,6.230769231,13.09230769
849.5779253,9.7,17.04615385,9.515384615,7.515384615,13.05384615,15.12307692,5.707692308,8.376923077,15.81538462,5.830769231
849.7532461,3.130769231,8.238461538,10.40769231,14.47692308,10.72307692,9.615384615,8.715384615,11.58461538,11.06923077,7.5
849.9285496,12.90769231,9.607692308,17.86153846,10.56153846,17.11538462,14.00769231,10.44615385,8.9,12.36923077,14.16153846
850.1038357,8.423076923,6.315384615,14.16153846,9.723076923,13.07692308,8.807692308,6.930769231,9.469230769,5.553846154,11.43076923
850.2791044,9.407692308,9.984615385,13.04615385,12.05384615,5.907692308,9.115384615,12.64615385,4.007692308,4.876923077,11.91538462
850.4543558,7.892307692,10.66153846,12.84615385,5.407692308,7.123076923,8.207692308,18.09230769,9.769230769,9.584615385,12.01538462
850.6295898,11.90769231,11.53076923,5.038461538,15.29230769,15.55384615,11,15.16153846,14.73076923,7.330769231,11.43846154
850.8048064,9.338461538,5.5,2.546153846,11.44615385,8.176923077,3.438461538,10.7,7.007692308,3.876923077,4.430769231
850.9800056,18.60769231,9.638461538,14.93846154,14.90769231,15.01538462,16.82307692,8.046153846,14.1,11.63076923,14.18461538
851.1551875,9.646153846,5.869230769,14.54615385,7.4,5.638461538,5.430769231,8.438461538,15.32307692,6.746153846,5.430769231
851.330352,9.384615385,9.930769231,17.31538462,15.45384615,8.315384615,14.66923077,10.08461538,8.453846154,4.053846154,11.09230769
851.5054991,5.484615385,7.392307692,13.26923077,12.07692308,5.915384615,1.507692308,5.123076923,6.192307692,6.761538462,11.79230769
851.6806288,10.95384615,20.26153846,8.438461538,11.30769231,16.08461538,24.02307692,16.93076923,19.35384615,12.86153846,14.68461538
851.8557411,8.023076923,7.246153846,13.17692308,4.492307692,6.076923077,8.207692308,7.369230769,7.223076923,4.607692308,8.461538462
852.030836,11.32307692,11.30769231,14.65384615,6.446153846,20.03076923,12.13846154,18.15384615,6.323076923,10.06923077,10.66153846
852.2059135,6.946153846,5.792307692,13.63076923,8.130769231,1.376923077,8.361538462,11.63846154,7.976923077,11.5,14.6
852.3809737,5.6,13.10769231,17.13076923,10.54615385,4.153846154,8.515384615,24.17692308,7.092307692,7.407692308,11.33076923
852.5560164,3.576923077,12.45384615,15.15384615,13.15384615,5.061538462,8.253846154,9.2,12.30769231,1.392307692,8.746153846
852.7310417,10.00769231,8.653846154,14.25384615,16.58461538,20.53846154,16.72307692,8.869230769,8.969230769,7.653846154,15.43846154
852.9060497,6.530769231,7.384615385,9.923076923,4.515384615,6.161538462,9.607692308,13.79230769,8.130769231,7.461538462,10.32307692
853.0810402,8.638461538,14.76153846,15.05384615,17.82307692,8.169230769,7.023076923,7.9,14.36923077,10.75384615,16.06153846
853.2560133,8.330769231,7.453846154,15.66153846,5.830769231,8.707692308,9.084615385,4.061538462,7.646153846,8.176923077,16.35384615
853.430969,13.14615385,11.95384615,16.15384615,15.46923077,9.538461538,9.153846154,16.63846154,11.19230769,11.1,13.03076923
853.6059073,1.053846154,4.415384615,7.692307692,14.1,14.53846154,16.79230769,6.738461538,11.27692308,10.71538462,11.81538462
853.7808282,4.369230769,5.576923077,15.56923077,12.99230769,6.669230769,9.553846154,6.261538462,5.269230769,10.97692308,9.115384615
853.9557316,8.123076923,8.115384615,7.915384615,4.630769231,5.092307692,2.830769231,7.746153846,7.584615385,5.876923077,8.184615385
854.1306177,14.06923077,16.53076923,11.12307692,13.80769231,17.23076923,13.87692308,14.22307692,13.76923077,6.5,11.73846154
854.3054863,10.66153846,10.22307692,14.91538462,11.89230769,5.8,9.9,3.476923077,6.038461538,6.346153846,14.85384615
854.4803375,11.29230769,10.98461538,15.36153846,10.24615385,19.46153846,11.3,13.63076923,10.50769231,12.91538462,8.784615385
854.6551712,9.892307692,11.65384615,9.323076923,9.892307692,5.238461538,11.28461538,3.623076923,8.038461538,8.830769231,16.21538462
854.8299876,11.63076923,10.33846154,13.05384615,15.16923077,9.223076923,15.73846154,13.82307692,10.23846154,14.03076923,11.53076923
855.0047865,0.915384615,13.93846154,8.623076923,7.838461538,10.06153846,4.661538462,7.453846154,10.78461538,14.56153846,2.130769231
855.1795679,16.28461538,10.45384615,12.36923077,7.3,16.89230769,14.77692308,10.4,4.384615385,14.81538462,8.653846154
855.3543319,9.623076923,13.95384615,7.138461538,12.93076923,9.3,6.569230769,16,6.407692308,4.553846154,8.638461538
855.5290785,12.67692308,10.19230769,8.769230769,12.60769231,3.423076923,7.115384615,6.461538462,11.35384615,6.053846154,11.66923077
855.7038077,6.7,9.984615385,12.11538462,11.1,9.7,6.061538462,7.784615385,5.384615385,14.03846154,12.7
855.8785194,6.353846154,17.90769231,12.00769231,6.1,7.530769231,10.46923077,13.49230769,16.06153846,9.253846154,8.392307692
856.0532136,5.692307692,8.307692308,12.60769231,7.223076923,14.20769231,10.41538462,20.86923077,6,8.6,15.8
856.2278904,14.28461538,5.730769231,14.43846154,14.23846154,13.13076923,14.71538462,14.77692308,13.08461538,5.992307692,9.615384615
856.4025498,6.076923077,10.85384615,3.023076923,13.03076923,6.653846154,9.684615385,8.869230769,12.14615385,6.053846154,5.884615385
856.5771917,4.515384615,13.80769231,8.238461538,7.969230769,13.20769231,11.9,13.79230769,7.453846154,7.238461538,16.04615385
856.7518161,12.55384615,13.75384615,1.5,11.1,4.130769231,3.938461538,12.23846154,2.484615385,4.969230769,8.846153846
856.9264231,23.36153846,11.41538462,10.49230769,10.60769231,12.78461538,10.27692308,11.75384615,5.823076923,9.315384615,17.13846154
857.1010126,5.607692308,10.16923077,6.353846154,12.89230769,9.153846154,9.384615385,9.192307692,4.7,5.5,6.253846154
857.2755846,8.815384615,12.78461538,7.076923077,14.80769231,8.107692308,7.969230769,9.061538462,9.292307692,10.26153846,12.11538462
857.4501392,0.3,6.038461538,14.46153846,13.26923077,13.78461538,8.7,15.40769231,11.63076923,1,13.52307692
857.6246763,11.46923077,12.32307692,15.03846154,18.82307692,9.346153846,9.584615385,12.63076923,11.26153846,7.315384615,16.38461538
857.799196,18.30769231,9.453846154,9.261538462,11.91538462,8.469230769,8.730769231,7.153846154,12.63076923,6.507692308,7.392307692
857.9736982,3.969230769,21.96153846,7.146153846,10.25384615,13.09230769,12.11538462,12.90769231,13.08461538,6.507692308,7.930769231
858.1481829,9.669230769,8.338461538,4.938461538,1.015384615,11.35384615,13.4,3.646153846,3.430769231,4.207692308,13.03076923
858.3226501,16.25384615,7.223076923,20.16153846,7.838461538,5.392307692,8.553846154,10.16153846,12.1,8.769230769,9.115384615
858.4970998,4.446153846,5.023076923,5.169230769,10.93076923,9.561538462,10.73846154,13.5,7.784615385,11.96923077,7.784615385
858.6715321,20.83846154,9.169230769,9.907692308,8.192307692,10.43076923,15.01538462,10.47692308,6.246153846,13.85384615,4.961538462
858.8459468,4.715384615,11.2,9.638461538,7.246153846,2.892307692,9.169230769,8.792307692,4.992307692,8.215384615,5.538461538
859.0203441,16.69230769,10.43846154,15.96153846,12.71538462,13.4,5.5,16.57692308,10.19230769,8.846153846,10.23076923
859.1947239,7.461538462,12.94615385,8.107692308,6.653846154,3.346153846,11.93846154,6.630769231,7.730769231,4.207692308,10.13846154
859.3690862,2.930769231,5.053846154,11.13846154,12.73846154,10.09230769,10.33076923,7.553846154,11.75384615,8.130769231,5.5
859.543431,4.992307692,7.361538462,11.90769231,9.592307692,6.915384615,13.57692308,5.561538462,9.3,5.830769231,9.576923077
859.7177583,11.66923077,8.446153846,10.99230769,5.315384615,15.30769231,6.330769231,13.79230769,23.56923077,11.76923077,4.492307692
859.8920681,11.66923077,1.576923077,7.407692308,7.492307692,3.961538462,8.961538462,8.215384615,9.346153846,5.723076923,8.1
860.0663604,7.161538462,11.42307692,16.51538462,7.330769231,20.1,19.76153846,12.8,13.36923077,15.35384615,13.4
860.2406352,12.50769231,9.038461538,17.23076923,12.84615385,10.27692308,3.623076923,4.138461538,6.330769231,4.892307692,7.792307692
860.4148925,11.89230769,11.96153846,16.98461538,13.81538462,13.6,7.269230769,9.484615385,9.123076923,7.107692308,10.5
860.5891322,7.7,8.369230769,9.538461538,2.407692308,11.50769231,1.623076923,3.892307692,4.415384615,3.153846154,4.784615385
860.7633545,12.33076923,12.83846154,8.484615385,7.923076923,2.776923077,10.34615385,20.90769231,6.892307692,4.092307692,11.79230769
860.9375592,5.376923077,10.33846154,13.30769231,7.315384615,12.10769231,9.992307692,8.561538462,13.24615385,12.83076923,7.961538462
861.1117465,13.36153846,13.77692308,15.40769231,12.99230769,16.25384615,16.9,11.26153846,5.9,14.36153846,12.90769231
861.2859162,7.084615385,5.546153846,7.953846154,11.13846154,9.446153846,6.038461538,5.553846154,11.43846154,10.12307692,3.461538462
861.4600684,11.26923077,11.6,16.33076923,10.51538462,10.04615385,13.47692308,13.46923077,14.04615385,8.330769231,8.653846154
861.634203,2.023076923,11.36153846,9.084615385,15.38461538,7.961538462,2.607692308,8.192307692,7.561538462,3.269230769,10.85384615
861.8083202,11.13076923,12.91538462,18.83846154,14.42307692,12.06153846,18.30769231,20.39230769,17.92307692,11.66923077,18.56923077
861.9824198,6.576923077,8.753846154,7.061538462,6.261538462,12.14615385,13.26923077,11.12307692,8.669230769,13.95384615,6.769230769
862.1565019,9.669230769,12.64615385,13.13846154,12.3,11.59230769,11.4,12.77692308,7.6,11.25384615,14.66153846
862.3305664,0.453846154,7.692307692,4.830769231,8.7,15.56153846,10.84615385,5.423076923,7.1,4.676923077,6.761538462
862.5046134,16.28461538,9.753846154,19.17692308,20.46923077,11.16153846,15.16153846,10.65384615,12.46153846,8.192307692,10.00769231
862.6786429,15.66923077,14.09230769,15.96153846,8.930769231,2.707692308,5.776923077,8.823076923,8.684615385,5.969230769,3.153846154
862.8526548,7.738461538,12.48461538,13.46153846,16.10769231,11.25384615,12.2,16.63846154,18.62307692,6.215384615,6.315384615
863.0266492,9.230769231,15.68461538,12.05384615,9.269230769,13.82307692,2.638461538,10.49230769,9.715384615,5.107692308,14.42307692
863.200626,11.43846154,18.25384615,9.038461538,15.52307692,5.192307692,2.215384615,18.56153846,14.63846154,15.65384615,14.8
863.3745853,6.984615385,5.946153846,10.12307692,5.661538462,8.269230769,5.830769231,7.861538462,5.223076923,10.04615385,6.538461538
863.548527,13.19230769,9.823076923,5.138461538,11.14615385,16.77692308,18.21538462,6.023076923,5.269230769,8.776923077,13.39230769
863.7224512,8.992307692,7.046153846,11.66153846,7.584615385,5.661538462,10.10769231,3.338461538,10.81538462,1.446153846,9.307692308
863.8963578,12.96153846,19.41538462,20.79230769,13.99230769,17.91538462,15.18461538,11.99230769,12.67692308,6.815384615,11.27692308
864.0702469,8.576923077,8.553846154,7.923076923,6.476923077,12.84615385,13.85384615,12.13076923,4.9,4.546153846,5.623076923
864.2441184,12.12307692,9.307692308,10.29230769,10.74615385,14.51538462,11.82307692,10.37692308,12.46923077,7.130769231,15.43846154
864.4179723,12.23846154,9.023076923,17.86923077,13.83846154,9.876923077,6.369230769,6.523076923,5.869230769,9.484615385,8.5
864.5918087,11.35384615,14.5,17.13076923,12.83076923,16.06153846,14.23076923,19.23076923,11.11538462,15.56923077,8.461538462
864.7656275,6.023076923,8.353846154,6.238461538,10.86923077,10.29230769,9.138461538,7.184615385,11.85384615,7.123076923,9.246153846
864.9394288,10.96923077,5.407692308,7.838461538,7.807692308,15.71538462,13.74615385,12.5,12.45384615,12.50769231,8.084615385
865.1132124,3.415384615,6.476923077,7.5,13.54615385,7.530769231,7.407692308,7.246153846,13.19230769,1.638461538,7
865.2869785,8.153846154,6.492307692,14.25384615,10.82307692,10.5,12.52307692,11.36923077,11.28461538,3.538461538,8.861538462
865.460727,8.938461538,7.784615385,8.053846154,13,9.661538462,4.469230769,4.523076923,6.146153846,6.9,7.453846154
865.6344579,10.13076923,14.96153846,14.06153846,13.05384615,6.076923077,14.43076923,7.953846154,7.423076923,8.092307692,8.6
865.8081713,4.146153846,9.461538462,13.72307692,9.369230769,9.892307692,4.015384615,8.638461538,6.192307692,5.676923077,2.669230769
865.9818671,11.42307692,16.93076923,16.93846154,10.86923077,14.91538462,11.3,13.86153846,12.95384615,5.030769231,11.36153846
866.1555452,3.130769231,3.146153846,8.323076923,5.976923077,8.146153846,2.530769231,9.107692308,1.415384615,4.338461538,3.607692308
866.3292058,5.146153846,15.03846154,14.48461538,11.61538462,19.51538462,23.20769231,13.16923077,7.769230769,9.153846154,10.73846154
866.5028488,11.68461538,4.292307692,7.676923077,5.230769231,9.538461538,6.007692308,5.561538462,10.23076923,6.007692308,13.13076923
866.6764742,6.292307692,12.91538462,14.55384615,4.753846154,15.68461538,10.93076923,7.253846154,15.10769231,16.77692308,7.807692308
866.850082,7.992307692,9.638461538,15.98461538,8.792307692,8.161538462,2.715384615,6.638461538,8.9,7.446153846,3.261538462
867.0236722,9.984615385,9.123076923,8.5,11.26153846,16.85384615,4.346153846,11.71538462,6.138461538,5.315384615,10.76153846
867.1972448,5.169230769,9.538461538,8.423076923,15.42307692,11.15384615,10.32307692,5.561538462,7.592307692,8.346153846,10.35384615
867.3707998,7.107692308,13.42307692,16.70769231,11.96923077,13.77692308,14.43076923,13.86923077,9.792307692,4.753846154,15.60769231
867.5443372,7.753846154,3.269230769,6.046153846,3.476923077,6.946153846,10.16153846,7.007692308,8.4,7.746153846,13.81538462
867.717857,7.053846154,6.961538462,11.19230769,6.684615385,6.438461538,7.769230769,8.930769231,8.023076923,8.446153846,11.04615385
867.8913592,11.28461538,7.107692308,7.369230769,15.18461538,7.323076923,4.569230769,14,11.85384615,5.823076923,3.438461538
868.0648437,12.46923077,14.23076923,12.83076923,5.138461538,6.115384615,9.438461538,9.207692308,9.884615385,10.13846154,10.56153846
868.2383106,9.8,17.6,9.553846154,18.63846154,14.98461538,7.123076923,8.553846154,15.77692308,3.876923077,15.18461538
868.41176,13.53076923,13.84615385,7.153846154,8.138461538,7.353846154,13.96153846,16.93076923,8.361538462,10.43846154,17.6
868.5851917,14.18461538,17.43846154,11.36923077,12.45384615,5.9,4.023076923,9.907692308,8.369230769,2.207692308,6.015384615
868.7586057,9.092307692,18.90769231,10.60769231,12.56153846,12.24615385,13.53846154,11.42307692,10.26923077,5.669230769,9.530769231
868.9320022,9.438461538,4.861538462,13.36153846,8.469230769,9.361538462,2.307692308,11.07692308,4.769230769,8.646153846,16.26153846
869.105381,8.584615385,13.06153846,7.038461538,17.66923077,12.58461538,9.807692308,6.453846154,4.184615385,5.669230769,10.64615385
869.2787422,5.276923077,5.846153846,4.046153846,4.007692308,12.99230769,6.738461538,9.123076923,9.384615385,7.376923077,6.107692308
869.4520858,14.66923077,9.938461538,18.42307692,11.47692308,7.653846154,7.784615385,11.97692308,12.64615385,4.823076923,8.884615385
869.6254117,8.115384615,13.48461538,12.26923077,6.530769231,11.63846154,4.076923077,7.846153846,8.846153846,2.223076923,8.138461538
869.79872,5.261538462,12.70769231,14.55384615,9.384615385,14.29230769,7.507692308,11.1,13.86153846,12.6,8.361538462
869.9720106,12.88461538,5.107692308,3.676923077,4.992307692,1.776923077,3.2,12.70769231,10.47692308,4.269230769,14.46153846
870.1452836,6.615384615,11.26923077,9.730769231,15.77692308,7.161538462,9.692307692,2.123076923,10.61538462,11.56153846,11.93076923
870.3185389,15.23846154,5.184615385,9.838461538,9.107692308,15.48461538,8.8,11.52307692,3.1,2.561538462,2.761538462
870.4917766,17.83846154,6.246153846,4.146153846,11.91538462,13.38461538,6.823076923,9.415384615,3.061538462,11.17692308,7.769230769
870.6649967,6.238461538,4.484615385,14.32307692,13.92307692,4.153846154,12.01538462,8.238461538,4.630769231,10.73076923,5.915384615
870.8381991,11.91538462,14.49230769,16.02307692,16.31538462,5.984615385,16.62307692,8.607692308,9.323076923,5.576923077,12.16923077
871.0113838,4.807692308,6.030769231,9.784615385,6.707692308,14.22307692,5.607692308,10.96923077,5.9,7.730769231,9.5
871.1845509,11.14615385,16.63846154,7.853846154,12.31538462,16.67692308,8.361538462,8.961538462,9.276923077,5.861538462,5.661538462
871.3577004,5.330769231,12.63846154,18.03076923,7.415384615,3.492307692,9.230769231,10.64615385,6.830769231,10.86923077,5.215384615
871.5308321,6.4,0.8,10.55384615,5,18.40769231,12.16153846,11.96923077,5.923076923,5.676923077,16.90769231
871.7039462,4.276923077,4.953846154,7.053846154,5.561538462,8.238461538,5.053846154,9.338461538,5.338461538,2.330769231,14.50769231
871.8770427,8,11.48461538,10.71538462,19.62307692,14.51538462,9.1,5.538461538,8.207692308,13.01538462,9.607692308
872.0501214,10.99230769,2.407692308,1.553846154,8.284615385,5.246153846,7.038461538,10.03076923,2.684615385,4.930769231,8.676923077
872.2231825,15.19230769,13.5,10.36153846,6.092307692,13.51538462,5.307692308,7.430769231,17.67692308,8.976923077,10.61538462
872.3962259,6.869230769,13.23846154,13.16153846,4.453846154,10.38461538,5.961538462,9.507692308,4.569230769,3.669230769,9.030769231
872.5692517,4.046153846,12.58461538,19.13076923,7.923076923,15,6.615384615,9.215384615,5.538461538,8.576923077,11.93846154
872.7422597,7.830769231,12.37692308,15.27692308,9.561538462,6.976923077,5.807692308,14.36153846,3.630769231,2.261538462,4.746153846
872.9152501,12.05384615,10.15384615,10.36153846,18.86923077,13.3,13.48461538,20.17692308,9.884615385,7.946153846,14.74615385
873.0882228,5.046153846,18.11538462,9.684615385,8.976923077,13.50769231,9,4.830769231,12.64615385,4.607692308,12.71538462
873.2611778,8.4,9.323076923,8.338461538,13.22307692,7.438461538,1.892307692,3.938461538,1.761538462,10.05384615,16.71538462
873.4341151,10.06923077,8.423076923,4.561538462,10.98461538,11.46923077,10.96923077,12.15384615,4.738461538,12.9,9.138461538
873.6070348,7.784615385,6.415384615,20.78461538,10.21538462,3.923076923,2.046153846,8.261538462,2.946153846,12.28461538,7.938461538
873.7799367,10.56153846,9.453846154,9.346153846,14.54615385,3.246153846,18.83846154,5.9,9.046153846,7.061538462,4.453846154
873.9528209,9.761538462,6.492307692,18.96923077,6.115384615,13.43076923,8.546153846,5.9,14.01538462,2.946153846,10.73846154
874.1256875,7.915384615,14.26153846,6.653846154,4.269230769,5.546153846,14.56923077,14.54615385,6.092307692,3.469230769,11.21538462
874.2985363,9,17.33846154,12.15384615,8.969230769,21.73846154,18.97692308,11.77692308,9.838461538,7.561538462,9.161538462
874.4713675,14.66923077,10.93846154,9.376923077,3.238461538,11.00769231,1.5,12.39230769,6.707692308,8.238461538,2.253846154
874.6441809,12.43846154,7.307692308,14.96923077,11.30769231,11.7,12.96153846,15.46923077,11.80769231,8.8,9.646153846
874.8169766,6.576923077,6.007692308,7.461538462,5.092307692,3.346153846,6.007692308,6.953846154,4.884615385,6.946153846,3.838461538
874.9897546,12.83076923,10.39230769,16.97692308,13.77692308,13.39230769,14.55384615,14.03846154,12.08461538,15.76923077,12.61538462
875.1625149,7.846153846,5.569230769,9.969230769,7.476923077,5.530769231,4.838461538,14.09230769,5.761538462,3.161538462,6.492307692
875.3352575,5.923076923,10.99230769,10.19230769,8.892307692,12.32307692,4.384615385,15.02307692,5.176923077,8.092307692,18.2
875.5079824,4.130769231,10.38461538,16.26153846,6.1,9.269230769,4.946153846,5.453846154,0.592307692,9.023076923,11.65384615
875.6806895,7.661538462,4.584615385,4.176923077,19.34615385,12.64615385,12.67692308,8.569230769,15.21538462,5.130769231,20.39230769
875.8533789,12.57692308,11.31538462,12.03846154,13.01538462,6.9,2.176923077,18.1,6.723076923,2.953846154,12.05384615
876.0260506,11.08461538,11.37692308,19.03076923,10.37692308,8.215384615,14.66923077,12.32307692,8.376923077,6.884615385,13.83076923
876.1987046,8.353846154,8.530769231,5.269230769,10.12307692,8.576923077,6.292307692,10.13846154,12.46923077,6.6,11.30769231
876.3713408,15.36923077,11.43076923,14.33846154,10.33076923,17.19230769,7.007692308,14.62307692,14.96153846,5.492307692,19.35384615
876.5439593,7.746153846,8.8,14.75384615,7.107692308,16.38461538,9.115384615,4.792307692,8.907692308,1.884615385,8.146153846
876.7165601,8.607692308,12.36923077,15.45384615,9.584615385,7.561538462,4.630769231,22.6,9.684615385,6.376923077,13.5
876.8891431,4.107692308,5.392307692,2.784615385,4.7,10.88461538,2.661538462,10.95384615,6.207692308,8.223076923,11.00769231
877.0617084,5.884615385,13.2,13.03076923,16.36153846,6.684615385,7.753846154,10.55384615,9.176923077,7.923076923,11.46923077
877.234256,3.292307692,9.092307692,3.392307692,8.376923077,7.553846154,5.592307692,4.292307692,1.753846154,4.876923077,5.930769231
877.4067858,21.90769231,9.869230769,15.05384615,6.792307692,17.35384615,9.123076923,7.930769231,5.330769231,12.13076923,1.738461538
877.5792978,9.138461538,4.130769231,6.984615385,13.00769231,3.430769231,7.661538462,6.9,4.784615385,1.323076923,6.653846154
877.7517921,9.353846154,8.469230769,14.83846154,9.353846154,11.10769231,7.676923077,7.430769231,13.43846154,6.415384615,16.30769231
877.9242687,11.7,4.992307692,6.061538462,7.753846154,11.94615385,8.346153846,8.930769231,8.715384615,1.715384615,7.515384615
878.0967275,7.330769231,13.51538462,16.3,11.99230769,14.82307692,6.307692308,10.87692308,7.6,16.26923077,10.65384615
878.2691686,7.176923077,13.63846154,12.9,10.90769231,9.376923077,7.5,5.723076923,3.615384615,8.323076923,9.646153846
878.4415918,10.38461538,14.25384615,12.82307692,14.85384615,14.87692308,8.707692308,8.3,6.4,8.076923077,13.53846154
878.6139974,5.392307692,3.961538462,5.576923077,7.346153846,8.846153846,8.361538462,8.946153846,8.438461538,10.2,5.7
878.7863851,17.40769231,11.92307692,9.476923077,12.52307692,13.56923077,12.70769231,12.80769231,13.46923077,6.030769231,11.13846154
878.9587551,4.1,6.276923077,9.623076923,6.638461538,12.51538462,6.346153846,6.6,0.638461538,6.723076923,9.746153846
879.1311073,6.630769231,7.776923077,9.069230769,13.99230769,8.3,11.03076923,21.06153846,10.12307692,15.56153846,13.10769231
879.3034418,9.215384615,4.623076923,3.561538462,13.93076923,11.52307692,8.023076923,6.615384615,10.1,6.184615385,5.561538462
879.4757585,10.37692308,9.576923077,16.64615385,11.13846154,12.35384615,14.27692308,7.292307692,10.04615385,4.553846154,9.046153846
879.6480574,14.10769231,10.06153846,15.96923077,17.40769231,8.261538462,5.746153846,7.861538462,12.63846154,9.607692308,6.215384615
879.8203385,10.23846154,8.969230769,20.10769231,5.130769231,16.2,7.761538462,13.53846154,4.630769231,7.9,5.492307692
879.9926019,10.43076923,11.06153846,2.569230769,4.623076923,6.6,5.1,4.184615385,10.82307692,11.12307692,9.846153846
880.1648474,7.284615385,13.33846154,16.33076923,15.56923077,23.16153846,12.6,8.484615385,4.023076923,10.87692308,8.153846154
880.3370752,6.723076923,3.838461538,13.85384615,11.55384615,2.669230769,6.523076923,4.653846154,3.484615385,3.507692308,6.338461538
880.5092852,9.753846154,8.684615385,20.47692308,7.561538462,12.38461538,7.623076923,13.14615385,10.39230769,15.34615385,6.892307692
880.6814774,9.346153846,6.446153846,9.646153846,6.746153846,12.98461538,3.446153846,3.707692308,7.738461538,12.96923077,6.538461538
880.8536518,7.130769231,9.661538462,16.16153846,17.32307692,9.969230769,9.961538462,9.761538462,10.61538462,5.676923077,17.37692308
881.0258084,8.492307692,6.2,10.29230769,10.56153846,10.79230769,7.953846154,8.969230769,2.692307692,3.292307692,11.09230769
881.1979472,15.90769231,12.48461538,5.569230769,21.03076923,9.892307692,8.830769231,5.184615385,3.323076923,20.04615385,15.55384615
881.3700682,2.207692308,6.138461538,8.476923077,8.730769231,3.769230769,8.153846154,13.86153846,4.630769231,4.053846154,6.2
881.5421714,11.25384615,21.11538462,17.7,6.946153846,13.54615385,12,6.846153846,9.023076923,15.9,10.10769231
881.7142568,5.738461538,13.64615385,6.553846154,8.353846154,11.76153846,7.946153846,4.746153846,9.946153846,6.015384615,4.830769231
881.8863244,5.746153846,7.592307692,8.6,8.361538462,8.561538462,8.153846154,9.146153846,10.79230769,1.784615385,6.353846154
882.0583742,11.06153846,5.069230769,7.6,7.846153846,9.107692308,9.615384615,4.992307692,13.06923077,9.692307692,8.307692308
882.2304062,2.961538462,11.68461538,7.230769231,8.169230769,6.653846154,11.43076923,7.453846154,8.553846154,11.95384615,9.461538462
882.4024204,7.838461538,7.969230769,10.90769231,11.88461538,20.80769231,2.338461538,2.361538462,10.82307692,2.923076923,11.26153846
882.5744167,10.60769231,9.876923077,7.661538462,13.23076923,12.27692308,16.07692308,16.20769231,11.70769231,2.423076923,5.169230769
882.7463952,4.8,6.161538462,6.853846154,7.769230769,5.415384615,13.96153846,8.992307692,6.215384615,13.57692308,7.761538462
882.9183559,7.538461538,17.63846154,12.40769231,14.25384615,12.75384615,18.62307692,13.2,15.15384615,7.684615385,8.207692308
883.0902988,0.792307692,10.95384615,6.676923077,9.8,8.376923077,4.569230769,10.14615385,5.4,3.992307692,9.307692308
883.2622239,13.77692308,7.7,6.2,13.63076923,7.738461538,11.92307692,12.58461538,21.04615385,8.792307692,17.65384615
883.4341311,13.18461538,4.053846154,7.576923077,7.076923077,7.761538462,10.76153846,12.2,11.88461538,5.1,10.04615385
883.6060205,11.76153846,9.4,17.08461538,7.061538462,8.384615385,7.715384615,5.846153846,6.415384615,4.484615385,3.976923077
883.777892,10.63846154,8.438461538,6.5,10.13076923,12.19230769,6.130769231,9.192307692,11.73846154,3.223076923,5.507692308
883.9497457,11.36923077,9.746153846,7.238461538,20.94615385,12.45384615,11.78461538,10.62307692,10,5.446153846,16.01538462
884.1215816,11.83846154,7.346153846,6.453846154,11.1,18.13076923,11.42307692,7.076923077,6.946153846,3.230769231,9.3
884.2933997,10.83076923,12.58461538,15.20769231,3.353846154,11.36923077,13.61538462,8.176923077,8.484615385,3.592307692,16.9
884.4651998,9.423076923,16.73076923,8.015384615,9.076923077,3.853846154,6.7,5.507692308,9.153846154,4.453846154,17.50769231
884.6369822,9.807692308,10.68461538,12.71538462,9.138461538,8.430769231,6.992307692,11.93846154,3.984615385,10.64615385,7.492307692
884.8087467,11.73076923,11.26153846,7.953846154,5.746153846,11.68461538,7.507692308,9.5,7.146153846,5.469230769,10.41538462
884.9804933,3.361538462,17.27692308,0.930769231,11.53846154,12.99230769,17.80769231,7.523076923,4.907692308,8.530769231,9.438461538
885.1522221,4.446153846,7.407692308,5.092307692,10.40769231,14.13076923,7.1,7.276923077,4.846153846,8.730769231,11.44615385
885.3239331,4.992307692,13.56153846,9.907692308,12.5,10.17692308,6.4,15.83846154,6.192307692,4.053846154,15.15384615
885.4956262,2.784615385,4.484615385,9.892307692,5.392307692,6.7,0.453846154,7.053846154,6.307692308,6.692307692,7.084615385
885.6673014,8.723076923,15.26923077,8.746153846,3.992307692,6.076923077,5.107692308,9.784615385,12.94615385,10.89230769,7.792307692
885.8389587,2.961538462,6.653846154,7.753846154,6.361538462,3.538461538,7.9,19.55384615,5.438461538,9.776923077,12.76153846
886.0105982,13.63846154,15.03846154,9.953846154,12.83846154,13.58461538,11.63846154,7.692307692,8.715384615,5.146153846,12.41538462
886.1822198,6.430769231,7.915384615,6.930769231,5.076923077,16.25384615,6.438461538,7.576923077,8.692307692,5.607692308,7.353846154
886.3538236,7.176923077,1.646153846,7.646153846,11.04615385,12.28461538,14.02307692,15.56153846,7.623076923,4.476923077,10.01538462
886.5254095,14.44615385,11.03846154,10.22307692,2.869230769,7.369230769,8.469230769,10.56153846,6.584615385,3.953846154,11.31538462
886.6969775,9.338461538,16.25384615,7.707692308,10.76923077,11.01538462,12.6,12.53076923,7.423076923,7.023076923,14.19230769
886.8685276,4.115384615,10.52307692,4.2,7.861538462,9.638461538,10.25384615,6.430769231,6.753846154,6.092307692,13.31538462
887.0400599,4.923076923,12.41538462,15.37692308,11.33846154,12.65384615,9.138461538,9.830769231,10.07692308,12.3,19.45384615
887.2115742,16.06923077,9.261538462,6.830769231,6.015384615,8.876923077,12.86153846,7.238461538,6.823076923,9.361538462,5.776923077
887.3830707,12.07692308,3.461538462,19.63076923,10.93846154,14.5,18.03076923,8.261538462,11.40769231,10.36923077,13.51538462
887.5545493,10.88461538,12.79230769,7.715384615,10.30769231,12.36153846,4.153846154,5.230769231,9.038461538,6.915384615,9.830769231
887.72601,12.78461538,4.561538462,11.9,11.24615385,10.83846154,13.78461538,16.06153846,8.392307692,6.238461538,12.40769231
887.8974528,6.776923077,9.661538462,6.515384615,2.923076923,19.07692308,12.13846154,7.607692308,1.384615385,4.7,7.507692308
888.0688777,15.63076923,12.33846154,11.61538462,11.01538462,6.884615385,12.23076923,11.40769231,5.146153846,12.13846154,16.69230769
888.2402848,4.753846154,4.807692308,1.138461538,9.730769231,3.530769231,8.253846154,17.60769231,6.830769231,10.84615385,10.45384615
888.4116739,13.47692308,6.507692308,13.44615385,12.80769231,3.769230769,15.73076923,9.607692308,13.66923077,5.315384615,15.26153846
888.5830451,7.607692308,7.423076923,7.515384615,3.561538462,5.484615385,8.223076923,3.284615385,16.35384615,1.938461538,7.138461538
888.7543984,15.3,15.05384615,16.88461538,12.48461538,13.03076923,17.52307692,9.376923077,14.63846154,11.92307692,17.1
888.9257338,10.66923077,2.738461538,5.3,15.08461538,8.676923077,5.661538462,8.107692308,13.6,4.715384615,7.453846154
889.0970513,7.638461538,6.346153846,14.01538462,1.638461538,13.30769231,8.630769231,10.95384615,5.238461538,12.74615385,7.984615385
889.2683509,6.069230769,11.64615385,9.261538462,6.092307692,7.676923077,6.853846154,6.946153846,2.376923077,3.123076923,5.892307692
889.4396326,12.64615385,8.753846154,3.684615385,7.584615385,8.592307692,7.223076923,15.4,9.184615385,11.33076923,11.94615385
889.6108963,8.007692308,8.638461538,6.830769231,5.784615385,6.861538462,6,7.307692308,5.2,10.57692308,14.28461538
889.7821422,8.9,10.11538462,7.838461538,7.438461538,11.14615385,4.484615385,5.138461538,7.969230769,6.884615385,8.676923077
889.9533701,0.415384615,7.438461538,10.14615385,3.292307692,10.19230769,5.223076923,7.353846154,9.023076923,5.669230769,6.138461538
890.1245801,18.63076923,16.76153846,14.13846154,9.923076923,9.330769231,8.823076923,12.50769231,10.34615385,11.60769231,11.14615385
890.2957721,8.2,7.338461538,7.1,7.938461538,4.084615385,4.930769231,10.30769231,6.630769231,5.907692308,9.084615385
890.4669463,5.053846154,6.961538462,5.807692308,6.753846154,5.5,5.723076923,16.49230769,17.17692308,4.784615385,13
890.6381025,1.923076923,6.5,5.092307692,15.85384615,4.630769231,3.046153846,7.823076923,4.676923077,8.138461538,4.738461538
890.8092408,11.44615385,14.06153846,13.53846154,16.94615385,6.369230769,10.13846154,16.5,12.66153846,9.061538462,6.669230769
890.9803611,4.838461538,10.68461538,11,6.261538462,8.661538462,6.623076923,3.976923077,8.169230769,12.57692308,3.161538462
891.1514635,3.292307692,15.23846154,12.92307692,10.26153846,2.6,14,10.66923077,8.153846154,5.992307692,8.846153846
891.322548,10.60769231,9.684615385,18.46153846,7.930769231,8.915384615,4.992307692,9.730769231,10.29230769,9.692307692,9.538461538
891.4936145,12.23846154,6.961538462,10.66923077,12.43076923,9.653846154,15.96153846,6.792307692,5.207692308,7.415384615,12.30769231
891.6646631,10.27692308,5.307692308,5.315384615,10.00769231,11.99230769,3.515384615,2.492307692,5.546153846,11.86923077,17.92307692
891.8356937,7.261538462,10.2,12.81538462,12.23076923,7.269230769,13.96923077,11.41538462,15.07692308,10.73846154,9.353846154
892.0067064,6.707692308,7.138461538,12.19230769,10.28461538,9.053846154,3.284615385,9.823076923,8.107692308,3.015384615,6.1
892.1777011,10.91538462,11.24615385,14.73846154,18.57692308,13.60769231,7.984615385,10.3,6.530769231,9.7,7.938461538
892.3486778,6.553846154,6.530769231,13.96153846,5.115384615,5.476923077,6.615384615,12.2,3.646153846,6.2,8.692307692
892.5196367,9.861538462,13.41538462,15.54615385,4.469230769,7.930769231,7.638461538,3.323076923,14.80769231,11.96153846,7.846153846
892.6905775,5.007692308,5.738461538,11.15384615,4.815384615,15.77692308,7.353846154,5.7,7.676923077,6.946153846,13.4
892.8615004,12.76153846,9.415384615,12.56153846,7.715384615,11.34615385,6.184615385,9.576923077,8.784615385,9.453846154,8.646153846
893.0324053,4.930769231,4.830769231,10.07692308,3.130769231,5.592307692,4.3,5.292307692,10.39230769,5.346153846,4.284615385
893.2032923,11.22307692,16.75384615,9.823076923,17.42307692,6.976923077,10.04615385,9.530769231,5.9,4.769230769,14.69230769
893.3741613,4.169230769,8.176923077,10.67692308,17.94615385,11.57692308,8.253846154,8.684615385,12.98461538,5.130769231,7.292307692
893.5450123,7.961538462,10.73076923,12.16923077,6.976923077,14.80769231,8.5,22.94615385,7.653846154,5.430769231,11.02307692
893.7158453,9.076923077,7.792307692,14.57692308,14.21538462,2.823076923,9.538461538,6.253846154,4.576923077,7.623076923,9.584615385
893.8866604,8.2,11.57692308,4.530769231,11.93846154,18.66153846,15.9,10.39230769,10.93076923,6.484615385,4.492307692
894.0574575,11.14615385,6.807692308,10.9,2.069230769,5.415384615,7.946153846,9.015384615,7.438461538,7.561538462,4.1
894.2282366,2.176923077,9.015384615,7.815384615,7.338461538,10.81538462,14.4,14.10769231,6.069230769,5.723076923,15.34615385
894.3989977,12.42307692,8.769230769,5.230769231,6.015384615,0.607692308,5.430769231,2.607692308,7.930769231,1.553846154,11.14615385
894.5697408,9.069230769,10.98461538,18.75384615,9.438461538,5.861538462,9.423076923,9.761538462,3.623076923,11.75384615,6.307692308
894.740466,11.88461538,10.57692308,11.33846154,14.05384615,10.43076923,7.246153846,10.56923077,4.615384615,8.246153846,4.153846154
894.9111731,12.4,9.976923077,14.3,12.49230769,8.5,10.76153846,20.5,15.66923077,8.838461538,13.6
895.0818623,7.838461538,7.707692308,7.953846154,4.292307692,4.1,4.961538462,6.576923077,9.853846154,2.961538462,4.6
895.2525334,11.40769231,18.07692308,9.223076923,1.884615385,8.584615385,9.9,13.67692308,9.153846154,1.684615385,12.25384615
895.4231866,10.81538462,8.338461538,13.76153846,2.215384615,2.330769231,5.007692308,12.63846154,7.161538462,0.769230769,14.94615385
895.5938218,11.03846154,9.884615385,6.061538462,17.96923077,14.73846154,9.169230769,14.11538462,11.4,9.392307692,8.192307692
895.7644389,8.684615385,4.3,13.01538462,16.36153846,10.5,6.115384615,10.65384615,8.723076923,6.984615385,3.546153846
895.9350381,4.869230769,8.846153846,12.23076923,9.923076923,6.561538462,17.51538462,8.692307692,10.48461538,10.83076923,6.546153846
896.1056192,14.31538462,8.746153846,6.146153846,9.815384615,5.592307692,11.02307692,4.323076923,12.15384615,4.115384615,4.5
896.2761823,6.361538462,8.438461538,11.61538462,7.692307692,4.976923077,8.176923077,7.646153846,4.846153846,10.61538462,9.407692308
896.4467275,8.223076923,12.81538462,9.207692308,3.253846154,5.538461538,8.661538462,3.953846154,2.584615385,2.392307692,7.215384615
896.6172546,5.915384615,11.41538462,14.10769231,10.03076923,8.638461538,10.47692308,0.107692308,9.976923077,7.6,11.32307692
896.7877637,3.123076923,12.62307692,9.669230769,7.453846154,3.815384615,8.538461538,8.776923077,7.661538462,8.438461538,10.35384615
896.9582547,4.046153846,7.546153846,18.90769231,17.38461538,11.51538462,9.753846154,11.47692308,13.25384615,11.00769231,16.20769231
897.1287278,7.015384615,5.938461538,15.73846154,10.72307692,6.315384615,1.653846154,6.330769231,4.915384615,3.361538462,10.33076923
897.2991828,9.607692308,13.64615385,14.96153846,13.28461538,7.623076923,4.646153846,7.130769231,10.29230769,7.823076923,5.6
897.4696198,5.769230769,9.9,5.030769231,10.60769231,5.992307692,5.307692308,3.330769231,6.838461538,1.492307692,3.492307692
897.6400387,8.376923077,12.26153846,18.25384615,5.523076923,11.06923077,9.423076923,16.20769231,6.423076923,6.876923077,1.046153846
897.8104397,1.946153846,5.284615385,9.653846154,6.553846154,6.953846154,8.238461538,11.16923077,3.907692308,2.853846154,12.2
897.9808226,9.669230769,4.892307692,14.46923077,18.96153846,9.653846154,5.753846154,7.430769231,12.20769231,6.523076923,1.538461538
898.1511874,2.276923077,7.853846154,6.576923077,9.561538462,16.24615385,5.630769231,2.453846154,3.946153846,5.476923077,4.176923077
898.3215343,10.93846154,20.51538462,11.26153846,12.30769231,8.361538462,13.64615385,4.430769231,8.338461538,2.715384615,7.492307692
898.491863,10.12307692,9.176923077,13.03076923,8.615384615,8.161538462,8.838461538,5.323076923,12.21538462,5.423076923,8.115384615
898.6621738,11.13076923,7.561538462,13.37692308,7.507692308,7,15.25384615,7.876923077,5.184615385,12.16153846,11.3
898.8324664,5.646153846,14.11538462,9.330769231,9.5,7.184615385,11.76923077,7.538461538,2.946153846,7.369230769,6.107692308
899.0027411,7.038461538,12.56153846,6.015384615,6.961538462,10.62307692,8.561538462,7.384615385,16.08461538,4.3,11.32307692
899.1729977,13.58461538,6.353846154,11.58461538,7.323076923,6.030769231,4.061538462,7.823076923,9.1,9.630769231,14.49230769
899.3432362,7.469230769,8.161538462,10.73076923,8.669230769,7.961538462,6.892307692,10.17692308,12.33076923,8.692307692,7.461538462
899.5134567,4.292307692,2.123076923,9.230769231,7.223076923,11.27692308,7.4,9.392307692,2.453846154,0,10.75384615
899.6836591,8.361538462,11.86153846,15.48461538,16.67692308,11.56153846,10.59230769,16.49230769,12.87692308,12.20769231,13.51538462
899.8538434,7.076923077,13.46153846,18.13076923,8.315384615,9.953846154,7.946153846,10.58461538,1.484615385,0.623076923,7.946153846
900.0240097,9.169230769,15.66923077,7.569230769,19.68461538,10.32307692,12.24615385,7.961538462,11.03846154,5.861538462,10.69230769
900.1941579,3.861538462,10.92307692,7.215384615,1.223076923,7.484615385,13.47692308,4.553846154,2.523076923,4.361538462,2.115384615
900.3642881,7.323076923,12.93846154,11.63846154,3.7,17.76153846,8.946153846,2.630769231,8.769230769,12.44615385,13.6
900.5344002,9.276923077,16.06153846,3.969230769,8.776923077,11.04615385,6.361538462,4.484615385,6.853846154,8.315384615,7.361538462
900.7044942,6.038461538,12,9.807692308,6.823076923,6.2,7.730769231,5.753846154,8.976923077,8.7,10.70769231
900.8745701,3.753846154,11.10769231,9.015384615,14.75384615,6.769230769,8.153846154,8.192307692,5.107692308,5.746153846,4.176923077
901.044628,14.98461538,17.11538462,11.55384615,19.86153846,18.23076923,13.04615385,16.5,3.161538462,8.853846154,17.06923077
901.2146678,4.615384615,10.93076923,6.953846154,8.484615385,5.846153846,5.576923077,7.9,6.592307692,7.392307692,3.046153846
901.3846895,6.638461538,12.83076923,13.21538462,5.538461538,15.72307692,14.7,12.30769231,7.907692308,12.13846154,10.60769231
901.5546931,1.015384615,3.615384615,15.36153846,7.561538462,13.62307692,13.97692308,8.5,5.392307692,3.361538462,10.15384615
901.7246786,1.246153846,16.36153846,15.43846154,15.4,11.28461538,9.784615385,7.038461538,6.438461538,11.83076923,7.830769231
901.894646,3.838461538,10.28461538,7.446153846,11.24615385,16.56153846,3.715384615,4.315384615,6.584615385,0.684615385,6.707692308
902.0645953,21.10769231,7.884615385,5.492307692,11.33846154,13.54615385,8.938461538,9.823076923,11.02307692,3.492307692,14.36153846
902.2345266,0.461538462,13.48461538,3.784615385,9.507692308,3.592307692,4.792307692,4.692307692,7.184615385,2.907692308,12.30769231
902.4044397,4.784615385,7.084615385,11.47692308,9.692307692,6.9,15.11538462,12.98461538,6.369230769,11.83846154,5.492307692
902.5743348,2.084615385,0.615384615,5.453846154,7.807692308,5.015384615,4.538461538,5.915384615,2.976923077,0.3,6.992307692
902.7442117,19.50769231,14.47692308,16.12307692,13.03076923,12.01538462,9.692307692,6.330769231,2.023076923,10.03846154,4.630769231
902.9140705,7,10.1,5.576923077,5.984615385,8.130769231,2.5,16.26923077,12.65384615,6.961538462,5.561538462
903.0839113,9.053846154,12.63846154,8.853846154,9.746153846,10.50769231,11.59230769,7.330769231,9.938461538,11.56153846,13.31538462
903.2537339,9.053846154,12.63846154,8.853846154,9.746153846,10.50769231,11.59230769,7.330769231,9.938461538,11.56153846,13.31538462
903.4235384,9.053846154,12.63846154,8.853846154,9.746153846,10.50769231,11.59230769,7.330769231,9.938461538,11.56153846,13.31538462
903.5933248,9.053846154,12.63846154,8.853846154,9.746153846,10.50769231,11.59230769,7.330769231,9.938461538,11.56153846,13.31538462
903.763093,9.053846154,12.63846154,8.853846154,9.746153846,10.50769231,11.59230769,7.330769231,9.938461538,11.56153846,13.31538462
903.9328432,9.053846154,12.63846154,8.853846154,9.746153846,10.50769231,11.59230769,7.330769231,9.938461538,11.56153846,13.31538462
904.1025752,9.053846154,12.63846154,8.853846154,9.746153846,10.50769231,11.59230769,7.330769231,9.938461538,11.56153846,13.31538462
904.2722891,9.053846154,12.63846154,8.853846154,9.746153846,10.50769231,11.59230769,7.330769231,9.938461538,11.56153846,13.31538462
904.4419849,9.053846154,12.63846154,8.853846154,9.746153846,10.50769231,11.59230769,7.330769231,9.938461538,11.56153846,13.31538462
904.6116626,9.053846154,12.63846154,8.853846154,9.746153846,10.50769231,11.59230769,7.330769231,9.938461538,11.56153846,13.31538462
904.7813221,9.053846154,12.63846154,8.853846154,9.746153846,10.50769231,11.59230769,7.330769231,9.938461538,11.56153846,13.31538462
904.9509635,9.053846154,12.63846154,8.853846154,9.746153846,10.50769231,11.59230769,7.330769231,9.938461538,11.56153846,13.31538462
905.1205867,9.053846154,12.63846154,8.853846154,9.746153846,10.50769231,11.59230769,7.330769231,9.938461538,11.56153846,13.31538462
905.2901918,9.053846154,12.63846154,8.853846154,9.746153846,10.50769231,11.59230769,7.330769231,9.938461538,11.56153846,13.31538462
905.4597788,9.053846154,12.63846154,8.853846154,9.746153846,10.50769231,11.59230769,7.330769231,9.938461538,11.56153846,13.31538462
905.6293476,9.053846154,12.63846154,8.853846154,9.746153846,10.50769231,11.59230769,7.330769231,9.938461538,11.56153846,13.31538462
905.7988983,9.053846154,12.63846154,8.853846154,9.746153846,10.50769231,11.59230769,7.330769231,9.938461538,11.56153846,13.31538462
905.9684309,9.053846154,12.63846154,8.853846154,9.746153846,10.50769231,11.59230769,7.330769231,9.938461538,11.56153846,13.31538462
906.1379452,9.053846154,12.63846154,8.853846154,9.746153846,10.50769231,11.59230769,7.330769231,9.938461538,11.56153846,13.31538462
906.3074415,9.053846154,12.63846154,8.853846154,9.746153846,10.50769231,11.59230769,7.330769231,9.938461538,11.56153846,13.31538462
906.4769195,9.053846154,12.63846154,8.853846154,9.746153846,10.50769231,11.59230769,7.330769231,9.938461538,11.56153846,13.31538462
906.6463794,9.053846154,12.63846154,8.853846154,9.746153846,10.50769231,11.59230769,7.330769231,9.938461538,11.56153846,13.31538462
906.8158212,9.053846154,12.63846154,8.853846154,9.746153846,10.50769231,11.59230769,7.330769231,9.938461538,11.56153846,13.31538462
906.9852448,9.053846154,12.63846154,8.853846154,9.746153846,10.50769231,11.59230769,7.330769231,9.938461538,11.56153846,13.31538462
907.1546502,9.053846154,12.63846154,8.853846154,9.746153846,10.50769231,11.59230769,7.330769231,9.938461538,11.56153846,13.31538462
907.3240375,9.053846154,12.63846154,8.853846154,9.746153846,10.50769231,11.59230769,7.330769231,9.938461538,11.56153846,13.31538462
907.4934066,9.053846154,12.63846154,8.853846154,9.746153846,10.50769231,11.59230769,7.330769231,9.938461538,11.56153846,13.31538462
907.6627575,9.053846154,12.63846154,8.853846154,9.746153846,10.50769231,11.59230769,7.330769231,9.938461538,11.56153846,13.31538462
907.8320902,9.053846154,12.63846154,8.853846154,9.746153846,10.50769231,11.59230769,7.330769231,9.938461538,11.56153846,13.31538462
908.0014048,9.053846154,12.63846154,8.853846154,9.746153846,10.50769231,11.59230769,7.330769231,9.938461538,11.56153846,13.31538462
908.1707012,9.053846154,12.63846154,8.853846154,9.746153846,10.50769231,11.59230769,7.330769231,9.938461538,11.56153846,13.31538462
908.3399794,9.053846154,12.63846154,8.853846154,9.746153846,10.50769231,11.59230769,7.330769231,9.938461538,11.56153846,13.31538462
908.5092394,9.053846154,12.63846154,8.853846154,9.746153846,10.50769231,11.59230769,7.330769231,9.938461538,11.56153846,13.31538462
908.6784812,9.053846154,12.63846154,8.853846154,9.746153846,10.50769231,11.59230769,7.330769231,9.938461538,11.56153846,13.31538462
908.8477048,9.053846154,12.63846154,8.853846154,9.746153846,10.50769231,11.59230769,7.330769231,9.938461538,11.56153846,13.31538462
909.0169103,9.053846154,12.63846154,8.853846154,9.746153846,10.50769231,11.59230769,7.330769231,9.938461538,11.56153846,13.31538462
909.1860975,9.053846154,12.63846154,8.853846154,9.746153846,10.50769231,11.59230769,7.330769231,9.938461538,11.56153846,13.31538462
909.3552666,9.053846154,12.63846154,8.853846154,9.746153846,10.50769231,11.59230769,7.330769231,9.938461538,11.56153846,13.31538462
909.5244175,9.053846154,12.63846154,8.853846154,9.746153846,10.50769231,11.59230769,7.330769231,9.938461538,11.56153846,13.31538462
909.6935501,9.053846154,12.63846154,8.853846154,9.746153846,10.50769231,11.59230769,7.330769231,9.938461538,11.56153846,13.31538462
909.8626646,9.053846154,12.63846154,8.853846154,9.746153846,10.50769231,11.59230769,7.330769231,9.938461538,11.56153846,13.31538462
910.0317608,9.053846154,12.63846154,8.853846154,9.746153846,10.50769231,11.59230769,7.330769231,9.938461538,11.56153846,13.31538462
910.2008388,9.053846154,12.63846154,8.853846154,9.746153846,10.50769231,11.59230769,7.330769231,9.938461538,11.56153846,13.31538462
910.3698987,9.053846154,12.63846154,8.853846154,9.746153846,10.50769231,11.59230769,7.330769231,9.938461538,11.56153846,13.31538462
910.5389403,9.053846154,12.63846154,8.853846154,9.746153846,10.50769231,11.59230769,7.330769231,9.938461538,11.56153846,13.31538462
910.7079637,9.053846154,12.63846154,8.853846154,9.746153846,10.50769231,11.59230769,7.330769231,9.938461538,11.56153846,13.31538462
910.8769688,9.053846154,12.63846154,8.853846154,9.746153846,10.50769231,11.59230769,7.330769231,9.938461538,11.56153846,13.31538462
911.0459558,9.053846154,12.63846154,8.853846154,9.746153846,10.50769231,11.59230769,7.330769231,9.938461538,11.56153846,13.31538462
911.2149245,9.053846154,12.63846154,8.853846154,9.746153846,10.50769231,11.59230769,7.330769231,9.938461538,11.56153846,13.31538462
911.383875,9.053846154,12.63846154,8.853846154,9.746153846,10.50769231,11.59230769,7.330769231,9.938461538,11.56153846,13.31538462
911.5528073,9.053846154,12.63846154,8.853846154,9.746153846,10.50769231,11.59230769,7.330769231,9.938461538,11.56153846,13.31538462
911.7217214,9.053846154,12.63846154,8.853846154,9.746153846,10.50769231,11.59230769,7.330769231,9.938461538,11.56153846,13.31538462
911.8906172,9.053846154,12.63846154,8.853846154,9.746153846,10.50769231,11.59230769,7.330769231,9.938461538,11.56153846,13.31538462
912.0594947,9.053846154,12.63846154,8.853846154,9.746153846,10.50769231,11.59230769,7.330769231,9.938461538,11.56153846,13.31538462
912.2283541,9.053846154,12.63846154,8.853846154,9.746153846,10.50769231,11.59230769,7.330769231,9.938461538,11.56153846,13.31538462
912.3971952,9.053846154,12.63846154,8.853846154,9.746153846,10.50769231,11.59230769,7.330769231,9.938461538,11.56153846,13.31538462
912.566018,9.053846154,12.63846154,8.853846154,9.746153846,10.50769231,11.59230769,7.330769231,9.938461538,11.56153846,13.31538462
912.7348226,9.053846154,12.63846154,8.853846154,9.746153846,10.50769231,11.59230769,7.330769231,9.938461538,11.56153846,13.31538462
912.903609,9.053846154,12.63846154,8.853846154,9.746153846,10.50769231,11.59230769,7.330769231,9.938461538,11.56153846,13.31538462
913.0723771,9.053846154,12.63846154,8.853846154,9.746153846,10.50769231,11.59230769,7.330769231,9.938461538,11.56153846,13.31538462
913.241127,9.053846154,12.63846154,8.853846154,9.746153846,10.50769231,11.59230769,7.330769231,9.938461538,11.56153846,13.31538462
913.4098586,9.053846154,12.63846154,8.853846154,9.746153846,10.50769231,11.59230769,7.330769231,9.938461538,11.56153846,13.31538462
913.5785719,9.053846154,12.63846154,8.853846154,9.746153846,10.50769231,11.59230769,7.330769231,9.938461538,11.56153846,13.31538462
913.747267,9.053846154,12.63846154,8.853846154,9.746153846,10.50769231,11.59230769,7.330769231,9.938461538,11.56153846,13.31538462
913.9159439,9.053846154,12.63846154,8.853846154,9.746153846,10.50769231,11.59230769,7.330769231,9.938461538,11.56153846,13.31538462
914.0846024,9.053846154,12.63846154,8.853846154,9.746153846,10.50769231,11.59230769,7.330769231,9.938461538,11.56153846,13.31538462
914.2532427,9.053846154,12.63846154,8.853846154,9.746153846,10.50769231,11.59230769,7.330769231,9.938461538,11.56153846,13.31538462
914.4218647,9.053846154,12.63846154,8.853846154,9.746153846,10.50769231,11.59230769,7.330769231,9.938461538,11.56153846,13.31538462
914.5904685,9.053846154,12.63846154,8.853846154,9.746153846,10.50769231,11.59230769,7.330769231,9.938461538,11.56153846,13.31538462
914.759054,9.053846154,12.63846154,8.853846154,9.746153846,10.50769231,11.59230769,7.330769231,9.938461538,11.56153846,13.31538462
914.9276212,9.053846154,12.63846154,8.853846154,9.746153846,10.50769231,11.59230769,7.330769231,9.938461538,11.56153846,13.31538462
915.0961701,9.053846154,12.63846154,8.853846154,9.746153846,10.50769231,11.59230769,7.330769231,9.938461538,11.56153846,13.31538462
915.2647008,9.053846154,12.63846154,8.853846154,9.746153846,10.50769231,11.59230769,7.330769231,9.938461538,11.56153846,13.31538462
915.4332131,9.053846154,12.63846154,8.853846154,9.746153846,10.50769231,11.59230769,7.330769231,9.938461538,11.56153846,13.31538462
915.6017072,9.053846154,12.63846154,8.853846154,9.746153846,10.50769231,11.59230769,7.330769231,9.938461538,11.56153846,13.31538462
915.770183,9.053846154,12.63846154,8.853846154,9.746153846,10.50769231,11.59230769,7.330769231,9.938461538,11.56153846,13.31538462
915.9386405,9.053846154,12.63846154,8.853846154,9.746153846,10.50769231,11.59230769,7.330769231,9.938461538,11.56153846,13.31538462
916.1070797,9.053846154,12.63846154,8.853846154,9.746153846,10.50769231,11.59230769,7.330769231,9.938461538,11.56153846,13.31538462
916.2755006,9.053846154,12.63846154,8.853846154,9.746153846,10.50769231,11.59230769,7.330769231,9.938461538,11.56153846,13.31538462
916.4439032,9.053846154,12.63846154,8.853846154,9.746153846,10.50769231,11.59230769,7.330769231,9.938461538,11.56153846,13.31538462
916.6122875,9.053846154,12.63846154,8.853846154,9.746153846,10.50769231,11.59230769,7.330769231,9.938461538,11.56153846,13.31538462
916.7806535,9.053846154,12.63846154,8.853846154,9.746153846,10.50769231,11.59230769,7.330769231,9.938461538,11.56153846,13.31538462
916.9490012,9.053846154,12.63846154,8.853846154,9.746153846,10.50769231,11.59230769,7.330769231,9.938461538,11.56153846,13.31538462
917.1173306,9.053846154,12.63846154,8.853846154,9.746153846,10.50769231,11.59230769,7.330769231,9.938461538,11.56153846,13.31538462
917.2856416,9.053846154,12.63846154,8.853846154,9.746153846,10.50769231,11.59230769,7.330769231,9.938461538,11.56153846,13.31538462
917.4539344,9.053846154,12.63846154,8.853846154,9.746153846,10.50769231,11.59230769,7.330769231,9.938461538,11.56153846,13.31538462
917.6222089,9.053846154,12.63846154,8.853846154,9.746153846,10.50769231,11.59230769,7.330769231,9.938461538,11.56153846,13.31538462
917.790465,9.053846154,12.63846154,8.853846154,9.746153846,10.50769231,11.59230769,7.330769231,9.938461538,11.56153846,13.31538462
917.9587028,9.053846154,12.63846154,8.853846154,9.746153846,10.50769231,11.59230769,7.330769231,9.938461538,11.56153846,13.31538462
918.1269223,9.053846154,12.63846154,8.853846154,9.746153846,10.50769231,11.59230769,7.330769231,9.938461538,11.56153846,13.31538462
918.2951234,9.053846154,12.63846154,8.853846154,9.746153846,10.50769231,11.59230769,7.330769231,9.938461538,11.56153846,13.31538462
918.4633063,9.053846154,12.63846154,8.853846154,9.746153846,10.50769231,11.59230769,7.330769231,9.938461538,11.56153846,13.31538462
918.6314708,9.053846154,12.63846154,8.853846154,9.746153846,10.50769231,11.59230769,7.330769231,9.938461538,11.56153846,13.31538462
918.799617,9.053846154,12.63846154,8.853846154,9.746153846,10.50769231,11.59230769,7.330769231,9.938461538,11.56153846,13.31538462
918.9677448,9.053846154,12.63846154,8.853846154,9.746153846,10.50769231,11.59230769,7.330769231,9.938461538,11.56153846,13.31538462
919.1358543,9.053846154,12.63846154,8.853846154,9.746153846,10.50769231,11.59230769,7.330769231,9.938461538,11.56153846,13.31538462
919.3039455,9.053846154,12.63846154,8.853846154,9.746153846,10.50769231,11.59230769,7.330769231,9.938461538,11.56153846,13.31538462
919.4720183,9.053846154,12.63846154,8.853846154,9.746153846,10.50769231,11.59230769,7.330769231,9.938461538,11.56153846,13.31538462
919.6400728,9.053846154,12.63846154,8.853846154,9.746153846,10.50769231,11.59230769,7.330769231,9.938461538,11.56153846,13.31538462
919.8081089,9.053846154,12.63846154,8.853846154,9.746153846,10.50769231,11.59230769,7.330769231,9.938461538,11.56153846,13.31538462
919.9761267,9.053846154,12.63846154,8.853846154,9.746153846,10.50769231,11.59230769,7.330769231,9.938461538,11.56153846,13.31538462
920.1441261,9.053846154,12.63846154,8.853846154,9.746153846,10.50769231,11.59230769,7.330769231,9.938461538,11.56153846,13.31538462
920.3121072,9.053846154,12.63846154,8.853846154,9.746153846,10.50769231,11.59230769,7.330769231,9.938461538,11.56153846,13.31538462
920.4800699,9.053846154,12.63846154,8.853846154,9.746153846,10.50769231,11.59230769,7.330769231,9.938461538,11.56153846,13.31538462
920.6480143,9.053846154,12.63846154,8.853846154,9.746153846,10.50769231,11.59230769,7.330769231,9.938461538,11.56153846,13.31538462
920.8159403,9.053846154,12.63846154,8.853846154,9.746153846,10.50769231,11.59230769,7.330769231,9.938461538,11.56153846,13.31538462
920.9838479,9.053846154,12.63846154,8.853846154,9.746153846,10.50769231,11.59230769,7.330769231,9.938461538,11.56153846,13.31538462
921.1517372,9.053846154,12.63846154,8.853846154,9.746153846,10.50769231,11.59230769,7.330769231,9.938461538,11.56153846,13.31538462
921.3196081,9.053846154,12.63846154,8.853846154,9.746153846,10.50769231,11.59230769,7.330769231,9.938461538,11.56153846,13.31538462
921.4874606,9.053846154,12.63846154,8.853846154,9.746153846,10.50769231,11.59230769,7.330769231,9.938461538,11.56153846,13.31538462
921.6552948,9.053846154,12.63846154,8.853846154,9.746153846,10.50769231,11.59230769,7.330769231,9.938461538,11.56153846,13.31538462
921.8231105,9.053846154,12.63846154,8.853846154,9.746153846,10.50769231,11.59230769,7.330769231,9.938461538,11.56153846,13.31538462
921.9909079,9.053846154,12.63846154,8.853846154,9.746153846,10.50769231,11.59230769,7.330769231,9.938461538,11.56153846,13.31538462
922.158687,9.053846154,12.63846154,8.853846154,9.746153846,10.50769231,11.59230769,7.330769231,9.938461538,11.56153846,13.31538462
922.3264476,9.053846154,12.63846154,8.853846154,9.746153846,10.50769231,11.59230769,7.330769231,9.938461538,11.56153846,13.31538462
922.4941898,9.053846154,12.63846154,8.853846154,9.746153846,10.50769231,11.59230769,7.330769231,9.938461538,11.56153846,13.31538462
922.6619137,9.053846154,12.63846154,8.853846154,9.746153846,10.50769231,11.59230769,7.330769231,9.938461538,11.56153846,13.31538462
922.8296192,9.053846154,12.63846154,8.853846154,9.746153846,10.50769231,11.59230769,7.330769231,9.938461538,11.56153846,13.31538462
922.9973063,9.053846154,12.63846154,8.853846154,9.746153846,10.50769231,11.59230769,7.330769231,9.938461538,11.56153846,13.31538462
923.164975,9.053846154,12.63846154,8.853846154,9.746153846,10.50769231,11.59230769,7.330769231,9.938461538,11.56153846,13.31538462
923.3326252,9.053846154,12.63846154,8.853846154,9.746153846,10.50769231,11.59230769,7.330769231,9.938461538,11.56153846,13.31538462
923.5002571,9.053846154,12.63846154,8.853846154,9.746153846,10.50769231,11.59230769,7.330769231,9.938461538,11.56153846,13.31538462
923.6678706,9.053846154,12.63846154,8.853846154,9.746153846,10.50769231,11.59230769,7.330769231,9.938461538,11.56153846,13.31538462
923.8354657,9.053846154,12.63846154,8.853846154,9.746153846,10.50769231,11.59230769,7.330769231,9.938461538,11.56153846,13.31538462
924.0030424,9.053846154,12.63846154,8.853846154,9.746153846,10.50769231,11.59230769,7.330769231,9.938461538,11.56153846,13.31538462
924.1706006,9.053846154,12.63846154,8.853846154,9.746153846,10.50769231,11.59230769,7.330769231,9.938461538,11.56153846,13.31538462
924.3381405,9.053846154,12.63846154,8.853846154,9.746153846,10.50769231,11.59230769,7.330769231,9.938461538,11.56153846,13.31538462
924.5056619,9.053846154,12.63846154,8.853846154,9.746153846,10.50769231,11.59230769,7.330769231,9.938461538,11.56153846,13.31538462
924.673165,9.053846154,12.63846154,8.853846154,9.746153846,10.50769231,11.59230769,7.330769231,9.938461538,11.56153846,13.31538462
924.8406496,9.053846154,12.63846154,8.853846154,9.746153846,10.50769231,11.59230769,7.330769231,9.938461538,11.56153846,13.31538462
925.0081158,9.053846154,12.63846154,8.853846154,9.746153846,10.50769231,11.59230769,7.330769231,9.938461538,11.56153846,13.31538462
925.1755635,9.053846154,12.63846154,8.853846154,9.746153846,10.50769231,11.59230769,7.330769231,9.938461538,11.56153846,13.31538462
925.3429928,9.053846154,12.63846154,8.853846154,9.746153846,10.50769231,11.59230769,7.330769231,9.938461538,11.56153846,13.31538462
925.5104037,9.053846154,12.63846154,8.853846154,9.746153846,10.50769231,11.59230769,7.330769231,9.938461538,11.56153846,13.31538462
925.6777962,9.053846154,12.63846154,8.853846154,9.746153846,10.50769231,11.59230769,7.330769231,9.938461538,11.56153846,13.31538462
925.8451702,9.053846154,12.63846154,8.853846154,9.746153846,10.50769231,11.59230769,7.330769231,9.938461538,11.56153846,13.31538462
926.0125258,9.053846154,12.63846154,8.853846154,9.746153846,10.50769231,11.59230769,7.330769231,9.938461538,11.56153846,13.31538462
926.179863,9.053846154,12.63846154,8.853846154,9.746153846,10.50769231,11.59230769,7.330769231,9.938461538,11.56153846,13.31538462
926.3471817,9.053846154,12.63846154,8.853846154,9.746153846,10.50769231,11.59230769,7.330769231,9.938461538,11.56153846,13.31538462
926.514482,9.053846154,12.63846154,8.853846154,9.746153846,10.50769231,11.59230769,7.330769231,9.938461538,11.56153846,13.31538462
926.6817638,9.053846154,12.63846154,8.853846154,9.746153846,10.50769231,11.59230769,7.330769231,9.938461538,11.56153846,13.31538462
926.8490272,9.053846154,12.63846154,8.853846154,9.746153846,10.50769231,11.59230769,7.330769231,9.938461538,11.56153846,13.31538462
927.0162722,9.053846154,12.63846154,8.853846154,9.746153846,10.50769231,11.59230769,7.330769231,9.938461538,11.56153846,13.31538462
927.1834986,9.053846154,12.63846154,8.853846154,9.746153846,10.50769231,11.59230769,7.330769231,9.938461538,11.56153846,13.31538462
927.3507067,9.053846154,12.63846154,8.853846154,9.746153846,10.50769231,11.59230769,7.330769231,9.938461538,11.56153846,13.31538462
927.5178962,9.053846154,12.63846154,8.853846154,9.746153846,10.50769231,11.59230769,7.330769231,9.938461538,11.56153846,13.31538462
927.6850673,9.053846154,12.63846154,8.853846154,9.746153846,10.50769231,11.59230769,7.330769231,9.938461538,11.56153846,13.31538462
927.85222,9.053846154,12.63846154,8.853846154,9.746153846,10.50769231,11.59230769,7.330769231,9.938461538,11.56153846,13.31538462
928.0193542,9.053846154,12.63846154,8.853846154,9.746153846,10.50769231,11.59230769,7.330769231,9.938461538,11.56153846,13.31538462
928.1864699,9.053846154,12.63846154,8.853846154,9.746153846,10.50769231,11.59230769,7.330769231,9.938461538,11.56153846,13.31538462
928.3535671,9.053846154,12.63846154,8.853846154,9.746153846,10.50769231,11.59230769,7.330769231,9.938461538,11.56153846,13.31538462
928.5206459,9.053846154,12.63846154,8.853846154,9.746153846,10.50769231,11.59230769,7.330769231,9.938461538,11.56153846,13.31538462
928.6877062,9.053846154,12.63846154,8.853846154,9.746153846,10.50769231,11.59230769,7.330769231,9.938461538,11.56153846,13.31538462
928.854748,9.053846154,12.63846154,8.853846154,9.746153846,10.50769231,11.59230769,7.330769231,9.938461538,11.56153846,13.31538462
929.0217713,9.053846154,12.63846154,8.853846154,9.746153846,10.50769231,11.59230769,7.330769231,9.938461538,11.56153846,13.31538462
929.1887762,9.053846154,12.63846154,8.853846154,9.746153846,10.50769231,11.59230769,7.330769231,9.938461538,11.56153846,13.31538462
929.3557625,9.053846154,12.63846154,8.853846154,9.746153846,10.50769231,11.59230769,7.330769231,9.938461538,11.56153846,13.31538462
929.5227304,9.053846154,12.63846154,8.853846154,9.746153846,10.50769231,11.59230769,7.330769231,9.938461538,11.56153846,13.31538462
929.6896798,9.053846154,12.63846154,8.853846154,9.746153846,10.50769231,11.59230769,7.330769231,9.938461538,11.56153846,13.31538462
929.8566107,9.053846154,12.63846154,8.853846154,9.746153846,10.50769231,11.59230769,7.330769231,9.938461538,11.56153846,13.31538462
930.0235231,9.053846154,12.63846154,8.853846154,9.746153846,10.50769231,11.59230769,7.330769231,9.938461538,11.56153846,13.31538462
930.190417,9.053846154,12.63846154,8.853846154,9.746153846,10.50769231,11.59230769,7.330769231,9.938461538,11.56153846,13.31538462
930.3572924,9.053846154,12.63846154,8.853846154,9.746153846,10.50769231,11.59230769,7.330769231,9.938461538,11.56153846,13.31538462
930.5241493,9.053846154,12.63846154,8.853846154,9.746153846,10.50769231,11.59230769,7.330769231,9.938461538,11.56153846,13.31538462
930.6909877,9.053846154,12.63846154,8.853846154,9.746153846,10.50769231,11.59230769,7.330769231,9.938461538,11.56153846,13.31538462
930.8578076,9.053846154,12.63846154,8.853846154,9.746153846,10.50769231,11.59230769,7.330769231,9.938461538,11.56153846,13.31538462
931.024609,9.053846154,12.63846154,8.853846154,9.746153846,10.50769231,11.59230769,7.330769231,9.938461538,11.56153846,13.31538462
931.1913919,9.053846154,12.63846154,8.853846154,9.746153846,10.50769231,11.59230769,7.330769231,9.938461538,11.56153846,13.31538462
931.3581563,9.053846154,12.63846154,8.853846154,9.746153846,10.50769231,11.59230769,7.330769231,9.938461538,11.56153846,13.31538462
931.5249021,9.053846154,12.63846154,8.853846154,9.746153846,10.50769231,11.59230769,7.330769231,9.938461538,11.56153846,13.31538462
931.6916295,9.053846154,12.63846154,8.853846154,9.746153846,10.50769231,11.59230769,7.330769231,9.938461538,11.56153846,13.31538462
931.8583383,9.053846154,12.63846154,8.853846154,9.746153846,10.50769231,11.59230769,7.330769231,9.938461538,11.56153846,13.31538462
