lambda,1,2,3,4,5,6,7,8,9,10,11
200.1568973,17.39230769,11.42307692,15.63076923,7.823076923,9.792307692,18.56923077,8.207692308,10.38461538,23.16153846,22.93076923,14.23076923
200.3759475,6.215384615,12.61538462,11.17692308,12.71538462,10.35384615,12.00769231,9.169230769,17.10769231,13.23846154,14.75384615,14.14615385
200.5949882,12.74615385,18.6,7.007692308,11.70769231,4.276923077,13.38461538,19.87692308,13.9,16.33846154,14.98461538,13.84615385
200.8140194,16.62307692,5.523076923,12.09230769,8.284615385,12.06923077,9.723076923,8.276923077,11.8,12.26153846,14.29230769,6.292307692
201.0330411,7.976923077,16.56153846,7.269230769,14.94615385,8.3,6.5,14.09230769,25.80769231,10.1,18.23076923,13.80769231
201.2520534,8.876923077,6.115384615,13.36153846,11.27692308,7.338461538,12.71538462,17.67692308,11.99230769,6.669230769,12.35384615,11.18461538
201.4710561,12.26923077,11.86153846,10.54615385,14.66153846,7.676923077,12.93846154,17.73076923,8.069230769,13.26153846,18.45384615,14.63076923
201.6900493,4.523076923,5.238461538,13.83846154,10.77692308,6.707692308,4.746153846,8.492307692,11.40769231,7.3,21.68461538,6.553846154
201.9090331,10.47692308,13.54615385,11.98461538,8.861538462,18.66153846,14.5,14.76923077,6.384615385,13.43846154,21.17692308,10.66923077
202.1280073,7.646153846,6.284615385,6.930769231,6.307692308,7.253846154,7.507692308,13.55384615,9.592307692,6.884615385,16.56923077,8.138461538
202.346972,8.084615385,4.553846154,15.87692308,14.50769231,8.915384615,12.33076923,10.84615385,4.976923077,10.20769231,15.00769231,12.85384615
202.5659272,4.446153846,12.95384615,10.87692308,12.18461538,8.138461538,1.8,10.23846154,10.27692308,6.576923077,6.915384615,12.72307692
202.784873,13.63846154,11.01538462,4.669230769,11.13846154,13.5,9.976923077,8.992307692,9.569230769,16.41538462,7.053846154,8.5
203.0038092,7.407692308,8.823076923,5.592307692,9.3,9.153846154,5.1,17.33076923,8.130769231,13.49230769,9.684615385,9.130769231
203.2227359,15.56923077,19.16923077,21.48461538,16.21538462,15.14615385,18.06923077,19.45384615,14.23846154,21.40769231,22.73846154,17.99230769
203.441653,12.25384615,7.084615385,12.46153846,10.13846154,4.992307692,6.792307692,6.192307692,10.21538462,7.646153846,10.03076923,18.6
203.6605607,12.26153846,7.946153846,14.7,18.36923077,11.77692308,7.746153846,13.53846154,11.41538462,3,12.28461538,15.63076923
203.8794588,4.653846154,6.538461538,10.66153846,12.43076923,2.661538462,5.576923077,8.569230769,11.40769231,11.8,12.40769231,14.53846154
204.0983474,12.35384615,19.85384615,9.738461538,16.8,10.26153846,16.5,14.86923077,15.28461538,12.11538462,18.45384615,10.78461538
204.3172265,4.815384615,10.73076923,9.630769231,2.084615385,6.753846154,6.453846154,8.053846154,5.615384615,7.276923077,11.53846154,9.215384615
204.5360961,8.253846154,15.53846154,14.92307692,11.68461538,12.58461538,9.853846154,15.35384615,17.9,22.01538462,17.48461538,14.98461538
204.7549561,7.715384615,7.769230769,12.07692308,9.853846154,4,7.115384615,16.73076923,18.77692308,7.169230769,12.20769231,10.42307692
204.9738066,8.215384615,16.46923077,17.24615385,14.38461538,12.50769231,10.30769231,10.81538462,10.46153846,14.87692308,17.3,20.96923077
205.1926476,4.207692308,11.63846154,15.06153846,18.53846154,11.70769231,8.515384615,3.976923077,11.69230769,6.361538462,15.86153846,12.09230769
205.411479,12.66153846,14.26923077,24.83076923,9.592307692,15.05384615,10.18461538,19.45384615,12.50769231,19.03076923,21.35384615,14.21538462
205.6303009,16.97692308,13.86923077,12.03076923,8.907692308,5.615384615,16.96923077,11.84615385,13.82307692,8.361538462,6.707692308,7.661538462
205.8491133,7.476923077,12.00769231,15.36923077,7.492307692,9.253846154,10.75384615,13.14615385,7.092307692,16.62307692,12.49230769,10.20769231
206.0679161,9.815384615,5.676923077,7.076923077,14.86923077,6.576923077,3.123076923,13.21538462,11.20769231,8.761538462,13.58461538,5.530769231
206.2867093,12.46923077,5.076923077,12.66923077,11.25384615,9.038461538,5.676923077,18.41538462,17.79230769,17.47692308,10.61538462,14.55384615
206.505493,5.330769231,10.26153846,17.20769231,13.66923077,9.338461538,8.753846154,12.54615385,5.176923077,9.161538462,12.01538462,15.63076923
206.7242672,3.630769231,9.407692308,13.81538462,7.376923077,12.85384615,12.89230769,12.43076923,13.40769231,13.83846154,13.53846154,13.85384615
206.9430318,6.969230769,10.53076923,10,6.115384615,5.769230769,7.269230769,13.78461538,7.438461538,18.55384615,8.184615385,10.37692308
207.1617868,14.93846154,14.04615385,13.42307692,13.80769231,10.96923077,14.17692308,9.107692308,10.90769231,7.092307692,17.55384615,17.4
207.3805323,6.823076923,10.26923077,14.03846154,9.330769231,8.361538462,6.861538462,19.38461538,6.653846154,10.82307692,13.18461538,8.192307692
207.5992682,9.176923077,9.215384615,6.046153846,9.707692308,10.28461538,5.976923077,12.62307692,5.853846154,10.30769231,15.58461538,17.26923077
207.8179946,9.123076923,11.53076923,9.784615385,13.39230769,12.41538462,3.407692308,6.607692308,14.65384615,7.769230769,5.038461538,15.8
208.0367114,10.18461538,12.3,10.65384615,12.04615385,9.207692308,5.376923077,10.23076923,9.023076923,16.57692308,15.21538462,16.76923077
208.2554186,5.984615385,10.96153846,13.40769231,15.70769231,6.984615385,7.530769231,19.68461538,10.94615385,5.238461538,8.084615385,23.88461538
208.4741162,8.269230769,11.05384615,5.153846154,12.78461538,8.684615385,7.492307692,13.23846154,16.60769231,10.53846154,19.10769231,19.91538462
208.6928043,8.330769231,11.07692308,3.4,7.676923077,6.884615385,4.038461538,6.784615385,11.9,10.20769231,16.73846154,13.68461538
208.9114828,7.638461538,8.246153846,11.36923077,9.246153846,12.34615385,4.269230769,11.37692308,11.48461538,15.38461538,11.73076923,20.64615385
209.1301517,6.138461538,6.292307692,6.776923077,8.407692308,13.09230769,9.946153846,10.89230769,13.44615385,16.37692308,13.97692308,9.069230769
209.3488111,18.80769231,8.946153846,13.28461538,10.46153846,16.46153846,8.092307692,16.03846154,19.58461538,16.50769231,9.015384615,17.66153846
209.5674608,12.57692308,16.55384615,8.776923077,10.73076923,11.89230769,5.5,10.24615385,11.11538462,9.430769231,10.16923077,10.70769231
209.786101,5.9,13.13846154,18.33076923,16.16153846,12.7,15.96923077,13.97692308,24.79230769,13.87692308,18.55384615,4.161538462
210.0047316,10.5,18.64615385,18.76923077,17.65384615,4.492307692,6.669230769,4.123076923,8.723076923,8.223076923,9.4,6.261538462
210.2233526,14.78461538,13.2,11.58461538,14.06923077,17.92307692,4.707692308,16.83076923,4.723076923,24.15384615,11.23846154,14.11538462
210.441964,10.47692308,3.146153846,12.20769231,6.692307692,6.946153846,3.138461538,2.676923077,6.3,4.307692308,12.31538462,10.99230769
210.6605658,9.823076923,17.35384615,16.38461538,12.88461538,12.51538462,16.13076923,13.03846154,9,14.16153846,13.95384615,11.33846154
210.879158,8.884615385,9.769230769,5.976923077,9.030769231,13.04615385,9.653846154,8.876923077,15.21538462,12.87692308,10.46153846,12.4
211.0977406,17.31538462,4.976923077,8.046153846,7.061538462,11.06153846,15.03846154,20.5,18.49230769,6.623076923,10.58461538,13.95384615
211.3163136,5.692307692,16.95384615,11.41538462,12.56923077,3.376923077,11.37692308,18.65384615,3.315384615,12.4,10.21538462,13.10769231
211.534877,13.36153846,19.33846154,11.13076923,8.284615385,14.76923077,16.28461538,13.9,14.51538462,14.74615385,16.30769231,21.88461538
211.7534308,4.830769231,12.83076923,9.246153846,13.05384615,10.93846154,9.553846154,9.169230769,11.40769231,10.53076923,7.907692308,11.16153846
211.971975,13,12.82307692,6.907692308,18.98461538,9.407692308,10.71538462,5.884615385,19,7.815384615,13.22307692,7.830769231
212.1905096,5.384615385,7.930769231,5.892307692,1.638461538,12.20769231,13.44615385,12.67692308,14.08461538,10.96923077,6.353846154,4.438461538
212.4090345,15.78461538,22.41538462,13.59230769,13.56923077,16.30769231,21.96153846,11.13076923,12.41538462,9.684615385,19.96153846,5.730769231
212.6275499,6.646153846,19.23076923,2.976923077,4.230769231,19.63076923,3.907692308,13.50769231,16.41538462,15.26153846,12.18461538,12.72307692
212.8460556,7.823076923,14.05384615,15.50769231,9.469230769,9.146153846,7.776923077,14.40769231,17.75384615,15.3,12.78461538,19.00769231
213.0645517,18.71538462,10.13846154,19.02307692,3.892307692,3.069230769,15.88461538,10.38461538,9.092307692,9.638461538,10.26153846,15.35384615
213.2830381,9.361538462,13.13076923,19.08461538,10.34615385,18.5,13.13076923,8.969230769,19.03846154,16.73076923,16.43076923,15.44615385
213.501515,5.253846154,8.338461538,9.969230769,3.084615385,10.77692308,12.13846154,5.961538462,9.353846154,5.515384615,10.33076923,7.707692308
213.7199822,10.18461538,13.07692308,10.79230769,5.607692308,8.176923077,5.569230769,12.71538462,8.907692308,14.26153846,14.56153846,17.53076923
213.9384398,7.2,8.469230769,4.838461538,10.81538462,6.176923077,4.2,12.33846154,6.715384615,13.06153846,8.753846154,11.90769231
214.1568877,6.069230769,14.17692308,18.50769231,12.61538462,12.33846154,9.330769231,7.176923077,15.70769231,18.46153846,20.86153846,9.323076923
214.3753261,13.96923077,14.92307692,10.60769231,10.67692308,13.26923077,11.27692308,10.40769231,14.8,14.32307692,5.738461538,14.78461538
214.5937547,9.446153846,16.02307692,7.730769231,10.1,19.53076923,5.6,16.62307692,4.438461538,10.93076923,12.83846154,7.169230769
214.8121738,12.9,9.530769231,8.653846154,5.376923077,9.776923077,8.015384615,13.70769231,8.584615385,7.776923077,6.307692308,6.438461538
215.0305832,16.40769231,13.1,13.30769231,10.70769231,11.41538462,11.94615385,13.60769231,17.92307692,11.29230769,7.107692308,16.09230769
215.2489829,15.98461538,3.761538462,6.961538462,13.48461538,10.70769231,4.084615385,10.29230769,10.56923077,12.86153846,12.13076923,8.138461538
215.467373,5.453846154,9.630769231,8.823076923,17.20769231,18.67692308,21.27692308,25.68461538,14.34615385,11.66923077,18.01538462,17.55384615
215.6857534,3.646153846,9.723076923,11.07692308,9.030769231,3.807692308,8.176923077,8.507692308,11.32307692,12.26153846,16.85384615,7.415384615
215.9041242,13.41538462,9.515384615,7.961538462,9.523076923,6.153846154,6.607692308,19.16923077,24.74615385,20.83076923,15.75384615,14.09230769
216.1224854,17.87692308,6.261538462,12.9,10.46923077,10.90769231,17.1,11.65384615,15.89230769,9.776923077,6.830769231,7.530769231
216.3408368,8.730769231,19.81538462,12.24615385,20.03076923,1.9,20.86153846,13.56153846,13.94615385,11.91538462,13.4,15.6
216.5591787,5.007692308,8.507692308,9.515384615,7.869230769,15.73846154,5.676923077,13.83076923,13.31538462,15.47692308,10.23846154,2.969230769
216.7775108,8.5,17.93076923,17.50769231,8.346153846,18.15384615,15.58461538,23.4,10.22307692,22.20769231,23.68461538,14.85384615
216.9958333,11.79230769,11.89230769,13.07692308,18.19230769,5.830769231,12.06153846,13.04615385,7.123076923,5.076923077,17.48461538,8.123076923
217.2141461,14.54615385,9.253846154,13.53076923,9.276923077,5.9,10,8.361538462,15.22307692,15.38461538,6.638461538,9.353846154
217.4324493,11.86923077,10.33076923,15.36153846,10.51538462,7.884615385,12.91538462,12.95384615,5.946153846,12.26153846,11.86923077,16.56923077
217.6507427,17.77692308,10.69230769,15.2,14.04615385,14.75384615,4.746153846,14.41538462,7.976923077,13.92307692,15.47692308,11.61538462
217.8690265,6.084615385,6.815384615,15.39230769,5.584615385,10.5,7.707692308,3.384615385,7.946153846,6.207692308,7.976923077,9.161538462
218.0873007,6.761538462,18.67692308,6.438461538,5.430769231,12.02307692,9.684615385,8.284615385,21.40769231,12.60769231,13.23846154,11.49230769
218.3055651,9.169230769,14.74615385,12.1,11.04615385,11,8.6,6.146153846,10.26153846,7.884615385,10.54615385,10.48461538
218.5238199,10,13.85384615,22.38461538,7.230769231,9.715384615,16.88461538,17.30769231,11.66923077,15.16923077,14.06923077,12.48461538
218.7420649,18.83076923,6.307692308,14.2,9.376923077,8.253846154,5.123076923,12.60769231,5.846153846,11.62307692,7.192307692,11.93076923
218.9603003,7.938461538,12.26923077,16.41538462,8.115384615,7.2,6.7,19.93846154,11.64615385,11.66923077,16.97692308,15.39230769
219.178526,4.984615385,15.94615385,18.5,12.48461538,11.53846154,10.16923077,7.446153846,8.807692308,10.85384615,9.507692308,5.107692308
219.396742,8.561538462,17.48461538,7.161538462,15.14615385,9.192307692,11.90769231,11.25384615,21.38461538,9.384615385,13.50769231,21.4
219.6149484,4.361538462,9.2,12.90769231,2.276923077,17.03846154,9.646153846,15.12307692,15.95384615,14.04615385,16.73846154,20.36153846
219.833145,15.93076923,7.561538462,24.23076923,11,11.29230769,15.46923077,18.43846154,11.97692308,16.56153846,14.59230769,15.93076923
220.0513319,8.915384615,9.6,13.60769231,16.2,4.630769231,9.115384615,16.92307692,15.70769231,5.8,10.23076923,15.03846154
220.2695091,21.67692308,10.56153846,9.376923077,8.961538462,8.2,9.661538462,16.85384615,10.60769231,21.06153846,16.29230769,14.82307692
220.4876766,7.7,12.65384615,7.553846154,6.661538462,9.407692308,10.70769231,11.66923077,17.09230769,12.24615385,17.06153846,11.75384615
220.7058344,4.076923077,23.25384615,8.361538462,8.884615385,16.90769231,10.25384615,16.18461538,14.67692308,11.86153846,21.98461538,15.46153846
220.9239825,14.93076923,17.66923077,10.55384615,16,5.738461538,10.53846154,9.853846154,7.946153846,10.35384615,9.638461538,10.03846154
221.1421209,6.023076923,14.28461538,17.53846154,13.46923077,16.26923077,5.492307692,17.84615385,13.71538462,8.838461538,22.56923077,14.27692308
221.3602496,9.276923077,10.08461538,12.63076923,7.969230769,6.853846154,8.4,12.22307692,12.65384615,12.3,14.23076923,16.68461538
221.5783685,8.169230769,7.976923077,7.184615385,18.18461538,6.115384615,11.93846154,9.6,10.58461538,13.54615385,11.40769231,17.86153846
221.7964777,7.876923077,10.65384615,6.530769231,12.36923077,11.15384615,12.39230769,4.046153846,7.023076923,9.253846154,9.461538462,13.29230769
222.0145773,10.33076923,7.723076923,10.81538462,8.969230769,7.638461538,17.81538462,11.01538462,13.70769231,12.81538462,25.23076923,10.76153846
222.232667,8.253846154,11.82307692,6.261538462,16.7,10.36153846,5.569230769,16.26153846,8.369230769,8.738461538,8.023076923,8.507692308
222.4507471,16.64615385,16,11.85384615,13.92307692,17.30769231,11.54615385,14.18461538,23.20769231,11.40769231,11.55384615,17.86923077
222.6688174,11.82307692,7.476923077,14.62307692,11.99230769,6.292307692,10.16153846,18.56923077,13.08461538,11.4,12.93846154,8.707692308
222.886878,10.62307692,12.17692308,17.3,15.50769231,16.03076923,10.88461538,12.40769231,19.94615385,22.74615385,24.23076923,14.41538462
223.1049289,9.607692308,14.08461538,11.36153846,9.676923077,7.8,7.8,11.01538462,11.9,15.55384615,11.06153846,11.15384615
223.3229701,18.70769231,14.1,3.692307692,13.97692308,24.63076923,7.238461538,20.5,13.04615385,13.73076923,11.26153846,17.59230769
223.5410015,7.669230769,7.230769231,12.52307692,10.18461538,7.030769231,9.038461538,16.37692308,11.42307692,12.76153846,19.18461538,10.46153846
223.7590231,11.59230769,13.56923077,13.61538462,12.06153846,11.88461538,9.984615385,14.18461538,20.45384615,21.15384615,13.61538462,17.13076923
223.977035,4.223076923,11.74615385,12.3,8.269230769,4.430769231,8.884615385,14.81538462,13.60769231,11.82307692,10.36923077,12.93076923
224.1950372,11.43846154,6.307692308,12.07692308,10.88461538,20.02307692,8.723076923,10.14615385,21.09230769,11.72307692,16.86153846,15.01538462
224.4130296,8.123076923,17.16153846,19.53076923,11.1,4.307692308,10.49230769,15.05384615,7.323076923,14.6,13.66923077,14.94615385
224.6310123,6.230769231,9.546153846,11.93846154,19.15384615,12.94615385,15.03846154,14.07692308,12.07692308,12.04615385,12.85384615,18.55384615
224.8489852,7.469230769,11.91538462,5.861538462,12.89230769,8.376923077,16.96923077,13.17692308,18.5,7.730769231,19.80769231,17.76923077
225.0669484,11.76923077,11.01538462,16.16153846,19.89230769,17.26923077,13.62307692,12.32307692,19.70769231,17.13846154,11.67692308,14.17692308
225.2849018,15.01538462,12.4,7.269230769,9.607692308,11.50769231,7.361538462,11.77692308,12.06153846,11.52307692,11.75384615,10.73076923
225.5028454,16.56923077,13.8,21.32307692,10.9,9.930769231,6.661538462,14.77692308,12.40769231,20.06153846,11.28461538,14.84615385
225.7207793,8.584615385,10.47692308,8.8,12.76153846,5.576923077,8.569230769,15.46923077,8.461538462,4.8,17.66153846,19.49230769
225.9387034,10.21538462,15.44615385,13.58461538,9.476923077,15.36153846,15.11538462,13.53846154,21.01538462,9.453846154,5.9,14.12307692
226.1566178,5.976923077,14.99230769,13.8,10.36923077,6.046153846,5.161538462,8.915384615,14.52307692,7.707692308,13.36153846,9.161538462
226.3745224,15.02307692,16.33076923,20.05384615,13.55384615,10.41538462,8.230769231,27.52307692,28.50769231,15.74615385,19.58461538,13.09230769
226.5924172,4.361538462,10.46153846,8.538461538,10.12307692,6.592307692,10.8,14.46153846,8.992307692,12.67692308,24.31538462,12.76923077
226.8103022,11.32307692,15.87692308,17.68461538,12.08461538,7.592307692,9.569230769,9.861538462,16.96923077,13.83846154,9.207692308,14.36923077
227.0281775,12.63846154,10.02307692,19.16923077,5.930769231,14.01538462,5.915384615,9.938461538,11.93846154,8.715384615,4.276923077,14.23076923
227.2460429,14.27692308,13.19230769,7.423076923,13.4,14.7,19.19230769,9.469230769,20.1,12.43076923,12.25384615,12.83076923
227.4638986,15.2,15.44615385,9.561538462,6.146153846,4.553846154,12.20769231,19.13846154,18.55384615,16.35384615,7.692307692,13.43076923
227.6817445,13.35384615,10.42307692,20.24615385,14.61538462,8.415384615,12.37692308,17.13846154,21.71538462,11.83076923,21.76153846,16.97692308
227.8995807,8.469230769,3.092307692,7,16.9,8.061538462,6.130769231,15.74615385,11.54615385,9.607692308,6.8,12.94615385
228.117407,10.96153846,8,12.53846154,10.47692308,9.6,14.37692308,15.96153846,11.51538462,14.37692308,16.39230769,18.86153846
228.3352236,8.276923077,11.1,18.1,13.76153846,9.569230769,6.869230769,8.930769231,9.723076923,10.90769231,5.915384615,23.46153846
228.5530303,16.66923077,16.41538462,17.96923077,19.27692308,17.85384615,16.4,18.83846154,17.58461538,19.20769231,16.36923077,9.707692308
228.7708273,5.584615385,11.78461538,12.60769231,12.76923077,16.66923077,6.676923077,10.43846154,6.376923077,12.38461538,10.78461538,13.63846154
228.9886144,11.13846154,9.861538462,10.33076923,9.607692308,9.830769231,6.769230769,16.66923077,13.57692308,9.215384615,22.26153846,15.75384615
229.2063918,6.815384615,15.81538462,12.63846154,8.769230769,3.130769231,2.269230769,9.907692308,12.97692308,14.84615385,17.53846154,11.79230769
229.4241593,8.323076923,11.9,10.92307692,11.69230769,10.22307692,13.89230769,13.45384615,24.06923077,14.8,10.08461538,10.49230769
229.6419171,10.09230769,6.984615385,7.730769231,13.74615385,4.238461538,1.453846154,13.93846154,11.51538462,11.17692308,12.40769231,17.95384615
229.859665,16.24615385,12.26153846,8.515384615,15.43076923,1.338461538,12.57692308,12.38461538,15.99230769,12.68461538,21.06153846,11.18461538
230.0774032,8.323076923,5.853846154,15.56153846,13.5,18.32307692,9.4,9.015384615,13.17692308,16.99230769,4.238461538,11.19230769
230.2951315,13.38461538,18.61538462,15.91538462,15.48461538,15.50769231,13.03846154,16.83846154,13.45384615,15.68461538,14.46923077,7.353846154
230.51285,10.50769231,16.56153846,14.7,5.938461538,6.138461538,3.584615385,10.84615385,7.538461538,5.5,13.19230769,15.35384615
230.7305587,5.315384615,22.13076923,15.65384615,8.592307692,11.64615385,12.52307692,14.5,17.10769231,11.03846154,16.74615385,14.52307692
230.9482575,13.58461538,12.38461538,6.530769231,12.38461538,14.56153846,11.18461538,11.83846154,16.99230769,7.415384615,12.53846154,10.69230769
231.1659466,4.915384615,16.22307692,16.94615385,14.7,12.13076923,9.592307692,21.35384615,11.95384615,17.34615385,21.06153846,21.14615385
231.3836258,5.007692308,15.36923077,15.15384615,16,5.238461538,12.36153846,13.42307692,13.6,5.161538462,13.99230769,5.984615385
231.6012952,11.07692308,12.23846154,13.55384615,13.15384615,10.53846154,9.376923077,21.44615385,14,8.769230769,16.89230769,12.88461538
231.8189547,14.85384615,9.761538462,4.076923077,6.692307692,15.71538462,10.57692308,6.669230769,10.84615385,8.238461538,17.99230769,13.78461538
232.0366045,9.407692308,11.67692308,6.323076923,10.76923077,12.36923077,8.692307692,12.85384615,10.79230769,7.538461538,17.98461538,11.88461538
232.2542444,9.938461538,7.753846154,14.02307692,4.769230769,5.830769231,5.115384615,11.03076923,8.746153846,14.73076923,6.138461538,17.22307692
232.4718744,18.67692308,8.3,17.98461538,9.092307692,10.88461538,3.938461538,12.24615385,8.976923077,23.00769231,24.05384615,14.15384615
232.6894946,5.361538462,9.061538462,3.330769231,9.453846154,14.26153846,12.23076923,5.784615385,8.838461538,9.876923077,8.592307692,15.86923077
232.907105,11.7,14.49230769,8.538461538,9.038461538,15.11538462,12.9,22.50769231,17,15.43846154,14.51538462,11.34615385
233.1247055,6.023076923,6.853846154,6,8.961538462,11.75384615,7.938461538,14.36153846,12.73076923,16.81538462,10.65384615,8.715384615
233.3422962,9.092307692,7.246153846,11.7,15.47692308,14.25384615,9.276923077,13.26153846,11.60769231,14.93846154,12.03076923,14.39230769
233.559877,10.96923077,8.553846154,4.707692308,10.76153846,12.45384615,5.246153846,11.73846154,11.08461538,8.784615385,13.13076923,13.48461538
233.777448,10.57692308,12.28461538,14.84615385,18.07692308,12.21538462,5.515384615,18.53076923,15.3,11.49230769,11.69230769,17.15384615
233.9950092,9.3,10.18461538,10.73846154,15.22307692,10.01538462,11.63846154,15.51538462,21.8,10.02307692,12.18461538,8.976923077
234.2125604,10.23076923,14.94615385,18.86923077,12.99230769,15.30769231,8.476923077,11.18461538,10.56923077,22.84615385,14.61538462,17.23076923
234.4301018,16.20769231,6.992307692,9.638461538,13.99230769,4.846153846,10.68461538,13.72307692,6.507692308,17.76923077,15.53076923,9.692307692
234.6476334,13.36153846,12.73076923,13.83076923,14.64615385,11.86923077,15.63846154,10,12.57692308,14.86923077,16.61538462,16.86153846
234.8651551,11.68461538,13.74615385,11,17.85384615,9.776923077,4.184615385,15.63076923,4.269230769,12.17692308,5.784615385,4.815384615
235.0826669,13.54615385,8.284615385,21.16923077,16.29230769,14.67692308,17.22307692,9.815384615,23.68461538,17.31538462,17.15384615,23.46923077
235.3001688,15.80769231,12.29230769,10.49230769,7.069230769,7.276923077,10.84615385,8.338461538,9.930769231,6.915384615,8.392307692,5.861538462
235.5176609,18.91538462,9.292307692,16.16153846,15.67692308,17.12307692,18.96923077,21.58461538,16.11538462,16.19230769,15.49230769,29.96153846
235.7351431,16.13846154,16.16923077,5.861538462,13.4,11.9,13.72307692,11.4,13.77692308,14.96923077,10.43076923,14.40769231
235.9526155,6.8,17.34615385,16.06923077,10.50769231,13.67692308,13.40769231,12.38461538,11.16923077,17.36153846,15.25384615,18.86153846
236.1700779,22.82307692,11.22307692,6.815384615,7.246153846,13.18461538,9.615384615,12.63846154,10.5,11.9,6.661538462,10.68461538
236.3875305,7.630769231,20.34615385,8.184615385,8.4,3.930769231,12.27692308,13.46923077,15.72307692,10.16153846,12.69230769,18.15384615
236.6049732,9.576923077,4.707692308,13.12307692,11.38461538,16.3,12.83846154,19.41538462,15.03846154,15.04615385,10.41538462,10.5
236.822406,11.63846154,14.83076923,19.43846154,17.53076923,13.59230769,16.23076923,15.27692308,15.92307692,11.35384615,20.36923077,14.96153846
237.0398289,5.607692308,14.07692308,15.70769231,17.43076923,15.72307692,7.561538462,14.43846154,8.853846154,12.25384615,20.45384615,10.2
237.2572419,14.88461538,13.92307692,10.87692308,15.2,5.261538462,19.47692308,11.3,13.70769231,14.56153846,14.96153846,16.8
237.474645,8.330769231,12.4,9.684615385,5.792307692,6.946153846,8.5,10.87692308,6.846153846,6.715384615,7.484615385,11.23846154
237.6920383,16.86923077,19.43076923,7.607692308,10.38461538,16.90769231,12.51538462,16.36923077,18.44615385,12.5,8.515384615,13.85384615
237.9094216,12.32307692,8.538461538,11.26153846,9.238461538,2.7,11.93846154,8.384615385,16.56923077,4.353846154,9.492307692,17.39230769
238.126795,9.092307692,18.88461538,17.03076923,14.91538462,20.60769231,12.5,17.16923077,17.41538462,17.14615385,21.13076923,19.62307692
238.3441586,7.646153846,10.14615385,17.23076923,8.984615385,7.615384615,15.24615385,18.14615385,10.54615385,4.323076923,10.90769231,9.815384615
238.5615122,20.13846154,11.13846154,19.76923077,15.24615385,7.723076923,14.49230769,22.38461538,6.853846154,13.63846154,24.43076923,9.323076923
238.7788559,9.861538462,16.21538462,9.215384615,2.892307692,7.307692308,19.19230769,8.753846154,13.81538462,14.93846154,11.49230769,9.607692308
238.9961897,9.415384615,8.830769231,5.623076923,13.38461538,10.76923077,7.907692308,17.38461538,21.4,12.7,16.26153846,11.66923077
239.2135136,10.15384615,8.023076923,13.68461538,8.076923077,13.56153846,11.24615385,9.223076923,15.8,18.26923077,8.961538462,19.32307692
239.4308276,8.761538462,11.83076923,23.34615385,17.53846154,20.08461538,16.43846154,11.99230769,14.36923077,16.54615385,19.06153846,15.13076923
239.6481317,3.884615385,6.023076923,16.00769231,10.23076923,11.60769231,10.10769231,10.42307692,17.69230769,10.12307692,11.69230769,8.446153846
239.8654259,2.384615385,13.16923077,23.13076923,17.58461538,12.06153846,9.146153846,19.76923077,10.15384615,10.93076923,21.05384615,14.76923077
240.0827101,7.561538462,12.08461538,16.04615385,7.969230769,8.076923077,7.023076923,14.03846154,13.23846154,9.707692308,20.63076923,9.938461538
240.2999844,11.76153846,18.2,13.62307692,17.98461538,13.82307692,16.22307692,15.53076923,14.63846154,16.66923077,16.09230769,8.307692308
240.5172488,12.57692308,8.423076923,4.761538462,9.584615385,8.723076923,5.030769231,13.6,13.84615385,11.50769231,10.85384615,7.615384615
240.7345032,8.107692308,18.43076923,21.76923077,16.18461538,7.292307692,15.20769231,17.06923077,18.54615385,14.46923077,14.55384615,30.55384615
240.9517477,7.792307692,15.13076923,15.63076923,8.776923077,17.19230769,8.438461538,8.384615385,14.55384615,13.92307692,19.08461538,20.39230769
241.1689823,13.16923077,7.930769231,13.83076923,16.06153846,12.06153846,9.684615385,8.8,14.00769231,23.90769231,7.923076923,16.41538462
241.386207,11.70769231,12.69230769,13.32307692,5.892307692,11.28461538,11.80769231,13.67692308,12.82307692,18.46923077,15.53076923,11.72307692
241.6034217,8.523076923,14.02307692,15.05384615,16.27692308,5.453846154,10.21538462,6.007692308,18.5,24.9,18.54615385,14.43846154
241.8206264,4.807692308,13.72307692,8,15.41538462,5.853846154,13.79230769,10.9,19.35384615,17.36153846,8.569230769,3.292307692
242.0378213,15.29230769,20.23846154,16.45384615,16.5,5.430769231,12.17692308,18.73846154,11.3,19.63076923,17.00769231,20.7
242.2550061,11.35384615,9.653846154,9.976923077,14.17692308,11.36153846,17.43846154,13.68461538,14.5,11.48461538,8.492307692,7.176923077
242.4721811,8.653846154,11.61538462,20.10769231,13.12307692,14.1,17.09230769,7.8,15.31538462,13.59230769,12.49230769,16.03076923
242.689346,10.47692308,12.37692308,10.6,7.153846154,9.830769231,13.00769231,13.82307692,14.94615385,18.34615385,15.46153846,12.43076923
242.9065011,10.24615385,14.14615385,11.32307692,13.32307692,12.87692308,10.42307692,12.21538462,12.59230769,15.18461538,26.23076923,22.55384615
243.1236461,9.630769231,7.661538462,16.50769231,17.60769231,16.06153846,4.707692308,10.27692308,9.346153846,5.3,13.36153846,11.33846154
243.3407812,9.784615385,9.369230769,10.88461538,10.80769231,7.976923077,10.86153846,22.63846154,14.85384615,24.38461538,14.34615385,9.530769231
243.5579064,9.492307692,5.207692308,10.17692308,8.176923077,14.07692308,1.984615385,9.2,8.830769231,7.715384615,16.91538462,6.492307692
243.7750216,13.86923077,17.97692308,14.66923077,13.16153846,21.73076923,10.16153846,14.54615385,11.69230769,14.86153846,15.39230769,16.78461538
243.9921268,7.792307692,6.853846154,11.05384615,6.238461538,11.3,7.3,16.19230769,8.507692308,11.2,9.784615385,5.930769231
244.2092221,6.838461538,27.3,20.36923077,11.05384615,17.21538462,15.34615385,14.33076923,21.27692308,8.461538462,13.77692308,17.23846154
244.4263073,11.98461538,10.66153846,13.35384615,11.7,11.95384615,7.469230769,14.45384615,15.15384615,11.73076923,13.81538462,13.1
244.6433826,11.61538462,20.08461538,19.03076923,11.16923077,15.57692308,5.584615385,11.57692308,22.29230769,11.63846154,14.23846154,19.41538462
244.860448,4.984615385,8.730769231,8.446153846,8.084615385,6.715384615,7.107692308,9.615384615,9.723076923,11.87692308,12.1,7.653846154
245.0775033,13.76153846,12.66923077,21.96923077,11.07692308,12.29230769,14.96923077,16.75384615,14.08461538,20.50769231,13.16923077,8.492307692
245.2945487,5.6,9.353846154,13.7,15.18461538,19.46153846,10.06923077,15.40769231,19.91538462,21.14615385,19.75384615,12.01538462
245.5115841,13.89230769,17.46923077,18.6,11.23076923,24.22307692,13.55384615,26.25384615,11.55384615,8.9,16.63846154,23
245.7286095,10.38461538,13.03076923,22.74615385,9.284615385,6.869230769,7.5,8.8,9.184615385,10.90769231,12.55384615,9.715384615
245.945625,10.87692308,13.06923077,14.26923077,4.669230769,17.06153846,20.43846154,14.38461538,17.99230769,15.55384615,6.938461538,18.59230769
246.1626304,7.661538462,17.18461538,14.75384615,10.2,10.05384615,11.70769231,9,13.85384615,10.28461538,8.184615385,10.71538462
246.3796258,15.77692308,13.76923077,11.77692308,10.04615385,13.02307692,12.56153846,13.95384615,13.62307692,15.20769231,14.23846154,15.9
246.5966113,3.846153846,13.63076923,21.38461538,5.423076923,3.153846154,5.430769231,13.94615385,6.353846154,14.17692308,11.16153846,16.79230769
246.8135867,29.41538462,13.55384615,13.82307692,16.26153846,16.91538462,19.36923077,22.72307692,17.03846154,16.06153846,14.64615385,17.14615385
247.0305522,3.907692308,7.492307692,11.46923077,8.676923077,7.653846154,7.969230769,12.04615385,12.24615385,6.776923077,20.50769231,15.79230769
247.2475076,15.05384615,11.73846154,16.6,11.52307692,13.03076923,5.207692308,15.50769231,10.20769231,4.746153846,17.16153846,7.338461538
247.4644531,6.530769231,12.44615385,7.453846154,3.184615385,15.11538462,10.87692308,12.01538462,8.1,10.98461538,14.17692308,8.261538462
247.6813885,6.623076923,13.64615385,13.12307692,12.60769231,12.40769231,17.44615385,10.53846154,12.08461538,10.26923077,16.76153846,8.9
247.898314,7.723076923,14.20769231,16.88461538,10.43846154,11.53846154,8.538461538,4.7,12.44615385,18.03076923,18.73846154,15.78461538
248.1152294,22.58461538,11.49230769,10.74615385,20.31538462,11.43846154,13.97692308,18.12307692,24.7,13.91538462,18.11538462,17.91538462
248.3321348,8.723076923,11.47692308,14.21538462,8.5,7.430769231,6.546153846,12.58461538,10.9,9.138461538,17.19230769,13.31538462
248.5490302,18.06153846,10.46153846,22.55384615,19.9,13.50769231,19.23846154,19.22307692,20.84615385,16.82307692,7.207692308,16.89230769
248.7659155,6.838461538,12.86923077,9.538461538,15.69230769,10.2,16.93076923,11.2,16.08461538,23.74615385,7.361538462,17.2
248.9827909,10.71538462,11.54615385,14,11.49230769,18.70769231,26.3,18.86923077,16.33076923,15.54615385,23.85384615,10.1
249.1996562,15.76923077,7.8,11.03076923,7.061538462,5.4,5.061538462,16.23076923,8.838461538,9.492307692,21.16153846,9.615384615
249.4165115,21.41538462,22.63846154,7.015384615,16.88461538,20.53076923,14.24615385,11.69230769,18.70769231,9.161538462,15.50769231,22.4
249.6333568,13.03846154,9.292307692,14.44615385,11.28461538,6.953846154,6.907692308,13.1,12.63846154,11.40769231,14.03846154,11.94615385
249.850192,14.35384615,11.36153846,18.45384615,20.3,14.31538462,10.2,11.55384615,12.97692308,11.90769231,5.869230769,18.28461538
250.0670172,10.51538462,16.96923077,11.96923077,8.669230769,13.46153846,5.715384615,10.36153846,11.65384615,9.161538462,14.98461538,12.05384615
250.2838324,8.853846154,9.215384615,18.33076923,16.40769231,14.02307692,15.53846154,10.93846154,12.94615385,15.66153846,19.68461538,19
250.5006376,8.646153846,12.53076923,14.33846154,9.107692308,11.02307692,8.976923077,8.792307692,9.276923077,7.761538462,5.961538462,7.084615385
250.7174327,12.99230769,8.184615385,11.48461538,14.38461538,16.16923077,16.5,11.02307692,7.1,12.06923077,16.23846154,18.25384615
250.9342177,4.861538462,15.8,8.9,11.39230769,4.830769231,9.230769231,17.33846154,9.592307692,13.31538462,11.8,4.746153846
251.1509927,5.523076923,10.57692308,13.03076923,16.08461538,9.292307692,14.10769231,17.35384615,15.9,10.6,20.36153846,20.93076923
251.3677577,4.515384615,19.36153846,11.76153846,17.51538462,11.62307692,14.32307692,4.923076923,13.62307692,1.738461538,12.03846154,13.24615385
251.5845126,12.54615385,11.68461538,12.26923077,9.392307692,9.6,12.27692308,17.64615385,25.71538462,12.46923077,12.17692308,21.21538462
251.8012574,15.36923077,6.261538462,13.56923077,15.69230769,15.51538462,10.67692308,10.81538462,14.8,6.953846154,13.96153846,12.64615385
252.0179922,14.56923077,13.5,16.8,10.86153846,9.746153846,3.1,10.40769231,15.40769231,11.53076923,8.146153846,18.53846154
252.234717,12.71538462,13.98461538,9.861538462,7.969230769,8.638461538,4.138461538,7.184615385,9.730769231,11.95384615,17.66153846,18.73846154
252.4514317,12.13846154,13.93076923,17.24615385,16.07692308,14.95384615,14.41538462,16.96923077,16.00769231,16.7,19.76153846,14.64615385
252.6681363,5.607692308,6.192307692,15.74615385,8.376923077,9.830769231,10.36923077,13.63076923,7.623076923,13.60769231,13.53846154,19.76923077
252.8848309,22.66153846,7.176923077,13.16923077,16.17692308,16.57692308,16.96153846,21.22307692,14.6,20.26923077,17.69230769,16.85384615
253.1015153,9.323076923,11.07692308,15.33076923,6.469230769,15.93076923,8.776923077,12.49230769,10.56153846,10.36923077,7.4,7.5
253.3181898,5.815384615,9.615384615,15.34615385,13.82307692,9.584615385,3.246153846,17.25384615,19.03846154,21.24615385,17.33846154,19.38461538
253.5348541,12.33076923,11.76923077,8.338461538,5.369230769,7.653846154,20.4,11.21538462,13.37692308,12.27692308,14.16153846,8.330769231
253.7515084,7.6,13.19230769,14.43846154,10.13846154,14.15384615,9.976923077,15.19230769,18.32307692,14.20769231,10.29230769,13.41538462
253.9681526,5.461538462,9.769230769,5.3,8.723076923,8.461538462,5.746153846,8.353846154,10.15384615,13.76923077,13.21538462,6.153846154
254.1847867,18.83846154,13.58461538,12.80769231,12.00769231,8.869230769,13.93076923,15.54615385,18.94615385,7.184615385,14.39230769,11.26153846
254.4014108,4.961538462,14.18461538,13.99230769,7.653846154,12.87692308,15.06923077,10.86153846,5.892307692,14.92307692,15.73076923,10.76153846
254.6180247,11.86923077,21.15384615,14.06153846,8.907692308,10.03846154,10.10769231,19.83846154,20.5,12.86153846,23.73846154,11.76153846
254.8346286,8.9,6.123076923,10.18461538,4.838461538,10.74615385,4.953846154,13.95384615,4.430769231,9.307692308,8.130769231,8.8
255.0512224,11.33076923,11.19230769,25.56923077,14.50769231,13.01538462,14.25384615,14.76923077,16.36923077,19.4,12.57692308,17.72307692
255.2678061,8.592307692,15.28461538,15.33076923,21.81538462,12.56923077,9.907692308,17.12307692,5.861538462,4.992307692,10.90769231,11.57692308
255.4843797,16.75384615,21.56923077,14.66153846,6.692307692,15.42307692,5.6,20.63076923,25,20.00769231,18.18461538,7.338461538
255.7009432,11.81538462,12.41538462,8.469230769,12.41538462,13.2,7.676923077,9.507692308,13.33076923,13.84615385,13.83076923,20.3
255.9174966,13.61538462,10.94615385,15.80769231,18.13076923,10.96923077,12.26923077,12.42307692,18.3,23.94615385,11.05384615,13.33076923
256.1340399,4.738461538,12.95384615,8.1,9.723076923,3.584615385,11.10769231,14,12.98461538,8.215384615,13.26153846,11.50769231
256.3505731,10.16153846,13.55384615,10.73846154,20.03846154,8.869230769,10.63076923,15.36923077,18.2,12.99230769,18.73076923,17.48461538
256.5670961,10.09230769,10.20769231,11.73846154,3.484615385,1.723076923,6.361538462,13.32307692,8.476923077,13.47692308,13.80769231,8.330769231
256.7836091,7.592307692,20.18461538,10.18461538,16.53846154,2.769230769,2.5,8.469230769,19,19.56923077,11.11538462,11.31538462
257.000112,11.80769231,6.361538462,11.27692308,10.99230769,14.36153846,7.053846154,8.607692308,14.56923077,7.330769231,17.06923077,17.53846154
257.2166048,20.27692308,22.65384615,11.13076923,16.4,14.7,6.892307692,21.05384615,22.2,20.30769231,9.507692308,11.61538462
257.4330874,7.961538462,6.784615385,8.461538462,18.42307692,15.86153846,7.246153846,13.33846154,13.03076923,10.69230769,15.95384615,9.084615385
257.6495599,19.76153846,10.56923077,11.09230769,18.38461538,18.3,10.38461538,13.23076923,17.80769231,9.553846154,10.66153846,10.16153846
257.8660223,11.92307692,12.31538462,10.06923077,9.746153846,17.01538462,11.43076923,10.18461538,18.00769231,13.53846154,19.45384615,18.62307692
258.0824746,0.746153846,8.538461538,17.70769231,11.28461538,15.40769231,17.45384615,11.93846154,11.99230769,12.58461538,19.33846154,17.95384615
258.2989168,6.353846154,11.00769231,15.66153846,15.59230769,7.192307692,2.992307692,8.015384615,11.85384615,10.57692308,16.73846154,5.369230769
258.5153488,12.53846154,15.89230769,11.62307692,9.646153846,13.36923077,15.76153846,14.55384615,19.12307692,24.50769231,15.91538462,24.76923077
258.7317707,14.57692308,9.584615385,7.376923077,13.35384615,5.592307692,8.684615385,16.46153846,8.846153846,10.49230769,16.43076923,10.43846154
258.9481825,12.14615385,10.23846154,14.08461538,11.33076923,18.61538462,12.47692308,9.053846154,13.45384615,10.55384615,17.43846154,18.51538462
259.1645841,14.44615385,6.492307692,17.90769231,14.59230769,4.461538462,6.253846154,16.7,9.492307692,11.43076923,12.78461538,12.82307692
259.3809756,11.22307692,10.80769231,13.83076923,7.069230769,8.638461538,22.02307692,14.62307692,18.14615385,13.13846154,10.94615385,12.09230769
259.597357,12.39230769,11.64615385,10.29230769,13.2,1.176923077,18,13.83846154,15.84615385,7.553846154,16.28461538,15.90769231
259.8137282,14.20769231,18.68461538,9.838461538,13.1,4.4,21.23846154,26.22307692,11,15.04615385,12.23846154,15.8
260.0300893,11.65384615,14.17692308,19.66153846,12.39230769,15.82307692,8.076923077,12.52307692,15.92307692,20.70769231,10.63846154,16.55384615
260.2464402,14.53846154,11.51538462,16.23846154,14.30769231,15.39230769,14.18461538,12.50769231,15.11538462,11.44615385,13.73076923,18.91538462
260.462781,10.07692308,16.65384615,16.36923077,8.661538462,15.33846154,6.807692308,4.907692308,13.91538462,12.74615385,7.446153846,15.12307692
260.6791116,8.192307692,20.7,21.42307692,12.03846154,16.92307692,14.72307692,8.907692308,16.73846154,18.00769231,23.38461538,16.9
260.8954321,11.23846154,8.638461538,16.76153846,5.607692308,7.961538462,7.353846154,11.10769231,17.60769231,16.76153846,15.27692308,9.992307692
261.1117424,15.47692308,15.49230769,9.761538462,7.738461538,22.42307692,19.34615385,13.89230769,19.79230769,15.78461538,16.30769231,18.86153846
261.3280426,5.9,12.33846154,5,7.961538462,7.7,9.076923077,10.20769231,11.1,10.22307692,9.869230769,12.28461538
261.5443326,13.38461538,10.47692308,13.74615385,12.20769231,9.492307692,17.15384615,12.76153846,16.83846154,13.36153846,12.81538462,5.9
261.7606124,10.42307692,27.57692308,21.53846154,18.54615385,11.49230769,12.31538462,18.92307692,15.30769231,16,18.96153846,23.66923077
261.9768821,11.73846154,12.53076923,23.44615385,6.7,11.05384615,10.96153846,13.7,16.10769231,17.37692308,10.46153846,22.53846154
262.1931415,5.123076923,10.13076923,13.44615385,11.63076923,9.969230769,6.107692308,6.084615385,8.930769231,5.961538462,8.007692308,6.8
262.4093909,10.83846154,9.453846154,12.66153846,20.66153846,16.16923077,11.03846154,8.969230769,20.70769231,19.43076923,24.23076923,15.06923077
262.62563,13.07692308,14.78461538,11.8,15.58461538,9.338461538,15.29230769,10.46153846,9.915384615,13.67692308,9.315384615,6.876923077
262.841859,19.40769231,16.3,22.84615385,10.86153846,13.37692308,16.67692308,12.9,15.60769231,8.038461538,25.56153846,20.65384615
263.0580778,14.82307692,12.8,13.77692308,12.48461538,7.476923077,17.21538462,10.76153846,13.57692308,13.34615385,10.89230769,6.984615385
263.2742864,11.53076923,14.53846154,21.36923077,12.10769231,26.13076923,12.89230769,18.61538462,13.76923077,17.37692308,26.63076923,14.04615385
263.4904849,5.915384615,8.761538462,18.91538462,13.44615385,12.71538462,8.176923077,11.17692308,10.49230769,5.084615385,18.33846154,11.49230769
263.7066731,17.46153846,8.838461538,16.22307692,17.62307692,10.59230769,13.46153846,17.25384615,7.430769231,14.06153846,18.36153846,16.64615385
263.9228512,8.030769231,16.88461538,3.915384615,12.59230769,8.353846154,5.246153846,19.00769231,16.63846154,11.2,10.68461538,27
264.139019,16.98461538,6.961538462,13.59230769,12.1,6.9,10.46923077,12.76923077,19.1,21.91538462,11.88461538,6.661538462
264.3551767,12.50769231,15.16923077,16.86923077,18.61538462,4.415384615,9.461538462,8.830769231,14.16923077,11.3,11.45384615,6.961538462
264.5713242,14.89230769,20.02307692,8.792307692,13.04615385,11.26923077,11.92307692,14.45384615,12.06923077,16.84615385,26.53076923,17.99230769
264.7874615,9.253846154,11.66153846,19.66923077,12.24615385,12.66923077,4.230769231,18.48461538,5.230769231,16.00769231,19.93076923,13.13846154
265.0035886,11.27692308,20.21538462,7.892307692,15.85384615,17.46153846,9.746153846,17.64615385,10.42307692,6.730769231,14.38461538,18.36923077
265.2197055,18.48461538,9.130769231,14.23076923,17.3,12.27692308,13.07692308,20.91538462,16.53076923,12.56153846,15.63076923,14.16923077
265.4358121,12.43076923,18.96923077,12.16153846,15.41538462,15.16923077,17.57692308,20.48461538,8.538461538,14.43076923,22.08461538,17.54615385
265.6519086,5.669230769,12.73846154,14.00769231,9.907692308,11.38461538,7.976923077,12.65384615,4.276923077,6.653846154,15.14615385,14.13076923
265.8679949,14.76923077,14.73076923,16.26923077,11.88461538,9,14.79230769,16.83846154,13.56923077,18.04615385,20.58461538,11.02307692
266.0840709,16.36153846,9.530769231,9.446153846,12.96923077,4.792307692,13.60769231,6.761538462,16.49230769,12.92307692,7.461538462,15.63846154
266.3001368,4.853846154,13.1,9.046153846,20.48461538,16.15384615,18.48461538,17.31538462,12.2,14.39230769,16.3,19.1
266.5161924,5.338461538,9.069230769,11.1,9.930769231,11.44615385,7.423076923,14.6,8.846153846,13.36923077,13.51538462,12.37692308
266.7322378,12.26923077,18.13076923,21.03076923,15.15384615,10.00769231,18.11538462,12.34615385,22.86923077,12.90769231,17.50769231,5.623076923
266.948273,8.723076923,10.83846154,15.46923077,12.25384615,8.876923077,10.55384615,10.84615385,16.00769231,9.923076923,11.35384615,13.39230769
267.1642979,16.3,12.19230769,23.56923077,18.83076923,19.14615385,10.48461538,16.62307692,16.43846154,20.34615385,27.98461538,16.23846154
267.3803126,17.86153846,15.36153846,12.46923077,16.56923077,6.869230769,10.42307692,12.04615385,13.50769231,12.26153846,9.415384615,14.24615385
267.5963171,10.85384615,13.81538462,20.46923077,10.16153846,14.96153846,14.93846154,13.50769231,14.79230769,15.86153846,12.4,21.42307692
267.8123114,13.99230769,5.9,16.5,14.37692308,13.80769231,15.37692308,15.72307692,13.43076923,11.6,18.46153846,10.79230769
268.0282954,17.12307692,13.15384615,19.71538462,11.80769231,7.707692308,8.523076923,19.55384615,27,12.91538462,15.96153846,22.06923077
268.2442692,12.00769231,9.115384615,5.992307692,13.31538462,8.515384615,5.723076923,10.21538462,5.923076923,11.16923077,14.73846154,13.73076923
268.4602328,16.48461538,14.83076923,20.20769231,10.22307692,15.72307692,6.923076923,12.46153846,16.01538462,21.04615385,14.13846154,10.63846154
268.6761861,11.65384615,15.42307692,13.24615385,17.81538462,16.95384615,9.723076923,19.46923077,7.092307692,11.49230769,13.63846154,14.31538462
268.8921292,8.815384615,18.15384615,9.446153846,19.89230769,14.17692308,18.04615385,7.484615385,15.3,11.3,14.02307692,15.02307692
269.108062,11.80769231,14.51538462,19,13.30769231,10.68461538,5.007692308,13.78461538,10.49230769,9.484615385,7.969230769,15.10769231
269.3239846,14.08461538,11.11538462,13.36153846,16.1,14.42307692,16.26923077,13.7,8,24.66923077,8.715384615,8.607692308
269.5398969,9.892307692,7.476923077,9.223076923,10.89230769,9.015384615,3.992307692,12.49230769,12.83076923,19.06923077,11.95384615,9.446153846
269.755799,12.4,16.84615385,13.03076923,10.01538462,12.83846154,15.97692308,13.00769231,14.60769231,9.607692308,16.28461538,20.44615385
269.9716908,11.35384615,14.97692308,15.10769231,14.41538462,6.184615385,11.6,9.607692308,17.37692308,11.76153846,20.28461538,19.79230769
270.1875724,6.230769231,11.66153846,14.1,6.715384615,17.6,16.07692308,13.16923077,15.01538462,17.11538462,15.94615385,20.36923077
270.4034437,14.6,15.88461538,11.18461538,18.31538462,8.4,6.907692308,9.515384615,19.90769231,3.692307692,12.53846154,9.115384615
270.6193047,20.77692308,11.47692308,8.969230769,17.41538462,18.52307692,18.24615385,16.25384615,26.6,10.53846154,13.46153846,21.79230769
270.8351555,5.823076923,11.13076923,11.14615385,7.653846154,13.55384615,4.223076923,12.94615385,9.276923077,12.87692308,23.15384615,13.06923077
271.050996,15.78461538,16.1,19.20769231,21.09230769,17.56153846,17.56153846,13.13076923,16.79230769,23.10769231,18.93076923,15.89230769
271.2668262,10.63846154,14.30769231,12.36923077,7.453846154,12.07692308,12.10769231,8.738461538,4.953846154,12.63076923,15.05384615,12.03846154
271.4826462,10.00769231,8.476923077,10.45384615,13.50769231,18.55384615,12.38461538,11.74615385,21.8,18.83846154,9.315384615,19.88461538
271.6984559,15.98461538,10.45384615,10.78461538,6.915384615,4.584615385,6.338461538,14.13076923,11.8,16.85384615,9.292307692,21.56153846
271.9142553,12.51538462,19.01538462,15.54615385,16.47692308,22.33076923,17.62307692,23.94615385,9.646153846,14.83076923,17.58461538,16.04615385
272.1300444,13.56923077,6.5,13.10769231,6.676923077,15.01538462,6.630769231,17.61538462,11.53846154,14.17692308,23.76153846,19.63076923
272.3458233,18.04615385,11.16153846,14.13846154,20.42307692,4.1,18.95384615,16.09230769,11.94615385,5.969230769,18.55384615,18.53076923
272.5615919,14.06923077,15.97692308,23.44615385,11.76923077,9.684615385,11.36923077,11.13076923,20.46923077,8.484615385,12.79230769,9.515384615
272.7773501,9.138461538,13.83846154,17.56153846,13.43076923,12.06153846,10.19230769,18.35384615,15.50769231,10.88461538,21.13076923,14.03846154
272.9930981,7.130769231,7.161538462,10.85384615,6.346153846,24.16153846,16.5,17.16153846,17.15384615,13.25384615,17.56923077,13.85384615
273.2088358,13.87692308,6.876923077,10.8,13.96153846,8.7,11.32307692,16.43846154,23.50769231,9.630769231,14.17692308,18.56153846
273.4245632,12.36923077,7.984615385,18.7,16.25384615,10.11538462,4.723076923,16.06923077,6.961538462,16.22307692,12.01538462,11.4
273.6402803,16.1,16.58461538,19.46153846,18.89230769,7.776923077,10.42307692,12.76923077,17.00769231,21.92307692,21.12307692,14.19230769
273.8559871,16.55384615,7.238461538,13.68461538,15.07692308,10.00769231,11.95384615,3.807692308,14.29230769,6.007692308,8.161538462,14.56923077
274.0716836,12.60769231,16.68461538,19.77692308,14.60769231,17.95384615,11.93076923,12.15384615,26.46923077,15.76153846,10.96153846,15.43076923
274.2873698,15.27692308,6.676923077,17.31538462,9,9.284615385,6.438461538,12.50769231,14.1,15.08461538,14.93846154,6.961538462
274.5030457,12.54615385,10.43076923,12.41538462,9,9.9,12.16153846,17.41538462,6.946153846,16.23846154,23.48461538,17.81538462
274.7187113,9.815384615,3.638461538,11.93076923,9.330769231,14.7,11.8,13.97692308,16.98461538,9.930769231,12.83076923,7.784615385
274.9343666,17.60769231,13.33076923,13.2,14.94615385,19.12307692,4.338461538,26.45384615,27.2,15.92307692,12.53846154,16.18461538
275.1500116,16.28461538,10.59230769,11.14615385,8.315384615,9.469230769,5.861538462,13.34615385,10.05384615,2.892307692,17.68461538,11.44615385
275.3656462,17.77692308,13.66923077,12.72307692,18.71538462,10.30769231,14.16153846,16.23846154,14.49230769,18.70769231,16.33846154,14.06153846
275.5812705,7.484615385,8.761538462,11.58461538,3.715384615,6.161538462,8.446153846,14.63076923,6.976923077,21.64615385,16.31538462,18.16923077
275.7968845,15.87692308,12.03076923,9.523076923,18.49230769,8.9,7.069230769,8.7,18.38461538,12.43076923,16.43846154,17.2
276.0124882,8.323076923,7.469230769,14.17692308,13.74615385,8.792307692,7.346153846,18.71538462,20.4,11.56923077,13.68461538,18.36923077
276.2280816,11.33076923,14.1,15.28461538,15.4,11.34615385,18.62307692,17.2,12.10769231,11.61538462,14.96923077,22.75384615
276.4436646,9.046153846,8.338461538,15.18461538,11.96923077,10.46153846,8.869230769,13.16923077,11.74615385,15.74615385,22.86153846,7.484615385
276.6592373,20.03846154,14.45384615,12.7,18.2,22.16153846,18.13076923,24.98461538,18.19230769,10.12307692,22.13076923,16.92307692
276.8747997,7.946153846,10.73076923,12.66153846,11.97692308,9.253846154,7.576923077,6.176923077,11.95384615,10.19230769,17.02307692,7.423076923
277.0903517,8.861538462,10.61538462,11.73076923,16.65384615,17.75384615,12.33076923,20.28461538,15.06923077,17.34615385,16.46153846,12.64615385
277.3058934,5.646153846,9.384615385,8.661538462,13.66153846,4.292307692,11.78461538,14.01538462,19.86153846,14.18461538,12.40769231,10.51538462
277.5214248,13.12307692,16.43076923,25.26923077,13.80769231,15.46923077,15.97692308,9.430769231,17.75384615,16.91538462,12.46923077,20.34615385
277.7369458,15.12307692,11.54615385,12.74615385,15.06923077,2.684615385,5.369230769,12.64615385,14.55384615,9.561538462,11.45384615,11.86153846
277.9524564,12.78461538,12.7,21.05384615,10.12307692,16.45384615,16.02307692,13.53846154,12.80769231,12.22307692,17.53846154,9.607692308
278.1679567,15.53076923,8.884615385,5.953846154,12.68461538,7.176923077,5.369230769,10.16153846,5.307692308,13.20769231,19.36153846,13.26153846
278.3834467,11.15384615,15.90769231,13.18461538,17.14615385,18.06923077,9.384615385,24.38461538,27.5,18.56923077,18.06923077,12.12307692
278.5989263,6.823076923,9.969230769,6.661538462,4.130769231,6.084615385,3.930769231,10.51538462,14.74615385,16.72307692,17.87692308,12.30769231
278.8143956,11.54615385,9.030769231,22.05384615,20.1,15.70769231,9.007692308,20.33846154,16.28461538,15,10.95384615,12.54615385
279.0298545,4.761538462,12.74615385,7.415384615,12.38461538,7.553846154,4.984615385,10.33846154,14.39230769,11.63846154,11.92307692,15.74615385
279.245303,8.938461538,22.52307692,19.76153846,13.88461538,6.053846154,15.18461538,16.19230769,16.55384615,20.06153846,20.24615385,16.49230769
279.4607412,21.04615385,11.27692308,7.392307692,8.984615385,15.3,9.107692308,13.64615385,14.13076923,17.50769231,14.85384615,18.00769231
279.676169,14.11538462,15.9,16.9,15.38461538,22.22307692,7.992307692,13.06153846,18.5,30.60769231,13.71538462,14.45384615
279.8915865,6.992307692,10.89230769,12.64615385,20.1,12.62307692,6.746153846,14.85384615,19.66923077,13.38461538,16.86153846,11.10769231
280.1069936,11.19230769,17.06153846,15.26923077,12.86153846,8.015384615,14.13846154,18.3,20.71538462,18.50769231,18.03846154,21.5
280.3223903,16.36153846,3.984615385,17.81538462,8.123076923,6.184615385,5.523076923,9.023076923,14.94615385,7.392307692,17.12307692,4.953846154
280.5377766,17.50769231,12.97692308,14.1,9.446153846,10.15384615,13.83846154,19.81538462,10.16153846,18.14615385,18.75384615,19.22307692
280.7531526,20.06153846,8.823076923,8.030769231,14.62307692,7.407692308,8.461538462,9.761538462,7.469230769,10.86153846,16.39230769,9.246153846
280.9685182,7.461538462,12.02307692,10.04615385,20.53076923,18.22307692,12.41538462,20.06153846,20.27692308,14.04615385,11.17692308,15.96923077
281.1838734,9.969230769,11.23846154,6.576923077,7.069230769,13.52307692,8.461538462,9.3,8.838461538,19.62307692,25.26153846,13.16923077
281.3992182,11.15384615,13.61538462,17.05384615,11.68461538,14.41538462,17.2,16.55384615,23.41538462,13.36923077,21.16153846,15
281.6145526,12.08461538,9.707692308,8.307692308,15.6,12.00769231,12.66153846,17.20769231,12.3,18.76153846,8.961538462,15.10769231
281.8298766,14.6,12.75384615,17.92307692,14.49230769,9.176923077,8.661538462,16.74615385,24.30769231,12.26153846,11.90769231,16.03076923
282.0451903,3.346153846,10.82307692,14.78461538,11.10769231,4.353846154,11.15384615,7.276923077,21.04615385,15.18461538,17.16153846,10.26153846
282.2604936,15.82307692,15.56153846,12.07692308,13.43846154,14.06153846,16.31538462,13.14615385,23.1,11.44615385,14.16153846,10.95384615
282.4757864,11.1,6.992307692,7.446153846,14.21538462,15.05384615,6.692307692,9.892307692,9.384615385,14.86923077,21.56923077,12.44615385
282.6910689,11.9,18.80769231,16.58461538,6.653846154,8.384615385,8.753846154,14.70769231,13.62307692,15.54615385,17.70769231,12.38461538
282.9063409,6.692307692,6.630769231,18.10769231,16.42307692,7.530769231,5.723076923,11.86153846,9.884615385,8.707692308,18.98461538,15.54615385
283.1216026,10.4,21.43076923,15.63076923,20.8,19.16153846,24.12307692,16.99230769,16.95384615,8.215384615,15.08461538,8.184615385
283.3368538,4.184615385,12.2,11.14615385,7.569230769,9.007692308,13.43846154,9.6,14.3,17.14615385,8.630769231,14.56153846
283.5520947,11.51538462,9.392307692,10.67692308,18.11538462,17.53076923,15.97692308,17.10769231,10.88461538,18.44615385,14.53846154,10.61538462
283.7673251,14.66153846,5.384615385,19.96923077,6.276923077,4.330769231,4.415384615,15.80769231,15.10769231,9.115384615,9.561538462,17.7
283.9825452,14.25384615,16.33846154,14.53076923,18.99230769,13.41538462,16.83076923,12.62307692,15.64615385,19.23076923,12.15384615,25.51538462
284.1977548,12.95384615,11.97692308,9.738461538,5.369230769,9.346153846,5.184615385,9.007692308,14.23076923,20.43846154,13.86153846,7.453846154
284.4129539,18.17692308,14.96153846,18.04615385,15.17692308,15.62307692,16.3,20.25384615,13.44615385,21.24615385,9.546153846,24.66923077
284.6281427,10.30769231,10.45384615,9.792307692,13.55384615,4.615384615,11.49230769,10.7,11.65384615,11.87692308,11.39230769,14.44615385
284.8433211,15.58461538,9.707692308,7.184615385,15.97692308,21.46923077,20.73076923,16.32307692,14.58461538,14.03846154,19.66153846,10.67692308
285.058489,12.86153846,12.23846154,9.953846154,12.69230769,7.661538462,10.80769231,15.26923077,12.77692308,13.57692308,11.09230769,17.23846154
285.2736465,14.23076923,16.07692308,5.984615385,14.10769231,13.16923077,10.77692308,13.13846154,12.91538462,10.90769231,11.38461538,17.19230769
285.4887935,12.32307692,12.30769231,16.91538462,10.05384615,11.61538462,5.976923077,9.876923077,12.01538462,18.63076923,14.98461538,15.7
285.7039302,18.73076923,8.946153846,21.37692308,11.18461538,4.376923077,10.90769231,7.946153846,18.69230769,15.80769231,21.16153846,21.44615385
285.9190564,10.44615385,8.707692308,13.53076923,9.353846154,4.461538462,6.238461538,12.52307692,6.515384615,9.661538462,14.14615385,11.28461538
286.1341721,18.76153846,16.09230769,18.6,13.29230769,17.26153846,15.92307692,11.35384615,14.64615385,14.60769231,12.88461538,20.76923077
286.3492775,8.169230769,18.30769231,11.29230769,14.48461538,15.47692308,16.83846154,5.046153846,13.3,14.98461538,6.507692308,21.01538462
286.5643723,9.676923077,9.330769231,21.10769231,16.03846154,8.246153846,7.146153846,18.82307692,14.77692308,12.22307692,13.79230769,6.738461538
286.7794568,9.530769231,18.91538462,14.13846154,16.56153846,9.969230769,14.20769231,15.84615385,12.63846154,14.87692308,18.46153846,14.8
286.9945308,15.07692308,11.49230769,22.6,13.91538462,9.807692308,8.907692308,22.69230769,9.138461538,19.86923077,25.53076923,15.54615385
287.2095943,8.669230769,14.32307692,11.15384615,12.9,8.561538462,5.692307692,8.084615385,16.87692308,9.584615385,4.515384615,13.41538462
287.4246474,23.01538462,13.15384615,15.01538462,15.13846154,11.06153846,14.40769231,13.86153846,19.66923077,11.21538462,26.83076923,21.41538462
287.63969,8.961538462,10.11538462,11.06923077,12.6,14.68461538,8.169230769,16.25384615,14.3,7.138461538,7.269230769,12.81538462
287.8547222,17.66923077,10.97692308,12.75384615,10.90769231,16.70769231,18.3,14.81538462,18.3,19.03846154,9.115384615,12.62307692
288.0697439,11.31538462,14.95384615,19.09230769,14.62307692,6.207692308,6.976923077,13.33846154,10.61538462,16.10769231,11.86153846,11.44615385
288.2847552,10.82307692,21.88461538,17.00769231,13.98461538,14.76923077,17.16153846,16.20769231,16.57692308,28.90769231,17.26153846,24.35384615
288.499756,12.00769231,14.39230769,13.86153846,19.51538462,10.36153846,8.984615385,7.369230769,12.00769231,18.94615385,5.092307692,5.692307692
288.7147463,17.7,17.6,21.60769231,21.56153846,14.93076923,15.24615385,21.86923077,17.04615385,9.446153846,24.85384615,12.54615385
288.9297262,5.269230769,7.753846154,9.923076923,8.507692308,10.57692308,5.938461538,10.37692308,10.03846154,22.83076923,12.66923077,16.08461538
289.1446956,15.45384615,17.68461538,11.51538462,15.55384615,22.40769231,7.361538462,17.56923077,14.05384615,18.11538462,17.07692308,25.26923077
289.3596545,14.78461538,7.3,14.44615385,11.68461538,10.13846154,8.907692308,20.32307692,17.81538462,10.28461538,14.80769231,12.06923077
289.5746029,14.86923077,9.715384615,19.21538462,15.60769231,14.53076923,17.44615385,20.06153846,23.5,17.26153846,7.876923077,10.76153846
289.7895409,11.13846154,15.5,18.00769231,6.707692308,12.62307692,10.93846154,20.35384615,12.82307692,7.246153846,18.76153846,18.39230769
290.0044684,12.1,17.1,22.93076923,14.07692308,17.23846154,12.96153846,11.46923077,6.684615385,10.16923077,14.46923077,19.9
290.2193854,14.51538462,14.96923077,12.91538462,13.86923077,11.26153846,16.50769231,13.23846154,8.223076923,9.030769231,12.4,7.415384615
290.4342919,13.03846154,6.415384615,22.71538462,13.41538462,10.63076923,5.992307692,14.70769231,14.44615385,18.69230769,10.12307692,19
290.6491879,7.430769231,11.42307692,13,18.86153846,17.00769231,15.36153846,20.56923077,6.907692308,8.8,13.75384615,13.96153846
290.8640735,21.17692308,12.2,20.42307692,15.25384615,18.46153846,10.63846154,24.84615385,20.97692308,4.946153846,31.11538462,19.1
291.0789485,18.47692308,20.03076923,12.01538462,7.553846154,14.03846154,13.30769231,12.8,16.90769231,11.72307692,7.646153846,15.88461538
291.2938131,15.11538462,14.66923077,15.6,11.98461538,11.48461538,10.05384615,16.86153846,14.46153846,11.2,13.05384615,25.46923077
291.5086671,7.038461538,13.05384615,13.42307692,6.838461538,6.746153846,12.99230769,11.90769231,10.97692308,20.94615385,13.23846154,18.35384615
291.7235107,15.31538462,15.73076923,22.03076923,10.50769231,13.42307692,12.71538462,14.23846154,18.8,14.37692308,14.25384615,11.36923077
291.9383437,13.88461538,3.661538462,16.53076923,17.36153846,20.16153846,5.992307692,12.94615385,13.68461538,8.715384615,16.57692308,14.92307692
292.1531663,10.06923077,22.11538462,15.45384615,13.35384615,19.95384615,12,23.55384615,18.17692308,17.43076923,16.52307692,21.91538462
292.3679783,13.06153846,14.92307692,12.97692308,15.01538462,9.784615385,21.83076923,12.92307692,12.38461538,12.1,9.984615385,14.60769231
292.5827798,20.26153846,11.29230769,19.04615385,11.76923077,8.261538462,5.376923077,16.27692308,19.5,19.72307692,15.56153846,17.35384615
292.7975709,10.83076923,9.446153846,20.62307692,8.023076923,14.13076923,7.838461538,15.45384615,13.34615385,12.22307692,12.33846154,21.02307692
293.0123514,6.469230769,12.09230769,26.76923077,13.58461538,15.56153846,15.26923077,17.03846154,9.115384615,19.00769231,21.05384615,12.53076923
293.2271214,4.938461538,11.35384615,9.069230769,9.784615385,9.484615385,10.77692308,6.869230769,7.907692308,14.89230769,8.292307692,10.14615385
293.4418808,14.93076923,24.43076923,22.86923077,21.28461538,10.83076923,17.38461538,18.52307692,7.846153846,21.20769231,13.51538462,22.19230769
293.6566298,6.476923077,9.753846154,9.738461538,12.9,20.97692308,8.984615385,18.19230769,18.7,12.06153846,15.03076923,16.75384615
293.8713682,15.05384615,23.85384615,22.30769231,23.8,21.33076923,14.98461538,16.89230769,20.40769231,15.03846154,16.06923077,17.71538462
294.0860961,17.2,10.12307692,7.015384615,9.838461538,10.44615385,8.915384615,14.00769231,15.47692308,6.030769231,19.30769231,14.66153846
294.3008135,19.90769231,12.48461538,19.23846154,16.75384615,17.16153846,13.04615385,16.43846154,26.6,12.32307692,12.23846154,15.94615385
294.5155203,11.91538462,17.42307692,14.89230769,9.084615385,12.16153846,15.16153846,17.78461538,16.07692308,7.069230769,17.01538462,9.669230769
294.7302166,23.51538462,14.05384615,22.96923077,12.94615385,23.87692308,15.99230769,11.32307692,18.21538462,8.592307692,4.153846154,15.8
294.9449024,17.00769231,7.969230769,6.369230769,14.57692308,15.34615385,7.8,15.99230769,11.74615385,19.86153846,14.03846154,13.14615385
295.1595776,15.6,17.63076923,10.36153846,13.73076923,2.507692308,29.02307692,17.18461538,23.6,16.55384615,22.93076923,11.91538462
295.3742423,12.78461538,8.346153846,16.08461538,10.74615385,8.838461538,9.623076923,11.23846154,10.59230769,21.58461538,13.06923077,16.44615385
295.5888964,9.561538462,16.31538462,18.85384615,16.89230769,12.77692308,14.33846154,17.68461538,16.30769231,19.83076923,19.23076923,15.61538462
295.80354,19.41538462,12.75384615,14.81538462,15.56153846,9.492307692,10.32307692,17.28461538,10.65384615,11.06153846,13.67692308,12.07692308
296.0181731,8.884615385,14.13076923,16.03076923,14.90769231,11.95384615,8.484615385,18.54615385,20.76923077,10.68461538,14.76153846,14.37692308
296.2327956,9.446153846,10.55384615,14.73846154,7.538461538,8.392307692,19.16153846,18.16153846,13.27692308,7.338461538,13.85384615,9.184615385
296.4474075,11.60769231,17.97692308,10.23846154,6.630769231,17.76923077,10.5,23.28461538,6.938461538,8.992307692,18.11538462,21.1
296.6620089,17.5,12.09230769,9.553846154,8.369230769,9.692307692,7.5,21.02307692,13.88461538,9.284615385,9.461538462,16.21538462
296.8765997,9.676923077,18.23076923,15.98461538,17.22307692,14.04615385,17.49230769,4.669230769,26.76923077,17.10769231,12.49230769,19.13846154
297.09118,6.984615385,10.34615385,21.96923077,9.707692308,15.43076923,16.36923077,17.15384615,8.9,13.56923077,8.961538462,14.96153846
297.3057497,10.89230769,14.53846154,18.14615385,20.86153846,13.4,8.530769231,10.46923077,14.73846154,12.08461538,15.19230769,22.76153846
297.5203089,13.52307692,15.46153846,11.45384615,12.09230769,10.17692308,11.48461538,15.29230769,13.01538462,8.876923077,14.33076923,14.82307692
297.7348574,13.33846154,14.06923077,14.12307692,13.26923077,10.77692308,14.19230769,12.59230769,19.90769231,12.09230769,14.16923077,23.59230769
297.9493955,8.238461538,12.16923077,16.35384615,10.31538462,11.37692308,9.938461538,17.46153846,13.75384615,7.061538462,17.46153846,6.061538462
298.1639229,15.71538462,19.61538462,17.33076923,14.54615385,18.57692308,14.33846154,22.75384615,20.8,23.70769231,20.03846154,15.64615385
298.3784397,15.51538462,9.907692308,11.97692308,12.60769231,12.00769231,9.2,11.61538462,15.84615385,5.761538462,18.00769231,14.84615385
298.592946,16.89230769,14.33846154,18.96923077,9.784615385,20.44615385,16.23846154,5.353846154,16.53846154,13.21538462,15.23076923,11.06153846
298.8074417,11.05384615,16.91538462,11.9,5.753846154,10.13076923,10.53846154,17.33076923,15.85384615,14.75384615,9.8,14.30769231
299.0219269,7.415384615,19.34615385,21.02307692,12.19230769,10.04615385,20.04615385,19.48461538,17.74615385,23.54615385,19.43846154,23.99230769
299.2364014,13.74615385,13.11538462,8.215384615,17.18461538,12.73076923,14.94615385,7.992307692,14.65384615,6.053846154,12.68461538,5.507692308
299.4508653,12.20769231,12.6,15.16153846,9.615384615,20.1,4.646153846,11.82307692,20.3,8.746153846,11.03076923,17.88461538
299.6653187,10.71538462,6.230769231,11.42307692,14.91538462,15.69230769,9.892307692,8.561538462,16.1,7.607692308,16.47692308,16.34615385
299.8797615,11.86923077,12.71538462,17.16153846,19.61538462,9.453846154,12.32307692,6.461538462,13.99230769,28.00769231,28.86153846,27.24615385
300.0941936,5.430769231,8.938461538,12.46153846,14.71538462,6.792307692,14.63846154,14.82307692,11.46153846,13.65384615,13.94615385,15.01538462
300.3086152,13.13076923,12.16153846,23.34615385,20.80769231,8.953846154,8.907692308,20.43846154,19.2,14.99230769,19.53076923,16.29230769
300.5230262,13.65384615,13.76923077,15.2,18.11538462,10.13846154,11.62307692,13.47692308,6.638461538,20.23076923,11.99230769,17.56153846
300.7374266,3.276923077,28.53846154,16.07692308,5.538461538,24.02307692,17.86923077,14.98461538,5.930769231,19.82307692,16.98461538,18.36153846
300.9518164,12.72307692,7.307692308,12.00769231,11.21538462,20.65384615,9.323076923,20.45384615,13.63846154,14.4,20.55384615,14.76923077
301.1661955,8.446153846,18.83076923,16.44615385,17.7,21.72307692,13.07692308,16.83846154,24.66153846,15.74615385,21.38461538,10.99230769
301.3805641,11.43076923,12.26923077,17.96153846,13.03846154,8.5,6.961538462,10.96923077,14.5,18.38461538,19.18461538,13.86923077
301.594922,15.07692308,11.46153846,14.75384615,17.46153846,9.176923077,12.15384615,13.43076923,17.66153846,14.80769231,11.33846154,19.16153846
301.8092694,9.953846154,9.607692308,18.46923077,8.546153846,11.32307692,9.923076923,18.79230769,14.57692308,14.7,10.35384615,21.54615385
302.0236061,12.06923077,15.9,17.62307692,21.9,10.77692308,11.96923077,13.45384615,16.70769231,17.83076923,11.76923077,23.93076923
302.2379322,9.061538462,8.446153846,5.5,15.13076923,11.75384615,7.184615385,12.65384615,17.05384615,18.74615385,19.75384615,8.184615385
302.4522477,20.02307692,23.04615385,11.07692308,12.87692308,19.16153846,16.01538462,21.99230769,21.40769231,20.44615385,22.33076923,9.592307692
302.6665525,6.615384615,11.14615385,11.2,14.13846154,11.02307692,2.123076923,3.353846154,9.630769231,14.92307692,13.29230769,16.86923077
302.8808468,11.28461538,17.27692308,17.96153846,14.78461538,24.63076923,8.007692308,14.85384615,20.40769231,18.46153846,15.03846154,18.8
303.0951304,16.4,16.21538462,10.9,8.169230769,13.12307692,12.7,15.78461538,20.26923077,14.17692308,14.36153846,19.1
303.3094033,8.892307692,9.053846154,22.03076923,18.38461538,10.82307692,7.146153846,18.46153846,12.25384615,14.34615385,23.46153846,11.77692308
303.5236657,10.23846154,14.98461538,13.03846154,15.96153846,17.10769231,6.184615385,6.338461538,19.34615385,14.97692308,10.76153846,11.58461538
303.7379174,13.65384615,17.80769231,19.5,13.36153846,8.146153846,12.96923077,8.638461538,17.2,15.19230769,15.75384615,14.82307692
303.9521585,14.39230769,12.96923077,9.584615385,12.86923077,6.807692308,10.74615385,11.15384615,19.9,9.761538462,16.67692308,14.07692308
304.1663889,22.57692308,19.43076923,24.3,17,12.49230769,12.73846154,13.03846154,24.87692308,20.63846154,20.55384615,15.76923077
304.3806087,15.55384615,10.83076923,9.207692308,18.78461538,6.515384615,5.023076923,17.76923077,6.846153846,20.58461538,13.89230769,14.03846154
304.5948178,13.99230769,15.73076923,22.36923077,25.43076923,16.44615385,16.26153846,25.62307692,19.20769231,11.32307692,18.58461538,21.69230769
304.8090163,13.03076923,10.27692308,12.8,14.89230769,13.36923077,8.653846154,28.55384615,10.89230769,7.807692308,17.16923077,9.384615385
305.0232042,20.08461538,18.53846154,14.60769231,16.44615385,10.1,14.61538462,6.115384615,16.33846154,19.15384615,21.23076923,17.72307692
305.2373813,14.86923077,12.23846154,9.407692308,2.038461538,12.37692308,12.14615385,16.42307692,12.07692308,13.28461538,12.33076923,15.28461538
305.4515479,17.50769231,19.01538462,20.80769231,21.01538462,8.476923077,11.7,19.31538462,11.07692308,24.63076923,30.45384615,12.05384615
305.6657038,3.6,13.74615385,12.07692308,11.57692308,23.16153846,8.146153846,21.08461538,11.87692308,9.769230769,10.93076923,14.40769231
305.879849,20.76923077,12.66153846,21.96923077,16.7,11.37692308,10.66153846,25.06923077,19.9,9.015384615,24.23846154,9.861538462
306.0939835,13.30769231,14.23076923,10.79230769,17.79230769,3.769230769,13.72307692,12.85384615,15.40769231,14.12307692,14.06153846,19.35384615
306.3081074,24.26923077,24.63076923,27.6,12.62307692,20.93076923,9.561538462,16.16923077,19.87692308,15.32307692,23.96923077,18.38461538
306.5222207,16.58461538,20.46923077,16.00769231,4.976923077,19.69230769,7.338461538,12.43846154,15.9,18.05384615,9.215384615,23.45384615
306.7363232,11.1,18.53076923,14.11538462,11.03846154,11.52307692,13.93076923,15.03846154,13.59230769,18.61538462,11.97692308,11.05384615
306.9504151,12.93846154,16.25384615,12.15384615,7.546153846,14.91538462,16.13076923,14.10769231,13.41538462,14.18461538,20.83076923,18.36153846
307.1644963,14.36923077,18.53076923,16.86923077,20.93076923,13.97692308,11.11538462,14.44615385,18.59230769,16.97692308,17.97692308,17.4
307.3785669,25.4,7.307692308,20.98461538,11.92307692,18.5,9.230769231,13.5,9.738461538,11.32307692,11.11538462,6.6
307.5926267,8.346153846,13.36923077,19.56923077,12.13076923,22.66923077,15.29230769,13.63846154,20.54615385,15.03846154,17.63846154,11.8
307.8066759,7.753846154,13.52307692,16.84615385,9.015384615,13.39230769,20.4,12.14615385,9.723076923,19.62307692,19.07692308,14.68461538
308.0207144,18.88461538,15.36153846,19.86923077,20.46153846,17.91538462,12.36923077,26.32307692,19.08461538,17.68461538,17.03076923,17.12307692
308.2347422,13.97692308,10.12307692,16.79230769,16.57692308,20.16923077,7.523076923,10.9,14.30769231,15.14615385,22.03846154,14.46153846
308.4487593,21.51538462,14.31538462,11.23076923,4.276923077,12.00769231,13.67692308,10.42307692,23.54615385,17.30769231,10.71538462,20.9
308.6627657,9.769230769,7.246153846,13.93846154,13.21538462,16.59230769,14.91538462,8.838461538,16.16923077,11.3,12.48461538,17.3
308.8767615,19.67692308,22.83076923,16.24615385,18.81538462,20.27692308,16.5,26.46923077,25.30769231,9.4,17.26923077,12.08461538
309.0907465,9.776923077,12.88461538,6.107692308,15.91538462,5.607692308,6.038461538,14.95384615,5.238461538,13.48461538,8.292307692,10.53076923
309.3047209,18.4,15.85384615,20.90769231,17.93076923,11.17692308,14.3,24.08461538,27.49230769,17.18461538,20.68461538,14.16923077
309.5186845,4.876923077,9.915384615,14.27692308,10.60769231,5.138461538,9.176923077,12.25384615,10.75384615,15.04615385,14.15384615,8.584615385
309.7326374,14.21538462,17.06923077,22.46923077,20.89230769,11.11538462,13.82307692,22.56923077,13.24615385,12.63076923,13.96153846,12.33076923
309.9465797,18.31538462,15.91538462,9.330769231,8.792307692,7.838461538,7.307692308,21.44615385,8.592307692,15.44615385,21.26153846,11.06923077
310.1605112,14.30769231,17.56923077,15.85384615,15.69230769,19.65384615,8.684615385,18.42307692,22.60769231,26.24615385,15.03076923,10.64615385
310.374432,11.97692308,17.73076923,12.88461538,9.861538462,16.04615385,9.046153846,9.646153846,20.15384615,6.692307692,16.37692308,10.81538462
310.5883421,17.09230769,17.83846154,24.86923077,17.96923077,11.55384615,19.14615385,22.25384615,19.46923077,15.86923077,13.40769231,13.15384615
310.8022415,18.40769231,10.21538462,8.146153846,11.28461538,14.96153846,13.23846154,4.592307692,23.91538462,9.569230769,18.51538462,8.461538462
311.0161302,14.82307692,13.8,13.73846154,16.88461538,8.861538462,12.83846154,9.815384615,14.59230769,12.08461538,15.77692308,18.24615385
311.2300081,7.761538462,14.28461538,19.52307692,22.16153846,8.569230769,8.792307692,13.64615385,12.7,10.01538462,15.48461538,16.85384615
311.4438754,12.14615385,3.669230769,11.66153846,11.40769231,12.51538462,11.40769231,17.53846154,23.1,10.03076923,14.40769231,10.79230769
311.6577319,9.384615385,14.46923077,17.94615385,11.32307692,14.35384615,8.369230769,17.38461538,15.8,13.80769231,21.67692308,15.5
311.8715776,10.71538462,14.7,18.23076923,18.83846154,15.15384615,15.10769231,16.34615385,15.27692308,19,17.06923077,18.07692308
312.0854127,15.80769231,11.17692308,5.476923077,11.87692308,8.653846154,9.646153846,15.15384615,15.58461538,14.28461538,15.46153846,23.05384615
312.299237,10.83846154,12.7,16.76923077,21.50769231,16.61538462,10.05384615,15.55384615,8.984615385,28.70769231,15.08461538,13.65384615
312.5130506,7.038461538,12.8,22.74615385,18.66153846,11.26923077,16.20769231,20.07692308,14.69230769,14.64615385,19.25384615,11.23076923
312.7268534,21.16923077,15.8,11.62307692,22.3,13.67692308,20.22307692,22.08461538,21.26923077,20.26153846,19.76153846,17.81538462
312.9406455,12.10769231,11.36153846,7.492307692,13.06153846,6.892307692,6.307692308,6.784615385,13.80769231,12.32307692,16,8.907692308
313.1544269,19.44615385,25.8,21.76153846,20.15384615,22.80769231,14.51538462,15.56153846,12.11538462,26.42307692,24.06153846,23.89230769
313.3681975,18.5,10.63076923,11.59230769,16.33846154,14.67692308,22.58461538,9.723076923,24.83846154,10.54615385,14.59230769,12.99230769
313.5819574,22.75384615,17.14615385,18.73076923,18.28461538,21.06923077,17.36153846,25.47692308,21.17692308,12.30769231,9.446153846,16.92307692
313.7957065,6.846153846,8.923076923,8.623076923,9.953846154,11.27692308,18.62307692,19.63076923,18.65384615,14.82307692,14.65384615,22.15384615
314.0094449,7.846153846,12.7,23.93076923,27.32307692,8.215384615,12.28461538,19.65384615,16.55384615,23.42307692,19.13846154,27.6
314.2231725,12.66923077,16.11538462,18.39230769,16.87692308,12.75384615,8.707692308,13.29230769,24.71538462,17.91538462,13.99230769,18.64615385
314.4368893,15.97692308,12.82307692,16.33076923,17.42307692,21.52307692,12.76153846,20.92307692,18.9,20.81538462,15.30769231,17.75384615
314.6505955,7.769230769,11.78461538,19.54615385,6.676923077,13.66153846,11.43076923,6.330769231,11.81538462,9.869230769,10.22307692,19.76923077
314.8642908,15.5,14.08461538,15.83846154,14.01538462,13.86923077,12.10769231,8.723076923,16.00769231,23.23076923,12.59230769,18.65384615
315.0779754,18,9.769230769,19.8,17.02307692,9.484615385,8.438461538,19.81538462,12.92307692,16.64615385,12.53846154,11.49230769
315.2916492,15.8,19.71538462,20.24615385,17.32307692,10.7,11.08461538,22.35384615,14.36923077,17.93846154,19.70769231,9.476923077
315.5053122,11.6,23.43076923,16.1,11.66153846,17.73846154,12.4,16.38461538,23.28461538,8.353846154,13.9,9.546153846
315.7189645,11.39230769,11.73076923,17.86153846,13.56923077,13.01538462,16.94615385,12.12307692,10.26923077,12.93076923,18.41538462,17.41538462
315.932606,13.92307692,10.16923077,9.907692308,10.22307692,14.23846154,9.023076923,7.638461538,11.25384615,18.14615385,10.85384615,11.42307692
316.1462367,5.884615385,9.407692308,14.34615385,11.69230769,5.3,14.69230769,23.08461538,18.36923077,26.26153846,25.56153846,18.21538462
316.3598567,8.761538462,16.86153846,10.2,15.86923077,13.26923077,16.96923077,12.1,10.17692308,16.69230769,13.85384615,8.530769231
316.5734659,17.90769231,15.9,27.86923077,12.90769231,21.55384615,18.62307692,20.15384615,17.61538462,17.18461538,21.45384615,12.61538462
316.7870642,8.753846154,6.838461538,7.846153846,12.14615385,9.030769231,12.32307692,15.6,9.384615385,18.31538462,4.853846154,13.92307692
317.0006518,13.6,11.46923077,18.66923077,12.15384615,15.70769231,14.03846154,23.65384615,9.230769231,15.6,24.15384615,19.5
317.2142286,14.75384615,17.14615385,13.36923077,10.27692308,10.6,13.38461538,21.86923077,19.64615385,20.80769231,8.815384615,18.89230769
317.4277947,12.96923077,14.46923077,16.76923077,18.87692308,18.66153846,18.97692308,16.05384615,19.84615385,24.13076923,25.55384615,27.65384615
317.6413499,8.923076923,7.884615385,11.12307692,12.51538462,14.36153846,10.21538462,19.14615385,11.6,13.3,22.46153846,11.81538462
317.8548943,19.15384615,6.076923077,17.3,18.79230769,10.27692308,8.823076923,10.7,22.60769231,16.57692308,19.02307692,34.96153846
318.068428,6.6,16.9,19.08461538,5.653846154,12.73076923,7.038461538,17.82307692,22.53846154,15.83076923,11.00769231,15.62307692
318.2819508,13.07692308,13.73846154,25.66923077,12.80769231,12.16153846,18.27692308,19.23846154,15.65384615,12.04615385,13.59230769,22.64615385
318.4954629,15.20769231,19.41538462,9.346153846,12.2,10.56153846,19.05384615,18.80769231,10.55384615,21.02307692,22.01538462,15
318.7089641,20.28461538,14.32307692,25.16923077,22.49230769,21.05384615,10.39230769,18.59230769,13.69230769,24.30769231,13.41538462,20.76923077
318.9224545,6.961538462,13.60769231,14.61538462,10.09230769,7.515384615,17.76153846,16.79230769,17.21538462,18.03846154,20.13846154,10.34615385
319.1359341,20.28461538,7.207692308,28.24615385,20.7,15.37692308,13.67692308,19.63846154,22.5,23.80769231,11.49230769,19.3
319.3494029,14.84615385,8.523076923,10.06923077,4.092307692,14.10769231,13.53076923,22.85384615,9.8,15.64615385,20.16923077,16.56923077
319.5628609,11.42307692,17.6,28.36923077,18.5,7.092307692,14.5,20.13846154,20,15.33846154,23.68461538,25.31538462
319.7763081,11.96153846,15.48461538,14.33846154,16.47692308,11.53846154,13.93846154,17.66153846,19.84615385,6.407692308,16.43076923,18.2
319.9897444,16.35384615,17,14.20769231,16.68461538,10.90769231,16.79230769,25.38461538,20.66923077,18.76923077,12.23076923,14.8
320.20317,6.723076923,14.33846154,13.49230769,11.57692308,19.03076923,8.861538462,12.06923077,10.22307692,11.26153846,9.976923077,18.8
320.4165847,9.484615385,16.74615385,13.54615385,15.53846154,28.13076923,23.74615385,9.892307692,22.44615385,20.58461538,19.76923077,13.02307692
320.6299886,14.46923077,9.5,23.75384615,14.15384615,14.96153846,11.69230769,17.74615385,23.18461538,7.838461538,12.35384615,16.23846154
320.8433816,20.9,21.76153846,12.77692308,19.82307692,13.32307692,7.853846154,12.56923077,17.39230769,18.80769231,21.33076923,13.1
321.0567638,11.23846154,14.32307692,12.60769231,15.28461538,16.37692308,6.330769231,17.08461538,21.96923077,8.361538462,17.68461538,15.26923077
321.2701352,20.26153846,20.83846154,8.223076923,22.02307692,10.70769231,14.04615385,16.48461538,15.2,19.43076923,21.46153846,19.97692308
321.4834958,4.061538462,15.81538462,15.23076923,22.39230769,10.44615385,8.253846154,17.36923077,23.37692308,16.63076923,19.86153846,15.28461538
321.6968455,10.82307692,17.34615385,19.76923077,9.430769231,14.39230769,21.79230769,28.58461538,15.09230769,26.70769231,20.58461538,29.81538462
321.9101844,12.05384615,8.492307692,12.56923077,16.20769231,11.36923077,15.56153846,17.68461538,15.50769231,14.94615385,8.415384615,9.769230769
322.1235124,8.453846154,20.31538462,23.35384615,20.77692308,13.70769231,15.91538462,15.86923077,20.06923077,18.67692308,23.88461538,24.36923077
322.3368296,11.30769231,8.7,17.85384615,9.792307692,5.153846154,12.88461538,13.66153846,6.3,15.46923077,12.15384615,13.9
322.5501359,15.77692308,9.884615385,16.53076923,21.18461538,10.61538462,15.05384615,12.67692308,13.98461538,11.67692308,13.79230769,21.48461538
322.7634314,12.06153846,15.65384615,13.91538462,13.93076923,16.66153846,17.13846154,8.446153846,17.93846154,22.60769231,18.03846154,21.76923077
322.9767161,18.56923077,14.06923077,16.13076923,23.49230769,16.37692308,11.2,16.48461538,17.65384615,24.40769231,19.75384615,18.26153846
323.1899898,8.753846154,14.68461538,13.06153846,15.94615385,10.48461538,5.661538462,18.93076923,14.72307692,6.684615385,8.946153846,11.96153846
323.4032528,10.20769231,20.28461538,12.19230769,23.63846154,15.27692308,18.82307692,22.48461538,17.64615385,13.82307692,23.93076923,15.23076923
323.6165048,15.31538462,17.32307692,16.90769231,13.62307692,7.638461538,15.84615385,15.87692308,22.16923077,19.46923077,17.36153846,11.05384615
323.829746,10.79230769,16.79230769,29.56923077,21.91538462,11.33846154,14.82307692,20.63076923,23.26923077,24.44615385,29.54615385,30.9
324.0429764,8.523076923,17.17692308,18.02307692,7.323076923,18.75384615,11.3,12.45384615,18.97692308,12.45384615,10.42307692,16.48461538
324.2561958,16.97692308,14.9,22.13076923,16.26153846,16.65384615,11.00769231,22.89230769,9.207692308,11.75384615,34.43076923,16.76153846
324.4694044,7.215384615,9.7,11.12307692,7.630769231,4.723076923,18.47692308,13.74615385,13.77692308,17.88461538,10.95384615,11.85384615
324.6826021,18.44615385,24.63846154,17.74615385,11.42307692,13.59230769,11.94615385,27.65384615,23,17.1,16.73076923,18.11538462
324.895789,8.292307692,14.04615385,13.34615385,11.29230769,16.2,19.7,15.75384615,20.79230769,20.43076923,18.2,15.43076923
325.108965,12.49230769,18.15384615,14.36153846,11.55384615,14.19230769,13.48461538,8.223076923,24,16.51538462,18.06923077,17.32307692
325.3221301,11.41538462,6.738461538,14.84615385,12.23076923,8.2,7.123076923,22.15384615,10.11538462,8.307692308,21.14615385,9.892307692
325.5352843,12.40769231,13.8,13.8,23.49230769,18.72307692,13.77692308,23.08461538,11.51538462,12.92307692,15.78461538,17.15384615
325.7484276,14.03076923,11.18461538,19.74615385,11.61538462,13.52307692,11.04615385,13.84615385,18.70769231,9.115384615,20.93846154,20.38461538
325.96156,14.76923077,14.70769231,16.13076923,17.56153846,16.62307692,12.62307692,23.25384615,17.51538462,16.29230769,30.83076923,17.36923077
326.1746816,11.21538462,14.03076923,13.63076923,12.16153846,14.85384615,9.084615385,12.33846154,10.47692308,12.86923077,8.961538462,16.26153846
326.3877923,18.11538462,18.8,23.26923077,17.89230769,24.51538462,19,12.35384615,19.6,14.96153846,24.95384615,19.1
326.600892,20.82307692,15.32307692,10.9,12.00769231,9.253846154,4.623076923,15.25384615,23,20.08461538,20.66153846,21.06923077
326.8139809,17.87692308,18.26153846,15.25384615,17.07692308,18.66153846,15.57692308,17.65384615,22.16923077,24.30769231,27.95384615,15.85384615
327.0270589,12.75384615,25.51538462,19.28461538,17.7,12.74615385,14.34615385,11.26923077,9.215384615,15.94615385,15.90769231,15.31538462
327.2401259,19.17692308,17.2,23.1,13.19230769,19.32307692,19.53846154,16.63846154,14.35384615,25.32307692,22.26153846,24.63076923
327.4531821,9.453846154,12.58461538,14.52307692,17.28461538,17.55384615,4.538461538,12.97692308,13.32307692,18.23076923,12.03846154,14.83846154
327.6662274,14,18.73076923,21.76923077,11.69230769,11.93076923,14.52307692,10.8,28.2,11.35384615,13.66153846,14.41538462
327.8792617,10.7,12.20769231,20.8,13.35384615,8.338461538,16.52307692,16.26153846,15.14615385,13.56153846,19.37692308,18.16153846
328.0922851,13.66923077,23.04615385,16.08461538,15.68461538,23.33076923,19.63846154,16.98461538,14.42307692,13.72307692,22.13846154,17.25384615
328.3052977,8.746153846,6.692307692,10.33846154,20.73076923,18.44615385,9.161538462,13.1,4.469230769,8.884615385,14.65384615,17.03076923
328.5182993,22.07692308,24.13076923,23.6,11.76923077,17.06153846,8.553846154,28.98461538,16.50769231,11.06923077,18.26923077,27.1
328.73129,14.49230769,11.64615385,9.376923077,24.37692308,2.592307692,4.638461538,13.07692308,11.79230769,11.28461538,19.55384615,13.03076923
328.9442698,13.72307692,20.13076923,26.45384615,18.66153846,15.77692308,12.37692308,12.91538462,13.81538462,13.28461538,13.46153846,19.57692308
329.1572386,5.269230769,18.5,15.21538462,18.06153846,12.36923077,11.16923077,10.65384615,20.27692308,14.03846154,17.17692308,17.96923077
329.3701965,20.56923077,11.29230769,24.87692308,15.86153846,15.05384615,11.19230769,13.51538462,20.5,21.90769231,22.07692308,17.72307692
329.5831435,25.67692308,7.030769231,13.86153846,17.04615385,17.68461538,9.253846154,20.73076923,14.39230769,15.8,16.58461538,20.42307692
329.7960796,12.16923077,27.55384615,17.46923077,13.02307692,20.13076923,16.02307692,21.62307692,25.89230769,18.2,29.23076923,20.35384615
330.0090047,11.36923077,15.11538462,19.35384615,11.66923077,8.661538462,13.38461538,15.22307692,10.60769231,11.53076923,18.45384615,17.39230769
330.2219189,15.06153846,21,13.89230769,20.06153846,21.23076923,24.14615385,20.95384615,30.1,20.90769231,25.74615385,23.64615385
330.4348222,6.169230769,10.23076923,13.97692308,13.43846154,20.14615385,9.161538462,16.53076923,22.74615385,14.14615385,12.23076923,15.29230769
330.6477145,19.00769231,10.2,19.27692308,19.73076923,27.13076923,11.33846154,14.86923077,21.26923077,15.86923077,28.13076923,17.07692308
330.8605959,11.76153846,22.6,25.66153846,22.92307692,14.64615385,9.692307692,12.31538462,16.62307692,16.15384615,14.66153846,13.06153846
331.0734663,14.08461538,22.5,9.361538462,19.11538462,7.953846154,12.72307692,20.03076923,19.94615385,17.82307692,21.75384615,13.04615385
331.2863258,14.76923077,8.423076923,7.076923077,9.584615385,17.23076923,8.392307692,8.838461538,17.86923077,18.94615385,21.03846154,14.70769231
331.4991744,15.41538462,21.03846154,18.30769231,13.96153846,10.22307692,21.43846154,19.22307692,22.27692308,20.40769231,31.63076923,11.27692308
331.7120119,10.01538462,8.638461538,15.18461538,14.55384615,11.05384615,21.62307692,13.48461538,14.8,12.72307692,19.46153846,30.46923077
331.9248386,21.18461538,21.8,16.53846154,10.96923077,17.23076923,13.95384615,26.85384615,19.02307692,16.64615385,16.13076923,22.95384615
332.1376542,12.84615385,9.638461538,16.41538462,23.09230769,4.907692308,16.62307692,12.96153846,20,16.60769231,11.25384615,15.12307692
332.350459,20.58461538,19,26.66923077,19.28461538,11.07692308,17.50769231,10.53076923,18.54615385,21.86923077,20.46923077,18.16153846
332.5632527,21.38461538,7.492307692,16.55384615,20.33846154,10.2,14.92307692,11.63076923,7.415384615,8.076923077,9.392307692,17.91538462
332.7760355,22.27692308,15.36153846,18.14615385,25.93076923,9.292307692,16.61538462,15.59230769,18.1,9.015384615,24.38461538,18.51538462
332.9888073,18.65384615,7.607692308,20.15384615,8.992307692,13.85384615,19.79230769,16.09230769,15.56923077,10.70769231,14.05384615,15.75384615
333.2015682,8.623076923,21.47692308,12.56923077,13.11538462,15.36153846,14.17692308,24.23076923,23.3,17.45384615,18.15384615,15.99230769
333.4143181,11.77692308,12.38461538,13.96153846,21.26153846,19.12307692,12.61538462,8.492307692,10.86923077,11.90769231,20.13846154,8.953846154
333.627057,9.938461538,18.12307692,26.16923077,18.3,13.76153846,16.32307692,24.52307692,18.7,11.6,23.46153846,17.05384615
333.8397849,11.35384615,17.21538462,13.35384615,10.86923077,14.22307692,9.115384615,17.54615385,14.46923077,17.24615385,14.1,14.5
334.0525019,10.9,7.776923077,25.36153846,13.02307692,14.81538462,16.74615385,19.83076923,19.89230769,19.36153846,15.70769231,23.56923077
334.2652078,14.65384615,11.61538462,15.09230769,15.73076923,13.47692308,11.16153846,13.99230769,14.46153846,21.34615385,28.41538462,20.08461538
334.4779028,21.56923077,12.61538462,17.23076923,21.59230769,13.56153846,19.52307692,22.66153846,10.78461538,18.24615385,25.06153846,12.18461538
334.6905868,18.81538462,16.39230769,6.9,9.569230769,12.74615385,14.63846154,16.78461538,8.823076923,20.75384615,19.26923077,14.43076923
334.9032598,16.01538462,15.47692308,13.03846154,7.676923077,17.03076923,16.19230769,15.23846154,20.38461538,22.36153846,18.46153846,7.253846154
335.1159219,3.646153846,8.546153846,16.04615385,14.23846154,13.51538462,14.23846154,8.238461538,11.39230769,16.37692308,12.56153846,12.36153846
335.3285729,16.6,19.09230769,16.46923077,13.73076923,18.33076923,18.36923077,19.03076923,15.06153846,16.63076923,25.75384615,19.55384615
335.5412129,18.47692308,16.41538462,24.06923077,11.85384615,14.60769231,7.076923077,5.961538462,19.13846154,16.4,15.75384615,9.392307692
335.753842,17.36923077,21.6,27.6,17.06153846,16.83076923,21.26153846,12.46153846,15.34615385,21.66923077,22.83076923,17.40769231
335.96646,4.476923077,9.576923077,6.015384615,6.623076923,11.13076923,13.89230769,11.33076923,10.55384615,16.58461538,10.36923077,15.81538462
336.1790671,25.46923077,16.23846154,20.02307692,13.5,27.63076923,8.946153846,17.38461538,15.9,30.14615385,12.75384615,20.25384615
336.3916631,14.84615385,16.86923077,9.115384615,11.06923077,15.60769231,4.807692308,12.62307692,12.11538462,16.13076923,12.49230769,24.75384615
336.6042481,9.853846154,11.56153846,13.11538462,8.569230769,11.05384615,27.06153846,12.48461538,12.22307692,20.46923077,21.93076923,28.96153846
336.8168221,11.56153846,19.56153846,23.26923077,15.4,11.36153846,15.2,11.15384615,23.24615385,11.9,19.47692308,21.99230769
337.0293851,19.97692308,13.84615385,24.66923077,14.51538462,25.56923077,11.05384615,15.32307692,15.10769231,11.85384615,25.45384615,21.97692308
337.2419371,14.01538462,9.330769231,18.96153846,11.58461538,10.26923077,11.42307692,15.66923077,10.05384615,11.62307692,12.64615385,18.49230769
337.4544781,20.36923077,21.58461538,15.96153846,21.36153846,15.72307692,18.3,26.17692308,13.76923077,12.26923077,21.83076923,22.51538462
337.667008,16.57692308,3.815384615,14.44615385,21.83076923,15.96923077,14.76153846,15.28461538,15.80769231,10.26923077,18.15384615,15.56923077
337.8795269,14.74615385,23.00769231,15.27692308,18.70769231,17.21538462,19.5,17.52307692,15.93846154,23.42307692,22.05384615,16.17692308
338.0920348,9.346153846,17.4,15.39230769,18.8,10.52307692,16.23846154,20.98461538,11.96923077,16.23076923,18.07692308,10.90769231
338.3045317,17.11538462,9.015384615,11.34615385,15.36153846,13.73846154,11.80769231,21.29230769,15.4,11.96153846,17.93076923,21.4
338.5170176,23.66923077,10.12307692,11.85384615,15.02307692,20.82307692,8.207692308,9.838461538,13.41538462,13.16153846,20.38461538,18.59230769
338.7294924,15.77692308,10.02307692,29.90769231,13.9,23.92307692,8.746153846,11.24615385,12.65384615,16.59230769,18.53076923,24.05384615
338.9419562,12.22307692,18.36153846,14.33076923,15.57692308,16.06923077,18.32307692,23.75384615,16.36153846,12.36153846,6.746153846,16.66923077
339.1544089,26.72307692,11.88461538,11.73076923,19.12307692,10.40769231,10.34615385,6.969230769,26.6,20.28461538,16.35384615,14.21538462
339.3668506,11.07692308,8.276923077,18.77692308,18.03846154,15.15384615,14.9,13.77692308,15.74615385,10.55384615,8.661538462,17.41538462
339.5792813,17.23846154,22.3,18.8,22.39230769,19.72307692,16.16153846,1.907692308,22.3,22.83076923,14.08461538,30.8
339.7917009,12.93076923,8.730769231,13.18461538,10.66923077,6.061538462,10.86153846,11.07692308,17.81538462,7.284615385,12.3,11.79230769
340.0041095,23.3,22.3,14.20769231,17.69230769,19.45384615,14.32307692,14.14615385,25.00769231,10.24615385,21.00769231,20.62307692
340.216507,13.51538462,15.21538462,12.78461538,17.39230769,15.66153846,7.9,18.7,18.70769231,13.47692308,15.26923077,9.238461538
340.4288935,22.86923077,14.8,25.86923077,17.01538462,12.90769231,15.18461538,20.38461538,18.75384615,16.94615385,22.66153846,16.9
340.6412689,15.16153846,10.81538462,11.55384615,17.61538462,15.47692308,8.153846154,27.98461538,14.37692308,14.54615385,13.65384615,11.96923077
340.8536332,9.230769231,17.82307692,20.34615385,8.969230769,10.66923077,18.32307692,12.24615385,18.30769231,20.56923077,20.85384615,20.04615385
341.0659865,7.246153846,13.77692308,16.86923077,4.492307692,13.76923077,12.03076923,12.29230769,9.8,8.261538462,7.723076923,17.23846154
341.2783288,23.19230769,12.77692308,21.90769231,13.54615385,19.97692308,14.76153846,28.66923077,18.8,14.4,13.88461538,18.72307692
341.49066,17.26923077,15.61538462,24.25384615,23.61538462,15.95384615,10.36923077,14.23846154,15.92307692,13.53846154,17.03076923,18.88461538
341.7029801,20.06923077,7.269230769,19.65384615,17.56923077,9.4,16.28461538,10.68461538,22.1,31.13076923,30.55384615,20.16923077
341.9152891,12.64615385,10.76153846,16.57692308,13.62307692,17.04615385,14.3,17.4,13.42307692,23.76923077,13.93846154,15.46153846
342.1275871,18.36923077,12.91538462,27.62307692,26.53076923,23.52307692,15.24615385,18.88461538,17.40769231,21.52307692,20.83076923,18.7
342.339874,13.97692308,10.05384615,20.14615385,15.35384615,14.39230769,11.94615385,9.723076923,19.66923077,9.784615385,9.753846154,11.4
342.5521498,23.06923077,16.74615385,19.24615385,23.19230769,16.06153846,12.96923077,22.72307692,18.4,18.84615385,22.98461538,7.215384615
342.7644146,12.52307692,5.092307692,11.88461538,9.353846154,7.215384615,7.784615385,25.68461538,9.207692308,14.89230769,19.28461538,20.85384615
342.9766683,15.45384615,19,18.83076923,22.51538462,12.22307692,12.67692308,31.78461538,19.88461538,12.26153846,15.1,19.16923077
343.1889108,15.88461538,11.83076923,13.1,11.39230769,16.99230769,11.56923077,15.26153846,15.85384615,8.661538462,13.38461538,17.37692308
343.4011424,21.93846154,18.3,6.107692308,22.72307692,15.00769231,16.04615385,15.15384615,19.8,16.85384615,16.96153846,14.19230769
343.6133628,13.34615385,8.7,22.92307692,18.81538462,13.86153846,13.87692308,16.41538462,12.53076923,18.86153846,14.06153846,16.43846154
343.8255721,20.46153846,18.23076923,19.05384615,23.23846154,24.16153846,14.86923077,26.51538462,12.94615385,15.70769231,20.21538462,20.38461538
344.0377703,17.54615385,20.41538462,18.23076923,17.02307692,8.053846154,12.04615385,10.8,15.11538462,6.438461538,18.33846154,18.08461538
344.2499575,21.57692308,16.15384615,18.35384615,21.24615385,19.82307692,14.04615385,22.03846154,20.49230769,19.7,17.19230769,10.15384615
344.4621335,10.82307692,14.35384615,22.04615385,9.076923077,13.36923077,14.8,19.16153846,15.60769231,11.92307692,31.98461538,14.09230769
344.6742984,20.36153846,10.8,13.61538462,19.63846154,31.63076923,24.3,24.02307692,15.05384615,18.46923077,28.13076923,13.84615385
344.8864523,10.63846154,15.01538462,16.16923077,16.16923077,18.82307692,16.07692308,24.98461538,19.81538462,15.66923077,21.27692308,8.930769231
345.098595,21.97692308,15.1,19.96923077,13.73076923,21.97692308,24.8,22.73846154,26.94615385,25.70769231,20.25384615,21.87692308
345.3107267,12.22307692,13.53846154,11.27692308,16.83846154,7.046153846,9.207692308,12.62307692,12.74615385,19.23076923,12.03076923,15.03846154
345.5228472,15.36923077,21.31538462,17.8,14.30769231,18.11538462,12.33076923,18.36923077,28.10769231,20.53076923,20.91538462,25.1
345.7349566,15.2,14.47692308,17.06923077,17.1,14.27692308,19.82307692,10.63846154,15.79230769,18.72307692,15.30769231,21.93076923
345.9470549,13.02307692,15.27692308,18.4,17.9,18.31538462,13.72307692,17.76153846,18,19.73076923,25.53076923,28.86923077
346.1591421,18.36153846,12.16153846,12.83076923,18.22307692,14.57692308,11.70769231,13.51538462,8.861538462,8.9,14.36923077,15.98461538
346.3712181,13.52307692,17.76923077,27.77692308,19.48461538,9.407692308,8.876923077,21.44615385,12.31538462,15.81538462,15.75384615,28.8
346.583283,16.93076923,19.87692308,9.746153846,12.96153846,11.4,13.27692308,11.91538462,22.54615385,23.10769231,24.61538462,18.48461538
346.7953369,22.13076923,13.53076923,20.84615385,24.66153846,21.67692308,21.97692308,23.18461538,14.3,23.26153846,17.75384615,16.65384615
347.0073796,10.99230769,14.33076923,21.06923077,15.86923077,15.87692308,9.3,15.08461538,13.09230769,16.32307692,15.66923077,18.04615385
347.2194111,20.32307692,16.56923077,14.88461538,30.33076923,16.56153846,8.753846154,22.14615385,20.00769231,20.30769231,26.01538462,14.51538462
347.4314315,9.630769231,11.33076923,11.41538462,18.54615385,14.56153846,10.77692308,11.69230769,14.47692308,3.853846154,17.73846154,15.67692308
347.6434408,16.78461538,19.83846154,16.85384615,18.04615385,19.02307692,14.01538462,22.05384615,21.91538462,16.63076923,22.93076923,25.7
347.855439,1.792307692,16.46923077,12.10769231,11.71538462,16.30769231,18.96153846,20.57692308,14.46923077,14.03076923,18.18461538,12.15384615
348.067426,21.96923077,21.26153846,22.66923077,22.28461538,21.03076923,22.03846154,18.98461538,28.9,18.63846154,30.33076923,23.2
348.2794019,15.26153846,12.07692308,25.76923077,11.12307692,11.13076923,7.553846154,19.2,12.64615385,11.37692308,8.692307692,17.43076923
348.4913666,7.653846154,11.05384615,24.16923077,19.37692308,24.33076923,17.05384615,16.31538462,28.1,19.92307692,10.81538462,23.43076923
348.7033202,16.71538462,11.66923077,15.56923077,21.46153846,20.07692308,6.915384615,9.3,13.47692308,18.9,17.89230769,16.34615385
348.9152627,18.06153846,19.84615385,22.96923077,7.669230769,11.48461538,16.27692308,23.86153846,15.09230769,21.63076923,23.96153846,21.46923077
349.127194,14.68461538,11.32307692,7.915384615,15.58461538,14.38461538,16.69230769,12.47692308,12.68461538,15.14615385,24.83846154,20.99230769
349.3391141,14.30769231,16.23076923,20.94615385,22.99230769,18.45384615,18.67692308,9.153846154,17.96923077,17.86923077,15.83846154,22.26923077
349.5510231,11.80769231,16.99230769,9.953846154,11.00769231,9.469230769,12.69230769,18.07692308,16.83846154,18.97692308,14.93076923,19.9
349.7629209,25.47692308,22.5,22.90769231,16.69230769,19.34615385,11.50769231,22.65384615,16.07692308,21.16153846,23.86153846,20.19230769
349.9748076,10.10769231,9.4,17.46923077,15.84615385,9.438461538,9.553846154,14.39230769,13.41538462,10.51538462,25.33076923,11.50769231
350.1866831,24.38461538,14.69230769,17.98461538,12.00769231,16.30769231,15.11538462,24.05384615,16.46153846,26.80769231,27.33076923,12.13846154
350.3985474,19.05384615,14.13846154,8.476923077,15.46153846,10.46153846,15.28461538,14.94615385,17.51538462,19.43846154,25.65384615,19.36923077
350.6104006,15.09230769,19.6,16.94615385,15.99230769,14.9,12.33846154,14.83846154,21.6,19.14615385,17.98461538,27.76153846
350.8222426,9.423076923,11.59230769,9.984615385,21.73076923,12.65384615,9.030769231,20.7,16.00769231,17.42307692,8.338461538,18.75384615
351.0340734,14.99230769,15.8,21.57692308,27.93076923,15.36923077,16.92307692,20.65384615,8.261538462,27.60769231,26.76153846,12.57692308
351.2458931,14.13076923,19.74615385,5.861538462,18.96923077,14.82307692,21.52307692,10.96153846,19.5,21.64615385,10.90769231,21.49230769
351.4577016,11.63846154,17.40769231,9.176923077,17.10769231,17.4,18.67692308,23.73076923,21.8,9.030769231,24.43846154,19.06923077
351.6694989,11.34615385,17.35384615,19.60769231,14.31538462,11.2,12.37692308,14.32307692,23.16923077,15.74615385,20.08461538,21.68461538
351.881285,12.16923077,14.4,28.42307692,24.78461538,26.56153846,14.19230769,20.45384615,22.7,24.32307692,24.41538462,13.03846154
352.0930599,24.57692308,10.42307692,5.469230769,12.02307692,14.80769231,19.33846154,11.76923077,7.769230769,18.80769231,25.51538462,29
352.3048237,15.65384615,26.10769231,20.73076923,29.73846154,15.90769231,15.1,18.88461538,28.10769231,23.43076923,24.43076923,19.81538462
352.5165763,10.2,12.53846154,9.323076923,13.69230769,14.17692308,8.853846154,10.15384615,15.97692308,11.41538462,20.33846154,13.35384615
352.7283176,23.38461538,23.56923077,14.46153846,26.43076923,13.86153846,16.41538462,21.56153846,17.9,21.13846154,19.75384615,23.9
352.9400478,10.60769231,11.16153846,16.18461538,15.38461538,10.46153846,10.13076923,7.415384615,14.78461538,21.38461538,21.33076923,9.338461538
353.1517668,9.630769231,23.82307692,20.44615385,20.86153846,16.44615385,14.06153846,19.38461538,26.6,14.83076923,14.07692308,27.8
353.3634746,16.14615385,4.8,9.876923077,11.86923077,13.40769231,15.86923077,18.95384615,19.68461538,17.13076923,16.93076923,15.16153846
353.5751711,21.87692308,22.67692308,12.15384615,22.57692308,20.77692308,21.5,16.43076923,36.76923077,24.53846154,20.48461538,22.26923077
353.7868565,14.64615385,19.43846154,16.00769231,12.39230769,13.76923077,17.12307692,13.1,18.35384615,19.79230769,26.26153846,15.73846154
353.9985307,12.01538462,19.22307692,24.33076923,20.42307692,19.06923077,16.5,25.63076923,20.54615385,21.44615385,22.38461538,19.03076923
354.2101936,23.87692308,18.64615385,14.64615385,18.62307692,16.62307692,11.78461538,16.43076923,20.76923077,16.93846154,23.83076923,17.20769231
354.4218454,15.49230769,8.407692308,17.36153846,17.79230769,14.66923077,8.576923077,11.43846154,27,24.43076923,18.75384615,19.1
354.6334859,10.95384615,20.56153846,12.16153846,18.66153846,23.31538462,16.80769231,16.30769231,12.80769231,19.43076923,20.11538462,17.50769231
354.8451153,18.6,19.53846154,27.15384615,22.66153846,14.31538462,16.14615385,20.02307692,14.63076923,12.1,23.28461538,16.09230769
355.0567334,13.16153846,20.54615385,16.38461538,15.91538462,19.51538462,5.661538462,16.9,30.49230769,16.50769231,12.91538462,21.16153846
355.2683402,16.8,9.638461538,31.56923077,16.23846154,14.60769231,16.76153846,19.68461538,25.47692308,29.80769231,20.83076923,27.7
355.4799359,10.34615385,20.2,6.238461538,13.21538462,14.22307692,11.84615385,13.11538462,15.00769231,15.83846154,19.76923077,18.72307692
355.6915203,21.16153846,20.15384615,10.90769231,16.5,12.13076923,13.83846154,13.63076923,16.07692308,23.76923077,18.53076923,18.43076923
355.9030936,5.807692308,22.1,15.95384615,17.48461538,13.16153846,10.36153846,15.84615385,22.6,14.56153846,16.36153846,19.71538462
356.1146555,14.36153846,11.46923077,17.94615385,18.57692308,14.59230769,16.53846154,31.16923077,21.55384615,21.62307692,16.75384615,25.95384615
356.3262063,16.38461538,6.361538462,18.71538462,5.976923077,8.446153846,10.17692308,17.05384615,16.78461538,13.86923077,16.56153846,12.96153846
356.5377458,19.56923077,21.9,16.36153846,24.37692308,23.77692308,6.361538462,11.72307692,31.76923077,24.93846154,22.03076923,23.5
356.7492741,14.87692308,13.36923077,24.75384615,9.746153846,12.86923077,7.2,10.10769231,14.76923077,15.4,16.66923077,14.18461538
356.9607911,16.36153846,26.76923077,20.07692308,17.86923077,18.60769231,17.76153846,24.48461538,20.27692308,14.78461538,24.28461538,21.85384615
357.1722969,24.8,11.88461538,15.56923077,16.20769231,20.65384615,16.23846154,13.73846154,14.3,13.56153846,26.93076923,17.21538462
357.3837914,8.546153846,20.1,24.23076923,21.45384615,13.33076923,20.76153846,20.23076923,20.40769231,22.43076923,14.18461538,19.26923077
357.5952747,14.29230769,13.04615385,11.8,18.6,18.40769231,17,21.1,13.37692308,12.56923077,9.946153846,26.06923077
357.8067468,18.20769231,17.6,13.57692308,16.06153846,17.36153846,12.63076923,21.05384615,15.2,18,39.13076923,16.82307692
358.0182076,10.13076923,17.62307692,13.1,8.446153846,5.884615385,13,17.39230769,9.730769231,14.93076923,14.53846154,3.5
358.2296571,15.2,18.44615385,20.55384615,17.9,19.22307692,11.66153846,19.96923077,15.50769231,18.76153846,31.93076923,27.1
358.4410954,17.68461538,29.6,22.4,24.51538462,17.45384615,20.62307692,25.15384615,17.94615385,17.15384615,20.56153846,20.58461538
358.6525224,16.57692308,26.33076923,24.76923077,12.08461538,18.87692308,22.08461538,23.58461538,15.02307692,26.32307692,19.68461538,15.1
358.8639382,13.29230769,12.84615385,26.66923077,12.01538462,20.72307692,9.430769231,7.430769231,30.30769231,20.34615385,15.93846154,19.46923077
359.0753427,22.28461538,14.43846154,16.00769231,21.75384615,14.84615385,17.94615385,18.34615385,12.66923077,29.1,21.53846154,26.46923077
359.286736,13.66153846,9.292307692,12.32307692,13,13.85384615,8.092307692,16.32307692,17.01538462,14.77692308,14.98461538,10.60769231
359.4981179,9.423076923,14.51538462,23.03846154,15.39230769,19.63076923,19.5,24.16153846,19.50769231,17.46153846,15.09230769,14.82307692
359.7094886,22.27692308,10.18461538,12.47692308,22.58461538,17.66153846,14.82307692,16.86153846,11.26153846,22.60769231,7.215384615,11.53846154
359.920848,14.59230769,10.88461538,14.53076923,18.27692308,21.00769231,21.03076923,5.276923077,27.5,21.03076923,23.21538462,28.3
360.1321962,18.13846154,8.730769231,9.269230769,13.23846154,21.44615385,21.29230769,13.49230769,17.88461538,22.56153846,13.80769231,9.823076923
360.3435331,15.46923077,19.6,27.16923077,14.48461538,22.42307692,15.7,18.78461538,17.35384615,16.49230769,24.73076923,23.58461538
360.5548586,14.01538462,11.58461538,11.46153846,13.29230769,11.06153846,15.41538462,27.38461538,11.57692308,13.96153846,11.80769231,27.9
360.7661729,20.57692308,12.93076923,22.48461538,20.63846154,26.11538462,11.82307692,21.36923077,23.77692308,24.84615385,40.43076923,19.26923077
360.977476,19.97692308,18.41538462,20.14615385,16.7,13.12307692,13.35384615,10.03846154,13.24615385,17.83846154,18.99230769,18.45384615
361.1887677,19.68461538,14.18461538,13.18461538,18.26153846,25.77692308,27.22307692,11.52307692,19.46923077,16.92307692,21.63076923,17.99230769
361.4000481,19.72307692,10.96153846,22.04615385,19.83076923,14.27692308,16.92307692,5.976923077,10.55384615,6.884615385,19.43076923,17.81538462
361.6113173,14.84615385,14.13076923,24.96153846,25.22307692,12.27692308,18.56153846,17.46923077,12.60769231,20.02307692,24.56153846,18.81538462
361.8225751,19.61538462,16.54615385,16.37692308,14.96153846,9.092307692,6.253846154,11.46153846,13.57692308,21.74615385,14.85384615,16.55384615
362.0338217,10.96923077,19.80769231,25.90769231,23.50769231,8.838461538,24.12307692,25.23846154,21.27692308,28.73076923,19.56153846,19.39230769
362.2450569,16.06923077,10.07692308,15.15384615,17.4,15.13846154,16.51538462,12.69230769,15.34615385,13.13846154,19.15384615,16.73076923
362.4562809,18.01538462,21.61538462,22.14615385,17.19230769,10.66153846,23.3,18.67692308,15.22307692,15.78461538,23.25384615,31.8
362.6674935,18.43846154,18.13076923,10.25384615,19.36923077,15.73076923,15.43076923,17.63846154,15.81538462,10.21538462,24.23076923,19.92307692
362.8786949,16.26153846,27.48461538,20.48461538,22.43076923,18.46153846,14.12307692,19.76923077,20.64615385,18.40769231,13.76153846,26.16923077
363.0898849,13.59230769,12.33076923,22.98461538,20.78461538,12.13846154,19.56923077,15.16153846,11.03846154,12.33076923,17.68461538,11.75384615
363.3010636,13.84615385,17.94615385,16.41538462,11.19230769,11.6,18.67692308,20.42307692,23.3,21.4,18.86923077,25.76153846
363.512231,17.3,10.53846154,21.98461538,20.03846154,12.91538462,9.276923077,17.91538462,11.00769231,12.55384615,15.85384615,20.29230769
363.7233871,22.36153846,13.04615385,21.04615385,17.60769231,19.01538462,20.33076923,21.4,29.3,24.80769231,12.53846154,19.1
363.9345319,16.46923077,21.33076923,17.69230769,15.87692308,18.39230769,10.75384615,16.52307692,19.03076923,22.84615385,9.561538462,14.81538462
364.1456653,22.07692308,14.43076923,17.06923077,25.43076923,13.67692308,13.01538462,14.13076923,18.99230769,19.63076923,27.55384615,21.36153846
364.3567874,18.66923077,13.35384615,18.93076923,8.669230769,12.16153846,12.04615385,14.84615385,16.03076923,15.78461538,18.86153846,11.73076923
364.5678982,25.98461538,20.43846154,20.7,16.77692308,11.80769231,18.64615385,33.58461538,17.40769231,21.93076923,27.73076923,15.95384615
364.7789977,6.984615385,10.41538462,16.8,16.08461538,11.32307692,7.146153846,12.48461538,20.08461538,6.5,21.23846154,23.96153846
364.9900858,13.14615385,18.70769231,17.66923077,24.69230769,26.67692308,22,15.73846154,25.33846154,14.06153846,21.05384615,25.32307692
365.2011626,13.84615385,18.54615385,13.56153846,18.23076923,18.99230769,17.57692308,9.784615385,14.2,19.46153846,31.13076923,15.07692308
365.4122281,18.97692308,12.88461538,21.15384615,27.4,27.02307692,18.47692308,22.63076923,26,21.13076923,30.05384615,21.78461538
365.6232822,15.19230769,11.09230769,11.03076923,15.42307692,19.66153846,10.73846154,14.68461538,15.43846154,9.638461538,22.83846154,28.83076923
365.834325,25.08461538,25.1,26.04615385,14.04615385,16.43076923,19.56923077,24.05384615,23.98461538,20.53076923,16.88461538,19.74615385
366.0453564,15.56923077,28.3,8.946153846,10.12307692,12.45384615,13.09230769,14.43846154,25.95384615,22.52307692,19.75384615,18.76153846
366.2563765,27.48461538,21.2,15.43076923,16.05384615,21.74615385,23.17692308,26.76923077,21.32307692,14.19230769,13.84615385,20.5
366.4673853,15.34615385,16.63076923,8.715384615,22.03846154,6.246153846,13.15384615,14.06923077,21.30769231,12,10.70769231,26.5
366.6783827,12.33076923,26.2,26.16923077,22.73076923,18.72307692,7.561538462,16.42307692,13.14615385,14.29230769,14.93076923,18.4
366.8893687,13.16923077,15.31538462,13.39230769,11.6,11.53846154,9.961538462,20.2,13.71538462,22.23076923,14.56153846,17.98461538
367.1003434,17.48461538,15.68461538,16.24615385,19.49230769,17.12307692,16.03076923,27.98461538,31.9,28.30769231,28.03076923,27
367.3113067,14.36923077,18.18461538,8.230769231,14.27692308,19.81538462,15.12307692,15.95384615,15.63846154,12.65384615,20.50769231,20.46153846
367.5222587,15.56923077,24.17692308,27.73076923,13.36153846,16.33076923,13.6,23.55384615,22.9,28.16153846,29.43076923,16.30769231
367.7331993,14.96923077,19.68461538,19.85384615,15.92307692,10.76153846,15.46153846,21.40769231,8.838461538,24.44615385,16.23846154,22.12307692
367.9441285,18.20769231,20.01538462,19.83076923,22.93076923,22.03076923,18.24615385,24.28461538,24.70769231,23.04615385,22.03076923,12.87692308
368.1550464,10.79230769,6.461538462,13.62307692,9.776923077,12.80769231,22.1,9.407692308,10.15384615,16.72307692,24.23076923,20.72307692
368.3659529,15.16923077,24.5,29.2,15.58461538,17.17692308,20.69230769,17.73846154,15.46923077,25.74615385,17.13846154,18.91538462
368.576848,19.33076923,18.83846154,18.73846154,27.23076923,22.35384615,19.3,10.27692308,23.81538462,28.83076923,27.01538462,12.56923077
368.7877317,20.96153846,20.2,23.96923077,27.93076923,24.53076923,24.6,20.98461538,24.22307692,21.22307692,25.95384615,22.56153846
368.9986041,21.08461538,17.49230769,13.21538462,16.92307692,10.36923077,16.3,13.76153846,14.72307692,15.33846154,12.91538462,22.4
369.2094651,18.32307692,20.61538462,22.96923077,18.68461538,16.61538462,21.13846154,25.36923077,23.89230769,24.44615385,15.83076923,21.16153846
369.4203147,21.76153846,28.6,13.59230769,11.50769231,12.09230769,15.93846154,13.35384615,20.36923077,15.38461538,19.38461538,25.73076923
369.6311529,26.00769231,21.53076923,15.96923077,23.83076923,19.82307692,15.79230769,20.49230769,24.7,27.60769231,22.86153846,21.43076923
369.8419798,20.37692308,20.83076923,24.36923077,28.23846154,13.95384615,18.27692308,16.17692308,17.86923077,12.25384615,32.03076923,19.55384615
370.0527952,13.6,12.46923077,23.64615385,21.79230769,18.36923077,16.06153846,18.84615385,21.36923077,24.30769231,20.33846154,13.28461538
370.2635993,22.56923077,18.22307692,17.60769231,22.73076923,9.907692308,15.97692308,17.75384615,13.15384615,13.96153846,13.33846154,19.59230769
370.4743919,16.71538462,11.24615385,20.76923077,25.33076923,13.53076923,12.93846154,23.81538462,22.93846154,21.52307692,23.41538462,12.77692308
370.6851732,16.76923077,18.89230769,18.36923077,19.46153846,16.06923077,17.44615385,24.75384615,18.85384615,28.80769231,29.25384615,21.41538462
370.895943,20.38461538,15.2,19.82307692,17.99230769,24.73076923,10.4,31.41538462,14.97692308,18.66923077,19.08461538,23.16923077
371.1067015,14.43846154,21.8,14.19230769,12.76153846,14.13076923,17.1,19.43846154,10.93076923,14.80769231,23.03846154,17.93076923
371.3174486,32.28461538,15.81538462,10.93076923,15.6,16.90769231,29.36153846,23.02307692,27.7,33.24615385,29.63076923,19.45384615
371.5281842,19.24615385,13.44615385,16.93076923,10.30769231,21.83076923,17.53076923,15.94615385,16.26923077,15.03076923,17.16923077,16.52307692
371.7389085,19.97692308,17.05384615,21.26923077,21.43076923,21.42307692,15.20769231,25.24615385,21.13846154,25.60769231,18.01538462,30
371.9496213,16.82307692,13.96923077,20.6,22.42307692,15.16153846,12.32307692,21.03076923,11.01538462,8.569230769,16.18461538,24
372.1603227,7.692307692,15.26923077,9.430769231,21.89230769,8.938461538,26.3,20.18461538,26.14615385,27.2,23.03076923,13.23846154
372.3710127,13.19230769,18.54615385,13.1,14.12307692,15.12307692,16.42307692,12.24615385,13.56923077,18.13846154,20.13076923,15.8
372.5816913,19.22307692,14.51538462,22.86923077,23.2,19.43076923,13.33846154,19.4,18.87692308,19.43846154,13.38461538,24.81538462
372.7923584,10.3,18.6,21.51538462,14.96153846,15.56153846,19.81538462,17.75384615,13.30769231,10.90769231,27.10769231,16.68461538
373.0030142,27.08461538,23.03846154,19.01538462,20.99230769,22.68461538,8.592307692,27.15384615,34.20769231,18.10769231,14.30769231,20.66153846
373.2136585,21.98461538,18.16923077,22.10769231,15.77692308,8.407692308,12.84615385,22.83846154,18.16923077,15.12307692,23.23076923,15.55384615
373.4242914,12.03846154,14.66153846,30.86923077,21.40769231,30.33076923,10.46923077,12.20769231,20.56923077,13.66923077,30.63076923,30.66153846
373.6349128,19.47692308,12.97692308,11.06153846,11.87692308,19.02307692,20.03846154,19.28461538,12.36153846,14.14615385,23.36153846,24.1
373.8455228,20.90769231,17.54615385,19.15384615,23.89230769,18.61538462,17.81538462,26.25384615,22.20769231,22.66153846,26.56153846,30.4
374.0561214,18.86923077,20.18461538,13.28461538,15.20769231,16.86153846,15.17692308,19.71538462,14.73076923,11.76923077,12.91538462,8.484615385
374.2667086,18.31538462,20.95384615,28.25384615,19,27.34615385,29,15.55384615,25.2,12.72307692,28.08461538,21.15384615
374.4772843,20.86153846,19.33076923,18.31538462,19.18461538,15.70769231,20.69230769,17.8,16.48461538,23.9,12.93076923,28.6
374.6878485,13.4,21.01538462,26.06923077,21.33076923,18.36153846,7.969230769,24.46923077,19.10769231,20.50769231,28.13076923,16.46153846
374.8984014,16.76153846,15.51538462,17.73076923,17.51538462,15.76923077,16.23846154,16.76923077,16.37692308,20.23076923,20.21538462,24.01538462
375.1089427,15.64615385,20.43846154,22.53076923,22.3,16.97692308,19.00769231,20.13076923,14.84615385,21.50769231,17.26153846,17.5
375.3194726,22.36923077,21.81538462,21.07692308,23.53076923,15.75384615,11.65384615,22.24615385,21.7,20.35384615,16.64615385,26.8
375.5299911,13.93846154,23.02307692,30.3,17.66923077,18.74615385,18.08461538,15.42307692,27,29.60769231,25.76153846,11.52307692
375.7404981,21.7,10.20769231,28.36923077,14.36923077,22.06153846,13.70769231,31.48461538,22.26153846,19.24615385,21.73076923,21.34615385
375.9509937,25.80769231,24.23076923,24.04615385,25.13076923,26.87692308,17.43846154,25.34615385,23.57692308,20.98461538,19.35384615,18.96923077
376.1614778,16.88461538,16.14615385,18.35384615,11.5,16.41538462,9.761538462,4.676923077,26.06923077,17.53846154,17.78461538,20.8
376.3719504,25.48461538,11.79230769,21.8,17.23846154,16.18461538,20.52307692,22.85384615,24.00769231,15.68461538,16.17692308,12.54615385
376.5824116,17.76923077,16.71538462,13.73846154,9.030769231,21.57692308,12.5,25.64615385,23.40769231,18.83076923,16.35384615,16.81538462
376.7928613,10.96923077,22.3,18.91538462,20.83846154,14.23076923,16.89230769,26.73076923,18.39230769,35.30769231,23.13076923,21.6
377.0032995,19.36923077,15.41538462,14.51538462,24.63076923,17.12307692,19.73846154,17.34615385,13.83846154,17.18461538,18.47692308,23.3
377.2137263,26.36153846,19,22.36923077,24.9,15.85384615,19,30.56923077,24.91538462,22.16923077,32.73076923,29.13076923
377.4241415,15.81538462,14.13846154,20.65384615,13.25384615,16.10769231,17.04615385,25.07692308,25.85384615,17.26923077,24.65384615,28.16923077
377.6345454,21.37692308,21.61538462,29.06923077,18.5,20.16923077,18.7,18.38461538,19.21538462,18.88461538,22.63076923,20.04615385
377.8449377,20.87692308,12.61538462,15.72307692,20.60769231,15.83846154,13.12307692,15.66923077,25.16153846,15.75384615,13.84615385,33.2
378.0553185,19.71538462,22.43076923,21.24615385,21.51538462,21.63076923,15.53846154,15.71538462,20.9,14.32307692,32.23076923,16.56923077
378.2656879,13.25384615,17.16153846,17.17692308,13.5,23.97692308,17.10769231,17.16923077,15.69230769,14.63076923,12.75384615,24.66923077
378.4760458,18.72307692,22.2,16.10769231,13.8,23.63076923,13.47692308,20.34615385,28.2,14.06923077,20.83076923,21.36923077
378.6863922,11.31538462,17.51538462,15.12307692,13,17.00769231,18.56923077,10.36923077,13.6,23.63076923,14.87692308,16.96153846
378.8967271,16.77692308,29.8,24.35384615,27.13076923,18.63076923,15.90769231,22.55384615,25.53846154,13.93076923,21.56153846,25.7
379.1070505,14.96923077,26.6,7.761538462,25.21538462,12.18461538,23.5,25.81538462,20.53846154,22.73076923,28.05384615,22.5
379.3173624,18.86923077,14.05384615,23.14615385,19.33846154,24.61538462,28,19.93076923,20.32307692,23.87692308,10.18461538,18
379.5276628,16,19.13076923,17.78461538,14.93846154,17.36153846,14.59230769,22.16153846,16.7,19.80769231,19.27692308,13.14615385
379.7379517,20.98461538,15.28461538,24.56923077,24.38461538,19.42307692,16.21538462,27.58461538,23.96923077,27.00769231,23.23076923,25.3
379.9482291,5.761538462,10.9,20.83076923,13.44615385,12.64615385,10.19230769,17.23076923,10.20769231,27.1,14.35384615,14.36923077
380.158495,22.46153846,22.15384615,22.3,23.33846154,12.96153846,19.66923077,25.46923077,23.43846154,16.33846154,22.08461538,22.34615385
380.3687494,18.78461538,18.02307692,18.30769231,17.7,16.71538462,18.73846154,12.26153846,22.40769231,18.69230769,16.78461538,18.42307692
380.5789923,17,24.86153846,22.71538462,30.83076923,12.67692308,19.23076923,29.22307692,17.46923077,19.23076923,21.35384615,23.63076923
380.7892236,14.54615385,13.86153846,16.65384615,15.09230769,17.17692308,8.369230769,13.3,15.33846154,14.96923077,23.73076923,27.8
380.9994435,23.86153846,19.96153846,18.43076923,18.91538462,17.92307692,18.76923077,17.64615385,26,25.70769231,23.53076923,30.7
381.2096518,11.33076923,23.41538462,23.96923077,16.5,12.49230769,8.246153846,15.43076923,24.06923077,13.98461538,25.93076923,17.03846154
381.4198486,23.65384615,25.73076923,27.76153846,22.03076923,22.83076923,22.2,28.55384615,23.10769231,22.50769231,18.25384615,15.05384615
381.6300339,24.44615385,16.5,16.79230769,16.03076923,9.584615385,10.94615385,16.05384615,22.42307692,16.68461538,11.66153846,10.5
381.8402077,19.98461538,21.51538462,14.83076923,15.09230769,14.16153846,7.830769231,33.18461538,23.27692308,16.93076923,30.26153846,19.41538462
382.0503699,21.91538462,17.97692308,13.32307692,20.63846154,19.87692308,18.66923077,19.98461538,20.47692308,24.84615385,26.63846154,21.41538462
382.2605206,22.67692308,18.83846154,26.53076923,16.37692308,17.51538462,15.13846154,23.48461538,18.18461538,31.93076923,28.85384615,20.47692308
382.4706598,19.50769231,11.09230769,24.03846154,17.53076923,13.15384615,20.57692308,16.03846154,9.353846154,22.80769231,21.25384615,18.12307692
382.6807874,24.36153846,34.1,29.47692308,23.7,20.43076923,15.96153846,25.08461538,22.38461538,18.40769231,25.11538462,15.83076923
382.8909035,14.5,26.8,20.08461538,12.46923077,15.06923077,8.984615385,21.73076923,21.77692308,18.53076923,18.15384615,16.25384615
383.1010081,20.39230769,26.81538462,24.95384615,26.9,16.60769231,10.04615385,20.25384615,26.7,12.77692308,28.93076923,24.1
383.3111011,15.78461538,19.3,16.75384615,15.28461538,15.31538462,9.938461538,10.99230769,18.7,28.24615385,11.93846154,20.53076923
383.5211826,15.82307692,27.41538462,15.94615385,24.03076923,18.88461538,29.03846154,18.46923077,29.20769231,27.46153846,32.26153846,32.96923077
383.7312525,15.08461538,14.86923077,21.56923077,19.42307692,16.58461538,13.97692308,25.15384615,22.5,21.33846154,9.607692308,19.75384615
383.9413109,22.4,27.93076923,22.16923077,27.93846154,22.92307692,20.8,27.05384615,20.50769231,25.20769231,24.43076923,20.01538462
384.1513577,19.6,13.69230769,24.16923077,18.45384615,12.96923077,10.53846154,17.83846154,16.06153846,17.93076923,20.63076923,17.4
384.361393,25.48461538,17.31538462,19.66153846,21.41538462,28.26153846,18.81538462,19.77692308,23.50769231,14.72307692,23.73076923,20.51538462
384.5714167,7.846153846,4.846153846,14.58461538,13.48461538,14.52307692,10.38461538,17.45384615,20.86923077,16.60769231,27.50769231,15.78461538
384.7814289,30.18461538,25.93076923,22.2,29.03076923,24.42307692,15.87692308,26.78461538,21.00769231,23.03076923,29.53076923,31.86923077
384.9914295,16.58461538,13.15384615,20.4,20.09230769,17.76923077,16.61538462,20.25384615,23.10769231,34.60769231,24.86923077,18.63846154
385.2014185,33.68461538,14.34615385,23.32307692,23.49230769,11.90769231,21.53846154,23.18461538,15.26923077,22.80769231,30.05384615,22.65384615
385.411396,24.21538462,22.13846154,20.55384615,23.67692308,20.42307692,10.63846154,21.05384615,21.36923077,20.16923077,17.55384615,21.19230769
385.6213619,21.71538462,21.8,26.16923077,24.55384615,22.61538462,22.12307692,24.8,26.5,22.20769231,24.18461538,23.4
385.8313162,17.59230769,14.87692308,33.33076923,24.65384615,16.28461538,17.33846154,27.68461538,19.29230769,20.26153846,21.21538462,18.68461538
386.041259,15.29230769,25.04615385,15.86923077,17.88461538,17.55384615,20.51538462,24.26153846,24.8,23.50769231,13.65384615,33.15384615
386.2511902,21.16153846,14.82307692,23.11538462,16.5,17.78461538,24.88461538,21.33846154,17.7,21.52307692,26.37692308,21.78461538
386.4611098,25.62307692,20.8,11.46153846,25.6,22.36153846,13.83846154,24.08461538,24.8,28.16153846,20.21538462,14.6
386.6710178,23.9,24.1,15.25384615,13.73846154,21.23076923,11.8,18.76153846,23.6,18.10769231,16.13076923,15.63846154
386.8809142,21.68461538,16.27692308,19.54615385,23.03076923,18.76923077,26.8,12.76153846,26.16923077,14.00769231,28.95384615,15.65384615
387.0907991,14.70769231,17.46153846,24.19230769,19.2,22.26153846,17.07692308,15.30769231,20.1,17.06153846,24.83076923,25.6
387.3006723,27.28461538,20.20769231,35.16923077,29.72307692,21.68461538,10.9,22.98461538,30.64615385,12.53076923,30.63076923,19.19230769
387.510534,12.2,21.99230769,23.44615385,12.43076923,20.23076923,20.12307692,16.35384615,16.97692308,25.24615385,26.36153846,24.21538462
387.7203841,8.538461538,13.34615385,24.16923077,13.61538462,22.71538462,23.77692308,25.98461538,14.62307692,22.72307692,26.43076923,27.25384615
387.9302226,15.21538462,19.47692308,18.98461538,34.43076923,19.56923077,15.51538462,18.86923077,20.64615385,24.12307692,22.83076923,18.50769231
388.1400495,13.69230769,16.50769231,18.24615385,20.98461538,22.22307692,12.60769231,19.81538462,28.8,19.90769231,28.16153846,16.99230769
388.3498648,24.65384615,13.8,22.8,15.48461538,14.56153846,25.43846154,15.50769231,22.8,11.13846154,23.60769231,23.58461538
388.5596684,26,23.22307692,20.45384615,28.21538462,13.7,22.5,12.16153846,22.61538462,21.9,26.53846154,27.96923077
388.7694605,19.18461538,21.27692308,20.16923077,16.72307692,30.93076923,24.43846154,16.15384615,15.97692308,15.90769231,20.06923077,18.49230769
388.979241,16,25.9,19.45384615,26.13076923,22.88461538,26.64615385,25.28461538,28.16923077,22.88461538,32.36153846,18.52307692
389.1890099,23.00769231,20.7,27.92307692,23.59230769,8.3,17.18461538,20.03076923,18.8,5.1,13.83846154,19.5
389.3987671,19.66153846,32.3,20.43076923,19.33846154,20.13076923,21.59230769,18.58461538,28.1,22.8,18.13846154,23.6
389.6085127,23.42307692,26.05384615,19.02307692,12.29230769,25.85384615,11.81538462,16.29230769,19.1,28.42307692,14.29230769,20.22307692
389.8182468,22.67692308,15.9,32.66923077,25.67692308,20.76153846,18.93846154,32.35384615,28.22307692,22.02307692,31.23076923,21.88461538
390.0279692,9.853846154,30.82307692,14.77692308,24.93076923,21.96923077,13.53846154,13.03846154,25.30769231,22.00769231,20.01538462,17.76923077
390.2376799,15.38461538,30.73076923,19.86923077,27.33076923,23.23076923,16.54615385,25.68461538,27.9,29.20769231,24.75384615,22.55384615
390.4473791,16.45384615,19.13076923,21.98461538,20.83076923,21.06923077,14.18461538,23.36923077,19.30769231,26.70769231,10.33076923,30.6
390.6570666,25.78461538,20.8,24.25384615,22.22307692,22.72307692,12.52307692,34.78461538,17.76923077,27,15.33076923,15.91538462
390.8667425,16.46153846,17.73076923,13.93076923,17.63846154,11.13846154,19.87692308,21.45384615,24.2,25.24615385,18.73846154,18.4
391.0764068,21.96153846,13.62307692,23.90769231,21.95384615,17.56153846,14.53076923,30.75384615,28.6,29.14615385,25.85384615,32.5
391.2860594,19.28461538,9.161538462,15.74615385,22.09230769,12.80769231,11.1,28.51538462,19.29230769,19.78461538,26.76153846,25.03846154
391.4957004,5.407692308,22.53076923,21.86923077,21.21538462,14.13846154,23.12307692,27.88461538,19.09230769,30.30769231,20.67692308,19.64615385
391.7053298,23.08461538,17.73846154,18.36923077,10.54615385,7.3,17.73846154,25.98461538,34.00769231,23.90769231,25.06153846,17.44615385
391.9149475,22.50769231,19.84615385,32.36923077,31.05384615,23.71538462,25.63076923,21.03846154,20.90769231,24.1,22.13076923,18.66153846
392.1245536,15.53076923,12.36923077,22.86923077,19.73076923,12.80769231,15.67692308,9.669230769,22.03076923,33.60769231,23.63076923,25.15384615
392.334148,27.92307692,19.20769231,23.76923077,23.83076923,20.66153846,25.2,28.38461538,12.5,18.58461538,28.03076923,26.46153846
392.5437308,25.92307692,17.58461538,24.22307692,19.59230769,15.13076923,12.86923077,26.38461538,19.93846154,18.1,26.00769231,14.5
392.7533019,18.56153846,22.63076923,28.9,17.1,22.21538462,23,22.85384615,36.6,21.14615385,26.23076923,20.03846154
392.9628614,17.93846154,12.83846154,16.76153846,27,10.44615385,12.45384615,25.95384615,24.9,14.66923077,16.83076923,10.40769231
393.1724092,23.96153846,22.16923077,20.73076923,19.66153846,17.13076923,22.1,15.64615385,10.26923077,31.38461538,26.35384615,20.08461538
393.3819454,18.17692308,18.28461538,20.73076923,27.66153846,16.35384615,11.73846154,18.95384615,15.47692308,23.30769231,21.93076923,21.96153846
393.5914699,14.89230769,11.6,28.56923077,34.89230769,19.21538462,16.47692308,27.95384615,32,18.16153846,16.55384615,20.78461538
393.8009827,9.023076923,18.93846154,9.238461538,19.43846154,15.56923077,14.7,24.28461538,24.26153846,17.04615385,23.35384615,18.3
394.0104839,20.13076923,28.03076923,30.55384615,22.6,26.61538462,20.62307692,27.56923077,26.46923077,34.20769231,26.66153846,20.36923077
394.2199734,12.21538462,18.14615385,16.76153846,19.67692308,22.00769231,29.32307692,19.08461538,17.11538462,21.1,22.53846154,33.59230769
394.4294512,22.25384615,15.34615385,21.76923077,12.70769231,17.77692308,12.95384615,25.15384615,25.5,24.50769231,32.03846154,22.3
394.6389174,17.18461538,25.10769231,19.28461538,20.92307692,22.52307692,5.730769231,22.54615385,23.7,23.64615385,31.43076923,27
394.8483719,25.82307692,27.7,29.16923077,24.03076923,23.94615385,16.83076923,23.96923077,27.1,39,23.63076923,24.06923077
395.0578147,19.92307692,13.3,31.36923077,31.71538462,19.37692308,14.08461538,19.24615385,20.6,20.36923077,19.96153846,12.60769231
395.2672458,17.09230769,26.57692308,21.93076923,20.92307692,11.48461538,15.38461538,22.44615385,41.70769231,25.16923077,26.33076923,33.9
395.4766652,18.67692308,16.8,19.96923077,20.73076923,26.73076923,21.03846154,18.95384615,23.1,21.43076923,16.66153846,24.61538462
395.686073,27.50769231,17.02307692,22.06923077,30.23076923,20.47692308,17.69230769,14.68461538,29.26923077,32.80769231,22.23076923,35.1
395.8954691,27.81538462,27.6,12.27692308,18.26153846,23.33076923,21.91538462,17.73846154,32.2,21.9,24.73076923,30.55384615
396.1048535,26.78461538,30.65384615,34.46923077,36.73076923,28.86153846,22.23846154,29.69230769,24.77692308,20.63076923,25.93076923,27.59230769
396.3142262,16.13076923,26.4,16.1,18.12307692,15.60769231,15.26153846,20.68461538,28.90769231,28.40769231,23.28461538,30.27692308
396.5235872,19.32307692,19.6,26.90769231,27.21538462,19.46153846,28.12307692,16.79230769,24.46923077,26.90769231,19.36153846,23.17692308
396.7329365,15.06153846,14.92307692,13.21538462,24.58461538,10.68461538,16.99230769,14.32307692,17.4,28.50769231,19.63076923,17.2
396.9422741,17.26923077,30.6,31.26923077,27.5,26.23076923,24.2,25.95384615,20.8,27.10769231,22.85384615,26.16153846
397.1516,21.38461538,20.28461538,26.50769231,11.86153846,9.2,20.3,23.69230769,22.66923077,25.22307692,24.66153846,24.7
397.3609142,18.86923077,31.53076923,15.54615385,28.83076923,26.57692308,24,22.65384615,22.70769231,18.64615385,25.85384615,28
397.5702167,11.68461538,22.33846154,26.66923077,27.21538462,27.92307692,19.34615385,18.74615385,19.81538462,21.72307692,16.78461538,26.46923077
397.7795074,26.68461538,22.31538462,24.21538462,30.63076923,23.27692308,21.14615385,23.25384615,29.5,28.00769231,23.46153846,24.46923077
397.9887865,22.27692308,13.71538462,21.64615385,23.48461538,21.06153846,16.44615385,28.28461538,18.20769231,19.94615385,26.06153846,20.36923077
398.1980539,32.78461538,24.57692308,24.73076923,14.92307692,26.91538462,20.07692308,32.98461538,28.49230769,19.62307692,38.55384615,25.6
398.4073095,19.16153846,18.5,24.66923077,15,19.11538462,15.04615385,26.39230769,18,16.2,24.63846154,16.84615385
398.6165534,21.17692308,16.74615385,20.95384615,18.66153846,19.82307692,22.7,21.74615385,20.00769231,22.90769231,24.93076923,23.46923077
398.8257856,16.64615385,13.57692308,25.26923077,17.33846154,22.03076923,22.90769231,14.00769231,17.1,22.54615385,25.66153846,24.61538462
399.0350061,21.52307692,24.33076923,24.74615385,20.27692308,21.31538462,15.90769231,20.75384615,26.8,24.66153846,24.76153846,32.39230769
399.2442149,20.57692308,28.63076923,18.16923077,18.26153846,12.54615385,12.57692308,22.60769231,24.31538462,28.1,21.47692308,27.76923077
399.4534119,22.16153846,23.1,29.76923077,20.78461538,19.72307692,24.09230769,28.48461538,27.85384615,27.36153846,26.73076923,29.6
399.6625972,15.92307692,16.83076923,22.70769231,28.93076923,19.41538462,17.83846154,33.85384615,21.98461538,30.80769231,27.85384615,20.09230769
399.8717707,28.27692308,22.24615385,35.96923077,25.9,17.37692308,27.23846154,21.96923077,28.3,28.20769231,23.53076923,22.76153846
400.0809326,15.59230769,17.5,17.16923077,21.89230769,14.93076923,26.32307692,21.26923077,18.04615385,28.99230769,20.75384615,18.75384615
400.2900827,21.66153846,34.4,19.44615385,29.53076923,22.13076923,19.03846154,32.05384615,28.27692308,19.40769231,22.87692308,26.31538462
400.499221,10.83846154,26.28461538,21.84615385,17.3,17.27692308,17.41538462,24.15384615,23.75384615,23.22307692,15.48461538,21.7
400.7083476,30.22307692,24.9,32.76923077,23.51538462,31.33076923,20.5,20.15384615,35.7,36.84615385,29.73076923,34.01538462
400.9174625,15.07692308,19.7,27.26923077,31.09230769,19.98461538,18.46153846,22.59230769,25.30769231,18.82307692,28.73076923,25.06923077
401.1265656,30.38461538,18.12307692,30.36923077,25.81538462,14.76923077,21.63846154,21.8,16.10769231,21.14615385,35.93076923,22.51538462
401.3356569,14.60769231,31.13076923,24.93076923,20.32307692,10.76923077,17.01538462,22.51538462,22,31.90769231,19.53846154,27
401.5447366,33.48461538,20.68461538,21.26923077,27.46153846,28.42307692,25.98461538,38.76153846,41.3,32.76923077,43.63076923,33.5
401.7538044,8.723076923,24.63076923,25.53076923,26.37692308,19.03076923,21.66153846,28.68461538,19.95384615,32.80769231,31.55384615,22.65384615
401.9628605,27.67692308,15.83076923,17.56923077,21.3,24.32307692,27.7,32.92307692,26.5,34.53076923,32.48461538,34.2
402.1719048,22.36153846,18.95384615,19.23076923,29.57692308,26.11538462,20.53846154,20.53846154,15.74615385,24.70769231,32.13076923,25.66153846
402.3809374,26.78461538,38.2,32.52307692,35.33846154,30.83076923,20.69230769,23.88461538,26.2,30.90769231,31.73076923,25.1
402.5899582,20.58461538,23.2,34.76923077,26.43076923,19.15384615,17.96153846,22.98461538,20.99230769,28.5,26.43076923,35.6
402.7989673,29.48461538,25.81538462,23.02307692,23.01538462,36.43076923,22.63846154,24.03076923,31.5,16.34615385,19.28461538,27.1
403.0079646,24.10769231,19.98461538,22.03076923,22.23076923,16.90769231,24.17692308,25.35384615,22.56923077,24.20769231,21.07692308,29
403.2169501,27.48461538,25.56153846,25.30769231,29.91538462,23.13076923,28.23846154,22.95384615,29.1,21.54615385,27.06153846,21.71538462
403.4259238,26.18461538,16.74615385,23.44615385,18.73846154,18.70769231,20.73846154,23.44615385,24.6,24,22.10769231,32
403.6348857,19.38461538,24.36923077,25,27.29230769,16.56923077,17.3,29.93076923,27.90769231,35.00769231,29.68461538,25.73076923
403.8438359,30.16153846,22.68461538,21.96923077,25.73076923,23.73076923,18.77692308,19,32,25.5,28.43076923,20.16923077
404.0527743,25.96153846,17.24615385,27.14615385,29.13076923,25.93076923,19.11538462,39.68461538,29.6,18.32307692,30.63076923,31.96923077
404.2617009,23.81538462,20.98461538,24.06923077,16.73076923,17.05384615,19.26923077,26.08461538,25.50769231,25.34615385,37.53076923,23.02307692
404.4706157,23.73846154,21.53076923,34.26923077,29.15384615,33.93076923,28.6,33.68461538,32.46923077,33.20769231,22.68461538,24.15384615
404.6795188,20.2,26.8,20.9,23.41538462,22.74615385,20.13846154,18.65384615,24.5,21.13076923,30.98461538,12.8
404.88841,21.72307692,28.42307692,29.16923077,22.11538462,12.25384615,37.4,15.46153846,32.7,17.07692308,36.23076923,28.65384615
405.0972895,13.22307692,22.90769231,27.6,30.8,18.91538462,35.1,28.68461538,19.14615385,22.96153846,19.51538462,20.7
405.3061571,22.98461538,26.88461538,33.06923077,37.23846154,27.13076923,27.4,25.95384615,30.7,28.30769231,28.53076923,43.5
405.515013,23.18461538,19.75384615,30.06923077,26.40769231,25.75384615,18.23846154,24.92307692,20.4,38.50769231,26.51538462,28.25384615
405.723857,26.96153846,25,33.56923077,32.03076923,30.72307692,23.03846154,35.08461538,27.56153846,43.00769231,24.08461538,34.9
405.9326893,29.58461538,34.6,20.40769231,29.93076923,32.46153846,21.23846154,17.64615385,28.63846154,36.74615385,27.03076923,28.21538462
406.1415097,31.08461538,24.4,33.06923077,27.93076923,29.26153846,19.93846154,32.25384615,29.6,30.82307692,33.03076923,32.6
406.3503183,28.68461538,20.8,33.66923077,29.23076923,28.23076923,19.70769231,37.05384615,23.10769231,30.64615385,29.93076923,32.26923077
406.5591152,25.08461538,29,24.13076923,28.93076923,25.93076923,26.4,34.25384615,34.6,42.00769231,36.43076923,30.08461538
406.7679002,31.17692308,26.9,28.85384615,27.93076923,28.83076923,24.43846154,30.45384615,33.46923077,32.36153846,36.16153846,33
406.9766734,32.98461538,31,46.76923077,25.1,32.73076923,29.97692308,28.47692308,33.5,37.90769231,37.33076923,31.36153846
407.1854348,31.18461538,27.13076923,33.4,27.99230769,29.73076923,30.8,25.41538462,29.1,26.84615385,35.53076923,33.5
407.3941843,22.88461538,30.4,30.46923077,40.19230769,25.93076923,24.33846154,41.98461538,36.8,33.50769231,41.73076923,39.3
407.6029221,26.67692308,32.4,29.36923077,21.73076923,21.07692308,25.66923077,22.54615385,26.5,21.44615385,29.23076923,20.26923077
407.811648,28.78461538,38.5,37.14615385,37.33076923,33.13076923,41.7,41.18461538,40.4,28.94615385,32.23076923,35.5
408.0203621,22.96153846,34.03076923,32.2,35.93076923,24.63076923,20.4,38.64615385,45.4,31.50769231,48.63076923,39.2
408.2290643,38.28461538,33.4,34.3,33.9,41.43076923,30,37.48461538,31.4,29.63076923,35.53076923,33.8
408.4377547,34.22307692,25.04615385,35.16923077,21.33076923,37.33076923,32.3,29.78461538,35.6,41.83076923,33.53076923,39.6
408.6464333,32.07692308,33.5,31.96923077,25.59230769,25.63076923,20.73846154,33.28461538,35.37692308,34.80769231,34.93076923,31.1
408.8551001,43.38461538,39.2,30.65384615,36.03076923,25.53076923,32,27.48461538,35.89230769,26.74615385,38.53076923,36.3
409.063755,43.68461538,46.3,39.36923077,35.53076923,39.93076923,29.8,44.55384615,29.5,42.50769231,42.63076923,37.11538462
409.2723981,26.24615385,33.4,29.65384615,30.33076923,34.03076923,31.9,22.98461538,34.9,35.80769231,48.63076923,41.69230769
409.4810293,28.88461538,37.9,39.06923077,40.03076923,24.96923077,31.1,32.38461538,38.9,33.14615385,38.83076923,38.7
409.6896487,28.08461538,25.9,52.06923077,44.93076923,43.73076923,32.5,36.58461538,32.20769231,18.56923077,38.83076923,36.4
409.8982562,38.08461538,34.7,34.86923077,36.43076923,40.36153846,37.4,38.35384615,35.83846154,40.50769231,48.43076923,51.3
410.1068519,31.47692308,38.7,46.26923077,48.33076923,22.81538462,30.7,38.28461538,40.3,47.40769231,35.93076923,28.1
410.3154357,29.28461538,36.2,38.73076923,40.43076923,35.13076923,50,46.38461538,46,53.40769231,50.53076923,45.8
410.5240077,27.18461538,46.1,27.46923077,29.03076923,40.23076923,36.1,47.78461538,39.3,42.00769231,41.53076923,38.9
410.7325678,42.08461538,45.2,47.56923077,46.73076923,53.13076923,46.4,49.48461538,42.5,40.10769231,52.73076923,39.3
410.941116,31.26153846,43.9,39.26923077,44.13076923,38.63076923,52.3,48.98461538,45.2,38.63076923,41.83076923,43.2
411.1496524,53.28461538,56.8,51.26923077,48.2,44.03076923,49.6,45.38461538,52.3,48.70769231,50.53076923,52.3
411.3581769,40.28461538,48.4,44.86923077,35.63076923,44.83076923,48.4,40.68461538,35.6,46.70769231,42.43076923,46.4
411.5666896,51.12307692,47.6,63.16923077,45.03076923,49.63076923,55.2,53.28461538,41.9,52.74615385,53.93076923,60.2
411.7751904,47.38461538,38.2,48.66923077,55.03076923,45.73076923,50.8,43.08461538,45.1,55.10769231,44.93076923,54.6
411.9836793,45.88461538,47.5,54.26923077,51.03076923,50.93076923,39.8,41.48461538,50.8,52.00769231,58.23076923,60.8
412.1921563,50.18461538,49.1,52.46923077,47.53076923,49.03076923,50.2,36.55384615,49.9,54.40769231,59.63076923,51.2
412.4006215,54.98461538,57.4,64.66923077,53.33076923,57.23076923,51.6,47.58461538,47.1,59.80769231,48.73076923,60.3
412.6090747,50.48461538,50.6,43.56923077,46.03076923,57.03076923,55.1,61.38461538,60.4,56.70769231,61.93076923,54.3
412.8175161,56.28461538,59.9,62.76923077,59.43076923,61.23076923,54.5,56.88461538,67.9,64.70769231,62.43076923,44.8
413.0259456,50.78461538,47.3,53.46923077,55.33076923,60.43076923,52.2,60.78461538,60.9,52.10769231,65.53076923,50.1
413.2343632,70.88461538,56.9,55.26923077,58.03076923,50.33076923,59.3,51.28461538,67,61.70769231,66.23076923,67.1
413.442769,70.58461538,67.4,68.26923077,62.73076923,49.53076923,52.2,64.18461538,61.2,63.70769231,62.93076923,60.2
413.6511628,56.78461538,62,69.86923077,60.13076923,60.63076923,59.7,61.98461538,73.7,64.60769231,63.93076923,71.6
413.8595447,61.58461538,54.3,70.86923077,63.33076923,61.13076923,61.4,64.48461538,65.4,72.40769231,69.63076923,62.6
414.0679148,73.58461538,66.8,66.26923077,65.43076923,61.63076923,60.3,62.38461538,68.8,68.70769231,64.03076923,70.8
414.2762729,64.58461538,63.8,82.06923077,64.53076923,58.23076923,71.7,75.58461538,72.7,73.10769231,80.03076923,71.3
414.4846191,60.28461538,59.3,77.16923077,60.83076923,64.63076923,70.2,79.78461538,79.3,70.90769231,74.93076923,77.2
414.6929535,71.78461538,59.3,63.86923077,66.23076923,74.43076923,76,63.28461538,80,76.20769231,65.13076923,70.6
414.9012759,83.58461538,76.3,81.96923077,87.93076923,70.23076923,71.2,80.58461538,76.4,85.80769231,83.33076923,83.3
415.1095864,74.18461538,68.5,73.16923077,74.73076923,78.13076923,80.4,86.18461538,80.6,84.70769231,74.03076923,88.9
415.317885,85.58461538,71.9,65.06923077,85.73076923,71.43076923,77.9,76.48461538,72.7,82.00769231,89.53076923,89.4
415.5261717,85.38461538,88.4,85.76923077,66.33076923,69.03076923,74.1,74.98461538,79,72.00769231,84.53076923,76.5
415.7344465,86.28461538,81,96.96923077,85.03076923,76.43076923,74.5,94.98461538,95.1,94.20769231,91.43076923,89.4
415.9427093,82.58461538,81.4,90.46923077,89.03076923,74.63076923,72.3,82.98461538,76.4,75.70769231,93.83076923,81.5
416.1509603,90.68461538,101.7,91.56923077,98.43076923,93.53076923,91.4,91.88461538,96.4,91.40769231,99.63076923,101.7
416.3591993,100.6846154,94.9,90.56923077,87.03076923,92.23076923,80.3,92.58461538,75.5,94.80769231,97.73076923,90.7
416.5674264,92.28461538,95.3,106.8692308,89.23076923,88.43076923,85.6,103.6846154,95.9,101.2076923,92.53076923,105.3
416.7756415,99.58461538,90.6,91.06923077,95.93076923,101.5307692,87.3,93.28461538,104.9,94.90769231,105.9307692,92.2
416.9838447,112.7846154,102.4,110.1692308,106.9307692,101.9307692,109.9,108.2846154,117.4,113.7076923,113.4307692,120.5
417.192036,111.6846154,103,108.3692308,102.1307692,113.1307692,103.9,104.2846154,115.9,117.5076923,113.1307692,104.5
417.4002154,109.6846154,108.7,117.2692308,110.2307692,114.3307692,97.6,110.3846154,112.1,116.6076923,111.9307692,107.2
417.6083828,112.7846154,110.6,113.6692308,99.13076923,99.53076923,97.8,104.2846154,118.1,112.4076923,101.0307692,105.4
417.8165383,123.3846154,116.3,113.8692308,117.4307692,118.0307692,108.3,117.6846154,111.4,124.3076923,125.9307692,116
418.0246818,121.0846154,125.3,129.9692308,127.4307692,119.7307692,126.7,129.3846154,132.9,118.8076923,115.8307692,130.5
418.2328134,134.3846154,132.1,128.9692308,129.9307692,131.4307692,147,134.7846154,137.3,129.6076923,134.1307692,136.9
418.440933,124.5846154,116.9,127.4692308,132.7307692,124.3307692,119.2,133.6846154,131.6,152.9076923,131.8307692,136
418.6490407,125.3846154,133.7,143.7692308,142.7307692,142.3307692,136.4,138.1846154,142.4,130.5076923,139.5307692,140.9
418.8571364,137.4846154,148.9,158.4692308,142.8307692,137.0307692,134.1,141.0846154,151.5,151.4076923,141.5307692,150.8
419.0652202,153.7846154,152.1,164.5692308,142.1307692,157.3307692,151.6,149.3846154,159.5,138.5076923,143.0307692,161.5
419.273292,151.6846154,139.7,154.5692308,147.5307692,140.6307692,142.8,162.8846154,135.7,160.6076923,146.3307692,145.7
419.4813519,151.7846154,153.2,164.9692308,156.9307692,149.2307692,165.8,146.5846154,172.3,160.5076923,168.6307692,143.8
419.6893998,163.5846154,160.4,162.3692308,162.3307692,166.0307692,167.9,165.8846154,165.2,159.2076923,185.4307692,168.2
419.8974357,167.9846154,177.6,181.6692308,172.3307692,171.6307692,175.7,183.4846154,173.9,181.5076923,176.5307692,177.9
420.1054597,175.7846154,172.7,179.4692308,173.6307692,165.2307692,170.7,186.9846154,177.7,176.5076923,178.8307692,179.3
420.3134716,183.7846154,182,193.3692308,179.4307692,186.5307692,175.2,182.9846154,185.5,189.5076923,183.7307692,184.3
420.5214717,190.2846154,193.7,189.1692308,189.1307692,183.7307692,187.2,191.8846154,186.2,193.5076923,190.3307692,178.8
420.7294597,183.7846154,200.1,189.4692308,192.5307692,204.9307692,197,195.1846154,200.3,195.0076923,217.6307692,191.6
420.9374358,201.3846154,210.8,201.3692308,202.4307692,195.1307692,205.9,196.9846154,202.4,198.5076923,208.4307692,191.9
421.1453999,210.5846154,207.1,214.2692308,213.5307692,220.1307692,209.5,216.2846154,215.2,207.4076923,223.9307692,212.6
421.353352,216.1846154,216.7,220.8692308,213.2307692,222.6307692,224.6,210.6846154,225.3,220.3076923,216.9307692,228.8
421.5612921,231.1846154,232.8,241.3692308,230.7307692,222.2307692,224.9,231.7846154,242.1,241.4076923,238.0307692,229.1
421.7692202,231.0846154,235.7,242.3692308,235.9307692,232.6307692,226.6,241.7846154,241.6,239.8076923,244.1307692,241.2
421.9771364,250.4846154,248.8,256.5692308,259.5307692,241.8307692,243.6,250.9846154,263.1,258.9076923,261.9307692,261.2
422.1850405,245.2846154,246.1,247.7692308,244.4307692,243.9307692,240.7,251.2846154,260.9,250.5076923,251.8307692,242.8
422.3929327,271.6846154,281.9,276.7692308,278.1307692,272.1307692,274.8,283.5846154,277.1,270.1076923,287.3307692,276.4
422.6008128,271.2846154,277.9,282.4692308,280.5307692,280.4307692,266.5,283.5846154,277.4,278.8076923,284.9307692,281.9
422.808681,292.1846154,295.9,286.1692308,285.6307692,283.7307692,280.1,285.0846154,294,290.9076923,287.2307692,289.4
423.0165371,295.4846154,285.5,285.9692308,288.0307692,292.4307692,287.8,295.5846154,296.6,290.6076923,292.8307692,290.3
423.2243813,314.1846154,308.7,312.4692308,299.7307692,301.5307692,311.4,311.4846154,293.6,302.9076923,310.1307692,300.1
423.4322135,319.7846154,322,331.8692308,319.2307692,318.8307692,306.9,316.9846154,319.6,306.6076923,324.6307692,327.9
423.6400336,321.4846154,328.1,324.5692308,314.7307692,327.6307692,323.3,330.9846154,324.9,332.5076923,320.8307692,326.4
423.8478417,356.7846154,341.3,350.9692308,355.1307692,358.5307692,350.3,360.0846154,351.9,344.1076923,354.3307692,363.8
424.0556378,353.8846154,344.1,358.0692308,362.6307692,362.4307692,336.1,357.7846154,336.5,358.4076923,344.0307692,349.7
424.2634219,379.7846154,386.8,376.7692308,370.4307692,361.6307692,378.4,388.5846154,390.4,371.0076923,373.1307692,373.8
424.471194,381.4846154,383.9,389.7692308,384.2307692,390.5307692,366.6,382.9846154,382.8,396.2076923,394.5307692,381.1
424.6789541,380.8846154,390.6,375.9692308,390.7307692,382.5307692,380.9,376.1846154,387.5,387.4076923,385.7307692,381.6
424.8867021,423.5846154,409.2,419.6692308,418.8307692,419.4307692,400,414.4846154,421.6,437.9076923,405.9307692,411.8
425.0944381,442.4846154,431.6,428.3692308,426.1307692,414.7307692,426,426.5846154,434,427.8076923,431.6307692,426.1
425.3021621,428.0846154,430.9,436.8692308,434.4307692,437.9307692,432.3,449.0846154,443.9,435.1076923,447.9307692,435.4
425.5098741,442.9846154,467.1,440.9692308,441.6307692,449.1307692,442.6,449.2846154,445.3,467.2076923,462.0307692,446.7
425.717574,478.8846154,476.1,468.9692308,472.7307692,473.2307692,464.3,489.7846154,476.1,481.8076923,469.4307692,467.6
425.9252619,480.6846154,478.1,478.3692308,472.2307692,480.1307692,471.9,471.7846154,466.2,485.5076923,486.7307692,480.6
426.1329377,507.1846154,490.2,505.0692308,493.9307692,489.2307692,492.4,510.9846154,506.2,513.4076923,508.2307692,507.5
426.3406015,526.8846154,526.6,526.7692308,524.4307692,524.5307692,532.2,520.5846154,520.5,534.5076923,521.8307692,544.1
426.5482533,561.5846154,556.2,556.0692308,562.3307692,561.6307692,558,560.5846154,578.2,560.7076923,564.1307692,563.4
426.755893,560.6846154,562.1,567.9692308,562.0307692,566.7307692,560,568.8846154,559.8,569.3076923,555.3307692,568.1
426.9635207,585.0846154,577.1,582.8692308,572.2307692,584.5307692,603.7,588.3846154,584.9,592.2076923,584.7307692,587.8
427.1711363,634.0846154,612.6,625.3692308,609.0307692,609.1307692,618,614.1846154,601.9,614.2076923,611.1307692,617
427.3787399,636.7846154,647.9,641.7692308,636.0307692,635.9307692,634.7,633.0846154,628.1,640.6076923,652.8307692,648.5
427.5863314,641.4846154,642.7,638.6692308,653.1307692,641.1307692,641.1,644.1846154,642.9,638.2076923,645.7307692,645
427.7939109,680.7846154,676,683.6692308,682.7307692,681.8307692,679,670.7846154,665.6,680.3076923,681.3307692,678.1
428.0014783,711.4846154,710.7,718.6692308,711.0307692,695.0307692,712.3,721.9846154,721.3,717.8076923,713.0307692,693.3
428.2090336,774.5846154,759.6,756.6692308,759.1307692,766.6307692,754.4,761.2846154,764.6,753.9076923,763.0307692,759.2
428.4165769,741.8846154,743.3,738.0692308,739.2307692,740.4307692,733.1,743.4846154,746.3,736.9076923,737.0307692,764.5
428.6241081,799.2846154,780.5,790.8692308,792.0307692,785.0307692,793.2,809.1846154,802.4,795.2076923,798.3307692,783.6
428.8316272,796.6846154,807.6,797.9692308,803.3307692,800.0307692,784.8,798.9846154,803.3,799.3076923,795.7307692,801.6
429.0391343,810.5846154,807.9,798.7692308,808.8307692,824.2307692,809.2,802.2846154,817.1,816.8076923,812.6307692,800.1
429.2466293,816.0846154,813.8,818.9692308,837.9307692,808.7307692,819.2,802.9846154,832.2,822.9076923,823.1307692,812
429.4541122,895.0846154,900.6,889.6692308,890.3307692,881.1307692,886.7,881.8846154,897.4,896.0076923,890.1307692,888.7
429.661583,952.6846154,932.8,944.3692308,961.3307692,953.3307692,939.6,953.6846154,954,953.3076923,948.7307692,932.6
429.8690418,930.2846154,919.7,914.5692308,920.9307692,922.4307692,922.4,896.8846154,938.1,922.3076923,920.1307692,907.7
430.0764885,999.3846154,976.1,968.3692308,969.4307692,981.2307692,967.5,965.5846154,965,966.9076923,978.6307692,977
430.283923,978.9846154,942.6,944.9692308,952.9307692,944.7307692,944.4,969.5846154,963.8,945.8076923,971.3307692,945.2
430.4913455,1010.584615,1006,1013.969231,999.4307692,1008.730769,995.8,1003.584615,1007.1,1027.707692,1006.030769,1012.2
430.6987559,1090.984615,1086.9,1094.069231,1091.730769,1078.230769,1066.9,1073.184615,1090.7,1087.607692,1100.230769,1084.2
430.9061543,1086.784615,1066.5,1086.169231,1081.030769,1080.230769,1090.1,1082.784615,1094,1091.107692,1068.130769,1100.6
431.1135405,1124.384615,1122.9,1112.569231,1091.930769,1101.230769,1098.2,1131.284615,1109.3,1104.807692,1122.030769,1123.4
431.3209146,1142.584615,1159.7,1153.269231,1150.830769,1150.830769,1138.5,1167.484615,1148.9,1146.407692,1150.930769,1141.3
431.5282766,1173.084615,1196.4,1190.969231,1192.430769,1175.430769,1177.8,1178.484615,1207.2,1182.007692,1179.630769,1185.8
431.7356265,1277.784615,1260.1,1260.169231,1273.430769,1263.330769,1269.8,1256.384615,1275.7,1292.707692,1259.230769,1272.7
431.9429643,1309.584615,1319.5,1321.869231,1313.730769,1311.530769,1317.3,1302.684615,1324,1325.107692,1313.230769,1319.5
432.15029,1299.884615,1312.5,1315.269231,1307.630769,1299.130769,1287.8,1304.384615,1280.2,1305.807692,1314.630769,1313.7
432.3576036,1315.684615,1322.5,1330.269231,1310.630769,1312.830769,1311.1,1332.784615,1328.6,1331.307692,1351.830769,1316.6
432.5649051,1401.584615,1370.6,1383.369231,1383.030769,1378.230769,1400.8,1406.384615,1406.2,1399.207692,1404.530769,1389
432.7721945,1438.984615,1431.2,1416.169231,1432.830769,1429.830769,1434.1,1434.384615,1439.2,1419.407692,1439.030769,1421.3
432.9794717,1513.784615,1501.7,1523.369231,1500.430769,1510.630769,1503.2,1487.984615,1504.6,1504.207692,1517.530769,1488.6
433.1867368,1556.184615,1523.5,1528.369231,1541.230769,1525.130769,1539,1537.284615,1536.5,1546.807692,1523.830769,1524
433.3939898,1549.184615,1577.4,1553.969231,1534.230769,1559.430769,1557.6,1574.084615,1543,1548.107692,1572.030769,1571.6
433.6012307,1667.684615,1683.3,1670.469231,1661.230769,1677.030769,1673.8,1686.684615,1685.3,1672.507692,1674.630769,1675
433.8084595,1718.684615,1706.9,1710.069231,1701.630769,1718.230769,1717.8,1699.484615,1726.6,1711.507692,1702.730769,1717
434.0156761,1718.984615,1723.9,1714.869231,1728.330769,1688.630769,1707.6,1703.484615,1701.8,1719.407692,1728.030769,1713.2
434.2228806,1776.984615,1800.2,1808.169231,1781.130769,1803.130769,1775.5,1765.084615,1795.3,1786.907692,1797.130769,1780.1
434.4300729,1927.584615,1911.3,1933.569231,1927.830769,1912.330769,1906.6,1905.684615,1915.6,1918.307692,1911.630769,1915.7
434.6372532,1889.584615,1900,1910.569231,1877.130769,1917.930769,1888.8,1914.584615,1915.6,1920.207692,1897.930769,1882.1
434.8444212,2035.884615,2035.8,2052.069231,2031.930769,2016.830769,2027.1,2041.584615,2049.8,2023.807692,2032.630769,2042.2
435.0515772,2079.284615,2049.3,2063.069231,2068.230769,2068.630769,2085.1,2049.584615,2082.9,2061.307692,2074.030769,2089.1
435.258721,2085.184615,2068.6,2072.569231,2079.030769,2082.730769,2069.4,2068.484615,2058.3,2093.507692,2075.930769,2084.1
435.4658526,2107.684615,2107.9,2113.769231,2099.830769,2135.930769,2097.6,2122.784615,2127.1,2115.207692,2114.830769,2120.3
435.6729721,2120.684615,2135.8,2132.769231,2129.230769,2134.630769,2116.2,2123.184615,2132.9,2108.107692,2132.030769,2122.2
435.8800795,2249.484615,2250,2270.569231,2234.530769,2243.830769,2253.8,2249.984615,2259.2,2241.707692,2254.330769,2271.2
436.0871747,2389.184615,2391.8,2392.969231,2370.430769,2365.930769,2380.5,2378.284615,2383.4,2388.807692,2371.530769,2385.6
436.2942577,2442.184615,2427.7,2427.169231,2430.030769,2430.430769,2456.7,2433.584615,2455.1,2437.807692,2435.230769,2437.8
436.5013286,2430.784615,2435.3,2423.969231,2425.030769,2429.530769,2421.3,2437.684615,2440.9,2421.307692,2452.130769,2424.2
436.7083873,2444.684615,2460.2,2456.369231,2457.830769,2454.330769,2447.1,2478.084615,2473.2,2456.707692,2458.930769,2466.3
436.9154338,2562.484615,2582.4,2550.069231,2557.930769,2574.630769,2562.7,2581.384615,2589.8,2616.207692,2600.130769,2586.4
437.1224682,2687.484615,2686.6,2687.969231,2689.430769,2667.030769,2669.5,2676.984615,2653.6,2690.307692,2684.130769,2697
437.3294904,2699.084615,2712.5,2702.769231,2717.930769,2707.030769,2689.4,2695.384615,2694.3,2713.507692,2722.730769,2690.7
437.5365005,2858.184615,2851.9,2832.369231,2844.730769,2842.230769,2851.8,2851.384615,2850,2833.307692,2857.630769,2844.1
437.7434984,2918.584615,2911.5,2919.669231,2917.530769,2916.330769,2935.6,2908.384615,2906.4,2901.807692,2922.130769,2904.2
437.9504841,2875.184615,2873.3,2906.769231,2903.030769,2884.030769,2894.5,2879.884615,2889,2886.407692,2885.530769,2881.8
438.1574576,3077.084615,3093.8,3053.169231,3079.630769,3079.230769,3054.7,3100.684615,3062,3086.307692,3075.930769,3074.6
438.3644189,3227.884615,3217.8,3220.069231,3220.530769,3191.030769,3238.2,3189.584615,3240.1,3195.907692,3194.030769,3221
438.5713681,3297.384615,3286.3,3271.769231,3267.630769,3254.830769,3295.9,3285.484615,3267.4,3270.707692,3285.730769,3255.6
438.7783051,3297.184615,3272.8,3298.069231,3315.430769,3304.030769,3298.2,3291.484615,3291.9,3296.607692,3277.830769,3316.3
438.9852298,3513.084615,3521.2,3520.669231,3533.630769,3526.730769,3537.2,3547.584615,3536.9,3534.207692,3509.130769,3536.6
439.1921424,3473.184615,3495.4,3483.569231,3487.230769,3500.030769,3476.3,3511.484615,3503.6,3494.007692,3482.630769,3463.6
439.3990428,3626.084615,3624.9,3654.469231,3623.830769,3620.030769,3617.1,3629.284615,3635.1,3656.407692,3635.230769,3638.7
439.6059311,3603.884615,3612.2,3633.269231,3630.730769,3623.430769,3610.8,3629.484615,3640.7,3616.807692,3631.730769,3615.7
439.8128071,3848.784615,3871.7,3852.669231,3854.130769,3851.430769,3862.9,3854.284615,3858.3,3819.307692,3867.330769,3858
440.0196709,4104.384615,4095.6,4096.869231,4085.130769,4091.530769,4091.6,4086.284615,4085.4,4086.307692,4077.030769,4071.8
440.2265225,4034.984615,4074.1,4069.769231,4063.330769,4062.130769,4058.9,4054.884615,4085.7,4036.107692,4087.230769,4054.8
440.4333619,4039.584615,4078.3,4071.169231,4048.030769,4046.130769,4054.1,4057.184615,4052.4,4075.107692,4057.030769,4052.9
440.6401891,4238.884615,4238.4,4241.669231,4234.230769,4219.430769,4204.1,4207.284615,4206.8,4226.507692,4224.230769,4222.4
440.8470041,4245.884615,4249.4,4269.369231,4236.630769,4251.530769,4248.6,4258.884615,4254.6,4256.007692,4212.730769,4269.3
441.0538068,4355.384615,4359.2,4337.369231,4356.830769,4358.530769,4371.3,4350.584615,4396.4,4371.407692,4358.930769,4349.3
441.2605974,4627.284615,4647.4,4631.869231,4656.930769,4648.330769,4653.3,4664.284615,4671.1,4635.607692,4648.030769,4673.6
441.4673758,4626.984615,4609.7,4627.169231,4620.830769,4604.730769,4608.9,4608.784615,4621,4612.007692,4617.530769,4610.5
441.6741419,4796.884615,4821.9,4807.269231,4801.530769,4788.030769,4772.2,4777.484615,4795.3,4809.707692,4800.630769,4795.9
441.8808958,4971.384615,4984.2,4977.369231,4972.830769,5014.730769,4977.5,4966.484615,4998,4996.707692,4983.030769,4974.1
442.0876375,5088.484615,5120,5144.869231,5122.830769,5121.730769,5091.5,5112.684615,5105.3,5120.007692,5099.930769,5118.5
442.2943669,5137.184615,5141.4,5138.169231,5146.630769,5173.530769,5158.5,5149.984615,5138.9,5164.207692,5160.030769,5156.4
442.5010841,5242.484615,5242,5228.469231,5244.730769,5262.530769,5258.9,5281.984615,5252,5234.907692,5261.230769,5248.8
442.7077891,5402.984615,5426.9,5450.469231,5448.830769,5435.030769,5422.6,5414.284615,5430.7,5427.107692,5416.230769,5413.1
442.9144819,5623.284615,5639.1,5681.269231,5651.230769,5649.830769,5652.6,5650.184615,5673.6,5664.807692,5648.730769,5625.6
443.1211624,5913.484615,5951.2,5920.469231,5913.530769,5931.930769,5945.1,5951.484615,5962.5,5930.507692,5959.530769,5919
443.3278307,5821.084615,5847.5,5825.469231,5858.030769,5842.330769,5861.3,5837.684615,5851,5831.807692,5847.430769,5835.2
443.5344867,6356.084615,6360.1,6366.669231,6388.130769,6361.330769,6335.5,6390.084615,6349.3,6375.407692,6347.130769,6345.7
443.7411305,6251.384615,6282.6,6286.569231,6283.030769,6249.730769,6257.1,6261.184615,6269.8,6251.007692,6297.230769,6254.6
443.9477621,6169.384615,6144.2,6166.669231,6161.130769,6160.130769,6175.8,6131.384615,6132.2,6149.707692,6158.830769,6141.7
444.1543814,6668.384615,6671,6656.469231,6649.330769,6646.530769,6654.2,6666.584615,6645.9,6668.707692,6680.030769,6645.1
444.3609885,6731.384615,6770.8,6745.469231,6762.930769,6782.630769,6742.3,6744.984615,6760.3,6775.307692,6743.230769,6729
444.5675833,6780.384615,6821.7,6840.969231,6783.530769,6760.130769,6777.5,6787.184615,6797,6752.907692,6762.230769,6742.6
444.7741658,6775.584615,6807.8,6788.569231,6837.430769,6834.530769,6800.4,6827.584615,6836.5,6811.307692,6820.630769,6801.1
444.9807361,6969.884615,6975.5,6960.569231,6993.330769,6993.430769,6994.3,6964.584615,6957.9,6992.007692,7009.430769,6963.8
445.1872941,7216.184615,7282.6,7285.169231,7260.330769,7256.430769,7255.4,7240.684615,7230.3,7240.307692,7232.530769,7245.4
445.3938399,7564.884615,7599.9,7605.869231,7586.130769,7540.830769,7573.5,7604.584615,7569.7,7540.507692,7533.730769,7561.9
445.6003734,7519.384615,7574.6,7543.469231,7577.730769,7559.230769,7575.3,7548.384615,7548.3,7553.207692,7541.130769,7581.4
445.8068946,8267.184615,8341.2,8357.769231,8321.730769,8284.630769,8309.6,8276.484615,8303.8,8299.907692,8271.630769,8287.6
446.0134036,8051.484615,8048.4,8089.769231,8065.230769,8058.130769,8037.9,8021.284615,8072.7,8032.807692,8014.930769,8033.8
446.2199003,8194.584615,8268.7,8274.669231,8262.730769,8215.330769,8214.2,8198.984615,8221,8227.807692,8208.430769,8237.9
446.4263847,8656.084615,8644.5,8654.869231,8649.430769,8676.630769,8666.7,8653.784615,8632.2,8633.407692,8637.730769,8619.5
446.6328569,8627.784615,8719.4,8686.669231,8702.130769,8707.230769,8687.3,8694.584615,8657.5,8685.107692,8689.930769,8699.3
446.8393167,9073.884615,9112,9119.069231,9120.230769,9100.530769,9132.7,9091.384615,9116.1,9085.607692,9093.530769,9115.9
447.0457643,8834.284615,8907.1,8865.469231,8904.130769,8863.830769,8860.9,8848.584615,8847.1,8891.807692,8874.130769,8819.1
447.2521996,9380.484615,9418.4,9384.169231,9420.930769,9426.230769,9391.9,9397.084615,9399.4,9361.707692,9413.330769,9381.5
447.4586226,9370.784615,9441.5,9409.069231,9423.330769,9432.730769,9426.4,9440.484615,9401.2,9404.007692,9405.130769,9424.7
447.6650333,9400.984615,9424.4,9436.069231,9428.930769,9403.230769,9458.3,9417.484615,9404.4,9416.607692,9423.230769,9404.2
447.8714318,9959.784615,9985.3,9965.969231,9984.930769,10006.83077,9971.5,9986.084615,9963,9968.107692,9968.730769,9931.5
448.0778179,10498.78462,10536.2,10491.66923,10534.93077,10480.03077,10484.5,10494.68462,10481.2,10514.30769,10512.43077,10491.3
448.2841917,10044.58462,10107.2,10053.46923,10091.03077,10022.73077,10063.3,10036.68462,10053.4,10051.60769,10026.43077,10108.3
448.4905533,10254.18462,10317.6,10317.26923,10308.33077,10266.83077,10281,10244.48462,10265.3,10275.60769,10293.83077,10264.2
448.6969025,10681.18462,10737.1,10747.66923,10724.83077,10732.03077,10710.7,10702.58462,10721.7,10713.30769,10738.73077,10685.8
448.9032394,10836.38462,10900.3,10843.16923,10920.13077,10911.73077,10862.2,10859.68462,10879.6,10858.70769,10890.23077,10882.4
449.1095641,11027.18462,11069.7,11094.56923,11049.33077,11082.83077,11056.3,11022.68462,11028.8,11033.40769,11010.93077,11077.7
449.3158764,11081.48462,11094,11092.86923,11078.53077,11076.83077,11063.4,11056.48462,11072.6,11044.30769,11090.43077,11033.8
449.5221764,11258.28462,11326.5,11340.56923,11265.63077,11278.53077,11317.9,11295.08462,11313.3,11279.60769,11277.93077,11268.8
449.7284641,11511.98462,11578.6,11598.36923,11591.63077,11550.33077,11571.1,11552.08462,11567.1,11531.50769,11569.33077,11563
449.9347395,11490.88462,11536.3,11596.16923,11573.53077,11514.63077,11528.6,11561.88462,11507.8,11561.50769,11563.73077,11523
450.1410025,11650.28462,11678.5,11689.66923,11695.03077,11647.23077,11716.9,11677.58462,11661.7,11694.40769,11702.53077,11670.1
450.3472533,11945.98462,11970.4,11981.86923,11956.03077,11948.93077,11948.1,11964.28462,11910.2,11957.70769,11933.53077,11892.3
450.5534917,11623.98462,11600,11658.36923,11621.63077,11603.43077,11613.5,11633.08462,11617.5,11585.70769,11624.63077,11599.2
450.7597178,11728.08462,11766.1,11786.86923,11780.33077,11784.23077,11762.3,11796.38462,11839.1,11711.70769,11797.63077,11750.9
450.9659315,12315.18462,12361.8,12356.56923,12323.83077,12346.03077,12323.6,12367.68462,12292.1,12291.70769,12338.53077,12316.2
451.172133,12102.28462,12133,12078.66923,12131.03077,12041.83077,12105.1,12096.48462,12100.1,12080.10769,12056.53077,12082.6
451.3783221,12504.98462,12587.5,12597.66923,12567.53077,12487.43077,12558.1,12545.68462,12556.9,12536.90769,12553.13077,12551.9
451.5844988,12278.38462,12345.6,12333.86923,12329.03077,12320.53077,12302.6,12322.28462,12335.3,12312.00769,12263.53077,12316.2
451.7906633,12444.08462,12471.2,12465.56923,12445.13077,12395.93077,12415.2,12454.28462,12440.7,12452.50769,12418.33077,12478.3
451.9968153,12288.98462,12371.3,12357.06923,12372.53077,12365.83077,12368.7,12321.68462,12341.7,12342.70769,12335.43077,12349
452.2029551,12648.98462,12689,12673.86923,12675.43077,12664.23077,12667.3,12683.98462,12618.6,12665.90769,12710.13077,12719.7
452.4090825,12872.58462,12896.2,12894.56923,12895.83077,12873.93077,12872.4,12843.68462,12876.7,12885.20769,12893.33077,12897.8
452.6151975,12570.18462,12541.5,12550.26923,12577.53077,12547.03077,12572,12550.68462,12516.1,12553.80769,12551.03077,12532.1
452.8213002,12331.18462,12452.3,12368.76923,12390.33077,12420.43077,12374.6,12379.78462,12402.4,12424.10769,12390.33077,12393
453.0273906,12043.88462,12074.6,12084.16923,12044.83077,12051.03077,12080.4,12075.68462,12055.2,12066.70769,12068.83077,12035.9
453.2334686,12653.18462,12712.4,12679.96923,12650.83077,12672.53077,12674.4,12697.38462,12681.6,12638.20769,12655.33077,12682.1
453.4395342,12241.48462,12252.6,12311.76923,12271.03077,12255.53077,12292.6,12250.08462,12306.7,12280.60769,12293.53077,12275.9
453.6455875,12290.68462,12323,12309.76923,12305.73077,12309.93077,12301.2,12302.48462,12337.7,12327.90769,12351.53077,12302.8
453.8516284,12348.68462,12312.1,12336.36923,12288.53077,12326.53077,12311.7,12324.28462,12343,12364.70769,12271.23077,12309.6
454.057657,12489.88462,12486.9,12515.36923,12467.03077,12471.63077,12530,12481.58462,12596,12509.00769,12500.43077,12485.7
454.2636732,12171.08462,12232.3,12236.76923,12149.83077,12189.63077,12178.9,12189.28462,12223.9,12152.30769,12180.23077,12205.2
454.469677,12324.38462,12328.2,12301.66923,12303.63077,12270.83077,12309.3,12356.38462,12343,12344.10769,12325.03077,12345.5
454.6756684,11998.58462,11959,11967.76923,11976.53077,11946.43077,12013.6,11966.28462,12014.1,11990.30769,11995.93077,12002.7
454.8816475,12498.18462,12525.2,12508.16923,12522.43077,12488.43077,12525,12509.08462,12502.2,12518.00769,12463.83077,12505.4
455.0876142,11442.48462,11498,11485.16923,11480.63077,11476.33077,11506.5,11496.88462,11480.7,11537.90769,11482.53077,11493.2
455.2935685,11542.58462,11476.2,11511.96923,11493.33077,11514.33077,11541.4,11526.48462,11530.8,11514.50769,11510.13077,11542.2
455.4995105,11808.38462,11817,11802.46923,11820.33077,11781.13077,11770.6,11771.78462,11820.8,11827.40769,11801.63077,11833.5
455.70544,11609.18462,11545.6,11639.76923,11602.43077,11586.73077,11584.6,11613.48462,11562.7,11601.20769,11588.53077,11578.4
455.9113572,11228.88462,11202.4,11218.46923,11219.93077,11226.13077,11219.5,11205.48462,11183.7,11212.90769,11212.53077,11190
456.117262,10984.68462,11056.8,11037.96923,11023.53077,11012.13077,11013.9,11033.98462,11027,11022.00769,11012.43077,11052.2
456.3231543,10887.98462,10884.5,10900.66923,10929.53077,10895.63077,10906,10881.18462,10904.7,10942.40769,10934.93077,10895
456.5290343,10487.78462,10497.9,10524.26923,10470.43077,10464.43077,10457.9,10463.98462,10487.3,10507.30769,10482.43077,10476.9
456.7349019,10863.68462,10804.5,10858.16923,10828.33077,10786.43077,10807.6,10812.48462,10844.5,10836.00769,10820.33077,10827.2
456.9407571,10608.18462,10578.9,10550.06923,10571.13077,10598.43077,10584.8,10573.18462,10572.7,10599.90769,10562.83077,10595.7
457.1465999,10344.48462,10409.5,10365.96923,10369.53077,10374.53077,10321.8,10372.98462,10407.9,10416.00769,10364.63077,10367.6
457.3524303,10018.48462,10031.6,10022.86923,10026.73077,9976.430769,10058,10050.58462,10053.1,9999.307692,10026.23077,10057.3
457.5582483,9794.084615,9775.6,9807.769231,9792.430769,9852.230769,9819.4,9841.484615,9873.8,9879.107692,9804.030769,9847.1
457.7640539,9918.384615,9861.1,9892.169231,9890.730769,9932.830769,9944.2,9945.084615,9886.6,9928.107692,9934.130769,9893.2
457.9698471,9681.484615,9674.3,9676.069231,9719.330769,9717.430769,9713.7,9705.484615,9668.2,9671.507692,9669.530769,9698.8
458.1756278,9548.984615,9532.4,9466.869231,9527.630769,9526.230769,9493.8,9514.384615,9540.7,9530.707692,9534.830769,9530.6
458.3813962,9423.984615,9423.9,9421.769231,9427.930769,9408.130769,9435.6,9421.184615,9436.2,9451.007692,9430.830769,9423
458.5871521,9041.884615,9030.7,8998.969231,8991.930769,9048.230769,9032.1,9037.284615,9018.7,9038.807692,9067.630769,9058.5
458.7928956,9161.584615,9130.2,9119.869231,9131.930769,9134.430769,9146.3,9132.784615,9112.9,9160.207692,9182.630769,9144.2
458.9986267,8515.184615,8462.7,8457.469231,8526.130769,8494.530769,8480.7,8507.184615,8527.7,8535.707692,8478.930769,8538.9
459.2043454,9244.884615,9233,9215.569231,9215.830769,9212.630769,9174.4,9221.484615,9236.1,9229.507692,9204.930769,9253.4
459.4100516,9073.084615,9018.6,9025.769231,9018.530769,9043.330769,9037.8,9004.784615,9069.8,9087.907692,9038.730769,9056.2
459.6157454,8354.784615,8372.5,8352.869231,8395.830769,8368.430769,8379.1,8402.084615,8389.8,8377.807692,8398.730769,8389.6
459.8214268,8423.884615,8423.8,8405.369231,8441.030769,8441.730769,8447.5,8451.984615,8477.1,8523.907692,8440.830769,8483
460.0270957,8487.984615,8474.5,8495.169231,8453.630769,8445.430769,8453,8477.184615,8444.9,8448.007692,8470.730769,8474.9
460.2327522,8421.484615,8351.4,8365.569231,8376.230769,8360.430769,8359.1,8396.684615,8391.4,8374.207692,8381.230769,8395.6
460.4383963,7975.084615,7973,7964.269231,7948.530769,7950.030769,7954.5,7987.584615,8008.6,7955.507692,8020.830769,7997.7
460.6440279,8174.184615,8061.7,8103.169231,8109.830769,8103.930769,8078.2,8133.084615,8091.6,8118.207692,8129.630769,8092.9
460.8496471,7795.184615,7758.6,7753.269231,7742.530769,7756.030769,7764.1,7798.684615,7790.7,7805.907692,7809.030769,7747.9
461.0552538,7632.284615,7629.7,7621.569231,7630.430769,7587.130769,7586.5,7609.084615,7598.6,7612.307692,7619.530769,7588.9
461.2608481,7680.084615,7656.2,7636.969231,7668.230769,7661.030769,7649.7,7698.284615,7710.4,7694.107692,7663.030769,7697.6
461.46643,7141.284615,7131.6,7145.269231,7146.430769,7164.030769,7155.5,7190.684615,7162.9,7162.907692,7133.630769,7174.1
461.6719993,6986.784615,6973.9,6978.569231,6956.830769,6970.230769,7004.4,6984.884615,6992.4,6993.507692,6976.930769,7021.4
461.8775563,7487.684615,7451.5,7440.369231,7457.530769,7424.030769,7470.7,7456.984615,7449.3,7422.207692,7435.830769,7452.2
462.0831007,6972.584615,7004.5,6980.269231,6977.730769,7010.730769,6965.7,6982.984615,6998.9,6998.907692,7003.230769,7014.8
462.2886327,6821.284615,6771.3,6829.569231,6821.630769,6802.030769,6799.2,6818.884615,6847.5,6794.907692,6834.830769,6851.7
462.4941523,6799.384615,6786.7,6762.269231,6790.830769,6747.630769,6789.8,6808.884615,6798,6797.007692,6813.230769,6774.9
462.6996593,6540.684615,6519.8,6555.069231,6559.930769,6560.430769,6535.8,6558.784615,6557.7,6545.607692,6557.830769,6539
462.9051539,6424.184615,6398.1,6365.969231,6420.930769,6404.030769,6415.3,6417.784615,6413.8,6409.507692,6454.830769,6450.3
463.1106361,6707.384615,6701.3,6687.269231,6686.130769,6705.230769,6716.9,6704.984615,6700.9,6702.807692,6722.430769,6698.6
463.3161057,6769.384615,6785.3,6793.669231,6800.330769,6797.130769,6794.2,6815.284615,6787.5,6803.507692,6795.330769,6795.3
463.5215629,6656.284615,6614.6,6673.269231,6635.230769,6630.530769,6648.6,6643.184615,6625,6633.407692,6670.130769,6669.1
463.7270076,6809.784615,6798.1,6825.469231,6802.430769,6829.730769,6832.6,6826.184615,6822.5,6798.107692,6817.230769,6851.5
463.9324399,6861.484615,6838.6,6837.769231,6874.030769,6840.730769,6837.8,6828.984615,6826.6,6859.407692,6857.630769,6851.9
464.1378596,6868.084615,6817.4,6882.269231,6837.330769,6858.430769,6872.2,6908.084615,6861.9,6873.407692,6891.730769,6873.1
464.3432669,6853.884615,6858.4,6874.269231,6840.230769,6857.430769,6803,6878.084615,6865,6852.807692,6852.630769,6843.8
464.5486616,6611.784615,6641.9,6601.469231,6608.030769,6610.730769,6643.6,6652.884615,6654.9,6656.107692,6611.030769,6637.2
464.7540439,6924.084615,6938.8,6908.669231,6903.130769,6911.030769,6895.4,6877.784615,6917.6,6894.107692,6948.730769,6940.1
464.9594137,6845.384615,6843.8,6805.969231,6866.530769,6851.330769,6847.7,6814.784615,6843.6,6859.107692,6848.430769,6848.8
465.164771,6936.784615,6919,6943.769231,6940.630769,6952.730769,6922.5,6953.484615,6965.7,6924.107692,6985.230769,6927.9
465.3701158,6594.984615,6546.1,6570.069231,6552.430769,6584.930769,6588.7,6547.884615,6591.9,6589.107692,6546.130769,6583
465.5754481,6491.684615,6526.1,6516.069231,6485.930769,6504.230769,6477.1,6522.384615,6552.7,6509.307692,6514.830769,6520.1
465.7807679,6749.984615,6736.9,6710.069231,6749.630769,6706.030769,6729.8,6689.784615,6713.9,6730.707692,6741.830769,6725
465.9860752,6782.984615,6759,6807.269231,6794.330769,6768.630769,6822.4,6775.184615,6798.3,6776.407692,6820.630769,6801.3
466.19137,6595.384615,6585.1,6605.269231,6591.230769,6584.530769,6559.9,6592.784615,6609.1,6612.407692,6649.130769,6634.1
466.3966523,6514.584615,6525.1,6524.869231,6557.530769,6485.030769,6553.7,6498.584615,6516.9,6555.607692,6512.430769,6553.8
466.601922,6231.184615,6188.8,6234.469231,6228.330769,6205.430769,6240.2,6202.784615,6187.5,6227.607692,6239.530769,6227.3
466.8071793,6436.684615,6439.9,6418.569231,6440.930769,6452.830769,6466.6,6428.984615,6449.7,6423.907692,6447.730769,6444.2
467.012424,6464.184615,6445.1,6441.569231,6446.930769,6432.530769,6460.6,6432.084615,6460.8,6444.607692,6415.030769,6455
467.2176562,6390.784615,6390.7,6412.369231,6400.630769,6424.530769,6425.3,6429.684615,6395.9,6411.107692,6440.030769,6408.8
467.4228759,6448.284615,6464,6483.769231,6464.430769,6491.330769,6445.1,6495.384615,6495.2,6471.207692,6457.130769,6502.4
467.6280831,6482.384615,6435.2,6455.369231,6482.030769,6416.130769,6482.4,6444.384615,6480.6,6458.107692,6415.730769,6429.4
467.8332777,6742.984615,6740.3,6724.369231,6756.830769,6749.830769,6754.7,6758.184615,6730.7,6735.607692,6742.630769,6747.9
468.0384599,6474.884615,6447.3,6450.869231,6417.730769,6482.130769,6440.2,6462.184615,6457.7,6423.107692,6470.330769,6483
468.2436294,6277.084615,6246.6,6280.869231,6281.930769,6286.230769,6252.5,6276.984615,6283.4,6260.407692,6254.930769,6289.3
468.4487865,6488.184615,6497,6469.869231,6504.730769,6504.030769,6490.8,6518.684615,6511.3,6518.007692,6479.130769,6504.6
468.653931,6344.784615,6309.9,6324.369231,6315.330769,6320.230769,6331.8,6343.684615,6332.4,6358.607692,6319.430769,6353
468.859063,6354.484615,6346.7,6347.369231,6363.130769,6314.530769,6367.9,6338.984615,6365.8,6356.707692,6353.130769,6335.7
469.0641824,6296.784615,6273.4,6307.069231,6283.730769,6266.430769,6247.9,6303.184615,6299.4,6277.807692,6308.730769,6288.4
469.2692893,6032.784615,6008,6058.769231,6027.830769,6003.830769,6033.3,6043.884615,6033.4,6035.107692,6040.730769,6015.4
469.4743837,6167.684615,6126.6,6106.369231,6140.130769,6093.930769,6132,6134.784615,6161,6117.607692,6150.130769,6137.2
469.6794655,6185.884615,6168.7,6180.869231,6190.830769,6172.530769,6196.4,6198.684615,6200.4,6177.107692,6192.730769,6208.2
469.8845347,6072.584615,6054.9,6030.769231,6041.630769,6070.330769,6072.4,6083.484615,6056,6076.907692,6029.130769,6056.6
470.0895914,6131.284615,6110,6116.769231,6118.930769,6128.030769,6148.5,6124.384615,6116.7,6155.307692,6139.630769,6162.4
470.2946355,6073.284615,6087.4,6064.969231,6085.530769,6091.530769,6114,6126.384615,6095.8,6100.107692,6108.730769,6096.7
470.4996671,5919.184615,5893.2,5894.669231,5913.530769,5949.430769,5943,5882.484615,5928.5,5920.207692,5923.230769,5948.8
470.7046861,5983.684615,5979.1,5963.969231,5917.630769,5965.530769,5962.6,5972.184615,5969.9,5968.307692,6005.230769,5979.1
470.9096926,5869.184615,5887.2,5875.669231,5868.530769,5870.530769,5895.3,5847.784615,5869.9,5872.607692,5875.630769,5858.2
471.1146865,5817.084615,5820.9,5807.769231,5789.330769,5788.830769,5797.6,5768.284615,5831.6,5791.307692,5802.830769,5835.6
471.3196678,5901.584615,5894.3,5904.369231,5918.030769,5905.530769,5913.1,5889.684615,5908.3,5924.307692,5914.030769,5923.9
471.5246366,5833.484615,5794.5,5809.769231,5825.130769,5797.230769,5820.7,5804.684615,5823.8,5832.907692,5789.730769,5843.3
471.7295928,5748.984615,5751,5756.169231,5769.330769,5771.430769,5739.5,5752.584615,5752.4,5799.107692,5739.130769,5734.2
471.9345364,5741.884615,5690,5671.569231,5675.630769,5714.230769,5697.1,5698.084615,5724.4,5727.607692,5711.530769,5664.3
472.1394674,5538.084615,5550.7,5549.469231,5556.030769,5582.730769,5591.4,5548.784615,5571.6,5586.107692,5563.230769,5582.4
472.3443859,5624.684615,5637.7,5609.469231,5609.130769,5619.530769,5605.5,5623.484615,5619.5,5592.907692,5600.530769,5629.8
472.5492918,5489.684615,5493.3,5497.669231,5491.430769,5503.830769,5501.9,5510.484615,5498.2,5507.807692,5528.130769,5506.1
472.754185,5569.284615,5508.8,5555.169231,5533.330769,5499.330769,5564,5530.984615,5546.4,5557.207692,5546.730769,5573.4
472.9590657,5416.784615,5376.4,5400.169231,5370.030769,5423.430769,5421.3,5415.984615,5395.6,5421.707692,5429.030769,5425.3
473.1639339,5337.884615,5310.2,5343.169231,5323.230769,5304.430769,5315.7,5319.684615,5321.7,5358.107692,5323.130769,5309.9
473.3687894,5270.784615,5255.6,5245.969231,5255.230769,5247.730769,5237.3,5238.584615,5278.6,5278.007692,5298.230769,5277.4
473.5736323,5400.784615,5416.7,5379.269231,5368.330769,5395.030769,5374.1,5388.184615,5409.6,5424.907692,5372.130769,5379
473.7784626,5375.184615,5379.3,5373.369231,5374.630769,5364.430769,5382.7,5343.384615,5418.4,5403.507692,5398.830769,5391.1
473.9832804,5312.584615,5290.8,5287.269231,5311.330769,5282.030769,5309.5,5305.284615,5330.6,5323.507692,5312.030769,5341.2
474.1880855,5314.784615,5312.7,5296.369231,5349.730769,5373.630769,5341.4,5331.184615,5336,5339.407692,5337.330769,5346.7
474.392878,5140.384615,5122.6,5113.769231,5129.530769,5127.930769,5103,5143.384615,5077.6,5113.207692,5136.530769,5147.1
474.597658,5188.784615,5156.1,5155.069231,5177.230769,5182.930769,5181,5181.284615,5170.9,5188.307692,5210.730769,5187.6
474.8024253,5089.884615,5093.5,5075.769231,5094.330769,5081.030769,5108.3,5105.084615,5072,5095.307692,5068.830769,5110.1
475.00718,5180.484615,5150.3,5166.469231,5154.030769,5169.130769,5170.3,5157.784615,5168.5,5148.407692,5182.030769,5152.9
475.2119221,5162.084615,5151.6,5135.169231,5132.630769,5164.630769,5175.8,5154.484615,5160.7,5158.607692,5124.030769,5157.3
475.4166515,4958.784615,4950.9,4960.169231,4969.630769,4961.130769,4939.1,4990.184615,4956.8,4977.907692,4942.030769,4972.4
475.6213684,4959.284615,4993.3,4962.569231,4948.030769,4932.230769,4962.7,4988.484615,4955.8,4946.707692,4980.630769,4969.6
475.8260726,5006.584615,4965.7,4966.869231,4992.130769,4979.830769,4991.7,4999.184615,4966.1,4968.707692,5014.230769,4962.9
476.0307642,4947.284615,4940.2,4976.069231,4973.030769,4951.030769,4949.8,4974.384615,4957.3,4987.107692,4993.330769,4974.1
476.2354432,4909.984615,4853.6,4876.069231,4870.930769,4895.030769,4873.2,4873.084615,4888.1,4897.707692,4905.030769,4863.4
476.4401096,4959.984615,4964.7,4950.969231,4945.430769,4942.730769,4949.7,4934.084615,4976.6,4968.807692,4969.230769,4946.1
476.6447633,4881.084615,4871.6,4871.769231,4835.030769,4854.230769,4878.6,4850.284615,4882.1,4829.707692,4903.530769,4893.7
476.8494044,4990.884615,4959.4,4956.869231,4935.630769,4918.530769,4975.2,4953.384615,4958,4964.907692,4954.830769,4977.5
477.0540329,4921.184615,4917.6,4905.169231,4911.730769,4892.030769,4916.1,4926.284615,4918.8,4909.207692,4924.730769,4912.5
477.2586487,4939.284615,4885.1,4905.269231,4917.830769,4897.730769,4925.9,4909.784615,4917.6,4930.307692,4914.730769,4923.4
477.4632519,4901.084615,4882.7,4899.169231,4899.930769,4904.230769,4915.4,4916.484615,4936.3,4909.807692,4935.430769,4926.3
477.6678424,4786.484615,4830.6,4788.869231,4772.130769,4799.930769,4785.2,4818.284615,4818.3,4795.207692,4850.130769,4812.5
477.8724203,4903.684615,4928.1,4895.969231,4889.630769,4921.030769,4912.7,4924.584615,4907.3,4938.007692,4943.030769,4889.3
478.0769856,4890.484615,4880.3,4897.069231,4868.330769,4867.030769,4881.2,4888.984615,4868.7,4876.507692,4878.330769,4911.8
478.2815382,4855.384615,4826.7,4808.269231,4788.930769,4825.030769,4824.6,4819.284615,4798.2,4791.307692,4827.230769,4803.8
478.4860781,4808.984615,4789.1,4791.369231,4780.930769,4789.730769,4782.6,4799.984615,4823,4818.907692,4802.530769,4783.9
478.6906054,4814.784615,4788.5,4791.969231,4783.730769,4810.130769,4797.2,4828.084615,4791.6,4800.407692,4826.830769,4789.7
478.89512,4858.584615,4817.7,4840.469231,4834.930769,4820.930769,4838,4848.784615,4830.9,4858.307692,4851.930769,4839.3
479.099622,4808.984615,4786.9,4792.569231,4783.630769,4808.830769,4790.8,4807.984615,4821.9,4832.707692,4814.830769,4824.7
479.3041113,4838.684615,4829.5,4864.169231,4863.330769,4811.930769,4806.1,4850.984615,4824,4845.607692,4844.430769,4852.5
479.508588,4732.284615,4787.8,4740.969231,4752.430769,4781.430769,4763.9,4769.584615,4771.7,4774.407692,4774.830769,4768.7
479.713052,4890.584615,4877.3,4879.169231,4889.130769,4880.730769,4893.5,4868.984615,4895.1,4886.107692,4909.030769,4899.1
479.9175033,4813.384615,4798.2,4799.469231,4811.430769,4795.330769,4791.6,4830.284615,4799.6,4798.007692,4803.330769,4836.1
480.1219419,4823.584615,4787.6,4795.569231,4782.230769,4749.030769,4806.7,4773.484615,4786,4788.507692,4795.830769,4805.3
480.3263679,4886.384615,4898.6,4896.369231,4888.430769,4878.430769,4916.3,4901.784615,4896,4872.307692,4930.730769,4900
480.5307812,4919.184615,4900.5,4888.869231,4882.830769,4941.730769,4908.7,4906.284615,4903.3,4916.807692,4895.630769,4922.6
480.7351818,4861.884615,4874.2,4880.269231,4862.230769,4866.630769,4858.3,4878.284615,4895.9,4851.507692,4867.830769,4869.8
480.9395698,4919.984615,4907.3,4890.569231,4887.530769,4886.730769,4908.7,4878.584615,4907.7,4925.607692,4922.230769,4884.1
481.143945,5050.584615,5036.2,5053.869231,5033.430769,5079.230769,5057.7,5059.184615,5069.6,5035.807692,5075.530769,5042.4
481.3483076,4881.284615,4880.2,4849.569231,4866.930769,4892.230769,4865.4,4892.984615,4874.1,4889.007692,4893.330769,4900.8
481.5526575,4943.284615,5012.4,4994.569231,4973.930769,5009.530769,5005.8,4973.184615,4988.9,4982.907692,5008.930769,4976.6
481.7569947,4907.984615,4938.9,4913.169231,4908.830769,4926.430769,4900.5,4931.784615,4962.7,4931.907692,4922.530769,4920
481.9613191,5031.684615,5033.9,5010.369231,5027.730769,5021.630769,5020.9,5069.984615,5027.3,5029.407692,5032.330769,5001.3
482.1656309,5106.284615,5097.9,5074.269231,5069.830769,5093.730769,5105.3,5092.084615,5086.9,5122.807692,5090.730769,5116.8
482.36993,5102.084615,5119.4,5110.369231,5112.130769,5092.030769,5109.7,5104.284615,5120.5,5083.307692,5089.530769,5108
482.5742165,5049.384615,5076.7,5063.569231,5036.030769,5065.130769,5066.1,5054.384615,5084.9,5065.207692,5066.130769,5080.6
482.7784901,5111.684615,5075.1,5079.969231,5082.730769,5092.230769,5090.9,5102.384615,5088.8,5088.107692,5096.430769,5067.4
482.9827511,5187.984615,5192.7,5199.769231,5216.330769,5173.330769,5224.6,5198.384615,5200.4,5220.307692,5206.130769,5189.9
483.1869994,5143.984615,5159.8,5139.469231,5147.530769,5151.130769,5128.3,5148.884615,5145.3,5149.007692,5158.730769,5141.1
483.391235,5208.784615,5210.2,5225.969231,5238.530769,5222.930769,5219.4,5210.284615,5224.2,5225.707692,5212.930769,5224.3
483.5954579,5213.684615,5206.2,5211.069231,5198.730769,5210.530769,5186.2,5190.884615,5174.1,5208.007692,5202.730769,5198.2
483.799668,5210.184615,5186.9,5208.869231,5184.230769,5203.330769,5177.3,5195.784615,5206,5208.707692,5207.930769,5193
484.0038654,5279.284615,5258.5,5288.769231,5265.130769,5266.730769,5245.6,5270.984615,5281.2,5255.907692,5271.330769,5289.4
484.2080502,5343.384615,5364.2,5378.469231,5345.730769,5360.530769,5338.7,5361.584615,5348,5333.807692,5361.530769,5326.1
484.4122222,5280.784615,5290.5,5306.769231,5307.730769,5295.830769,5319.9,5323.284615,5323.7,5329.307692,5300.330769,5305
484.6163814,5357.584615,5373.8,5353.769231,5369.730769,5344.430769,5352.7,5343.684615,5369.4,5347.207692,5394.130769,5364.3
484.820528,5408.084615,5390.3,5420.969231,5417.530769,5446.530769,5406.2,5443.084615,5442.6,5388.307692,5428.730769,5408.8
485.0246618,5367.984615,5352.9,5363.269231,5336.330769,5357.830769,5381.7,5380.584615,5363.4,5354.707692,5372.730769,5350.7
485.2287828,5492.884615,5525.3,5497.669231,5487.330769,5516.930769,5503.8,5497.084615,5513.8,5520.907692,5495.230769,5533.2
485.4328912,5421.084615,5438.9,5419.569231,5428.030769,5417.930769,5458.3,5439.484615,5452.9,5440.307692,5451.130769,5439.5
485.6369868,5568.984615,5523.8,5531.769231,5520.130769,5521.730769,5544.2,5514.784615,5544.6,5539.207692,5523.230769,5552.2
485.8410697,5481.484615,5491.4,5480.669231,5515.130769,5501.930769,5479.8,5478.384615,5489.6,5483.907692,5514.330769,5503
486.0451398,5495.884615,5520.8,5520.469231,5535.030769,5505.130769,5516.5,5494.784615,5520,5494.107692,5516.130769,5527.5
486.2491972,5609.684615,5555.6,5555.269231,5588.430769,5548.730769,5584,5590.884615,5609,5600.207692,5604.130769,5584.7
486.4532418,5576.484615,5564.4,5566.569231,5562.030769,5561.630769,5578.8,5561.284615,5577,5548.907692,5602.730769,5572
486.6572737,5607.084615,5605,5633.569231,5609.730769,5627.230769,5646.1,5647.484615,5645,5647.807692,5641.730769,5632.8
486.8612928,5714.284615,5723,5717.869231,5722.330769,5712.230769,5749.7,5702.584615,5706.1,5717.607692,5699.230769,5714.7
487.0652992,5604.784615,5556.5,5555.969231,5574.830769,5552.130769,5547.3,5603.684615,5567.3,5553.207692,5539.230769,5557.7
487.2692928,5686.984615,5685.3,5695.369231,5678.630769,5685.230769,5683.7,5685.984615,5653.9,5699.907692,5686.930769,5685.4
487.4732737,5656.084615,5661.3,5640.069231,5654.430769,5669.530769,5677.5,5689.484615,5674.5,5673.807692,5675.330769,5703
487.6772418,5807.184615,5806.2,5755.869231,5771.830769,5783.430769,5789.2,5775.184615,5795.3,5777.107692,5753.930769,5778.4
487.8811972,5820.584615,5832.2,5827.369231,5826.630769,5821.730769,5822.4,5803.884615,5842.8,5836.507692,5824.430769,5810.2
488.0851397,5753.484615,5809.9,5807.669231,5788.030769,5780.130769,5777.3,5819.584615,5799.4,5778.807692,5790.930769,5791
488.2890695,5872.684615,5871.4,5862.869231,5880.930769,5877.330769,5846.5,5839.084615,5861.4,5854.407692,5847.130769,5827.8
488.4929866,5878.984615,5889.6,5873.969231,5881.330769,5856.430769,5906.6,5890.184615,5879.9,5850.607692,5901.130769,5882.1
488.6968909,5913.484615,5951.8,5895.669231,5904.830769,5879.530769,5882.4,5934.484615,5922.8,5875.807692,5913.230769,5920.1
488.9007823,5942.684615,5935.3,5938.869231,5925.430769,5950.930769,5937.9,5974.084615,5918.8,5924.607692,5985.330769,5967.9
489.1046611,5974.684615,5933.2,5986.869231,5983.130769,5988.830769,5967.5,5964.984615,5986,5965.707692,6016.430769,6028.7
489.308527,6021.684615,6014.1,6001.269231,5995.730769,6027.630769,6010.4,6011.484615,6022.1,6026.407692,6012.330769,6004.7
489.5123801,6037.784615,6067.1,6056.769231,6090.030769,6074.530769,6112.8,6075.184615,6052.8,6038.807692,6091.730769,6069.1
489.7162205,6067.384615,6074.1,6064.569231,6078.530769,6081.030769,6066.3,6061.184615,6083.9,6048.807692,6031.430769,6034.3
489.9200481,6120.484615,6127.4,6092.669231,6121.830769,6092.630769,6085,6110.584615,6096.6,6094.907692,6148.330769,6077.8
490.1238629,6086.684615,6111,6139.469231,6112.530769,6102.530769,6121.4,6088.384615,6117.5,6092.907692,6097.730769,6104.7
490.3276649,6263.484615,6249.3,6264.969231,6232.530769,6270.330769,6228.4,6257.684615,6232.1,6249.207692,6267.730769,6246.6
490.5314541,6191.484615,6218.9,6206.869231,6200.130769,6208.030769,6205.1,6220.284615,6238.7,6220.307692,6195.230769,6209.5
490.7352305,6283.584615,6280.2,6281.369231,6275.830769,6267.430769,6263.6,6287.184615,6245.3,6262.407692,6279.730769,6305.4
490.9389941,6319.084615,6333.9,6309.169231,6283.330769,6337.230769,6334.9,6321.684615,6307.8,6320.007692,6322.530769,6352.5
491.1427449,6313.784615,6305.2,6300.169231,6328.430769,6304.130769,6306.6,6306.284615,6284.6,6267.207692,6310.830769,6321.3
491.3464829,6331.184615,6327.6,6328.769231,6346.630769,6292.530769,6346.8,6290.684615,6331.7,6324.907692,6323.330769,6312.7
491.5502081,6442.184615,6421.3,6466.369231,6454.830769,6453.630769,6460,6454.684615,6468,6453.307692,6467.730769,6445.7
491.7539205,6482.284615,6502.6,6467.069231,6527.030769,6461.930769,6482.3,6445.084615,6492.5,6447.907692,6500.230769,6483.2
491.95762,6519.084615,6510.3,6541.369231,6519.430769,6540.630769,6525.9,6523.284615,6510.8,6509.907692,6519.630769,6524.2
492.1613068,6515.984615,6525.5,6549.669231,6520.430769,6548.630769,6515.6,6536.684615,6531.5,6532.307692,6506.830769,6537.5
492.3649807,6589.884615,6589,6585.369231,6574.830769,6616.230769,6586.8,6580.384615,6587.4,6597.307692,6580.030769,6585.8
492.5686419,6596.884615,6604.5,6563.769231,6606.330769,6602.830769,6597.8,6580.184615,6579,6574.707692,6613.830769,6621.1
492.7722902,6619.084615,6586.2,6619.069231,6605.630769,6638.130769,6608.4,6632.484615,6628.8,6659.507692,6627.430769,6608.2
492.9759257,6654.384615,6680.3,6696.269231,6685.530769,6672.730769,6671.3,6662.184615,6678.5,6677.107692,6695.330769,6688.8
493.1795483,6726.584615,6738.6,6749.269231,6711.530769,6705.530769,6713.6,6770.584615,6770,6728.407692,6763.530769,6735.1
493.3831581,6834.784615,6849.1,6833.669231,6854.730769,6819.330769,6864.9,6851.684615,6823.1,6840.807692,6839.130769,6829.2
493.5867551,6868.784615,6907.7,6920.869231,6900.230769,6888.930769,6896.6,6876.484615,6909.1,6892.807692,6880.630769,6849
493.7903393,6902.084615,6943.5,6941.469231,6926.030769,6923.530769,6901.9,6945.684615,6936.5,6950.607692,6940.930769,6933.2
493.9939106,6834.884615,6866.6,6855.969231,6844.230769,6840.230769,6834.8,6848.884615,6857.8,6872.407692,6888.330769,6881
494.1974691,6989.184615,6953.2,6948.469231,6950.330769,6955.830769,6964,6966.884615,6990.1,6987.107692,6977.330769,6954.6
494.4010147,7023.084615,7023,6993.769231,7028.530769,7003.630769,7047.8,7033.184615,6992.4,7016.707692,7060.430769,6990.8
494.6045475,7007.484615,7016.1,7003.769231,7042.430769,7021.430769,7030.2,7035.584615,7020.2,7022.407692,6981.930769,7044.4
494.8080675,7153.584615,7168,7158.569231,7139.530769,7163.830769,7170.9,7142.384615,7175,7130.507692,7151.530769,7159.4
495.0115746,7093.084615,7115.2,7167.869231,7136.830769,7119.830769,7124.6,7178.984615,7133.2,7116.307692,7132.530769,7116
495.2150689,7173.684615,7156.8,7173.969231,7154.630769,7162.830769,7159.4,7199.484615,7176.6,7163.107692,7185.030769,7167.7
495.4185503,7254.684615,7249.2,7207.969231,7233.830769,7223.230769,7221.9,7241.684615,7233.5,7236.607692,7234.330769,7277
495.6220188,7234.684615,7241.3,7220.169231,7231.230769,7239.430769,7207.6,7242.884615,7205.8,7217.907692,7205.230769,7215.3
495.8254745,7327.584615,7363.3,7321.369231,7331.030769,7357.730769,7337.4,7358.884615,7329.4,7325.707692,7303.730769,7310.3
496.0289173,7321.084615,7346.4,7345.269231,7337.630769,7352.030769,7359,7336.984615,7326.8,7336.107692,7298.430769,7384.8
496.2323473,7441.384615,7500.9,7456.769231,7470.630769,7462.830769,7462.5,7476.084615,7457.3,7482.407692,7460.730769,7474.3
496.4357644,7465.784615,7458,7448.869231,7458.630769,7435.430769,7427.1,7426.384615,7451,7451.307692,7464.730769,7422.9
496.6391687,7568.284615,7602,7599.969231,7597.130769,7611.830769,7595.2,7597.584615,7573.4,7544.507692,7570.130769,7610.8
496.84256,7532.584615,7542.1,7509.169231,7559.830769,7525.330769,7532.9,7564.084615,7526.5,7540.607692,7502.930769,7553.5
497.0459385,7705.484615,7697.9,7663.669231,7718.130769,7664.630769,7677.9,7685.884615,7688.7,7686.907692,7666.530769,7696.1
497.2493042,7728.484615,7698,7713.769231,7724.030769,7685.530769,7727.4,7699.384615,7686.7,7705.607692,7655.630769,7710.6
497.4526569,7742.584615,7709.3,7719.469231,7691.530769,7690.130769,7723.6,7726.684615,7709.9,7701.807692,7722.330769,7696.9
497.6559968,7780.784615,7783.8,7748.069231,7765.130769,7814.130769,7775.5,7805.284615,7791.4,7818.807692,7758.230769,7787.2
497.8593238,7790.584615,7797,7796.469231,7806.930769,7788.530769,7769.8,7776.784615,7827.2,7798.207692,7775.030769,7780.5
498.0626379,7819.284615,7828,7826.069231,7825.530769,7829.130769,7826.9,7820.284615,7820.1,7863.107692,7831.130769,7802.4
498.2659391,7983.484615,7992.5,7968.169231,7993.630769,7971.930769,7979.3,7969.584615,7971.3,7952.007692,7974.330769,7937.4
498.4692274,7936.784615,7929.3,7895.069231,7939.230769,7941.330769,7921.4,7930.884615,7911.9,7895.107692,7930.330769,7935.3
498.6725028,7957.484615,7936.4,7951.069231,7973.030769,7947.530769,7945.3,7958.084615,7959.9,8007.907692,7967.730769,7947.9
498.8757654,8070.684615,8083.1,8067.469231,8071.330769,8055.830769,8064,8035.684615,8041.6,8070.707692,8077.730769,8073.2
499.079015,8114.384615,8143,8113.569231,8116.830769,8138.730769,8113.4,8107.084615,8116.9,8107.607692,8148.930769,8126.9
499.2822518,8056.684615,8096,8097.769231,8055.130769,8066.130769,8044.8,8029.284615,8076.4,8059.307692,8079.430769,8085.1
499.4854756,8222.784615,8248.7,8210.469231,8199.730769,8212.130769,8231.7,8230.984615,8233.6,8244.407692,8249.630769,8213.4
499.6886865,8228.884615,8232,8227.469231,8220.430769,8186.730769,8177.9,8221.184615,8217.3,8188.907692,8203.230769,8199.4
499.8918846,8320.784615,8316.5,8344.569231,8334.630769,8332.530769,8322.4,8309.284615,8311.2,8317.407692,8305.430769,8289
500.0950697,8294.684615,8318.4,8271.969231,8291.030769,8253.430769,8267.3,8307.284615,8271.8,8311.207692,8277.730769,8302.4
500.2982419,8436.084615,8501,8502.069231,8466.530769,8459.230769,8444.3,8475.684615,8423.8,8423.707692,8468.430769,8444.1
500.5014012,8373.284615,8364.7,8396.969231,8352.330769,8372.030769,8357.4,8395.484615,8368.4,8356.507692,8326.730769,8343.3
500.7045476,8517.184615,8481.2,8496.269231,8502.730769,8470.730769,8525.3,8514.684615,8500.1,8523.707692,8524.730769,8536.8
500.9076811,8532.784615,8561.9,8556.669231,8584.530769,8571.330769,8536.7,8576.284615,8585.4,8583.807692,8598.630769,8577.7
501.1108016,8582.484615,8550.1,8592.069231,8553.030769,8596.830769,8591.1,8552.984615,8580.5,8583.407692,8554.930769,8579
501.3139093,8645.784615,8620.1,8633.169231,8609.230769,8592.330769,8637.4,8592.284615,8643.8,8597.207692,8619.630769,8624.3
501.517004,8621.684615,8654.4,8640.069231,8657.230769,8656.730769,8657.6,8629.484615,8637.9,8664.407692,8608.330769,8624.6
501.7200857,8746.084615,8760.9,8786.569231,8747.530769,8759.730769,8730.9,8725.084615,8773.8,8787.707692,8732.830769,8754.3
501.9231546,8653.284615,8653.6,8645.769231,8671.730769,8650.630769,8665.6,8673.984615,8690.4,8683.607692,8656.230769,8676.4
502.1262105,8807.284615,8818,8833.569231,8877.230769,8822.730769,8824.2,8830.384615,8839,8855.407692,8883.930769,8817.3
502.3292535,8913.684615,8918.5,8888.469231,8915.530769,8848.830769,8917.7,8890.884615,8873.7,8892.107692,8898.330769,8880.5
502.5322835,8849.684615,8878.6,8878.669231,8844.730769,8871.330769,8895.3,8871.884615,8855.3,8877.307692,8867.130769,8857.9
502.7353006,8916.784615,8931.7,8919.769231,8918.730769,8961.630769,8914.8,8937.984615,8929.1,8923.307692,8913.830769,8956.9
502.9383048,8959.684615,8992.6,8965.369231,8941.030769,8978.230769,9010.5,8983.184615,8980.1,8954.407692,8973.030769,8990.6
503.141296,9006.284615,9023,8999.669231,9029.330769,8972.430769,8976.1,8992.684615,9022.7,9021.407692,8987.230769,9030.5
503.3442743,9111.384615,9097.7,9128.569231,9124.430769,9129.930769,9122.9,9119.184615,9149.5,9115.707692,9105.030769,9118.5
503.5472396,9023.084615,9041.1,8981.169231,9001.430769,9039.930769,9058,9035.984615,9021.2,9058.407692,9009.430769,8982.6
503.7501919,9131.584615,9170.7,9168.469231,9186.630769,9159.830769,9189.7,9165.884615,9158.3,9187.607692,9187.430769,9165
503.9531313,9223.284615,9207.2,9251.369231,9207.430769,9227.130769,9208.4,9250.984615,9237.9,9234.007692,9244.630769,9209.5
504.1560578,9210.784615,9235,9236.169231,9251.430769,9233.430769,9249.6,9260.484615,9221.4,9252.507692,9259.130769,9221.1
504.3589713,9289.984615,9282.2,9293.569231,9260.130769,9289.230769,9309.5,9283.284615,9278.1,9244.507692,9243.730769,9251.4
504.5618718,9260.084615,9284.8,9224.269231,9276.030769,9245.530769,9270.1,9256.984615,9239.1,9274.107692,9225.430769,9273.9
504.7647594,9407.984615,9414.7,9391.069231,9427.930769,9462.230769,9422.3,9406.384615,9399.9,9404.507692,9403.330769,9416.8
504.967634,9406.584615,9434.5,9453.069231,9453.930769,9417.230769,9427.8,9415.384615,9420.4,9395.107692,9457.730769,9382.1
505.1704956,9437.584615,9512.4,9468.269231,9448.930769,9446.230769,9477.8,9445.184615,9451.1,9443.907692,9467.530769,9461.2
505.3733443,9459.284615,9441.5,9438.469231,9417.930769,9410.130769,9468.9,9422.884615,9438,9429.707692,9409.730769,9419.6
505.57618,9531.484615,9539.3,9551.869231,9559.930769,9579.530769,9573.6,9536.584615,9546.1,9532.907692,9544.330769,9551.2
505.7790027,9525.484615,9543.9,9582.769231,9597.130769,9556.330769,9607.5,9569.784615,9579.9,9550.007692,9547.330769,9566.6
505.9818124,9566.784615,9621,9594.069231,9581.430769,9606.630769,9600.7,9599.384615,9602,9604.307692,9595.830769,9594.2
506.1846092,9682.784615,9714,9731.169231,9705.530769,9728.130769,9686.3,9717.984615,9691.1,9719.807692,9693.730769,9694.8
506.387393,9698.084615,9704.7,9663.369231,9695.630769,9688.430769,9736.8,9739.984615,9689.7,9708.507692,9705.430769,9725.3
506.5901637,9674.284615,9679.8,9673.969231,9709.230769,9701.130769,9677,9683.684615,9692,9684.507692,9663.930769,9732.3
506.7929215,9854.284615,9859.8,9871.469231,9831.430769,9850.030769,9851.2,9879.384615,9823.1,9865.607692,9881.530769,9832.1
506.9956663,9741.684615,9752.8,9768.469231,9750.030769,9790.630769,9700.9,9774.484615,9735.8,9718.407692,9751.430769,9771.7
507.1983982,9946.084615,9955.6,9975.969231,9967.630769,9981.430769,9915.3,9996.184615,9951.5,9974.307692,9966.130769,9959
507.401117,9802.884615,9819.2,9852.869231,9809.530769,9853.330769,9853.2,9831.784615,9846.4,9838.907692,9837.230769,9835.1
507.6038228,9953.084615,9937.8,9849.669231,9933.430769,9929.730769,9921.4,9912.884615,9927.2,9866.207692,9927.530769,9901.8
507.8065156,10030.58462,10070.5,10093.96923,10049.73077,10065.23077,10056.9,10054.88462,10047.8,10040.20769,10035.53077,10028.5
508.0091954,10033.58462,10081,10070.66923,10026.73077,10084.63077,10074.3,10057.98462,10107.1,10066.70769,10081.93077,10050.9
508.2118623,10074.48462,10037.3,10016.86923,10056.73077,10064.63077,10045,10024.18462,10042.8,10055.70769,10015.13077,9991.7
508.4145161,10129.88462,10124.7,10165.16923,10128.03077,10133.43077,10106.3,10113.28462,10117.2,10133.90769,10147.13077,10153.8
508.6171569,10177.78462,10181.1,10165.56923,10178.33077,10167.13077,10209.1,10163.08462,10205.6,10169.30769,10212.93077,10199.7
508.8197846,10174.98462,10166.9,10204.76923,10179.73077,10163.03077,10157,10169.78462,10155.9,10155.90769,10166.73077,10134.5
509.0223994,10145.58462,10145.9,10131.56923,10156.53077,10115.03077,10137.2,10076.68462,10110.1,10161.10769,10131.83077,10108.1
509.2250012,10267.48462,10330.8,10296.16923,10303.53077,10296.03077,10291.8,10284.58462,10301.2,10297.00769,10303.93077,10290.7
509.4275899,10307.08462,10320.2,10305.46923,10333.73077,10327.13077,10292.9,10328.98462,10354.6,10343.20769,10321.53077,10324.3
509.6301656,10327.78462,10378.2,10347.06923,10355.23077,10329.73077,10307.4,10365.58462,10323.9,10348.50769,10332.03077,10367.5
509.8327283,10324.48462,10292.9,10323.26923,10331.33077,10304.83077,10347.4,10315.48462,10382.4,10353.60769,10325.03077,10340.5
510.0352779,10444.28462,10463.4,10475.36923,10488.83077,10472.43077,10465.5,10480.28462,10484.3,10493.10769,10485.33077,10451.2
510.2378146,10410.08462,10392.5,10365.26923,10353.93077,10362.23077,10352.7,10379.78462,10350.5,10374.90769,10373.33077,10381
510.4403382,10485.68462,10475.3,10509.06923,10532.53077,10443.13077,10488.9,10490.48462,10449.2,10464.90769,10497.13077,10489.1
510.6428487,10596.48462,10606.2,10587.86923,10595.83077,10554.93077,10544.7,10579.28462,10588.7,10596.90769,10555.23077,10553.5
510.8453463,10606.98462,10607.7,10587.96923,10576.83077,10597.23077,10556.5,10567.98462,10568.6,10589.80769,10592.63077,10581.7
511.0478308,10504.48462,10505.4,10563.46923,10508.63077,10537.73077,10526.2,10505.38462,10507.8,10513.10769,10478.93077,10544.5
511.2503022,10602.38462,10618.3,10648.06923,10621.03077,10563.93077,10613.7,10640.98462,10609.1,10615.20769,10611.33077,10638
511.4527606,10623.78462,10600.9,10643.96923,10613.33077,10635.13077,10635.8,10613.98462,10551.4,10584.80769,10613.83077,10568.7
511.655206,10903.38462,10884.4,10892.06923,10897.03077,10928.83077,10929.3,10905.18462,10958.7,10881.20769,10922.43077,10912
511.8576383,10702.88462,10686.8,10707.36923,10749.03077,10703.93077,10725.6,10686.28462,10716.8,10704.80769,10689.63077,10690.6
512.0600575,10745.38462,10753.7,10792.46923,10798.43077,10768.93077,10773.6,10762.18462,10810,10771.60769,10743.43077,10781.5
512.2624637,10824.28462,10854.2,10880.66923,10847.23077,10879.63077,10833.2,10872.38462,10810.3,10875.70769,10826.63077,10842.2
512.4648569,10766.08462,10787.1,10794.06923,10801.43077,10801.23077,10760.9,10814.48462,10769.9,10789.40769,10826.63077,10779.6
512.667237,10902.18462,10921.3,10904.16923,10917.63077,10903.73077,10903,10913.98462,10934.3,10844.70769,10916.03077,10918.5
512.869604,10962.28462,10930.4,10957.56923,10945.13077,10942.93077,10948.6,10967.58462,10940.9,10968.20769,10936.73077,10921
513.071958,10930.18462,10892.1,10922.06923,10885.13077,10918.13077,10916.2,10933.78462,10966.4,10922.10769,10942.33077,10894.1
513.2742989,11071.18462,11029.4,11046.26923,11084.93077,11040.33077,11038.8,11089.28462,11041,11075.20769,11028.73077,11057.1
513.4766267,11155.58462,11117.3,11151.26923,11150.23077,11110.83077,11124.1,11115.48462,11098.1,11086.20769,11152.83077,11152.3
513.6789415,11115.68462,11139.3,11156.86923,11169.63077,11132.43077,11127,11089.88462,11144.7,11127.50769,11136.73077,11106.1
513.8812432,11165.78462,11197.1,11225.16923,11168.63077,11134.73077,11166,11193.08462,11160.9,11218.20769,11135.13077,11178.5
514.0835318,11186.18462,11230.6,11246.86923,11226.33077,11222.03077,11210.2,11206.98462,11173.9,11171.40769,11181.03077,11184.2
514.2858073,11158.68462,11201.6,11189.76923,11199.53077,11210.53077,11217,11221.48462,11171.8,11208.20769,11174.83077,11163.1
514.4880698,11178.98462,11258.3,11156.56923,11225.53077,11201.13077,11212.2,11212.38462,11215.3,11187.40769,11191.63077,11208.6
514.6903192,11426.28462,11443.8,11418.06923,11427.83077,11450.43077,11404,11438.28462,11414.4,11388.70769,11398.53077,11392.8
514.8925554,11393.48462,11402,11382.76923,11397.03077,11399.53077,11430.1,11400.78462,11363.9,11399.80769,11396.83077,11402.1
515.0947787,11384.48462,11390.1,11373.86923,11335.03077,11383.63077,11377.7,11372.58462,11377.5,11380.30769,11369.23077,11397.8
515.2969888,11450.48462,11460.3,11497.26923,11464.33077,11447.43077,11491.2,11415.08462,11446.2,11492.20769,11490.43077,11456.2
515.4991858,11456.98462,11464.6,11386.66923,11422.23077,11407.33077,11438.1,11416.18462,11404.4,11405.50769,11463.03077,11398.9
515.7013697,11480.98462,11528.7,11539.66923,11559.33077,11561.43077,11505.4,11521.58462,11529.4,11533.20769,11482.53077,11537.3
515.9035405,11580.88462,11577,11584.46923,11602.93077,11584.33077,11569.7,11566.18462,11568.9,11565.00769,11519.03077,11564.6
516.1056983,11576.28462,11577.6,11556.96923,11574.33077,11531.33077,11517.9,11540.88462,11573.2,11582.00769,11574.43077,11557.2
516.3078429,11601.68462,11663.9,11642.56923,11629.83077,11585.13077,11602.8,11622.28462,11647.3,11594.50769,11647.33077,11604.1
516.5099744,11697.28462,11741.1,11682.66923,11744.13077,11762.93077,11699,11736.28462,11716.3,11694.00769,11743.83077,11751.9
516.7120929,11688.88462,11679.6,11660.76923,11656.03077,11653.13077,11667.5,11664.58462,11718.7,11693.40769,11685.03077,11657
516.9141982,11772.68462,11800.3,11760.86923,11714.93077,11739.73077,11766.8,11716.48462,11763.5,11740.00769,11714.93077,11798.2
517.1162904,11845.58462,11901.5,11891.96923,11844.93077,11880.43077,11894,11907.38462,11880.9,11866.50769,11913.53077,11869.8
517.3183694,11801.78462,11849,11786.66923,11839.13077,11842.83077,11856.1,11842.18462,11777.3,11823.40769,11827.63077,11845.5
517.5204354,11802.18462,11847.4,11820.66923,11845.03077,11827.13077,11855.3,11824.68462,11820.4,11858.50769,11875.33077,11810.7
517.7224883,11820.58462,11841.4,11836.56923,11863.73077,11844.63077,11868.5,11838.18462,11835.7,11865.20769,11836.83077,11873.2
517.924528,11920.88462,11902.6,11906.56923,11896.53077,11932.93077,11933,11888.38462,11907,11945.40769,11932.73077,11925.4
518.1265546,11985.08462,12005.1,12009.16923,12023.93077,11982.73077,11994.1,11967.18462,12000.6,12021.30769,12017.83077,11989.5
518.3285681,11992.28462,11988.8,11996.36923,11997.03077,11983.03077,11997.9,11994.58462,12014.8,12054.20769,11969.93077,11977.3
518.5305684,11956.98462,12002.3,11941.36923,11917.63077,11933.03077,11931.5,11948.78462,11953.7,11968.30769,11962.83077,11918.7
518.7325556,12113.58462,12083.8,12078.66923,12121.93077,12089.53077,12096.6,12132.48462,12070.8,12143.90769,12110.63077,12106
518.9345297,12130.08462,12183.3,12143.86923,12142.83077,12186.03077,12167,12122.98462,12125.9,12179.10769,12126.83077,12109.6
519.1364907,12136.88462,12097.5,12074.36923,12124.43077,12087.03077,12086.3,12111.28462,12095.2,12092.50769,12102.53077,12094.5
519.3384385,12253.08462,12283.3,12274.16923,12249.03077,12237.73077,12212.3,12243.28462,12234.7,12257.40769,12242.83077,12217.4
519.5403732,12169.88462,12176,12200.16923,12228.73077,12214.83077,12186.8,12215.38462,12174.3,12175.70769,12182.93077,12162.2
519.7422947,12296.48462,12286.9,12255.76923,12260.93077,12281.13077,12319,12314.08462,12302,12291.20769,12276.73077,12257.1
519.9442031,12257.08462,12268.9,12232.96923,12240.13077,12246.83077,12245.3,12227.68462,12231.9,12255.50769,12219.33077,12249.7
520.1460983,12350.58462,12438.6,12429.86923,12404.83077,12395.83077,12407.6,12361.28462,12376.5,12408.30769,12391.93077,12373.8
520.3479804,12349.98462,12388,12402.86923,12399.63077,12386.53077,12389.4,12376.18462,12365.2,12387.10769,12382.63077,12391.1
520.5498493,12418.08462,12377,12403.06923,12384.43077,12416.63077,12397.7,12378.28462,12396.5,12356.80769,12419.83077,12389.3
520.7517051,12390.68462,12411.4,12390.26923,12383.53077,12408.23077,12354.7,12429.18462,12431.9,12410.70769,12427.53077,12412.9
520.9535477,12554.48462,12594.2,12569.86923,12563.93077,12568.33077,12575,12576.78462,12545.8,12550.70769,12551.73077,12567.7
521.1553772,12360.98462,12411.3,12363.26923,12422.03077,12399.03077,12414.9,12391.18462,12411.8,12360.40769,12368.03077,12368
521.3571935,12524.18462,12556.7,12553.36923,12517.73077,12563.33077,12509.3,12518.28462,12522.3,12548.80769,12531.03077,12509.1
521.5589966,12592.78462,12616.5,12583.76923,12596.33077,12539.03077,12579.1,12604.48462,12589.2,12622.00769,12542.43077,12575.4
521.7607866,12639.28462,12632.9,12682.36923,12641.53077,12645.63077,12624,12593.68462,12656.9,12636.20769,12614.43077,12677.4
521.9625634,12600.78462,12618.7,12606.26923,12622.53077,12590.73077,12634.3,12579.28462,12601,12589.70769,12666.53077,12620.5
522.164327,12627.38462,12586.7,12651.36923,12663.33077,12613.83077,12642.8,12628.28462,12613.8,12630.60769,12598.53077,12607.5
522.3660775,12626.38462,12654.6,12636.26923,12637.73077,12667.43077,12613.6,12637.78462,12659.5,12624.50769,12612.83077,12665.3
522.5678148,12659.08462,12650.7,12677.76923,12658.83077,12678.03077,12694.2,12681.68462,12656.6,12662.10769,12642.53077,12657.1
522.7695389,12650.18462,12688.6,12695.36923,12708.33077,12724.73077,12704.3,12675.78462,12670.9,12716.00769,12712.53077,12678.6
522.9712498,12811.78462,12844.7,12865.86923,12841.13077,12853.83077,12803,12899.68462,12818.1,12853.30769,12833.33077,12869.6
523.1729475,12688.98462,12784.4,12756.16923,12732.03077,12724.03077,12709.4,12678.98462,12701.3,12717.50769,12712.23077,12699.6
523.3746321,12747.38462,12733.5,12756.96923,12747.63077,12770.43077,12754.4,12748.78462,12766.3,12745.00769,12789.13077,12769.9
523.5763034,12732.38462,12770.8,12761.46923,12724.93077,12740.03077,12728.7,12728.28462,12727.9,12741.10769,12714.23077,12717.2
523.7779616,12718.28462,12701.2,12709.86923,12734.83077,12715.93077,12694.3,12685.68462,12757.7,12700.70769,12682.43077,12713.3
523.9796066,12774.08462,12837.9,12864.26923,12825.03077,12856.63077,12860.8,12791.78462,12845.6,12856.00769,12829.33077,12761
524.1812383,12794.68462,12861.4,12880.16923,12874.93077,12842.53077,12822.4,12815.98462,12851.9,12794.00769,12853.33077,12823.5
524.3828569,12749.48462,12868.6,12798.16923,12775.63077,12843.53077,12843.1,12843.98462,12814.8,12786.50769,12794.93077,12809
524.5844623,12911.78462,12970.7,12926.76923,12979.43077,12910.43077,12917.3,12903.38462,12897.8,12888.20769,12910.63077,12904.4
524.7860545,12875.78462,12876.7,12865.76923,12877.53077,12917.33077,12878.8,12864.58462,12870.4,12890.00769,12820.53077,12915.9
524.9876334,12756.18462,12811.9,12810.26923,12801.23077,12810.53077,12791,12767.28462,12771.1,12821.20769,12788.13077,12750.7
525.1891992,12881.88462,12931,12915.66923,12888.33077,12888.93077,12917,12834.68462,12898.9,12938.80769,12878.23077,12913.2
525.3907517,12897.68462,12921,12929.56923,12966.53077,12911.83077,12946.5,12911.98462,12914.8,12920.70769,12946.63077,12935.4
525.5922911,12959.38462,12971.5,12963.46923,12961.03077,12955.53077,12934.2,12965.58462,12956.1,12968.10769,12964.63077,12908.6
525.7938172,12939.08462,12956.3,12919.56923,12956.33077,12938.93077,12911.5,12913.58462,12955.7,12949.70769,12938.93077,12932.3
525.9953301,12947.48462,12998.8,12970.86923,12967.73077,12939.53077,12952.2,12955.58462,12960,12948.60769,12959.03077,12933.5
526.1968298,12903.18462,12937,12927.36923,12960.03077,12901.93077,12912.4,12915.28462,12925.2,12911.40769,12889.23077,12846.4
526.3983162,12871.28462,12880.8,12886.36923,12844.43077,12898.93077,12877.6,12907.68462,12911.6,12875.30769,12873.43077,12864.6
526.5997895,12983.98462,13003.3,12965.46923,12969.83077,12951.73077,12978.1,12950.88462,12989.2,12999.00769,12947.63077,12991.3
526.8012495,12975.88462,12968.1,13037.96923,12988.03077,13023.73077,12943,12955.88462,12985.4,12979.60769,12966.63077,12965.2
527.0026963,12936.08462,12939.9,12978.26923,12958.83077,12972.73077,13006.9,12959.38462,13017.1,12981.20769,12981.23077,12971.6
527.2041298,12944.18462,12926.3,12884.46923,12921.13077,12912.53077,12908.4,12902.28462,12915.5,12869.40769,12900.63077,12882.4
527.4055501,12933.88462,12969.2,12966.76923,13001.83077,12995.23077,13001.4,12987.98462,12957.5,13005.90769,12990.93077,13001.4
527.6069572,12991.78462,12977.3,12985.96923,13019.33077,12973.33077,12991.4,12960.88462,12968,12984.20769,12942.73077,12969.5
527.808351,13005.58462,12989.7,13035.96923,13005.93077,12973.83077,12994.4,12986.28462,12990.4,13019.70769,12996.73077,13003.9
528.0097316,12815.18462,12801.9,12824.26923,12853.73077,12851.53077,12839,12793.78462,12833.4,12819.70769,12790.33077,12811.1
528.211099,12876.78462,12902.2,12888.36923,12920.83077,12890.93077,12815,12882.68462,12904.1,12823.50769,12900.73077,12858.5
528.4124531,13037.28462,13081,13029.86923,13032.33077,13067.13077,13109,13113.18462,13075.3,13097.30769,13089.73077,13083.4
528.6137939,12938.68462,12990.9,12951.26923,13004.13077,12990.83077,13008.7,12947.68462,13024.8,13029.20769,12909.83077,12972.7
528.8151215,12901.78462,12920.9,12949.26923,12933.03077,12919.83077,12920.8,12926.58462,12891.9,12936.30769,12940.43077,12894.6
529.0164358,13021.38462,13008.5,13051.66923,13044.03077,13040.83077,13039.4,13031.28462,13020.8,12991.10769,13039.43077,13048.8
529.2177369,12877.38462,12887.7,12872.86923,12893.03077,12850.23077,12841.9,12883.18462,12867.2,12907.10769,12887.63077,12875.2
529.4190248,12881.38462,12913.8,12945.16923,12928.33077,12919.63077,12933,12936.58462,12940.6,12937.00769,12905.33077,12937.9
529.6202993,12870.48462,12904.8,12931.16923,12843.63077,12881.93077,12928,12916.48462,12898.9,12867.80769,12961.03077,12913.8
529.8215606,12869.48462,12896.5,12943.46923,12885.03077,12848.43077,12840.5,12900.48462,12869.6,12856.40769,12877.73077,12907.1
530.0228087,12917.18462,12926,12902.16923,12910.03077,12914.23077,12931.1,12920.38462,12969.7,12907.00769,12918.23077,12908.5
530.2240434,12849.48462,12883.3,12856.36923,12883.63077,12855.83077,12819.2,12884.58462,12855.7,12820.60769,12850.23077,12889.9
530.4252649,12823.78462,12857.8,12821.86923,12868.83077,12821.73077,12848.7,12845.68462,12826.4,12861.10769,12870.13077,12864.1
530.6264732,12804.88462,12788.9,12809.16923,12795.63077,12798.03077,12814.6,12781.88462,12780.8,12769.20769,12778.93077,12764.3
530.8276681,12693.98462,12721.2,12725.56923,12765.03077,12670.13077,12725.2,12725.18462,12717.1,12729.60769,12733.53077,12690
531.0288498,12924.58462,12987.9,12949.96923,12956.03077,12981.53077,12995.9,12972.98462,12942,12947.90769,12979.63077,12951
531.2300182,12736.98462,12755,12737.96923,12736.63077,12765.03077,12761.8,12777.18462,12747.4,12757.30769,12833.93077,12780.6
531.4311733,12788.08462,12815.8,12792.16923,12788.33077,12824.33077,12788.8,12859.18462,12810.1,12799.60769,12804.73077,12786.7
531.6323151,12749.48462,12834.6,12758.66923,12797.73077,12825.03077,12786.7,12766.58462,12754.7,12751.20769,12753.13077,12771.5
531.8334436,12802.88462,12791.4,12752.56923,12792.83077,12795.53077,12844.4,12795.98462,12828.8,12723.40769,12807.53077,12814.1
532.0345589,12709.48462,12741.5,12747.66923,12795.43077,12797.43077,12750.4,12770.68462,12775.7,12723.50769,12738.03077,12794.2
532.2356608,12769.28462,12777.7,12753.46923,12775.03077,12708.73077,12811,12787.68462,12740.4,12782.70769,12769.23077,12782.1
532.4367495,12820.68462,12842.9,12789.96923,12803.23077,12777.53077,12807.5,12814.08462,12837.1,12837.10769,12818.63077,12818.2
532.6378249,12692.58462,12618.2,12653.76923,12701.13077,12689.03077,12675.3,12651.18462,12625.2,12702.50769,12638.43077,12660.8
532.8388869,12754.38462,12716.5,12765.76923,12784.03077,12725.13077,12751.4,12737.18462,12759.4,12714.00769,12676.43077,12736.4
533.0399357,12785.68462,12764.8,12752.46923,12812.73077,12747.13077,12748.1,12823.68462,12751.7,12781.70769,12741.53077,12758.6
533.2409711,12608.58462,12601.2,12642.96923,12573.13077,12584.73077,12602.2,12614.28462,12606.8,12644.30769,12600.23077,12603.8
533.4419933,12799.48462,12772.5,12788.36923,12816.83077,12778.33077,12813.2,12793.88462,12824.7,12845.90769,12776.83077,12817
533.6430021,12630.48462,12718.6,12686.76923,12699.63077,12647.73077,12693.3,12613.68462,12671.6,12664.20769,12699.43077,12653.2
533.8439976,12652.28462,12651.4,12678.76923,12661.73077,12644.13077,12623.1,12637.38462,12665,12697.60769,12657.93077,12615.7
534.0449798,12692.68462,12723,12719.16923,12675.73077,12685.73077,12682.5,12654.18462,12686.8,12661.80769,12680.93077,12673.8
534.2459487,12490.98462,12514.5,12511.96923,12506.63077,12480.93077,12544.1,12488.18462,12485,12525.70769,12524.43077,12481.6
534.4469043,12643.58462,12681.2,12643.06923,12682.03077,12647.53077,12647.8,12655.88462,12659.6,12645.30769,12625.13077,12612.6
534.6478465,12584.08462,12606.3,12593.36923,12549.53077,12556.03077,12589.6,12549.88462,12543.2,12563.80769,12566.53077,12542.7
534.8487755,12650.68462,12620.9,12672.76923,12657.43077,12665.73077,12678.8,12617.08462,12565.7,12658.50769,12649.63077,12606.4
535.0496911,12501.88462,12509.1,12519.56923,12485.73077,12474.33077,12520.5,12519.18462,12482.1,12500.00769,12498.93077,12495.3
535.2505933,12568.18462,12541.9,12559.66923,12539.23077,12565.33077,12630.9,12560.28462,12592.8,12523.30769,12551.23077,12602.9
535.4514823,12535.48462,12508.4,12510.86923,12508.73077,12543.53077,12503.9,12509.58462,12518.3,12520.30769,12536.43077,12533.2
535.6523579,12574.78462,12565,12563.46923,12594.83077,12573.43077,12587.7,12653.38462,12571.1,12567.10769,12592.53077,12565.9
535.8532201,12523.28462,12504.8,12450.06923,12536.73077,12483.03077,12487.8,12465.68462,12509.5,12453.50769,12459.13077,12482.8
536.0540691,12482.98462,12488.3,12483.36923,12520.83077,12499.43077,12507.5,12499.58462,12490.9,12485.60769,12501.23077,12501.5
536.2549047,12519.28462,12554.6,12561.66923,12541.53077,12538.93077,12553.5,12552.98462,12541.5,12558.90769,12560.63077,12530
536.4557269,12373.38462,12348.4,12354.06923,12392.03077,12327.23077,12393.7,12371.18462,12364.1,12364.30769,12386.13077,12324.7
536.6565358,12541.78462,12549.1,12617.06923,12557.23077,12568.23077,12569.9,12578.58462,12595.5,12570.50769,12555.83077,12621.8
536.8573313,12432.38462,12424.2,12446.46923,12437.63077,12453.63077,12451.4,12435.98462,12483.1,12470.60769,12460.03077,12428
537.0581135,12386.28462,12395.9,12324.86923,12342.53077,12407.43077,12354.5,12361.98462,12370.8,12393.80769,12384.73077,12343.3
537.2588824,12491.88462,12502.4,12546.16923,12481.43077,12528.43077,12486.8,12467.08462,12459.5,12491.00769,12477.23077,12453.4
537.4596379,12391.78462,12442.7,12468.36923,12457.63077,12426.53077,12410.4,12414.58462,12428.3,12394.50769,12443.33077,12473.5
537.66038,12416.18462,12367.9,12397.36923,12411.83077,12383.63077,12412,12432.68462,12435,12424.80769,12399.43077,12431
537.8611088,12339.98462,12415.7,12373.86923,12380.73077,12454.83077,12387.2,12393.58462,12378.1,12356.30769,12393.33077,12409.3
538.0618242,12347.78462,12352.6,12353.96923,12359.13077,12338.33077,12368.1,12360.18462,12397.9,12348.30769,12375.83077,12340.4
538.2625262,12367.68462,12463,12474.56923,12439.53077,12423.03077,12430,12454.78462,12438.6,12458.30769,12386.83077,12442.7
538.4632149,12377.88462,12339.7,12331.16923,12343.83077,12329.63077,12334.9,12296.08462,12340.2,12336.80769,12368.63077,12346.7
538.6638902,12259.08462,12335.6,12305.06923,12319.83077,12351.83077,12324.8,12327.88462,12361.4,12296.30769,12368.83077,12321.5
538.8645522,12384.78462,12359.2,12398.66923,12399.93077,12438.83077,12374.8,12368.28462,12425.4,12342.40769,12369.63077,12367.8
539.0652007,12412.18462,12457.3,12442.76923,12400.83077,12419.33077,12421.3,12425.98462,12447.6,12402.30769,12443.43077,12396.6
539.2658359,12257.88462,12285.1,12266.86923,12223.13077,12268.73077,12262.8,12230.28462,12277.8,12256.30769,12255.73077,12250.8
539.4664577,12384.08462,12448.4,12411.16923,12431.33077,12430.83077,12428.6,12402.08462,12404.6,12374.70769,12384.53077,12390.6
539.6670661,12210.28462,12212.5,12247.76923,12203.93077,12229.63077,12205.8,12237.98462,12205.1,12188.30769,12203.23077,12264.3
539.8676611,12401.98462,12398.8,12399.16923,12397.63077,12408.33077,12408.8,12403.88462,12408.2,12390.00769,12396.03077,12394.4
540.0682428,12284.78462,12322.9,12272.46923,12331.33077,12309.93077,12277.2,12319.28462,12368.1,12271.60769,12303.63077,12321.4
540.268811,12226.48462,12226.2,12236.16923,12257.63077,12282.83077,12276.8,12299.68462,12260.7,12248.50769,12262.23077,12275.9
540.4693659,12316.28462,12395.8,12422.36923,12345.53077,12387.43077,12317.9,12363.78462,12366.1,12402.80769,12341.43077,12332.2
540.6699074,12192.98462,12207.6,12233.76923,12238.13077,12227.73077,12264.6,12225.08462,12192.7,12215.70769,12176.43077,12217.6
540.8704355,12199.08462,12285,12212.96923,12257.53077,12252.73077,12265.7,12236.38462,12226.3,12270.00769,12229.03077,12236.4
541.0709501,12205.78462,12260.2,12235.46923,12252.83077,12204.83077,12251.9,12239.68462,12247.8,12260.90769,12235.93077,12247.3
541.2714514,12288.18462,12298.3,12268.16923,12284.03077,12282.03077,12251,12213.58462,12287.9,12275.60769,12283.63077,12277.2
541.4719393,12211.68462,12277.7,12281.96923,12258.33077,12226.53077,12242.9,12227.48462,12244,12259.00769,12240.83077,12219.5
541.6724137,12157.68462,12212.7,12181.66923,12169.63077,12111.93077,12187.7,12174.78462,12190.8,12139.50769,12172.13077,12168.1
541.8728748,12205.88462,12175,12131.56923,12194.23077,12183.13077,12224.6,12201.68462,12165.7,12190.60769,12166.63077,12196.4
542.0733224,12085.08462,12085,12056.86923,12040.33077,12056.93077,12052.1,12065.48462,12099.3,12042.80769,12021.33077,12068.4
542.2737567,12289.88462,12276.3,12288.36923,12267.83077,12319.73077,12273.9,12295.98462,12297.1,12278.50769,12280.73077,12329
542.4741775,12180.98462,12207.3,12194.46923,12260.23077,12161.43077,12186,12237.68462,12209.8,12202.80769,12240.13077,12217.9
542.6745849,12085.48462,12085.3,12127.96923,12136.83077,12114.43077,12145,12123.68462,12124.9,12096.80769,12109.03077,12109.3
542.8749788,12306.18462,12270,12262.96923,12272.03077,12352.03077,12304.3,12295.28462,12284.9,12324.20769,12271.23077,12299.3
543.0753594,12199.28462,12195.2,12183.96923,12202.03077,12144.53077,12143,12168.98462,12178.7,12186.00769,12149.43077,12168.7
543.2757265,12045.08462,12056.6,12037.16923,12071.93077,12106.03077,12098.4,12057.38462,12086.3,12091.30769,12085.23077,12048.2
543.4760802,12221.68462,12310.4,12234.06923,12285.93077,12272.23077,12265.3,12272.78462,12277.4,12257.60769,12268.13077,12276.7
543.6764205,12161.68462,12158,12218.56923,12152.63077,12186.23077,12176,12204.18462,12169.4,12133.50769,12145.33077,12173.1
543.8767473,12203.98462,12248.4,12199.46923,12189.03077,12202.03077,12233.1,12216.28462,12230.6,12235.00769,12258.53077,12196.3
544.0770607,12146.38462,12146.6,12156.86923,12209.53077,12211.43077,12175.4,12190.98462,12218.9,12171.00769,12149.83077,12148.1
544.2773607,12131.58462,12138.8,12093.46923,12153.23077,12144.23077,12120.8,12184.88462,12156.1,12175.50769,12150.03077,12164
544.4776472,12137.98462,12167.3,12161.76923,12116.33077,12130.83077,12099.4,12160.48462,12157.3,12160.40769,12154.23077,12108.7
544.6779203,12200.78462,12227.7,12209.26923,12159.83077,12172.23077,12180.7,12223.88462,12168.4,12207.40769,12193.53077,12214.1
544.8781799,12192.08462,12190.4,12198.56923,12182.93077,12207.83077,12197.6,12233.98462,12177.9,12170.50769,12192.93077,12175.5
545.0784261,12109.68462,12136.3,12144.66923,12190.43077,12159.33077,12137.3,12130.08462,12175.8,12104.50769,12153.53077,12126.9
545.2786588,12155.68462,12145.7,12145.56923,12089.53077,12127.03077,12147.8,12110.38462,12145.7,12129.50769,12140.43077,12086.8
545.4788781,12089.28462,12068.8,12127.36923,12120.83077,12070.43077,12055.5,12098.98462,12090.5,12121.10769,12085.43077,12078.2
545.6790839,12148.18462,12197.7,12179.06923,12180.83077,12194.93077,12168.2,12178.08462,12185.1,12153.10769,12174.43077,12158.7
545.8792763,12151.28462,12140.8,12098.66923,12158.43077,12136.13077,12154.3,12138.38462,12169.9,12157.40769,12177.53077,12157.3
546.0794552,12146.98462,12185.4,12172.16923,12171.33077,12144.23077,12180.8,12154.38462,12158.5,12171.90769,12103.53077,12153.4
546.2796207,12055.18462,12159.8,12134.56923,12086.13077,12134.73077,12091.8,12110.88462,12099.5,12141.10769,12132.83077,12140.9
546.4797726,12061.78462,12063.5,12091.46923,12056.53077,12048.13077,12078.6,12072.48462,12071.3,12066.80769,12011.73077,12086.1
546.6799112,12167.58462,12162.2,12221.36923,12150.23077,12151.63077,12184.3,12147.08462,12215.7,12150.70769,12177.93077,12160.1
546.8800362,12192.28462,12245.7,12206.66923,12199.93077,12169.93077,12172.1,12200.58462,12194.3,12160.30769,12192.33077,12210.5
547.0801478,12105.48462,12181.9,12101.26923,12095.23077,12172.33077,12131.4,12129.38462,12138.2,12116.00769,12102.53077,12132.2
547.2802459,12182.78462,12167.6,12164.86923,12155.03077,12130.93077,12150.2,12184.18462,12146.8,12158.80769,12144.03077,12148.9
547.4803305,12008.68462,12031.7,12061.36923,12030.13077,11998.33077,12021.6,12026.58462,12053,12004.20769,12032.03077,12060.6
547.6804016,12146.88462,12141,12112.46923,12221.93077,12139.93077,12149.2,12143.48462,12149.7,12176.60769,12181.93077,12146
547.8804593,12015.08462,12075,12067.66923,12032.63077,12091.03077,12070.5,12072.28462,12045.7,12047.90769,12032.33077,12052.1
548.0805035,12166.28462,12189.4,12187.36923,12180.53077,12167.43077,12220,12198.88462,12220.2,12239.50769,12194.33077,12182.6
548.2805342,12179.48462,12134.3,12129.56923,12151.13077,12171.83077,12176.6,12133.98462,12123.3,12169.20769,12156.53077,12158.4
548.4805514,12057.58462,12158,12107.06923,12109.53077,12088.33077,12077.9,12083.48462,12090.7,12080.60769,12080.63077,12031
548.6805551,12152.88462,12200.6,12197.06923,12242.53077,12239.33077,12183.5,12219.98462,12200.9,12220.20769,12235.93077,12183.2
548.8805453,12111.98462,12102.6,12194.66923,12130.73077,12126.13077,12104.1,12142.18462,12130.7,12177.30769,12154.53077,12115.1
549.080522,12116.88462,12129.9,12188.16923,12178.83077,12176.63077,12210.4,12171.28462,12191,12162.60769,12114.03077,12177.7
549.2804853,12101.88462,12111.5,12057.56923,12096.93077,12102.13077,12108.4,12111.48462,12107.2,12107.30769,12119.33077,12103.5
549.480435,12211.68462,12205.6,12235.26923,12191.93077,12201.03077,12242.1,12234.38462,12213.6,12229.10769,12244.13077,12186
549.6803712,12093.48462,12142.5,12133.16923,12123.43077,12155.23077,12128.9,12133.58462,12135.4,12111.20769,12190.63077,12127.9
549.8802939,12292.68462,12280,12237.66923,12261.23077,12295.93077,12276.4,12298.58462,12258.2,12317.00769,12257.63077,12281.5
550.0802032,12120.78462,12138,12080.06923,12117.83077,12161.23077,12171.6,12127.48462,12115.4,12127.30769,12124.23077,12106
550.2800989,12134.08462,12199.1,12188.36923,12209.23077,12183.53077,12178.7,12161.88462,12199,12196.30769,12173.93077,12164.5
550.479981,12114.68462,12172.5,12147.66923,12117.13077,12137.03077,12181.3,12161.28462,12173.6,12108.30769,12118.73077,12140.7
550.6798497,12245.28462,12286.4,12284.56923,12265.33077,12268.43077,12254.3,12291.58462,12229.7,12251.40769,12252.63077,12274.1
550.8797049,12132.98462,12143.3,12204.56923,12136.43077,12148.43077,12112.4,12173.38462,12123.2,12154.70769,12180.13077,12157.1
551.0795465,12147.88462,12220,12155.76923,12133.53077,12178.53077,12160.5,12207.58462,12162,12167.10769,12128.73077,12183.4
551.2793746,12171.28462,12211.8,12198.56923,12208.43077,12225.43077,12221.7,12181.78462,12217.1,12159.30769,12203.83077,12195.9
551.4791892,12117.08462,12135.7,12128.16923,12100.53077,12134.43077,12099.2,12103.08462,12124.9,12112.50769,12100.33077,12121.9
551.6789902,12196.68462,12186.2,12175.26923,12161.83077,12147.23077,12194.9,12183.98462,12147.7,12193.40769,12140.43077,12166.5
551.8787778,12123.48462,12184.3,12205.76923,12156.43077,12135.63077,12113.3,12148.78462,12166.3,12167.60769,12134.33077,12147.1
552.0785518,12256.58462,12238.3,12290.26923,12219.63077,12268.33077,12291.8,12273.18462,12294.3,12275.50769,12237.83077,12238.1
552.2783122,12187.98462,12187.1,12174.76923,12178.93077,12139.73077,12184.5,12154.28462,12153.1,12160.10769,12169.53077,12120.8
552.4780592,12193.78462,12176.1,12185.76923,12209.33077,12198.63077,12197,12195.08462,12219.2,12207.10769,12197.43077,12163.8
552.6777925,12231.98462,12187.3,12157.26923,12223.73077,12157.93077,12193,12192.78462,12190.5,12217.50769,12167.63077,12174.7
552.8775124,12279.68462,12302.6,12294.66923,12294.63077,12292.93077,12295.7,12289.78462,12294.9,12310.30769,12238.63077,12257.2
553.0772187,12193.28462,12224.6,12180.86923,12219.93077,12185.43077,12209.8,12196.18462,12236.4,12152.50769,12173.03077,12199.2
553.2769114,12143.58462,12141.1,12178.96923,12129.13077,12173.33077,12145.2,12186.28462,12159,12182.80769,12148.63077,12157.7
553.4765906,12303.88462,12306.6,12325.76923,12360.73077,12310.03077,12329.6,12345.48462,12348.3,12346.20769,12280.93077,12349.4
553.6762563,12272.48462,12241.8,12223.96923,12254.23077,12236.33077,12260.4,12280.58462,12235.5,12263.10769,12291.33077,12234.4
553.8759084,12284.08462,12307.8,12229.96923,12259.03077,12308.73077,12291.2,12271.18462,12259.6,12285.70769,12260.43077,12248.6
554.0755469,12245.38462,12259,12280.46923,12236.43077,12226.13077,12226.4,12241.78462,12271.4,12213.60769,12258.23077,12229.3
554.2751719,12191.08462,12234.6,12199.26923,12194.63077,12204.63077,12241.3,12217.98462,12234.7,12208.70769,12205.03077,12212.5
554.4747833,12141.78462,12176.6,12135.66923,12192.03077,12153.03077,12128.7,12187.58462,12179.5,12172.90769,12189.63077,12173
554.6743812,12272.38462,12276.6,12278.66923,12273.73077,12320.93077,12253.3,12254.28462,12302.8,12251.60769,12238.93077,12270.6
554.8739655,12286.88462,12259.1,12306.96923,12297.03077,12294.03077,12293.8,12302.68462,12276.9,12306.20769,12330.13077,12277.5
555.0735362,12273.88462,12298.2,12229.36923,12225.13077,12285.63077,12295.9,12280.28462,12256.9,12282.60769,12263.03077,12264.1
555.2730934,12264.48462,12281.7,12275.16923,12320.13077,12302.93077,12343.3,12357.98462,12316.3,12355.90769,12288.33077,12314.2
555.4726369,12323.28462,12362.4,12345.86923,12319.93077,12305.13077,12361.6,12351.28462,12332.3,12296.70769,12355.63077,12337.8
555.672167,12271.48462,12254.9,12225.06923,12258.93077,12242.63077,12244.3,12240.78462,12255.2,12250.80769,12223.43077,12232.1
555.8716834,12264.38462,12314.8,12265.56923,12298.93077,12299.43077,12337.8,12286.58462,12304.8,12345.30769,12265.83077,12242.6
556.0711862,12319.78462,12298.3,12289.16923,12302.73077,12315.73077,12315.6,12320.28462,12283.8,12315.60769,12395.53077,12347.9
556.2706755,12356.28462,12377.6,12399.16923,12375.93077,12387.93077,12400.6,12384.48462,12358.4,12353.20769,12370.23077,12371.1
556.4701512,12283.08462,12282.2,12278.96923,12291.03077,12264.03077,12332.2,12282.48462,12323.9,12287.50769,12294.43077,12311.6
556.6696133,12250.18462,12216.9,12214.86923,12178.53077,12243.63077,12234.4,12262.08462,12275.6,12260.70769,12242.23077,12241.5
556.8690618,12271.98462,12269.7,12310.96923,12285.23077,12284.93077,12344.1,12282.88462,12246.4,12293.70769,12321.73077,12297.3
557.0684967,12329.88462,12334.7,12313.76923,12386.73077,12353.13077,12386.3,12338.38462,12375.1,12333.70769,12386.43077,12352.4
557.267918,12331.08462,12350.2,12306.36923,12320.63077,12313.23077,12296.9,12329.78462,12331.7,12293.90769,12316.33077,12365.3
557.4673257,12322.88462,12327,12334.36923,12296.13077,12331.03077,12311.4,12356.78462,12337,12349.20769,12331.43077,12336
557.6667198,12335.38462,12327.8,12355.46923,12345.83077,12367.23077,12371.4,12375.18462,12393.1,12372.00769,12390.33077,12348.9
557.8661003,12332.48462,12301.4,12320.66923,12301.73077,12339.43077,12342.8,12297.48462,12305.2,12335.40769,12327.23077,12364.7
558.0654672,12390.78462,12384.1,12388.56923,12432.93077,12372.53077,12403,12374.08462,12358.4,12367.60769,12377.23077,12359.8
558.2648205,12287.18462,12322,12321.86923,12305.03077,12327.43077,12280.5,12336.48462,12325.4,12360.20769,12315.63077,12319.7
558.4641602,12355.88462,12324.1,12280.56923,12305.13077,12327.43077,12320.1,12314.28462,12308.7,12316.10769,12320.33077,12351.1
558.6634863,12467.18462,12478.2,12461.36923,12469.03077,12451.23077,12464,12488.78462,12455.7,12466.90769,12439.53077,12467.6
558.8627987,12270.18462,12286.8,12290.46923,12321.73077,12280.93077,12315.1,12306.38462,12271.6,12287.30769,12331.63077,12319.1
559.0620976,12504.08462,12528,12495.46923,12501.43077,12492.33077,12521.1,12520.78462,12507.6,12523.20769,12538.03077,12555.6
559.2613828,12339.78462,12372.5,12367.36923,12340.13077,12388.13077,12350.2,12334.68462,12396.4,12365.30769,12362.53077,12337.7
559.4606544,12472.98462,12460.2,12540.96923,12443.53077,12474.93077,12496.2,12498.68462,12491.7,12515.70769,12445.73077,12515.3
559.6599124,12364.38462,12400.7,12382.26923,12383.13077,12370.43077,12381.2,12392.38462,12350.1,12370.40769,12389.23077,12395.3
559.8591568,12379.18462,12430.6,12409.26923,12350.93077,12401.13077,12415.1,12409.68462,12404.9,12442.90769,12377.83077,12374.3
560.0583875,12392.48462,12383.3,12415.56923,12376.03077,12408.73077,12381.4,12407.58462,12393.5,12372.40769,12425.53077,12373
560.2576046,12445.48462,12459.7,12509.26923,12461.03077,12459.83077,12520.2,12421.68462,12470.8,12483.40769,12463.43077,12489.9
560.456808,12360.88462,12337.8,12307.66923,12353.03077,12328.93077,12362.7,12309.08462,12337.4,12330.40769,12376.33077,12362.7
560.6559979,12475.38462,12491.2,12499.06923,12496.03077,12465.13077,12508.3,12488.68462,12529.2,12456.00769,12459.43077,12481.6
560.8551741,12371.48462,12427.5,12455.06923,12446.13077,12485.63077,12431.5,12410.48462,12478.4,12430.50769,12437.03077,12431.7
561.0543366,12477.18462,12488.5,12538.76923,12483.43077,12498.73077,12494.8,12471.68462,12494.5,12515.50769,12502.23077,12530.6
561.2534855,12419.38462,12412.1,12395.76923,12394.13077,12378.23077,12380.6,12408.98462,12353.4,12371.40769,12418.93077,12406.4
561.4526208,12497.38462,12567.8,12505.96923,12512.73077,12512.83077,12466.2,12519.08462,12530.8,12557.40769,12484.53077,12488.8
561.6517424,12512.18462,12507.4,12525.96923,12502.53077,12504.73077,12552.6,12555.68462,12550.2,12499.80769,12539.43077,12502.2
561.8508503,12564.68462,12574,12606.46923,12585.93077,12557.73077,12619.3,12559.58462,12603.1,12553.70769,12582.43077,12573.4
562.0499446,12523.08462,12498.2,12475.26923,12556.83077,12495.33077,12468.1,12479.78462,12545.5,12493.40769,12495.73077,12493.5
562.2490253,12408.48462,12403,12428.76923,12439.13077,12462.93077,12418.4,12420.08462,12460.9,12470.70769,12430.13077,12410.1
562.4480923,12591.18462,12635.9,12623.36923,12660.53077,12638.13077,12590.7,12590.68462,12589.9,12574.20769,12613.53077,12616.9
562.6471456,12575.68462,12540,12593.66923,12571.03077,12530.33077,12565.2,12550.58462,12586.3,12545.70769,12583.23077,12558.3
562.8461853,12512.38462,12564.4,12532.56923,12530.83077,12544.93077,12548.5,12520.88462,12531.1,12534.00769,12499.73077,12524.5
563.0452113,12515.28462,12539.4,12546.86923,12557.53077,12557.23077,12545.7,12575.58462,12550.9,12579.00769,12543.03077,12548.2
563.2442236,12416.78462,12524.5,12459.16923,12483.13077,12468.53077,12516.5,12497.18462,12514.7,12490.90769,12470.93077,12481.2
563.4432223,12607.78462,12652,12671.76923,12634.43077,12624.93077,12612.8,12619.38462,12589.2,12646.40769,12627.93077,12657.8
563.6422073,12498.98462,12447,12471.46923,12477.73077,12447.13077,12467.2,12504.78462,12505.8,12450.80769,12472.03077,12483.6
563.8411786,12548.68462,12567.1,12573.06923,12561.43077,12589.43077,12588.8,12539.38462,12558.1,12555.50769,12524.83077,12575.8
564.0401362,12547.18462,12525,12535.26923,12527.23077,12543.83077,12562.5,12534.68462,12496.8,12515.30769,12487.33077,12546.2
564.2390802,12582.08462,12650.4,12651.96923,12648.33077,12650.63077,12679.5,12645.78462,12647,12664.90769,12630.73077,12693.5
564.4380105,12581.18462,12581.3,12522.46923,12575.93077,12573.73077,12532.2,12575.28462,12479.2,12574.10769,12559.33077,12560.8
564.6369271,12609.38462,12648.8,12606.96923,12656.43077,12653.53077,12613.9,12632.88462,12642.3,12617.70769,12602.63077,12662.6
564.83583,12667.48462,12669.6,12655.66923,12589.73077,12643.53077,12663.1,12624.88462,12623.8,12676.70769,12670.93077,12673.9
565.0347192,12510.58462,12559.5,12464.86923,12488.23077,12464.03077,12503.4,12505.88462,12498.4,12534.90769,12520.03077,12510.3
565.2335947,12613.78462,12630.1,12680.86923,12640.13077,12669.53077,12620.4,12639.08462,12673.4,12656.80769,12651.43077,12650.2
565.4324566,12535.08462,12586,12589.26923,12568.63077,12607.73077,12643.5,12610.58462,12555.5,12575.20769,12588.63077,12563.8
565.6313047,12571.28462,12601.5,12639.26923,12602.33077,12554.23077,12589.3,12589.38462,12618.4,12613.20769,12557.43077,12625.4
565.8301391,12686.68462,12716.2,12726.16923,12653.53077,12688.63077,12681.3,12677.58462,12687.2,12699.50769,12717.13077,12687.8
566.0289599,12589.28462,12584.3,12583.66923,12638.13077,12615.23077,12576.3,12624.98462,12568.8,12588.70769,12603.53077,12609.1
566.2277669,12635.98462,12628.4,12613.86923,12665.93077,12610.23077,12603.3,12613.78462,12649.3,12626.90769,12651.73077,12609.5
566.4265602,12663.58462,12622,12666.06923,12629.93077,12633.13077,12635.5,12629.58462,12624.7,12651.60769,12623.83077,12634.2
566.6253398,12639.18462,12613,12622.66923,12603.53077,12628.83077,12570.8,12637.38462,12654.5,12621.20769,12597.23077,12614.8
566.8241057,12541.68462,12515.5,12494.16923,12549.33077,12546.53077,12556.2,12528.98462,12599.2,12581.40769,12574.13077,12548.6
567.0228579,12694.98462,12755,12712.36923,12693.03077,12702.93077,12708.2,12691.58462,12694.9,12710.70769,12658.33077,12756.6
567.2215964,12518.18462,12515.7,12527.76923,12572.33077,12530.33077,12506.4,12567.68462,12556.6,12559.80769,12543.03077,12548.6
567.4203212,12727.88462,12725.3,12751.76923,12721.93077,12718.93077,12763.4,12750.88462,12742.2,12700.10769,12728.93077,12753.2
567.6190322,12681.98462,12719.4,12658.76923,12698.43077,12701.03077,12683.3,12718.78462,12652.9,12692.90769,12650.23077,12674.2
567.8177295,12675.98462,12705.5,12622.86923,12702.53077,12635.73077,12666.7,12708.48462,12671,12673.70769,12629.93077,12673.2
568.0164131,12708.08462,12677.8,12693.96923,12658.03077,12663.93077,12642,12710.68462,12681.4,12674.80769,12728.83077,12694.5
568.215083,12747.88462,12749.6,12732.76923,12764.63077,12756.43077,12743.4,12724.08462,12750.2,12725.10769,12715.53077,12741.3
568.4137391,12662.58462,12724.8,12636.16923,12665.63077,12697.33077,12691.6,12663.78462,12681.9,12715.50769,12693.13077,12722.9
568.6123815,12763.18462,12819.3,12741.16923,12752.43077,12751.63077,12754.4,12788.58462,12805.5,12775.40769,12798.93077,12807.8
568.8110101,12685.98462,12691.9,12707.06923,12745.63077,12700.03077,12627.5,12683.58462,12696,12704.30769,12714.13077,12699.5
569.0096251,12737.58462,12741.6,12750.06923,12749.03077,12728.33077,12750.6,12776.38462,12742.6,12773.00769,12774.53077,12749.9
569.2082263,12588.38462,12615.1,12642.46923,12599.63077,12603.53077,12609,12633.78462,12628.1,12645.70769,12571.23077,12643.2
569.4068137,12778.78462,12770.8,12776.16923,12780.23077,12804.83077,12766.9,12769.68462,12780.7,12749.80769,12760.93077,12752.2
569.6053874,12649.48462,12618.5,12671.96923,12631.03077,12637.13077,12660.1,12603.88462,12608.1,12639.90769,12626.53077,12637.8
569.8039473,12819.58462,12821.5,12853.06923,12831.33077,12797.13077,12780,12791.28462,12806,12814.20769,12826.13077,12820.3
570.0024935,12650.78462,12731.6,12701.66923,12709.53077,12673.33077,12732.9,12667.68462,12675.7,12720.90769,12648.53077,12702.9
570.201026,12756.58462,12747,12767.56923,12778.03077,12802.13077,12757.1,12759.88462,12752.2,12771.50769,12769.23077,12750.1
570.3995447,12650.78462,12701.6,12662.56923,12658.53077,12683.13077,12713.7,12687.48462,12655.8,12697.60769,12645.93077,12642
570.5980496,12641.58462,12721.3,12697.46923,12702.73077,12708.33077,12753.3,12692.78462,12736.8,12753.80769,12720.63077,12708.4
570.7965408,12688.68462,12702.9,12643.56923,12674.53077,12677.53077,12689.4,12681.08462,12696.8,12698.10769,12648.53077,12689.5
570.9950182,12766.38462,12801.7,12738.56923,12764.93077,12734.43077,12739.5,12755.88462,12725.4,12775.80769,12768.93077,12720.6
571.1934818,12693.48462,12665.7,12692.36923,12644.03077,12695.43077,12644.8,12682.78462,12686.9,12685.90769,12652.83077,12677.6
571.3919317,12795.98462,12779.4,12820.16923,12787.13077,12801.13077,12796.5,12779.88462,12796.2,12801.10769,12790.83077,12788
571.5903678,12664.38462,12707.7,12728.56923,12701.23077,12687.73077,12731,12670.68462,12691.2,12675.20769,12702.23077,12695.2
571.7887902,12719.28462,12757.9,12730.56923,12719.73077,12744.33077,12738.5,12755.08462,12724.9,12734.50769,12737.53077,12724.6
571.9871988,12738.78462,12757.7,12771.06923,12766.53077,12757.13077,12713.6,12749.38462,12762.6,12817.60769,12746.43077,12748.8
572.1855935,12722.68462,12720.8,12748.86923,12769.03077,12693.33077,12738.6,12747.48462,12716.9,12759.10769,12712.23077,12727.9
572.3839746,12724.98462,12817.6,12798.36923,12763.03077,12740.43077,12726.1,12725.28462,12757.7,12778.80769,12767.03077,12769.9
572.5823418,12780.08462,12790.8,12738.56923,12765.03077,12762.33077,12752,12781.08462,12786.2,12801.40769,12758.53077,12780.6
572.7806952,12851.38462,12825.7,12826.26923,12862.73077,12854.63077,12849.2,12821.58462,12843.1,12833.60769,12773.33077,12824.1
572.9790349,12684.28462,12634,12661.26923,12694.23077,12652.03077,12690.6,12702.78462,12669.3,12643.50769,12677.63077,12680
573.1773608,12783.18462,12765.8,12808.96923,12813.33077,12823.73077,12754.3,12777.28462,12737.3,12842.90769,12738.13077,12777.8
573.3756729,12799.58462,12800.4,12863.06923,12812.63077,12774.23077,12771.8,12820.28462,12794.4,12818.50769,12826.93077,12856.3
573.5739711,12665.88462,12651.6,12651.16923,12714.93077,12659.43077,12639.3,12683.98462,12703.4,12646.50769,12659.53077,12653.2
573.7722556,12826.58462,12767.6,12769.96923,12822.13077,12792.03077,12782.6,12830.08462,12811.3,12836.20769,12756.63077,12804.5
573.9705263,12723.88462,12726.5,12745.76923,12766.53077,12791.23077,12794.6,12754.58462,12763.6,12807.80769,12751.83077,12702.5
574.1687832,12691.88462,12740.7,12738.16923,12748.13077,12752.23077,12702.8,12740.78462,12760.1,12716.30769,12717.93077,12724.6
574.3670263,12681.28462,12720.4,12696.06923,12674.83077,12748.43077,12704.1,12707.98462,12719.7,12713.70769,12680.23077,12713
574.5652556,12762.68462,12829.6,12848.26923,12787.53077,12828.63077,12809.2,12852.78462,12832.5,12819.90769,12830.03077,12774.1
574.7634711,12728.28462,12696.8,12750.36923,12722.43077,12731.63077,12786.1,12731.78462,12720.4,12718.90769,12696.23077,12647.6
574.9616727,12763.68462,12761.6,12713.66923,12745.53077,12736.83077,12760,12741.58462,12709.8,12755.30769,12719.23077,12769.8
575.1598606,12641.18462,12663.8,12658.96923,12720.43077,12707.43077,12705.5,12692.68462,12670,12692.30769,12666.23077,12679.9
575.3580346,12795.18462,12793.4,12784.86923,12806.43077,12751.53077,12793.5,12803.38462,12763.6,12793.60769,12787.53077,12799.5
575.5561949,12643.78462,12640.7,12642.06923,12669.13077,12644.93077,12655,12638.18462,12620.2,12664.00769,12658.63077,12640.9
575.7543413,12855.18462,12893,12833.86923,12859.63077,12827.93077,12864.6,12863.68462,12877.3,12817.40769,12861.53077,12837
575.9524738,12671.48462,12669.7,12645.76923,12653.93077,12682.43077,12712.6,12686.38462,12625.3,12625.30769,12648.43077,12615.3
576.1505926,12799.18462,12853.3,12803.06923,12828.83077,12784.13077,12819.6,12812.48462,12819.2,12810.80769,12782.33077,12837.7
576.3486975,12664.28462,12660.5,12663.36923,12665.63077,12660.03077,12664.6,12676.78462,12664.8,12657.40769,12672.73077,12689.5
576.5467886,12683.58462,12747.4,12702.56923,12725.63077,12701.33077,12732.9,12664.98462,12719.9,12717.30769,12715.63077,12727.9
576.7448659,12785.48462,12724.1,12722.56923,12717.33077,12747.13077,12770,12736.48462,12762.8,12782.40769,12785.03077,12711.3
576.9429293,12751.98462,12736.6,12778.96923,12728.43077,12745.13077,12689.7,12751.78462,12729.1,12765.80769,12755.93077,12717.7
577.1409789,12788.38462,12776.4,12772.96923,12772.43077,12800.13077,12762.5,12771.38462,12797.1,12777.70769,12739.13077,12749.9
577.3390147,12792.18462,12775.2,12781.36923,12774.23077,12821.03077,12779.6,12787.18462,12770,12772.00769,12805.83077,12805.5
577.5370366,12710.38462,12717.6,12718.06923,12722.03077,12704.93077,12760.6,12768.88462,12772.3,12709.10769,12762.43077,12722.1
577.7350447,12731.98462,12731.9,12684.66923,12723.63077,12732.13077,12709.9,12697.38462,12717.4,12725.30769,12699.13077,12678.9
577.9330389,12685.78462,12659.4,12681.56923,12654.03077,12648.03077,12604.9,12690.38462,12641.9,12627.60769,12689.73077,12629.5
578.1310193,12757.58462,12770.8,12755.66923,12743.43077,12745.63077,12787.8,12739.78462,12760.1,12730.80769,12770.43077,12732.8
578.3289858,12667.28462,12654.3,12705.06923,12681.23077,12668.63077,12704.9,12667.48462,12666,12690.80769,12724.53077,12655.2
578.5269384,12656.58462,12631.9,12652.56923,12660.03077,12621.53077,12656.5,12650.58462,12692.1,12651.10769,12672.93077,12633.3
578.7248773,12683.68462,12683.5,12684.96923,12706.83077,12656.33077,12677,12732.48462,12658,12677.50769,12687.43077,12731.3
578.9228022,12741.08462,12794.4,12756.36923,12746.33077,12690.53077,12736.3,12709.28462,12722.4,12729.00769,12750.73077,12737.7
579.1207133,12671.58462,12643.9,12684.76923,12673.33077,12668.73077,12695.2,12698.28462,12683.2,12681.20769,12678.33077,12654.2
579.3186105,12633.58462,12685.1,12634.36923,12671.63077,12620.43077,12649.8,12672.48462,12651,12685.40769,12665.83077,12664.8
579.5164939,12722.38462,12742.5,12754.26923,12737.03077,12714.43077,12717.3,12728.48462,12753.4,12769.30769,12750.13077,12750.1
579.7143634,12694.58462,12689,12680.46923,12677.43077,12663.43077,12693.9,12683.98462,12670.5,12751.30769,12687.83077,12683.3
579.912219,12660.08462,12704.9,12688.46923,12742.93077,12685.53077,12654.7,12657.98462,12730.2,12720.40769,12708.83077,12700.4
580.1100608,12599.28462,12599.3,12622.06923,12606.03077,12619.73077,12606,12636.28462,12586.3,12583.80769,12615.23077,12600.6
580.3078887,12723.38462,12685.7,12722.46923,12741.33077,12732.03077,12670.8,12739.88462,12687.3,12710.30769,12731.33077,12691.5
580.5057026,12642.98462,12671.4,12650.46923,12670.93077,12681.43077,12673.4,12650.18462,12626.2,12656.40769,12666.83077,12682.2
580.7035028,12516.38462,12476.6,12545.56923,12540.73077,12537.93077,12494.7,12524.58462,12567.3,12513.90769,12512.03077,12536
580.901289,12640.48462,12631.8,12638.36923,12636.73077,12687.53077,12677.8,12695.18462,12667,12624.70769,12666.73077,12688.3
581.0990614,12715.98462,12722,12667.86923,12727.23077,12696.03077,12705.8,12716.08462,12689.1,12735.30769,12687.63077,12724.5
581.2968198,12596.68462,12640,12594.96923,12642.73077,12583.73077,12647.4,12604.28462,12655.7,12612.70769,12605.03077,12595.5
581.4945644,12552.98462,12611,12587.36923,12573.23077,12579.53077,12607.5,12561.98462,12599.2,12607.10769,12567.33077,12605.4
581.6922951,12653.68462,12659,12673.76923,12682.83077,12663.93077,12676.6,12696.78462,12682.9,12686.30769,12676.23077,12670.9
581.8900119,12549.08462,12551.9,12547.76923,12526.63077,12543.33077,12516.1,12554.08462,12522.3,12551.50769,12558.33077,12495
582.0877147,12637.78462,12659,12658.96923,12698.13077,12679.43077,12649.9,12664.48462,12661.6,12717.80769,12671.83077,12678.7
582.2854037,12579.78462,12583.3,12575.56923,12542.53077,12535.83077,12568.9,12574.28462,12581.4,12587.60769,12557.43077,12557.6
582.4830788,12655.08462,12679.4,12701.26923,12644.63077,12631.53077,12663.7,12676.18462,12664,12667.30769,12657.53077,12655
582.68074,12575.18462,12600.4,12620.56923,12608.63077,12648.63077,12637.4,12615.58462,12649.1,12597.90769,12557.13077,12601.5
582.8783873,12468.58462,12525.7,12516.46923,12520.23077,12609.43077,12505.2,12492.78462,12504.4,12521.60769,12482.43077,12504.2
583.0760206,12506.98462,12515.3,12540.96923,12483.03077,12472.03077,12524.1,12457.68462,12542.4,12549.30769,12509.73077,12516.9
583.2736401,12633.38462,12680.4,12636.76923,12602.33077,12650.43077,12673.4,12636.48462,12638.8,12656.40769,12611.93077,12665.3
583.4712456,12392.38462,12431.2,12447.66923,12457.03077,12426.53077,12454.8,12434.48462,12404.6,12453.10769,12389.13077,12419.8
583.6688372,12540.68462,12539.7,12505.46923,12536.83077,12533.73077,12528.1,12497.18462,12522.5,12534.70769,12552.63077,12539.9
583.866415,12446.28462,12507.6,12460.86923,12503.03077,12500.43077,12484.3,12478.58462,12430.4,12470.60769,12454.83077,12482.3
584.0639787,12576.38462,12604.1,12557.96923,12574.43077,12568.13077,12537.6,12586.78462,12574.6,12565.20769,12548.13077,12560.9
584.2615286,12409.18462,12426.8,12426.56923,12441.73077,12430.63077,12436.7,12441.48462,12456.4,12457.00769,12477.53077,12433.7
584.4590645,12549.48462,12511.7,12547.96923,12551.33077,12558.83077,12561.2,12555.38462,12521.5,12570.20769,12500.83077,12546.2
584.6565865,12472.18462,12498,12518.86923,12498.03077,12490.83077,12456,12467.58462,12455.3,12474.80769,12502.03077,12479.7
584.8540946,12541.88462,12527.2,12553.96923,12536.83077,12553.33077,12528.5,12506.68462,12498.4,12532.70769,12521.03077,12508.1
585.0515887,12315.08462,12314.1,12316.76923,12367.73077,12319.93077,12384.6,12336.58462,12324.5,12311.40769,12356.03077,12360.4
585.2490689,12505.18462,12528.6,12489.66923,12474.23077,12508.13077,12541.5,12495.18462,12530.6,12503.10769,12504.33077,12485.3
585.4465352,12474.78462,12467.4,12448.36923,12492.13077,12498.23077,12452.8,12468.98462,12502.4,12475.10769,12521.33077,12516.9
585.6439875,12410.38462,12378.7,12413.16923,12395.03077,12355.83077,12403.2,12389.08462,12362.2,12388.30769,12377.23077,12376.9
585.8414259,12420.58462,12478.6,12432.26923,12386.13077,12376.03077,12428.1,12446.88462,12417.6,12418.10769,12456.73077,12469.9
586.0388503,12481.48462,12498.6,12496.46923,12495.63077,12534.53077,12521.5,12550.98462,12501.8,12509.30769,12515.63077,12533
586.2362608,12376.38462,12346.3,12354.96923,12352.43077,12345.53077,12367.1,12335.28462,12350.5,12313.70769,12360.03077,12332.5
586.4336574,12285.68462,12356.5,12325.96923,12325.23077,12353.33077,12343.2,12308.38462,12369.7,12348.70769,12336.23077,12336.7
586.6310399,12325.08462,12373.2,12309.46923,12330.93077,12370.73077,12343.6,12341.58462,12331.7,12338.00769,12351.93077,12364.3
586.8284086,12388.28462,12440.7,12374.56923,12407.93077,12344.53077,12408.4,12380.18462,12404.2,12363.70769,12356.93077,12396.4
587.0257632,12380.28462,12368.5,12362.16923,12356.33077,12322.63077,12339.6,12391.68462,12321.2,12372.50769,12303.13077,12356.7
587.2231039,12340.28462,12353.8,12368.46923,12421.13077,12314.13077,12378.8,12364.08462,12367.8,12356.00769,12344.63077,12332.6
587.4204307,12281.38462,12355,12290.96923,12285.53077,12296.43077,12323.8,12356.78462,12306,12304.70769,12314.53077,12289.1
587.6177435,12346.38462,12327.8,12367.16923,12353.33077,12304.13077,12322.8,12349.68462,12356.2,12355.10769,12345.83077,12364.8
587.8150423,12196.28462,12248.6,12218.76923,12173.93077,12267.83077,12235.2,12211.38462,12197.3,12198.70769,12192.03077,12228.2
588.0123271,12281.68462,12226.4,12222.26923,12220.13077,12252.23077,12216.4,12264.88462,12219.5,12204.40769,12199.83077,12205.3
588.209598,12216.38462,12262.2,12206.36923,12205.93077,12265.63077,12235.7,12216.48462,12251.3,12211.20769,12256.93077,12242.5
588.4068549,12349.18462,12384.9,12336.26923,12337.93077,12302.43077,12280.4,12327.28462,12351.4,12375.00769,12288.93077,12334.2
588.6040978,12250.48462,12288.3,12270.96923,12252.73077,12262.73077,12260.7,12238.78462,12245.1,12232.20769,12262.73077,12206.8
588.8013268,12150.88462,12156.2,12184.96923,12198.23077,12170.93077,12218.4,12182.78462,12142.1,12159.20769,12144.53077,12172.6
588.9985417,12198.78462,12247.1,12205.06923,12245.53077,12248.43077,12218.6,12236.98462,12227.8,12259.90769,12226.23077,12182.8
589.1957427,12180.98462,12196.8,12155.06923,12168.33077,12187.63077,12163.3,12214.58462,12196.2,12202.10769,12198.33077,12168.9
589.3929297,12223.88462,12244.6,12197.16923,12209.03077,12260.73077,12130.8,12182.08462,12228,12201.40769,12225.83077,12235.9
589.5901027,12148.58462,12142.1,12139.46923,12144.43077,12143.13077,12159.1,12182.48462,12153.7,12187.60769,12197.13077,12140.4
589.7872617,12110.48462,12105.8,12077.36923,12172.83077,12162.83077,12123.3,12092.38462,12107.6,12125.80769,12123.03077,12138.6
589.9844067,12116.48462,12106.7,12098.16923,12130.73077,12141.23077,12126.4,12112.48462,12105.2,12108.80769,12119.63077,12099.3
590.1815377,12030.68462,12022.1,12084.16923,12029.13077,12067.73077,12073.3,12087.38462,12045.8,12071.10769,12052.53077,12051.7
590.3786547,12133.58462,12166.1,12168.26923,12159.23077,12175.13077,12177.8,12107.98462,12160.4,12198.70769,12150.03077,12165.3
590.5757577,12060.88462,12119.6,12068.36923,12058.53077,12094.33077,12083.6,12064.78462,12097.5,12096.50769,12037.23077,12049.2
590.7728467,12066.58462,12057.6,12090.96923,12103.83077,12057.33077,12074.5,12084.18462,12103.1,12083.40769,12082.83077,12048.6
590.9699218,12034.08462,12022.7,12024.16923,12067.73077,12016.03077,12044.5,12038.88462,12021.9,12039.00769,12064.53077,12037.6
591.1669827,12112.88462,12097.2,12072.56923,12115.23077,12109.73077,12119.5,12107.98462,12069.4,12139.30769,12096.53077,12085.5
591.3640297,11923.68462,11934.4,11939.76923,11921.03077,11902.33077,11931.9,11917.48462,11925.3,11940.90769,11966.83077,11963.7
591.5610627,12044.98462,12005,11999.96923,12062.63077,12001.63077,12033.8,12062.48462,12075.6,12052.60769,12041.23077,12033.6
591.7580817,11915.98462,11968.3,11919.36923,11867.83077,11934.63077,11855.4,11916.48462,11889.4,11920.70769,11934.03077,11886.9
591.9550866,11942.18462,11931.4,11933.76923,11934.53077,11919.53077,11925.7,11974.58462,11936.6,11918.90769,11944.93077,11910.8
592.1520775,12058.88462,12055.4,12053.76923,12052.83077,12014.73077,12056.3,12053.38462,12078.8,12066.40769,12053.33077,12040.6
592.3490544,11895.18462,11910.6,11926.06923,11938.73077,11922.03077,11960.2,11929.88462,11913.2,11891.70769,11940.83077,11945.2
592.5460173,11986.58462,11983.4,11956.66923,12001.13077,11994.43077,12012.6,11994.08462,12024.3,11977.80769,11994.73077,11950.6
592.7429661,11927.18462,11884.4,11928.86923,11919.33077,11953.53077,11926.5,11937.78462,11912.4,11911.50769,11956.33077,11963.3
592.9399009,11822.28462,11779,11805.66923,11779.83077,11804.33077,11784.8,11813.58462,11817.9,11807.60769,11768.23077,11794.4
593.1368217,11912.68462,11907.9,11927.56923,11950.63077,11908.73077,11888.8,11895.78462,11938.2,11938.70769,11881.63077,11920.4
593.3337285,11935.28462,11948.3,11925.56923,11930.73077,11919.13077,11950.7,11951.48462,11928,11908.00769,11913.13077,11946.3
593.5306212,11746.08462,11751.7,11771.66923,11774.73077,11781.13077,11778.2,11762.78462,11802,11764.70769,11775.43077,11799.3
593.7274998,11849.58462,11867.3,11879.66923,11869.13077,11864.83077,11855.2,11821.88462,11863.3,11830.60769,11845.23077,11847.8
593.9243645,11818.88462,11876.5,11851.76923,11882.03077,11860.13077,11839,11865.78462,11839.5,11868.60769,11786.73077,11819.3
594.121215,11760.28462,11775.1,11782.16923,11752.93077,11783.53077,11754.8,11782.68462,11743,11767.40769,11749.73077,11763.9
594.3180516,11821.38462,11808.8,11849.56923,11863.03077,11838.73077,11847.6,11789.28462,11875.3,11813.20769,11839.13077,11830.2
594.514874,11626.78462,11662.7,11679.46923,11662.53077,11668.93077,11658,11706.48462,11650.2,11640.30769,11642.53077,11626.5
594.7116825,11756.38462,11813.5,11791.76923,11782.23077,11782.43077,11830.7,11789.38462,11786.9,11816.30769,11779.03077,11728.2
594.9084769,11667.88462,11710.1,11728.56923,11725.73077,11684.43077,11713.5,11738.88462,11693.4,11680.90769,11691.73077,11673.5
595.1052572,11761.08462,11797.4,11756.66923,11763.53077,11771.63077,11783.2,11746.38462,11753.2,11763.60769,11752.53077,11776.8
595.3020234,11639.68462,11671.3,11664.06923,11648.13077,11633.43077,11645.6,11668.48462,11683.3,11701.40769,11618.73077,11641.6
595.4987756,11739.88462,11704.4,11715.66923,11692.03077,11677.43077,11745.2,11682.28462,11690,11693.80769,11728.13077,11719.8
595.6955138,11621.48462,11636.5,11642.46923,11613.83077,11635.83077,11628.4,11618.88462,11614.2,11629.70769,11640.03077,11671.2
595.8922378,11596.28462,11578.8,11593.66923,11577.03077,11590.73077,11577.6,11604.18462,11594.2,11609.70769,11643.13077,11591.3
596.0889478,11673.28462,11633.7,11636.66923,11651.23077,11604.03077,11684.1,11624.18462,11687.1,11627.90769,11686.23077,11623.7
596.2856437,11591.08462,11604.5,11655.06923,11671.03077,11615.43077,11618.1,11642.58462,11608.3,11662.20769,11636.53077,11608.9
596.4823256,11546.28462,11541,11585.96923,11586.53077,11606.93077,11534.4,11554.58462,11572.3,11554.70769,11589.43077,11599.5
596.6789934,11506.18462,11556.4,11630.36923,11521.83077,11540.23077,11579.1,11579.08462,11576.9,11589.00769,11536.93077,11549.2
596.8756471,11556.48462,11572,11587.26923,11595.53077,11570.53077,11606.8,11606.28462,11624.1,11638.90769,11589.73077,11585.2
597.0722867,11500.28462,11460.7,11493.16923,11465.33077,11474.63077,11505,11473.68462,11474.9,11513.70769,11458.23077,11492.4
597.2689122,11521.98462,11516.5,11512.76923,11504.03077,11543.13077,11562.5,11547.18462,11537.9,11517.20769,11544.43077,11523.9
597.4655237,11440.68462,11422.4,11412.86923,11425.83077,11396.33077,11374.1,11404.48462,11388.2,11411.80769,11419.33077,11418.7
597.662121,11398.18462,11474.9,11447.56923,11432.83077,11423.53077,11401.8,11424.48462,11423.6,11445.80769,11417.33077,11458.7
597.8587043,11413.18462,11464.6,11452.86923,11439.33077,11468.33077,11462.1,11430.18462,11491.9,11461.50769,11427.53077,11423.3
598.0552735,11455.18462,11438.9,11468.46923,11392.13077,11429.73077,11450.3,11408.78462,11448.5,11416.10769,11465.93077,11410.5
598.2518285,11381.38462,11367,11358.26923,11402.03077,11365.63077,11421.2,11386.48462,11410.5,11331.30769,11397.93077,11366.9
598.4483695,11380.78462,11399.5,11401.86923,11403.23077,11360.73077,11391.9,11395.68462,11400.8,11381.40769,11394.23077,11400.5
598.6448964,11332.98462,11356.4,11366.26923,11346.03077,11339.33077,11299,11347.38462,11353.5,11378.20769,11342.83077,11346.9
598.8414092,11286.78462,11282.4,11300.16923,11317.23077,11263.23077,11262,11278.98462,11296.4,11282.70769,11285.73077,11291.2
599.0379079,11256.18462,11345.1,11267.06923,11288.33077,11329.23077,11314.4,11336.58462,11284.7,11304.50769,11281.53077,11285.1
599.2343924,11338.28462,11351.8,11334.66923,11319.93077,11344.03077,11358.8,11348.08462,11300.7,11327.90769,11364.93077,11304.1
599.4308629,11219.38462,11145,11146.16923,11176.03077,11162.53077,11173.3,11200.58462,11173.2,11159.10769,11168.83077,11176
599.6273192,11225.58462,11234.3,11202.86923,11237.23077,11233.33077,11208.8,11212.58462,11274.8,11221.80769,11217.73077,11232.7
599.8237614,11219.28462,11230,11274.06923,11261.13077,11241.63077,11279,11276.38462,11298.9,11297.40769,11296.13077,11260.5
600.0201896,11154.08462,11205.9,11171.96923,11175.33077,11175.13077,11177.9,11167.28462,11168.3,11181.40769,11172.33077,11182
600.2166035,11173.88462,11250.8,11187.16923,11197.53077,11196.73077,11175,11264.18462,11196.8,11217.60769,11167.43077,11151.4
600.4130034,11151.78462,11123.5,11072.66923,11168.23077,11165.23077,11145,11151.68462,11163.5,11133.30769,11104.73077,11167.6
600.6093892,11088.08462,11095.9,11120.46923,11123.73077,11138.83077,11110.5,11098.88462,11111.5,11085.40769,11072.83077,11123.2
600.8057608,11017.38462,11066.2,11072.36923,11014.13077,11056.53077,11036.2,11055.18462,11043.2,11062.20769,11060.13077,11003.4
601.0021183,11122.78462,11047.6,11096.56923,11124.63077,11120.43077,11108.4,11129.78462,11126.7,11101.00769,11163.53077,11078.6
601.1984616,11054.98462,11050.3,11046.96923,11105.83077,11061.63077,11072.9,11034.98462,11086.5,11097.00769,11045.63077,11029.3
601.3947908,10952.78462,11048.9,10958.76923,10939.63077,11012.53077,10934.9,11014.08462,11000.3,10949.80769,10963.43077,10970.8
601.5911059,11011.18462,11049.3,11083.16923,10977.23077,11029.03077,11038.6,11018.38462,11004.2,11089.30769,10989.03077,11044.4
601.7874069,10964.98462,10978.5,11021.16923,11007.63077,11011.73077,11018.9,10996.98462,11027.2,11049.90769,11007.33077,11023.2
601.9836937,10938.28462,10946.5,10969.16923,10969.93077,10955.13077,10947,10960.98462,10954.2,10930.60769,10930.03077,11002
602.1799663,11043.88462,11048.8,11072.76923,11040.63077,11041.73077,11032.9,11060.78462,11080.1,11036.90769,11048.13077,11060
602.3762248,10904.28462,10950.4,10942.46923,10914.03077,10910.33077,10896.7,10948.58462,10911.3,10960.00769,10936.03077,10929.2
602.5724692,10906.08462,10861.6,10904.56923,10861.23077,10877.93077,10890.7,10901.78462,10909.3,10902.30769,10892.43077,10821.6
602.7686994,10920.58462,10897.6,10882.76923,10889.83077,10883.33077,10898.7,10825.48462,10873.3,10894.40769,10922.33077,10875.4
602.9649155,10790.78462,10849.6,10835.86923,10807.33077,10824.63077,10789.2,10855.18462,10807,10879.50769,10770.03077,10809.1
603.1611174,10832.68462,10876,10844.56923,10883.73077,10895.83077,10825.6,10850.58462,10855.9,10851.70769,10838.63077,10890.7
603.3573051,10799.58462,10762.5,10773.16923,10760.63077,10789.33077,10769.4,10749.68462,10794.4,10750.20769,10786.33077,10779
603.5534787,10819.48462,10778.9,10784.16923,10862.63077,10783.63077,10767.2,10797.98462,10811.7,10818.70769,10787.83077,10812.3
603.7496381,10800.38462,10816.6,10802.26923,10774.13077,10814.13077,10774.2,10803.08462,10810.5,10803.30769,10829.33077,10827.7
603.9457834,10712.38462,10714.8,10710.16923,10700.13077,10735.73077,10704.6,10729.08462,10716.3,10736.90769,10681.13077,10770.2
604.1419145,10759.98462,10753.6,10762.16923,10782.83077,10772.53077,10787.2,10814.08462,10766.4,10806.50769,10768.93077,10779.2
604.3380314,10623.38462,10645.4,10633.06923,10595.43077,10650.83077,10678.2,10598.08462,10641.2,10628.70769,10634.03077,10651.8
604.5341341,10708.58462,10750.7,10735.36923,10731.93077,10739.43077,10784.6,10731.38462,10757.8,10728.10769,10756.03077,10683
604.7302227,10609.28462,10598.4,10619.76923,10589.63077,10616.43077,10603.1,10614.28462,10643.2,10617.20769,10616.23077,10587.8
604.9262971,10567.68462,10596.1,10588.06923,10606.73077,10604.53077,10597.2,10625.68462,10619.4,10634.60769,10597.63077,10623.1
605.1223573,10671.48462,10664.8,10675.86923,10675.23077,10659.13077,10700.9,10658.38462,10673.5,10665.00769,10688.43077,10688.4
605.3184033,10589.08462,10559.1,10565.56923,10595.83077,10586.83077,10578.9,10559.58462,10563.2,10565.70769,10562.43077,10572.5
605.5144352,10513.18462,10577.4,10513.76923,10537.43077,10531.63077,10511.1,10525.28462,10540.3,10522.70769,10499.73077,10515.4
605.7104528,10528.58462,10509.2,10507.16923,10504.03077,10540.13077,10482.8,10482.48462,10494.8,10504.90769,10490.03077,10487.8
605.9064563,10507.28462,10497.2,10543.06923,10508.43077,10525.93077,10556.6,10553.78462,10564.2,10553.80769,10615.03077,10532.8
606.1024455,10521.28462,10503.5,10502.66923,10542.13077,10484.93077,10499,10522.28462,10509.5,10501.10769,10483.03077,10488.6
606.2984206,10505.48462,10525.7,10548.16923,10551.23077,10521.73077,10537.4,10582.28462,10562.2,10556.00769,10553.43077,10505.9
606.4943815,10464.78462,10458.5,10478.06923,10507.13077,10477.33077,10474.8,10424.18462,10499.7,10468.80769,10490.83077,10489.2
606.6903282,10542.28462,10535.4,10488.26923,10518.03077,10486.63077,10512.2,10491.48462,10486.2,10546.80769,10492.03077,10518.9
606.8862607,10513.68462,10505.3,10494.76923,10467.73077,10452.03077,10475.8,10441.28462,10467.2,10495.00769,10478.43077,10453.4
607.0821789,10334.08462,10382.9,10358.96923,10363.03077,10352.83077,10356.3,10358.08462,10349.5,10336.80769,10364.63077,10320.8
607.278083,10472.78462,10474.3,10458.56923,10442.33077,10446.33077,10430.5,10439.18462,10517.5,10484.20769,10468.83077,10435
607.4739729,10318.08462,10316.4,10323.66923,10286.43077,10252.03077,10301.9,10321.88462,10338.3,10292.40769,10316.23077,10345.5
607.6698485,10403.28462,10437.2,10417.26923,10411.93077,10412.83077,10408.6,10397.98462,10394.2,10408.60769,10379.33077,10435
607.8657099,10294.28462,10272.8,10281.26923,10249.73077,10261.43077,10304.2,10307.88462,10259.6,10275.40769,10282.03077,10274.1
608.0615571,10406.88462,10444.1,10387.56923,10402.73077,10407.13077,10407.3,10427.68462,10418.6,10394.40769,10431.33077,10434.3
608.2573901,10350.98462,10393,10314.46923,10365.73077,10367.73077,10373.3,10371.98462,10362.6,10345.30769,10373.83077,10362
608.4532089,10328.18462,10345.3,10319.76923,10309.33077,10295.03077,10341.1,10301.68462,10382.8,10306.00769,10309.43077,10337.2
608.6490135,10333.48462,10331.5,10353.56923,10329.73077,10367.73077,10374.8,10370.38462,10346.4,10387.10769,10294.73077,10330
608.8448038,10246.88462,10255.6,10268.96923,10239.13077,10261.73077,10291.2,10283.18462,10265.9,10287.90769,10254.13077,10241
609.0405799,10308.28462,10294.9,10256.96923,10270.73077,10258.33077,10270,10274.18462,10262.4,10282.00769,10283.73077,10274.9
609.2363418,10307.68462,10309.7,10312.16923,10314.33077,10304.13077,10298.5,10237.28462,10299,10299.00769,10291.43077,10294.3
609.4320894,10254.88462,10235.8,10258.46923,10241.03077,10214.43077,10232.9,10236.38462,10313.7,10212.10769,10217.73077,10228.4
609.6278228,10192.18462,10162.8,10201.16923,10213.13077,10207.23077,10188.1,10225.08462,10177.6,10170.00769,10210.13077,10198.5
609.8235419,10201.28462,10229.7,10227.86923,10229.83077,10214.93077,10221.1,10230.78462,10225.6,10224.80769,10208.43077,10219.9
610.0192469,10154.08462,10163.1,10121.46923,10170.83077,10154.43077,10152.6,10141.38462,10129.5,10184.90769,10191.13077,10154.3
610.2149375,10139.98462,10192.9,10204.16923,10182.73077,10191.03077,10173.3,10186.58462,10187,10159.20769,10142.23077,10163.7
610.410614,10243.68462,10209.2,10256.86923,10257.13077,10229.03077,10200,10253.18462,10245.4,10249.00769,10253.73077,10238
610.6062761,10091.68462,10123.6,10144.76923,10119.13077,10116.23077,10096.6,10101.28462,10135.9,10132.40769,10095.43077,10113.7
610.8019241,10187.68462,10135.4,10174.16923,10178.73077,10209.23077,10168.4,10193.08462,10166.1,10204.10769,10137.03077,10205.6
610.9975578,10155.48462,10142.4,10109.66923,10105.83077,10089.53077,10107.9,10158.98462,10118.4,10124.80769,10125.73077,10120.2
611.1931772,10077.68462,10098.8,10128.26923,10117.43077,10099.13077,10106.7,10117.78462,10094.5,10158.40769,10098.23077,10105.4
611.3887823,10115.48462,10108.2,10087.36923,10072.33077,10085.93077,10086.5,10069.38462,10093.4,10098.70769,10082.53077,10056
611.5843732,10050.48462,10061,10044.36923,10014.33077,10032.63077,10074.5,10054.88462,10007.7,10080.10769,10065.13077,10034.1
611.7799499,10015.38462,10030.4,10009.86923,10027.73077,10043.13077,10072.5,10022.58462,10023.8,10005.20769,10020.03077,9983.1
611.9755123,10076.98462,10069,10055.96923,10050.33077,10091.43077,10065,10089.08462,10061.1,10075.20769,10054.03077,10068.9
612.1710604,10072.28462,10077.4,10074.96923,10055.23077,10018.93077,10039.4,10043.98462,10033.8,10016.80769,10063.13077,10072.9
612.3665942,10045.58462,10003.3,10006.46923,10025.33077,10020.33077,10059.1,10032.48462,10029.1,10068.10769,10006.13077,10006.3
612.5621138,9960.984615,9968.4,9986.169231,9996.130769,10029.53077,10014.4,10004.38462,10009.9,10007.00769,10027.53077,10006.1
612.7576191,9908.584615,9880.9,9907.969231,9911.430769,9919.730769,9874.9,9893.284615,9873.3,9852.807692,9935.330769,9861.6
612.9531101,9904.884615,9903.2,9935.769231,9956.330769,9867.730769,9935.8,9936.484615,9902.9,9916.507692,9939.730769,9943.1
613.1485868,10021.18462,10058.2,10048.46923,10010.43077,9989.030769,10005,10043.78462,10008.1,10031.70769,10030.03077,10023.5
613.3440493,9930.384615,9940.7,9929.669231,9894.230769,9914.530769,9890.6,9949.884615,9902.5,9910.107692,9901.430769,9901.2
613.5394975,10011.48462,10035.7,10019.16923,10038.33077,10048.43077,10044.7,10063.68462,10036.2,10051.10769,10003.83077,10014.8
613.7349313,9957.884615,9938.2,9965.969231,9970.330769,9940.930769,9960.6,9985.284615,9959.9,9943.507692,9962.230769,9947.1
613.9303509,9939.784615,9939.6,9984.569231,9949.930769,9942.730769,9931.5,9960.984615,9914.4,9971.207692,9941.530769,9953.6
614.1257562,9898.984615,9914.2,9930.669231,9851.330769,9915.030769,9923.6,9877.984615,9930.9,9949.807692,9935.430769,9877.1
614.3211472,9950.284615,9987.9,9949.569231,10004.53077,9985.330769,9989.3,9968.184615,9976.3,9958.907692,9985.730769,9972.4
614.516524,9897.184615,9933.8,9950.169231,9924.630769,9903.430769,9907.6,9905.084615,9867.3,9889.507692,9907.630769,9883.1
614.7118864,9845.584615,9885,9904.769231,9862.230769,9883.130769,9872.8,9880.584615,9874.7,9884.707692,9860.930769,9885.6
614.9072345,9802.184615,9813.9,9841.069231,9825.730769,9825.730769,9816.4,9837.184615,9819.2,9816.707692,9759.230769,9813.9
615.1025683,9865.584615,9875.6,9863.469231,9918.330769,9918.330769,9873.1,9932.684615,9853.1,9869.007692,9895.130769,9914.2
615.2978878,9786.584615,9791.5,9805.069231,9807.830769,9755.330769,9793.9,9778.884615,9791,9781.307692,9840.830769,9760.5
615.493193,9893.684615,9925.4,9883.269231,9882.830769,9903.530769,9898.3,9911.284615,9932.9,9918.007692,9838.730769,9898.3
615.6884839,9714.484615,9757.4,9743.069231,9722.730769,9721.430769,9730.7,9720.484615,9734.8,9751.107692,9733.330769,9749.3
615.8837605,9898.584615,9904.9,9892.569231,9915.530769,9907.930769,9879,9894.284615,9872.1,9855.607692,9876.630769,9880.5
616.0790227,9668.384615,9717.1,9703.869231,9703.630769,9717.930769,9673.5,9675.284615,9708.6,9713.207692,9653.230769,9698.9
616.2742707,9798.884615,9819.5,9786.169231,9796.630769,9823.730769,9821.7,9792.384615,9833.3,9802.007692,9788.830769,9809.9
616.4695043,9733.784615,9708.5,9730.869231,9728.130769,9719.530769,9750.6,9695.884615,9755.2,9700.607692,9695.630769,9692.4
616.6647236,9714.684615,9783.6,9752.269231,9731.130769,9751.330769,9759.3,9744.084615,9753.4,9704.207692,9733.930769,9710.1
616.8599285,9757.584615,9702.1,9701.669231,9683.530769,9686.330769,9704.1,9703.384615,9717.3,9709.607692,9663.130769,9686
617.0551192,9700.184615,9653.2,9703.969231,9668.130769,9675.530769,9630.7,9672.184615,9647.4,9683.507692,9636.330769,9664.5
617.2502955,9604.684615,9624.3,9653.669231,9681.930769,9638.230769,9648.7,9621.784615,9649,9644.907692,9651.430769,9608.6
617.4454575,9720.084615,9722.7,9689.769231,9729.330769,9698.130769,9708.9,9726.384615,9676.8,9755.007692,9710.530769,9700.6
617.6406051,9514.384615,9556.8,9535.969231,9530.830769,9460.730769,9517.8,9504.484615,9526,9540.407692,9548.630769,9498.7
617.8357384,9672.184615,9686.7,9661.869231,9700.030769,9654.130769,9642.2,9659.784615,9616.5,9651.507692,9625.530769,9652
618.0308574,9497.184615,9509.9,9476.469231,9476.730769,9455.630769,9490.5,9491.784615,9518.2,9521.507692,9502.430769,9498.4
618.225962,9597.984615,9606.5,9610.369231,9626.530769,9611.130769,9588.3,9580.384615,9646.2,9614.607692,9631.330769,9572.8
618.4210523,9495.584615,9487.9,9501.669231,9476.830769,9531.430769,9525.6,9501.184615,9485.6,9515.207692,9528.330769,9454.5
618.6161282,9569.984615,9599.6,9577.669231,9588.430769,9544.430769,9570.6,9570.684615,9579.2,9595.807692,9579.730769,9568.2
618.8111898,9362.284615,9390.4,9394.169231,9400.630769,9409.430769,9422.2,9407.784615,9416.5,9392.407692,9407.930769,9404.8
619.006237,9554.184615,9565.5,9534.269231,9511.630769,9553.730769,9538.7,9503.884615,9527.2,9528.907692,9510.330769,9517.5
619.2012699,9301.284615,9315.6,9331.369231,9334.130769,9350.630769,9334.6,9334.984615,9333.3,9332.607692,9299.930769,9312.8
619.3962884,9364.284615,9405.2,9354.169231,9412.930769,9434.930769,9379,9409.684615,9422.2,9396.007692,9430.730769,9376.7
619.5912926,9219.584615,9263.5,9243.869231,9276.130769,9246.630769,9258.5,9257.484615,9275.8,9289.407692,9272.330769,9245.8
619.7862824,9351.484615,9334.9,9335.869231,9378.830769,9365.530769,9331.1,9340.884615,9352.2,9383.307692,9392.030769,9379.3
619.9812578,9166.984615,9173.1,9191.769231,9215.130769,9231.630769,9193.8,9139.784615,9214.2,9191.007692,9209.830769,9206.2
620.1762189,9260.184615,9336.5,9297.269231,9283.230769,9304.430769,9342.9,9336.984615,9333,9309.907692,9336.630769,9286.2
620.3711656,9088.384615,9177.2,9161.769231,9175.630769,9146.930769,9135.6,9146.084615,9161.2,9143.707692,9154.930769,9137.8
620.5660979,9194.584615,9204.4,9243.669231,9189.730769,9191.630769,9211.7,9179.684615,9168.6,9187.307692,9191.730769,9224.3
620.7610159,9077.384615,9135.7,9122.169231,9092.830769,9102.430769,9088.3,9127.984615,9139.5,9191.607692,9125.230769,9130
620.9559195,9150.584615,9183.5,9125.269231,9127.130769,9185.430769,9137.5,9143.784615,9190,9167.207692,9169.830769,9170.9
621.1508087,8979.384615,8958.2,9005.769231,8992.130769,9015.630769,8995.7,9027.484615,9009,8984.407692,8981.630769,8999.9
621.3456835,9029.884615,9072.6,9060.569231,9059.830769,9047.830769,9063.5,9058.084615,9055.8,9061.907692,9082.330769,9018.3
621.5405439,8912.984615,8938.2,8919.569231,8918.030769,8930.430769,8893.7,8945.184615,8944.2,8944.507692,8940.030769,8965.4
621.73539,9005.684615,9006.4,9015.869231,9024.130769,9012.630769,8977.7,9016.784615,9000.5,8961.107692,8980.830769,8972.6
621.9302216,8844.184615,8831.3,8836.469231,8820.230769,8816.130769,8829.2,8807.184615,8848.3,8865.407692,8856.230769,8832.7
622.1250389,8885.184615,8901.6,8892.069231,8899.430769,8893.130769,8909.1,8903.884615,8895.6,8926.807692,8906.530769,8883.6
622.3198418,8727.484615,8754.7,8753.569231,8754.030769,8744.930769,8696.8,8690.684615,8738.3,8757.607692,8756.430769,8754.8
622.5146303,8792.984615,8838.4,8800.069231,8820.030769,8818.830769,8804.3,8838.584615,8849.5,8796.207692,8794.230769,8834.1
622.7094043,8723.884615,8731,8740.469231,8746.330769,8719.030769,8712.7,8681.484615,8698,8726.207692,8731.030769,8691.5
622.904164,8708.684615,8735.4,8710.969231,8705.430769,8693.130769,8698,8698.984615,8704,8659.707692,8685.630769,8690.4
623.0989093,8626.984615,8689.6,8638.069231,8671.130769,8599.830769,8629.1,8650.084615,8650.5,8657.607692,8640.630769,8639.2
623.2936402,8663.684615,8638.4,8629.769231,8647.430769,8666.730769,8643.8,8642.584615,8619.9,8689.707692,8659.030769,8649.5
623.4883567,8561.484615,8555.7,8550.769231,8536.730769,8541.630769,8537.7,8543.584615,8539.2,8487.407692,8528.530769,8529.2
623.6830587,8560.684615,8503.9,8579.969231,8570.830769,8581.930769,8543.4,8581.884615,8576.2,8562.907692,8576.530769,8570.7
623.8777464,8384.984615,8433.9,8435.269231,8473.230769,8415.730769,8440.5,8448.484615,8462.8,8428.407692,8429.630769,8406
624.0724196,8461.584615,8497.7,8482.769231,8432.830769,8459.930769,8489.1,8467.784615,8466.5,8422.407692,8433.230769,8498.9
624.2670784,8396.584615,8466.9,8378.469231,8462.730769,8438.530769,8403.8,8434.284615,8408.6,8431.307692,8436.530769,8413.5
624.4617228,8332.184615,8380.2,8368.269231,8375.230769,8351.030769,8371.8,8385.384615,8346.5,8390.407692,8382.030769,8353.9
624.6563528,8278.384615,8289.6,8312.069231,8315.730769,8297.130769,8299.1,8321.684615,8345.3,8288.607692,8295.630769,8311.8
624.8509683,8269.384615,8320.4,8328.269231,8306.330769,8311.930769,8349.2,8284.984615,8303.6,8281.607692,8296.530769,8339.5
625.0455695,8216.384615,8229.1,8225.169231,8251.030769,8264.830769,8197.9,8230.384615,8235.4,8235.407692,8241.530769,8202.8
625.2401561,8187.084615,8214.6,8189.169231,8222.030769,8176.830769,8185.2,8177.584615,8195.2,8210.207692,8237.630769,8209.3
625.4347284,8121.384615,8156.2,8132.669231,8113.230769,8111.530769,8156.1,8129.184615,8143.3,8174.407692,8116.230769,8108.8
625.6292862,8091.484615,8106.3,8128.369231,8096.930769,8134.630769,8129.9,8079.884615,8118,8101.407692,8097.630769,8052.8
625.8238296,8007.584615,8067.5,8042.869231,8052.130769,8090.430769,8056.8,8020.584615,8064,8061.107692,8046.130769,8037.4
626.0183586,8012.484615,8034.4,8034.169231,8066.330769,8020.730769,8040.2,8068.784615,8028.5,8027.507692,8051.330769,8052.9
626.2128731,7861.884615,7883.4,7843.269231,7912.930769,7915.030769,7859.9,7903.784615,7863.3,7880.207692,7895.930769,7871.3
626.4073731,7962.884615,7957.8,7936.469231,7939.030769,7958.430769,7956.4,7910.584615,7933.8,7947.507692,7951.630769,7926.7
626.6018588,7837.284615,7851.9,7856.569231,7827.630769,7870.430769,7883.5,7836.984615,7855.5,7834.407692,7828.130769,7875
626.7963299,7865.184615,7874,7882.169231,7866.130769,7880.230769,7881.8,7871.584615,7889.8,7899.007692,7868.530769,7861.3
626.9907867,7856.584615,7854.5,7841.369231,7817.930769,7849.830769,7846.7,7818.584615,7825.4,7810.307692,7843.430769,7796
627.1852289,7773.284615,7760.2,7809.669231,7758.530769,7791.530769,7795.4,7764.884615,7800.6,7758.707692,7742.930769,7736.2
627.3796567,7670.684615,7690,7728.769231,7715.830769,7708.330769,7715.1,7689.984615,7712.1,7710.607692,7725.230769,7718.3
627.5740701,7651.184615,7631.4,7670.869231,7672.030769,7618.630769,7693,7631.784615,7650.4,7648.207692,7685.130769,7659
627.768469,7615.984615,7630.7,7623.669231,7618.130769,7646.730769,7632.6,7610.584615,7633.5,7618.407692,7615.930769,7647.4
627.9628534,7600.984615,7624,7634.569231,7617.330769,7590.830769,7610.1,7617.684615,7589.7,7614.207692,7604.730769,7579.6
628.1572234,7508.684615,7534.1,7521.469231,7501.830769,7490.430769,7530.9,7501.384615,7481.1,7520.307692,7510.730769,7494
628.3515789,7564.884615,7573.3,7547.969231,7553.230769,7545.030769,7538.4,7530.284615,7541.6,7550.507692,7550.230769,7523.6
628.5459199,7392.984615,7429.9,7439.069231,7423.430769,7438.830769,7421.2,7442.184615,7421.4,7445.207692,7389.930769,7446.6
628.7402464,7498.184615,7477.8,7494.969231,7509.430769,7494.430769,7480.9,7477.384615,7487.3,7489.907692,7491.930769,7455.7
628.9345585,7346.684615,7381.2,7410.469231,7354.830769,7369.630769,7372.7,7390.184615,7372.2,7370.107692,7378.530769,7399.1
629.1288561,7351.284615,7361.2,7412.269231,7382.730769,7390.730769,7366.1,7375.384615,7393.6,7365.207692,7374.230769,7368.5
629.3231392,7260.384615,7297.8,7282.269231,7287.630769,7284.630769,7278.7,7301.384615,7282.1,7270.207692,7272.630769,7261.7
629.5174079,7252.584615,7256.7,7271.669231,7277.430769,7241.430769,7269.4,7276.684615,7300.1,7276.107692,7274.530769,7251.5
629.711662,7275.284615,7275.5,7271.169231,7242.330769,7246.730769,7246.9,7257.884615,7255.9,7273.907692,7247.330769,7277.7
629.9059017,7214.284615,7224.6,7227.669231,7220.230769,7207.830769,7189.8,7234.184615,7225.4,7192.307692,7221.530769,7210.1
630.1001269,7086.984615,7125,7051.069231,7075.430769,7101.930769,7092.7,7112.884615,7111.9,7078.407692,7089.030769,7083.3
630.2943375,7124.284615,7137.3,7132.269231,7113.430769,7159.930769,7129.6,7122.584615,7157,7130.707692,7124.030769,7112.2
630.4885337,7061.384615,7063.5,7059.269231,7084.430769,7032.330769,7095.7,7062.384615,7067.3,7079.707692,7050.830769,7083.9
630.6827154,7059.684615,7044.5,7072.569231,7058.230769,7078.530769,7086.3,7074.384615,7093.8,7106.007692,7123.330769,7098.3
630.8768826,6978.784615,6956.4,6966.169231,6975.730769,6969.230769,6956.7,6980.584615,6963,6937.107692,6936.830769,6963.3
631.0710353,6921.984615,6922.9,6963.369231,6940.730769,6973.830769,6916.2,6914.184615,6922.3,6926.607692,6900.830769,6902.3
631.2651735,7001.584615,6972.1,6955.469231,6973.630769,6971.630769,6974.1,6997.084615,6955.4,6959.107692,6959.030769,6950.2
631.4592972,6890.784615,6892.7,6919.369231,6894.330769,6866.530769,6849.4,6897.584615,6869.2,6901.007692,6883.430769,6862.7
631.6534063,6860.884615,6846.9,6846.469231,6864.430769,6872.330769,6854.5,6854.484615,6843.2,6903.307692,6800.730769,6836.1
631.847501,6831.084615,6817.8,6838.969231,6810.730769,6818.130769,6810,6813.684615,6827.9,6832.307692,6862.930769,6820.3
632.0415811,6787.384615,6799.5,6766.669231,6776.230769,6748.330769,6758.9,6766.084615,6731.4,6794.507692,6756.130769,6753.2
632.2356468,6763.484615,6770,6795.069231,6757.230769,6783.530769,6766.5,6770.584615,6757.7,6793.107692,6772.730769,6766.4
632.4296979,6654.784615,6714.6,6667.269231,6673.530769,6685.430769,6692,6690.784615,6652.4,6686.707692,6687.830769,6666.4
632.6237345,6691.084615,6729.1,6725.169231,6725.230769,6715.130769,6699.5,6722.784615,6702.9,6731.607692,6687.530769,6703.6
632.8177565,6580.084615,6645.5,6641.669231,6660.130769,6657.430769,6643.8,6639.084615,6674.8,6631.507692,6653.630769,6653.3
633.0117641,6542.284615,6539.9,6585.169231,6550.330769,6575.530769,6585.5,6563.584615,6577.5,6580.307692,6590.630769,6578.5
633.2057571,6576.084615,6575.1,6584.569231,6574.730769,6558.530769,6563.1,6580.084615,6547.6,6576.107692,6543.130769,6537.3
633.3997355,6541.484615,6546.4,6550.869231,6554.930769,6549.230769,6555.1,6572.284615,6537.6,6585.007692,6552.230769,6529.9
633.5936995,6476.284615,6506.3,6483.769231,6481.130769,6450.530769,6479.7,6489.284615,6458.1,6505.407692,6474.630769,6464.8
633.7876489,6500.284615,6505.5,6486.069231,6453.330769,6461.030769,6491,6438.184615,6480.8,6454.907692,6473.130769,6467.8
633.9815838,6418.284615,6440.4,6437.969231,6456.330769,6454.130769,6430,6481.784615,6423.5,6435.507692,6447.130769,6454.2
634.1755041,6388.584615,6416.7,6393.469231,6410.930769,6395.830769,6406.2,6424.984615,6410.1,6425.307692,6410.630769,6385.1
634.3694099,6359.284615,6317.6,6371.269231,6378.130769,6356.030769,6345.1,6368.484615,6369.5,6367.907692,6358.230769,6359.9
634.5633011,6345.184615,6366.4,6360.269231,6348.330769,6335.530769,6316.1,6346.284615,6327.9,6339.707692,6364.830769,6348.8
634.7571778,6296.884615,6317.9,6298.969231,6283.630769,6305.430769,6290.2,6319.784615,6301.9,6291.607692,6269.630769,6343.5
634.95104,6293.584615,6312.3,6281.869231,6315.030769,6295.330769,6284.2,6290.584615,6284.7,6280.807692,6270.330769,6293.7
635.1448876,6238.484615,6260.8,6261.769231,6239.630769,6211.230769,6251.7,6252.284615,6254.4,6197.307692,6229.930769,6253.8
635.3387206,6249.184615,6217.4,6257.269231,6227.630769,6221.430769,6234.8,6227.584615,6218.7,6242.007692,6217.230769,6217.2
635.5325391,6161.784615,6127.9,6140.369231,6160.030769,6163.330769,6164.1,6132.484615,6192.5,6122.907692,6164.430769,6155.7
635.726343,6152.684615,6128.1,6151.069231,6167.030769,6136.030769,6136.7,6130.684615,6167.4,6156.707692,6146.730769,6142.6
635.9201323,6025.484615,6077,6070.969231,6062.930769,6056.230769,6053,6035.084615,6028.8,6082.207692,6058.830769,6066.6
636.1139071,6090.284615,6092,6075.969231,6096.130769,6082.830769,6075,6059.384615,6061,6080.407692,6109.230769,6065.7
636.3076674,6014.384615,6068.1,6039.869231,6037.630769,5996.630769,6037.1,6015.284615,6015.7,6040.807692,6060.530769,6005
636.501413,6010.484615,6028.9,6038.069231,5990.630769,5994.130769,6038.8,6019.084615,6005.8,5998.207692,5998.130769,5991.9
636.6951441,5962.784615,5972.8,5997.069231,5986.730769,5987.030769,5956.2,5990.284615,5974.4,6018.507692,5969.330769,5990.6
636.8888606,5912.384615,5941.6,5941.069231,5901.830769,5906.330769,5927.7,5923.684615,5914.4,5916.407692,5935.530769,5955
637.0825625,5887.784615,5860.6,5881.169231,5887.630769,5880.030769,5878.5,5894.184615,5901.6,5861.607692,5870.130769,5862.1
637.2762499,5868.284615,5868.3,5855.469231,5879.430769,5846.130769,5850.7,5863.184615,5858.5,5859.107692,5863.830769,5854
637.4699227,5836.784615,5848.2,5835.269231,5848.830769,5859.330769,5852.3,5863.884615,5847.5,5828.307692,5854.830769,5838.7
637.6635808,5826.984615,5824.3,5804.469231,5815.830769,5826.330769,5828.6,5800.184615,5807.1,5816.207692,5809.930769,5784.5
637.8572244,5767.384615,5800.1,5782.069231,5794.530769,5765.830769,5833.9,5820.284615,5801.9,5814.707692,5786.330769,5791.3
638.0508535,5741.784615,5759.4,5766.969231,5745.830769,5759.430769,5727.7,5771.684615,5756.1,5770.707692,5755.830769,5775.3
638.2444679,5727.984615,5697,5704.369231,5697.530769,5699.630769,5729.6,5716.184615,5727.6,5712.907692,5698.030769,5716.5
638.4380677,5670.184615,5697.9,5661.469231,5701.430769,5712.330769,5700.3,5684.584615,5697.4,5659.007692,5687.730769,5660.5
638.6316529,5661.484615,5646.5,5657.069231,5675.230769,5641.130769,5633.2,5644.984615,5674.1,5632.107692,5654.230769,5647.1
638.8252236,5558.984615,5598.5,5606.469231,5589.430769,5615.930769,5570,5581.884615,5620.1,5604.607692,5586.130769,5580.7
639.0187796,5565.584615,5598.7,5581.869231,5585.630769,5575.630769,5598.3,5566.084615,5570.6,5604.507692,5554.930769,5558.9
639.212321,5557.084615,5559,5563.469231,5546.030769,5555.830769,5545.8,5540.484615,5537.5,5552.607692,5572.630769,5527
639.4058478,5540.884615,5545.7,5516.169231,5524.130769,5528.130769,5517.6,5538.984615,5533.6,5556.207692,5538.230769,5546.1
639.5993601,5513.484615,5492.7,5480.369231,5495.230769,5463.530769,5494.8,5496.484615,5503.2,5522.607692,5461.030769,5490.3
639.7928577,5472.584615,5498.6,5504.569231,5492.830769,5478.430769,5490.5,5516.884615,5512.6,5473.207692,5465.530769,5500.2
639.9863407,5364.184615,5406.9,5378.769231,5404.030769,5377.130769,5361.7,5355.284615,5356.4,5401.407692,5397.330769,5399.5
640.179809,5425.184615,5413.5,5432.569231,5412.130769,5426.430769,5439.6,5430.384615,5393.2,5423.307692,5449.230769,5412
640.3732628,5400.684615,5385.8,5365.369231,5388.530769,5375.730769,5396.5,5383.684615,5388.3,5384.107692,5399.330769,5393.2
640.5667019,5302.284615,5329.5,5298.369231,5304.630769,5336.730769,5296.4,5327.184615,5308.4,5279.207692,5321.930769,5326.3
640.7601264,5319.684615,5340.8,5329.369231,5331.830769,5324.430769,5316.6,5326.184615,5321.8,5323.707692,5328.330769,5304.2
640.9535363,5260.184615,5276.1,5280.069231,5253.430769,5274.930769,5263.7,5269.784615,5253.5,5270.807692,5277.330769,5237.6
641.1469316,5208.684615,5227.3,5215.069231,5230.230769,5258.230769,5215.1,5261.384615,5223.6,5231.007692,5229.130769,5224.8
641.3403122,5209.484615,5220.9,5233.769231,5220.330769,5218.430769,5212.8,5228.684615,5218.1,5215.407692,5231.730769,5208.1
641.5336782,5205.984615,5209,5184.569231,5218.530769,5236.530769,5197.4,5205.884615,5181.2,5198.607692,5187.530769,5211.3
641.7270296,5160.884615,5145.6,5183.569231,5177.630769,5186.130769,5148.6,5163.684615,5175.9,5191.307692,5155.230769,5186.4
641.9203663,5173.684615,5142.6,5141.569231,5169.730769,5140.530769,5157.2,5147.984615,5155.3,5166.107692,5138.630769,5151.1
642.1136884,5102.484615,5096.4,5109.869231,5098.230769,5102.730769,5098.4,5087.884615,5121.1,5119.007692,5071.730769,5094.1
642.3069958,5101.184615,5062.1,5100.069231,5094.030769,5068.330769,5083.3,5101.484615,5103.2,5100.107692,5122.430769,5111.8
642.5002886,5041.384615,5063.5,5020.369231,5046.930769,5057.330769,5057.6,5050.784615,5037.3,5073.807692,5048.430769,5068.1
642.6935668,4967.884615,4987.3,4983.969231,4958.930769,4974.330769,4988.2,4952.284615,4961.5,4980.507692,4949.330769,4963.8
642.8868303,4978.184615,4987,4949.769231,4988.830769,4988.230769,4987.7,4974.584615,4947.7,4972.807692,4967.530769,4928.5
643.0800791,4954.884615,4991.5,5002.569231,4998.630769,4969.630769,5007.8,5012.084615,4994.9,4993.907692,4972.630769,5030.3
643.2733133,4948.884615,4959.5,4950.569231,4981.330769,4939.230769,4913,4942.284615,4959.5,4947.107692,4978.530769,4930.4
643.4665329,4889.284615,4925.1,4915.369231,4877.730769,4921.630769,4908.9,4909.384615,4918.7,4931.507692,4909.530769,4919.5
643.6597377,4867.684615,4875.8,4880.369231,4897.930769,4870.530769,4890.7,4916.284615,4889.9,4871.407692,4880.230769,4861.6
643.852928,4845.284615,4840.3,4865.569231,4871.330769,4840.530769,4848.5,4828.884615,4867.3,4825.907692,4835.230769,4837.9
644.0461035,4800.384615,4803.8,4826.569231,4785.830769,4809.130769,4795.8,4796.584615,4788.3,4794.107692,4775.230769,4790.7
644.2392644,4788.184615,4814.2,4806.769231,4799.730769,4807.530769,4807.1,4814.984615,4801.4,4827.507692,4808.830769,4787.3
644.4324106,4786.784615,4760.2,4769.069231,4775.130769,4768.430769,4786.1,4786.984615,4751.3,4766.007692,4795.330769,4745.9
644.6255422,4700.884615,4700.7,4743.069231,4730.430769,4740.930769,4692.1,4758.884615,4735,4743.107692,4758.930769,4743.7
644.8186591,4717.384615,4698.2,4713.269231,4713.730769,4681.530769,4726.5,4690.884615,4709.2,4703.707692,4707.130769,4705.8
645.0117613,4672.584615,4691.1,4690.069231,4706.230769,4688.130769,4711.6,4681.584615,4667.5,4693.207692,4677.530769,4672.7
645.2048488,4650.184615,4685.6,4699.069231,4641.730769,4691.430769,4698.3,4676.584615,4666.1,4656.007692,4679.430769,4664.8
645.3979216,4625.784615,4605.4,4662.269231,4630.530769,4650.530769,4647.4,4652.884615,4623.7,4639.807692,4628.430769,4665.8
645.5909798,4581.084615,4582.4,4577.869231,4595.230769,4591.030769,4589.6,4579.484615,4619,4596.707692,4593.430769,4596.8
645.7840232,4579.184615,4588.6,4597.269231,4592.030769,4567.730769,4594.8,4608.784615,4587.6,4597.607692,4608.830769,4601
645.977052,4523.884615,4551,4515.269231,4515.030769,4535.130769,4513.1,4510.484615,4521.6,4517.207692,4561.130769,4506.9
646.1700661,4535.684615,4567.3,4535.069231,4525.130769,4529.930769,4508.4,4554.484615,4536.5,4534.707692,4533.330769,4505.2
646.3630655,4472.784615,4507.7,4487.769231,4461.630769,4471.030769,4471.4,4470.084615,4494.4,4465.007692,4484.230769,4470.7
646.5560502,4434.684615,4450.4,4432.069231,4434.930769,4443.130769,4448.8,4446.884615,4426.9,4418.407692,4447.230769,4456.4
646.7490202,4456.084615,4450.2,4453.769231,4435.630769,4451.430769,4468.2,4451.284615,4454.7,4465.207692,4477.830769,4469.7
646.9419755,4427.884615,4429,4434.869231,4436.230769,4419.230769,4441.4,4410.984615,4461.1,4440.507692,4424.330769,4420.5
647.1349162,4387.284615,4398.5,4389.469231,4378.630769,4356.930769,4356.9,4375.684615,4379.4,4393.107692,4376.830769,4355.1
647.3278421,4346.884615,4375.2,4379.469231,4339.230769,4337.030769,4354.7,4354.584615,4355.4,4374.707692,4365.530769,4353.4
647.5207532,4347.984615,4345.1,4347.269231,4367.630769,4362.530769,4333.8,4326.584615,4368.6,4357.807692,4350.030769,4335.4
647.7136497,4265.684615,4272.2,4263.669231,4275.730769,4250.130769,4246.1,4285.884615,4241.8,4264.107692,4261.530769,4270.8
647.9065315,4290.084615,4330.8,4306.069231,4302.030769,4285.730769,4290.5,4285.484615,4287.2,4298.107692,4288.930769,4288.5
648.0993986,4255.684615,4272.3,4232.569231,4257.830769,4263.130769,4260,4273.184615,4286.3,4248.407692,4284.230769,4271.4
648.2922509,4245.484615,4269.3,4272.369231,4246.430769,4242.230769,4239.2,4250.084615,4261.9,4255.707692,4262.330769,4260.4
648.4850885,4205.084615,4235.7,4225.669231,4203.130769,4207.630769,4218.2,4230.184615,4204.6,4236.807692,4216.230769,4195.8
648.6779114,4177.084615,4185.5,4170.569231,4167.030769,4180.330769,4172.1,4195.584615,4176.2,4166.807692,4169.930769,4178.2
648.8707196,4146.784615,4162.1,4175.369231,4167.130769,4160.530769,4151.5,4138.484615,4129.6,4147.307692,4186.630769,4194.3
649.063513,4093.284615,4137.3,4135.969231,4116.630769,4120.030769,4109.7,4101.584615,4142.9,4146.307692,4112.130769,4132.3
649.2562917,4120.984615,4160.4,4122.269231,4124.830769,4124.330769,4163.7,4139.384615,4137.4,4131.207692,4142.230769,4129.9
649.4490557,4105.184615,4095.6,4097.669231,4070.730769,4092.730769,4100.6,4076.284615,4063.1,4103.507692,4109.130769,4095.4
649.641805,4060.784615,4057.8,4066.669231,4080.930769,4076.830769,4068.5,4056.684615,4045.7,4077.507692,4089.830769,4044
649.8345395,3998.484615,3997.7,4001.569231,4036.030769,4021.830769,4012.6,4025.484615,4034.8,4028.907692,4018.530769,4013.9
650.0272593,3988.884615,4029.8,4039.969231,4006.330769,4010.130769,4024.3,4007.984615,4005.5,3985.207692,4014.730769,4030.3
650.2199643,3974.384615,4006.3,3963.569231,3945.930769,3967.730769,3991.6,3984.684615,4014,3968.807692,3988.130769,3962.2
650.4126546,3955.884615,3946.1,3947.469231,3961.330769,3948.830769,3961.7,3950.084615,3952.1,3937.807692,3960.130769,3957.4
650.6053301,3941.384615,3942.7,3941.169231,3922.430769,3939.130769,3924.1,3938.084615,3944,3958.507692,3936.230769,3943.9
650.7979909,3912.684615,3903.4,3941.469231,3940.630769,3936.130769,3909.3,3906.784615,3929.2,3912.507692,3930.530769,3916.4
650.990637,3876.684615,3863.2,3851.169231,3858.230769,3875.230769,3880.1,3887.884615,3862.5,3880.307692,3883.430769,3859.8
651.1832683,3885.184615,3862,3877.969231,3876.330769,3872.930769,3869.5,3861.484615,3868.5,3878.707692,3884.930769,3873.5
651.3758848,3814.684615,3828.1,3855.169231,3830.230769,3821.930769,3796.2,3833.184615,3823.6,3824.607692,3831.630769,3796.9
651.5684866,3820.484615,3803.9,3814.769231,3848.630769,3819.430769,3835.3,3807.284615,3865.9,3833.507692,3809.230769,3825.5
651.7610736,3781.284615,3779.2,3779.469231,3801.130769,3786.030769,3776.5,3779.984615,3785.3,3784.207692,3804.730769,3793.7
651.9536459,3767.984615,3779.8,3782.269231,3744.330769,3753.830769,3767.1,3760.684615,3785.5,3772.307692,3784.130769,3754.1
652.1462034,3733.084615,3735,3720.169231,3762.330769,3754.130769,3746.1,3740.584615,3743.4,3740.407692,3724.130769,3725
652.3387461,3731.584615,3723.8,3722.769231,3708.430769,3734.030769,3735.2,3727.284615,3727,3749.707692,3710.830769,3732.1
652.531274,3692.684615,3721.7,3720.869231,3692.630769,3724.830769,3710.7,3687.084615,3695,3706.407692,3705.930769,3705.6
652.7237872,3633.084615,3680.5,3686.469231,3653.130769,3661.230769,3638.6,3649.084615,3658.3,3665.307692,3669.630769,3644.9
652.9162856,3590.684615,3613.3,3617.169231,3596.530769,3597.430769,3613.6,3617.384615,3599.4,3623.707692,3607.230769,3624.3
653.1087692,3616.384615,3641.3,3662.869231,3650.230769,3624.830769,3646.7,3625.284615,3642.6,3625.907692,3634.930769,3627.5
653.3012381,3595.984615,3633.5,3603.769231,3599.030769,3609.530769,3591.4,3600.384615,3607,3610.707692,3642.030769,3621.8
653.4936922,3598.784615,3609.2,3610.969231,3573.630769,3595.630769,3590.6,3606.384615,3604,3609.707692,3603.930769,3610.3
653.6861314,3512.284615,3530.3,3519.569231,3523.430769,3544.830769,3514.8,3524.684615,3524.8,3507.907692,3540.830769,3522.8
653.8785559,3557.884615,3569.8,3550.169231,3568.530769,3552.430769,3538,3561.784615,3560.7,3545.207692,3542.730769,3556.6
654.0709656,3504.884615,3515,3516.169231,3521.730769,3499.230769,3517.7,3515.684615,3494,3508.707692,3516.930769,3517.1
654.2633605,3478.784615,3462.7,3484.669231,3480.230769,3476.330769,3462.3,3474.884615,3470.7,3485.807692,3491.030769,3505.2
654.4557406,3469.384615,3491.7,3490.369231,3501.430769,3489.430769,3476.1,3489.884615,3460.5,3493.907692,3490.530769,3505.9
654.648106,3447.184615,3470.1,3477.169231,3476.230769,3471.530769,3467.7,3495.484615,3472.1,3453.607692,3463.730769,3447.1
654.8404565,3416.184615,3398.6,3402.269231,3418.130769,3428.030769,3407.3,3401.284615,3401.8,3382.407692,3418.630769,3401.9
655.0327922,3394.284615,3408.5,3393.969231,3410.230769,3405.630769,3409.7,3404.184615,3394,3401.107692,3388.630769,3411.1
655.2251131,3392.584615,3368.2,3389.269231,3391.230769,3370.130769,3376,3357.484615,3389.8,3402.507692,3392.330769,3378.4
655.4174192,3364.384615,3363.9,3361.669231,3358.530769,3369.530769,3345.6,3354.684615,3369.3,3369.607692,3353.230769,3378.4
655.6097105,3335.184615,3336,3349.369231,3372.630769,3380.430769,3349.2,3339.584615,3367.4,3356.607692,3346.230769,3337.1
655.801987,3330.184615,3345.9,3321.069231,3324.130769,3296.330769,3328,3335.284615,3333.5,3329.907692,3319.630769,3318.2
655.9942487,3291.684615,3290.1,3284.269231,3274.330769,3269.230769,3301.2,3263.284615,3276.6,3283.907692,3305.530769,3265.4
656.1864955,3286.284615,3282.7,3306.669231,3309.930769,3294.230769,3294.2,3317.784615,3292.1,3312.807692,3309.530769,3306.7
656.3787276,3227.284615,3255.7,3260.069231,3259.430769,3249.030769,3250.4,3254.384615,3257,3242.207692,3245.730769,3249.8
656.5709448,3252.784615,3255.5,3254.469231,3268.030769,3266.530769,3254.1,3239.284615,3236.3,3245.407692,3260.330769,3254
656.7631472,3210.084615,3209.4,3222.569231,3170.930769,3207.130769,3204.9,3200.784615,3204.6,3189.607692,3222.930769,3226.5
656.9553348,3172.984615,3181.8,3195.369231,3200.830769,3177.830769,3204.5,3169.184615,3189.6,3180.407692,3192.730769,3191.6
657.1475075,3197.484615,3198.9,3186.969231,3193.130769,3200.230769,3179.7,3171.784615,3169,3154.807692,3187.930769,3199.9
657.3396654,3131.984615,3161.7,3137.369231,3152.530769,3141.030769,3130.9,3147.784615,3144.5,3156.607692,3167.230769,3141.2
657.5318085,3116.684615,3105.3,3106.369231,3113.430769,3120.330769,3134,3125.084615,3121,3122.107692,3105.130769,3125.9
657.7239367,3101.784615,3092.4,3094.769231,3091.130769,3089.330769,3103.9,3087.284615,3107.9,3116.007692,3107.130769,3059.9
657.9160501,3093.684615,3126.3,3093.669231,3104.830769,3095.730769,3110,3108.584615,3081.2,3089.707692,3111.830769,3085.3
658.1081487,3068.184615,3066.1,3072.169231,3086.530769,3061.530769,3076.1,3076.184615,3088,3071.007692,3054.530769,3087.5
658.3002324,3057.584615,3047.1,3055.169231,3028.930769,3040.730769,3061.8,3060.484615,3027.2,3056.107692,3077.230769,3023.2
658.4923013,3047.584615,3028.1,3029.269231,3036.230769,3041.430769,3049.2,3035.084615,3036.5,3031.107692,3025.630769,3029.5
658.6843553,3006.684615,2998,2992.169231,3004.230769,3012.630769,2997.5,2964.984615,2987.2,3012.607692,3001.730769,2979.4
658.8763945,2954.084615,2988.9,2970.469231,2980.930769,2993.930769,2982.1,2972.184615,2981.5,2981.307692,3011.630769,3001.7
659.0684188,2974.884615,2982.9,2985.869231,2967.430769,2973.830769,2974.9,2972.984615,2974.5,2962.807692,2991.730769,2978.7
659.2604283,2949.984615,2941.7,2960.669231,2974.230769,2951.130769,2946.4,2970.384615,2947.4,2936.307692,2953.130769,2931.8
659.4524229,2944.584615,2935.7,2958.369231,2928.530769,2961.230769,2918.2,2929.284615,2934.4,2947.707692,2937.630769,2954.7
659.6444026,2939.784615,2933.7,2923.869231,2912.830769,2928.330769,2903.3,2925.884615,2895.8,2925.607692,2931.030769,2930.2
659.8363675,2890.084615,2868.6,2900.369231,2869.230769,2884.530769,2887.6,2864.784615,2881.1,2867.507692,2893.130769,2875.8
660.0283175,2917.784615,2894.7,2882.769231,2883.130769,2893.130769,2884.7,2912.984615,2904.7,2904.907692,2890.730769,2886.4
660.2202527,2853.884615,2839.2,2854.369231,2835.630769,2834.730769,2855.9,2855.684615,2853.2,2841.007692,2845.330769,2831.4
660.412173,2835.884615,2831.8,2868.069231,2835.730769,2818.630769,2838.7,2825.584615,2834.7,2821.507692,2821.930769,2831.1
660.6040784,2802.684615,2821.4,2799.069231,2792.530769,2790.730769,2780,2813.384615,2792.1,2804.207692,2809.830769,2790.7
660.7959689,2789.784615,2819.4,2822.269231,2797.530769,2774.830769,2805.3,2814.584615,2813.3,2814.307692,2799.730769,2801.3
660.9878446,2777.584615,2785,2784.369231,2770.930769,2782.030769,2757.5,2783.684615,2778.6,2784.407692,2776.930769,2782.9
661.1797054,2746.684615,2758.6,2760.269231,2769.930769,2755.430769,2755.1,2782.384615,2729.2,2753.107692,2739.330769,2733.5
661.3715513,2734.584615,2752.6,2721.969231,2721.530769,2749.230769,2730.8,2708.584615,2731.8,2721.807692,2721.630769,2716.3
661.5633823,2751.684615,2732.5,2729.569231,2735.130769,2741.330769,2731.6,2726.084615,2749.6,2732.207692,2747.730769,2749.4
661.7551985,2706.584615,2706,2726.569231,2693.830769,2680.030769,2700.2,2677.384615,2688.4,2707.907692,2713.730769,2720
661.9469997,2713.284615,2717.8,2726.969231,2704.130769,2691.130769,2713.8,2690.784615,2706.1,2708.007692,2688.230769,2691.5
662.1387861,2655.684615,2667.4,2695.969231,2688.830769,2676.930769,2650.8,2669.884615,2706.2,2669.607692,2675.330769,2675.4
662.3305575,2639.584615,2657.3,2624.669231,2669.630769,2641.430769,2656.5,2652.484615,2630.7,2646.507692,2650.230769,2629.5
662.5223141,2614.784615,2616.6,2625.369231,2606.430769,2618.230769,2628,2644.784615,2599.5,2636.307692,2633.530769,2609.3
662.7140558,2619.184615,2603.2,2621.169231,2621.130769,2598.330769,2602.7,2606.984615,2607.4,2633.707692,2614.330769,2606.5
662.9057825,2592.284615,2618.5,2592.169231,2612.830769,2601.330769,2566.1,2622.184615,2588.6,2602.507692,2602.030769,2616.2
663.0974944,2593.084615,2588.8,2582.269231,2584.830769,2592.030769,2587.2,2604.384615,2590.6,2582.707692,2594.930769,2596.9
663.2891913,2561.784615,2528.4,2572.569231,2561.330769,2564.830769,2547.6,2576.384615,2571.6,2598.507692,2569.730769,2547.2
663.4808734,2531.784615,2552.3,2524.769231,2533.830769,2560.630769,2521.1,2524.284615,2563,2533.107692,2544.430769,2541
663.6725405,2524.984615,2541.2,2536.169231,2525.830769,2551.930769,2535.5,2512.384615,2553.4,2537.407692,2535.230769,2543.3
663.8641927,2485.384615,2477.9,2477.369231,2496.130769,2501.530769,2511,2490.184615,2491.5,2499.507692,2498.130769,2493.2
664.0558301,2478.184615,2494.8,2477.769231,2494.230769,2493.230769,2514.9,2493.784615,2485.9,2491.407692,2495.330769,2487.5
664.2474525,2482.484615,2497.5,2482.769231,2491.030769,2475.130769,2478.2,2483.884615,2485.9,2484.707692,2480.130769,2484.4
664.4390599,2429.184615,2407.8,2453.169231,2427.730769,2404.430769,2437.6,2427.784615,2463,2449.907692,2431.030769,2437
664.6306525,2457.384615,2433.8,2445.169231,2446.830769,2449.030769,2444.7,2444.684615,2460.1,2454.407692,2468.930769,2453.1
664.8222301,2449.984615,2415.7,2412.769231,2437.030769,2438.530769,2424.5,2425.684615,2422.5,2429.007692,2421.130769,2406
665.0137928,2398.784615,2427.1,2423.069231,2422.330769,2416.130769,2396.3,2423.384615,2434.6,2415.507692,2433.130769,2410.4
665.2053406,2402.084615,2403.1,2400.869231,2406.730769,2375.130769,2383.6,2388.384615,2406.2,2391.807692,2393.130769,2396
665.3968734,2373.484615,2383.3,2379.169231,2371.130769,2344.630769,2371.4,2382.184615,2387,2385.407692,2375.230769,2382.7
665.5883913,2341.584615,2361.3,2374.069231,2368.630769,2375.130769,2370.7,2357.284615,2369.8,2374.707692,2350.230769,2365.2
665.7798943,2345.984615,2342.1,2363.269231,2343.030769,2329.330769,2342,2337.684615,2373.2,2363.707692,2366.030769,2360.7
665.9713823,2320.684615,2317.3,2329.469231,2335.230769,2337.330769,2321.1,2308.984615,2312.5,2341.007692,2336.930769,2319.3
666.1628554,2340.484615,2328.8,2324.369231,2312.730769,2333.730769,2327.1,2316.884615,2307,2315.107692,2317.330769,2327.9
666.3543135,2296.084615,2317.6,2304.669231,2304.830769,2325.630769,2285.7,2285.384615,2302.8,2314.807692,2317.430769,2317.5
666.5457567,2302.284615,2280.6,2305.769231,2322.130769,2298.630769,2314.2,2297.784615,2265.2,2262.907692,2286.330769,2280.3
666.7371849,2257.684615,2274.7,2273.269231,2262.930769,2257.430769,2264.8,2262.584615,2266.7,2258.107692,2268.930769,2255.6
666.9285982,2267.984615,2260.9,2293.769231,2264.730769,2252.430769,2252,2244.984615,2270.3,2240.807692,2258.530769,2262.5
667.1199966,2256.584615,2268.5,2259.369231,2239.730769,2237.130769,2255,2238.184615,2231.4,2254.707692,2235.230769,2268.6
667.3113799,2209.884615,2228.4,2220.969231,2231.330769,2223.130769,2217,2218.284615,2232.4,2244.307692,2236.530769,2236.8
667.5027484,2205.884615,2225.2,2175.569231,2186.630769,2211.530769,2192.1,2192.384615,2194.6,2214.207692,2191.730769,2198.2
667.6941018,2216.284615,2205.4,2191.369231,2175.330769,2198.930769,2197,2206.384615,2211.3,2181.107692,2202.230769,2201.9
667.8854403,2166.484615,2182.2,2160.769231,2160.730769,2181.230769,2170.1,2167.184615,2150.7,2175.507692,2177.630769,2164.8
668.0767638,2175.384615,2167,2166.869231,2131.330769,2171.530769,2171,2151.684615,2153.2,2167.807692,2178.330769,2153.2
668.2680724,2150.184615,2156.3,2143.569231,2132.530769,2152.730769,2156.5,2150.184615,2154,2149.707692,2148.630769,2123.5
668.459366,2119.784615,2135.1,2145.969231,2141.030769,2124.130769,2142.7,2140.784615,2130.8,2119.207692,2157.630769,2156.8
668.6506446,2120.784615,2118.7,2131.469231,2125.430769,2108.730769,2117.8,2125.684615,2134,2130.807692,2116.730769,2123.9
668.8419082,2098.084615,2116.3,2103.569231,2103.130769,2102.930769,2091.6,2111.684615,2098.1,2117.107692,2104.930769,2098.7
669.0331569,2108.884615,2095.9,2085.069231,2068.230769,2097.430769,2099.6,2105.384615,2087.5,2099.807692,2101.730769,2111.5
669.2243906,2064.684615,2076.5,2071.769231,2088.730769,2069.830769,2062.5,2084.084615,2066.3,2063.007692,2066.730769,2075
669.4156093,2080.684615,2095.2,2077.369231,2067.630769,2068.630769,2074.5,2072.184615,2086.1,2058.707692,2068.630769,2085.2
669.606813,2056.084615,2063.9,2023.969231,2059.730769,2050.030769,2054.4,2032.084615,2044.8,2039.707692,2057.430769,2049.1
669.7980017,2038.384615,2036.1,2029.169231,2040.430769,2044.830769,2024,2034.484615,2010.4,2045.407692,2031.930769,2036.4
669.9891754,2012.584615,2031.6,2023.769231,2040.330769,2036.830769,2043.8,2052.484615,2034.1,2039.007692,2043.330769,2027.9
670.1803342,2018.584615,2007.2,2009.669231,2006.830769,2009.330769,2010.6,2021.284615,2012.5,2011.207692,2019.930769,2017.3
670.3714779,1978.384615,1992.7,2001.569231,1975.330769,1995.730769,1971.9,1991.384615,1994.2,1984.407692,1985.730769,1985.3
670.5626067,1996.084615,1974.7,1986.869231,1978.730769,1966.930769,1987.5,1983.584615,1992.2,1988.907692,1966.030769,1968
670.7537204,1967.484615,1982.8,1946.169231,1970.830769,1964.730769,1964.4,1986.284615,1967.1,1973.307692,1965.830769,1969
670.9448192,1941.784615,1933.5,1939.969231,1934.430769,1947.530769,1957.4,1947.184615,1940.1,1945.607692,1952.930769,1946.7
671.1359029,1926.784615,1936.4,1939.469231,1941.030769,1943.430769,1927.4,1937.784615,1946.8,1957.707692,1939.630769,1945.5
671.3269717,1929.384615,1942.3,1923.169231,1939.730769,1932.830769,1913.7,1946.684615,1941.8,1938.707692,1929.630769,1929.6
671.5180254,1902.584615,1902,1924.469231,1908.730769,1901.830769,1895.9,1915.784615,1890.6,1899.507692,1899.730769,1891.4
671.7090641,1881.884615,1889.7,1905.569231,1912.730769,1908.430769,1892.8,1910.984615,1893.4,1897.807692,1907.630769,1904.3
671.9000878,1894.184615,1894.1,1916.669231,1904.930769,1895.530769,1889.5,1910.384615,1933.4,1908.407692,1895.330769,1920.4
672.0910965,1879.684615,1877.1,1875.769231,1869.430769,1858.430769,1873.5,1875.784615,1868.4,1872.107692,1875.330769,1879.1
672.2820901,1880.484615,1865.2,1861.069231,1864.130769,1865.730769,1870.4,1857.884615,1872,1885.507692,1865.130769,1876.8
672.4730688,1823.284615,1840.4,1842.569231,1841.030769,1856.530769,1839.5,1830.084615,1846.7,1826.407692,1844.630769,1823.3
672.6640324,1842.684615,1851.1,1839.169231,1862.730769,1842.330769,1862.4,1842.584615,1857.4,1852.107692,1807.130769,1840.4
672.854981,1806.084615,1825.1,1844.769231,1829.030769,1826.930769,1812.1,1829.284615,1806.8,1820.707692,1834.030769,1816.5
673.0459145,1828.684615,1810,1798.969231,1815.630769,1822.530769,1818.7,1826.684615,1826.8,1807.607692,1807.830769,1813.5
673.2368331,1808.384615,1832.3,1807.869231,1825.030769,1803.630769,1826.5,1812.984615,1826,1825.207692,1832.530769,1817.5
673.4277366,1795.884615,1797.1,1784.169231,1772.930769,1771.630769,1785.3,1805.184615,1796.9,1799.007692,1809.330769,1793.7
673.618625,1769.784615,1782.5,1786.869231,1787.630769,1773.230769,1773.2,1774.484615,1776.8,1776.107692,1780.530769,1782.2
673.8094984,1769.684615,1759.8,1757.269231,1743.330769,1743.730769,1743.6,1758.784615,1745.6,1758.207692,1740.330769,1754.1
674.0003568,1722.884615,1734,1732.969231,1749.630769,1748.430769,1747,1755.484615,1739.3,1741.107692,1751.530769,1746.8
674.1912001,1708.884615,1733.2,1735.569231,1741.830769,1734.330769,1755.7,1759.984615,1749.5,1745.207692,1741.030769,1731.4
674.3820284,1726.184615,1735.4,1738.269231,1744.130769,1722.430769,1721.8,1713.984615,1721,1730.807692,1722.730769,1725.7
674.5728417,1719.884615,1724.5,1719.569231,1710.030769,1713.830769,1710.4,1732.684615,1723.2,1727.007692,1730.030769,1702.9
674.7636399,1685.384615,1702.3,1701.369231,1695.830769,1696.030769,1706.5,1690.984615,1710.4,1711.507692,1709.030769,1686.1
674.954423,1693.184615,1698.5,1703.569231,1694.430769,1700.430769,1685.2,1687.784615,1692.4,1692.507692,1713.930769,1685.6
675.1451911,1681.484615,1667.4,1682.069231,1685.430769,1688.030769,1679.9,1676.584615,1684.1,1684.207692,1670.730769,1669.1
675.3359441,1663.884615,1665.1,1660.469231,1674.430769,1665.530769,1660.7,1660.684615,1676.8,1669.007692,1665.130769,1670.8
675.5266821,1647.884615,1658.8,1671.569231,1644.330769,1652.030769,1654.2,1642.284615,1669.1,1672.707692,1661.130769,1659.6
675.717405,1666.984615,1658,1653.069231,1663.430769,1637.730769,1640.6,1679.284615,1633.6,1646.107692,1667.130769,1664.9
675.9081128,1604.084615,1626.7,1643.469231,1606.030769,1635.130769,1620.9,1637.184615,1636.3,1632.407692,1618.630769,1634.8
676.0988056,1616.284615,1616.9,1614.469231,1615.830769,1612.830769,1620.9,1612.884615,1626,1634.607692,1630.930769,1629.5
676.2894833,1623.184615,1601.6,1614.969231,1605.530769,1597.230769,1612.4,1606.684615,1621.9,1595.407692,1623.530769,1606.6
676.4801459,1600.484615,1618.6,1616.369231,1596.530769,1581.530769,1610,1605.684615,1598.1,1614.307692,1600.730769,1603.1
676.6707934,1567.584615,1601.8,1597.469231,1592.830769,1596.830769,1573.3,1579.384615,1604,1587.007692,1584.930769,1585
676.8614259,1582.284615,1585,1584.869231,1569.530769,1586.430769,1596.5,1586.184615,1565.3,1575.207692,1562.530769,1589.6
677.0520433,1559.084615,1562.5,1557.969231,1564.030769,1561.930769,1545.9,1552.384615,1551.5,1565.307692,1552.630769,1574.3
677.2426456,1554.284615,1550.3,1541.669231,1531.230769,1548.830769,1526.5,1567.384615,1564.3,1550.707692,1542.530769,1555.2
677.4332328,1536.384615,1535.2,1557.869231,1544.530769,1542.330769,1536,1538.584615,1552.9,1542.707692,1546.530769,1557.8
677.623805,1552.184615,1543.6,1526.369231,1536.930769,1527.230769,1522.4,1537.584615,1540.2,1519.407692,1549.830769,1538.9
677.814362,1536.884615,1528.9,1513.569231,1509.030769,1522.330769,1513.6,1527.084615,1530.6,1541.607692,1504.230769,1539.5
678.004904,1537.984615,1501.1,1510.569231,1506.130769,1527.730769,1507.5,1528.684615,1526.9,1506.707692,1530.630769,1520.9
678.1954308,1499.684615,1493.5,1508.269231,1517.630769,1506.030769,1509.6,1524.584615,1486.5,1496.707692,1516.030769,1508.6
678.3859426,1497.084615,1490.8,1474.569231,1492.230769,1501.330769,1490.2,1503.384615,1501.7,1506.607692,1504.230769,1503.1
678.5764393,1475.284615,1481.1,1462.869231,1467.430769,1490.430769,1455.7,1472.084615,1476.4,1483.407692,1496.030769,1471.2
678.7669208,1483.784615,1463.5,1485.369231,1475.930769,1473.930769,1482,1478.484615,1480.2,1484.707692,1459.530769,1470
678.9573873,1464.584615,1473.8,1457.969231,1469.330769,1458.730769,1456.4,1472.584615,1466.9,1444.107692,1463.630769,1459
679.1478387,1468.984615,1444.3,1463.769231,1464.530769,1447.630769,1458.1,1452.384615,1452.8,1475.107692,1461.330769,1461.5
679.3382749,1444.984615,1457.9,1436.969231,1465.230769,1413.130769,1436.2,1439.784615,1430.1,1435.007692,1464.230769,1463.8
679.528696,1442.984615,1444.8,1442.669231,1430.830769,1425.530769,1432.8,1433.484615,1439.7,1444.407692,1428.030769,1436.8
679.7191021,1417.984615,1413.3,1415.169231,1423.130769,1433.330769,1406.2,1427.384615,1422.6,1415.907692,1417.530769,1430.4
679.909493,1421.884615,1420.9,1429.369231,1438.530769,1403.230769,1423.3,1433.684615,1407.1,1406.707692,1417.330769,1421.3
680.0998688,1382.284615,1406,1401.369231,1389.730769,1388.130769,1403.5,1421.284615,1404.8,1405.707692,1411.330769,1406.9
680.2902294,1404.884615,1393.6,1405.569231,1396.530769,1388.530769,1394.8,1420.084615,1393,1405.707692,1373.530769,1420.3
680.480575,1377.084615,1382.2,1393.269231,1391.530769,1382.730769,1376.3,1382.084615,1405.9,1388.707692,1376.330769,1403.6
680.6709054,1356.084615,1356.9,1382.069231,1351.830769,1374.930769,1371.7,1370.884615,1366.8,1388.507692,1388.230769,1362.6
680.8612207,1360.284615,1356.2,1366.269231,1359.530769,1342.130769,1369.3,1357.184615,1356.9,1356.007692,1358.630769,1367.7
681.0515208,1360.584615,1365.1,1359.469231,1372.530769,1369.630769,1335.4,1358.384615,1358.2,1364.307692,1353.830769,1372.8
681.2418058,1339.584615,1333.5,1344.769231,1347.930769,1351.630769,1330.3,1333.184615,1340.2,1349.107692,1340.930769,1344.6
681.4320757,1340.084615,1351.1,1344.869231,1332.330769,1349.330769,1341.3,1320.084615,1351.7,1353.307692,1345.230769,1339.9
681.6223305,1321.584615,1334.7,1328.369231,1317.530769,1317.430769,1335.1,1324.984615,1314.6,1320.807692,1317.130769,1315.6
681.8125701,1320.884615,1325,1328.869231,1292.930769,1302.930769,1315.2,1322.584615,1308.6,1314.507692,1318.830769,1311.1
682.0027946,1314.984615,1308.1,1306.769231,1313.730769,1293.330769,1308.8,1308.084615,1317.1,1308.507692,1319.730769,1325.3
682.1930039,1290.284615,1306.8,1296.969231,1285.530769,1290.530769,1291.6,1294.384615,1296.2,1299.907692,1280.930769,1284.6
682.3831981,1297.484615,1297.8,1310.369231,1304.630769,1291.730769,1297.9,1267.884615,1304.7,1315.307692,1284.130769,1292.6
682.5733771,1294.484615,1283.1,1297.769231,1266.330769,1292.330769,1274,1275.684615,1286.5,1289.307692,1295.930769,1285.7
682.763541,1264.384615,1269.4,1280.969231,1275.330769,1274.330769,1280.6,1271.684615,1260.8,1272.807692,1281.630769,1262.3
682.9536897,1257.784615,1266.9,1254.469231,1272.430769,1254.530769,1283.6,1274.684615,1276.7,1252.407692,1289.030769,1272.6
683.1438232,1253.284615,1251.6,1273.469231,1261.530769,1265.530769,1265,1250.884615,1255.8,1265.007692,1242.930769,1255.3
683.3339416,1252.984615,1242.7,1246.269231,1256.430769,1251.030769,1264.8,1261.684615,1249.7,1232.507692,1233.730769,1252
683.5240449,1251.384615,1226.8,1232.569231,1223.830769,1222.330769,1236.5,1239.484615,1242.7,1246.107692,1243.430769,1247.3
683.714133,1227.484615,1229.5,1229.969231,1237.630769,1222.330769,1255,1214.184615,1228.1,1234.307692,1215.330769,1246.2
683.9042059,1224.884615,1233.3,1220.369231,1214.130769,1216.930769,1209.9,1220.884615,1227.7,1209.707692,1217.830769,1222.2
684.0942636,1232.984615,1214.8,1234.069231,1211.130769,1215.130769,1208.8,1218.684615,1225.2,1231.207692,1216.230769,1205.3
684.2843062,1215.884615,1228.1,1213.769231,1198.830769,1206.030769,1203.5,1204.984615,1198.1,1202.707692,1217.430769,1207.1
684.4743336,1207.584615,1210.5,1218.269231,1200.630769,1199.630769,1191.4,1217.384615,1207.7,1210.307692,1211.730769,1191.9
684.6643458,1198.584615,1181.7,1193.369231,1214.630769,1195.730769,1182.4,1190.384615,1194.3,1185.607692,1207.730769,1189.5
684.8543428,1173.484615,1179.5,1192.469231,1198.630769,1189.530769,1181.8,1199.584615,1203.6,1199.907692,1187.430769,1198.2
685.0443247,1173.884615,1166.6,1187.069231,1165.930769,1172.430769,1177.1,1174.184615,1178.5,1185.707692,1183.630769,1178.4
685.2342914,1162.684615,1150,1164.669231,1179.530769,1154.230769,1154.2,1151.984615,1159.1,1170.007692,1190.530769,1164
685.4242428,1144.884615,1152.6,1172.269231,1179.830769,1148.930769,1173,1165.884615,1170.8,1152.607692,1160.830769,1155
685.6141791,1167.684615,1145.3,1140.269231,1163.330769,1147.730769,1137.3,1159.984615,1140.6,1139.107692,1136.630769,1139.3
685.8041003,1142.684615,1138.3,1152.269231,1146.930769,1126.530769,1135.3,1132.884615,1150.6,1132.407692,1151.730769,1149.3
685.9940062,1133.484615,1122,1137.469231,1138.630769,1129.930769,1131.3,1139.984615,1135.7,1138.807692,1135.130769,1142
686.1838969,1129.484615,1124.1,1130.369231,1125.030769,1128.530769,1134,1155.884615,1147.6,1134.207692,1141.130769,1139.7
686.3737724,1123.684615,1135,1110.869231,1135.030769,1109.230769,1123.7,1122.584615,1143.3,1114.707692,1127.730769,1132.6
686.5636327,1115.284615,1103.3,1096.469231,1111.030769,1110.730769,1115,1111.384615,1109.7,1103.107692,1120.130769,1110.3
686.7534778,1105.584615,1107.8,1107.869231,1109.030769,1104.830769,1092.2,1094.284615,1108.3,1093.307692,1101.130769,1084.3
686.9433077,1089.484615,1094,1095.469231,1085.930769,1099.430769,1099.6,1082.884615,1089,1104.407692,1092.230769,1100.3
687.1331224,1094.584615,1096.5,1083.169231,1083.730769,1105.730769,1088.7,1087.884615,1107.6,1077.207692,1085.030769,1085.3
687.3229219,1081.884615,1097.2,1086.369231,1067.830769,1088.330769,1070.5,1078.284615,1074.7,1081.507692,1078.230769,1081.4
687.5127062,1068.284615,1086.8,1067.369231,1057.530769,1062.030769,1076.4,1090.084615,1060.1,1075.007692,1077.730769,1076.2
687.7024753,1066.784615,1060,1054.469231,1060.430769,1058.430769,1067,1060.984615,1064.6,1061.207692,1052.630769,1076
687.8922291,1047.984615,1044.5,1043.069231,1057.930769,1053.430769,1068.7,1042.084615,1061.9,1051.907692,1058.630769,1052.5
688.0819678,1048.284615,1038.7,1043.369231,1039.730769,1048.630769,1046.3,1063.284615,1051.4,1061.207692,1043.830769,1043.7
688.2716912,1035.484615,1046.3,1042.169231,1036.030769,1028.130769,1043.7,1037.784615,1049.6,1051.307692,1038.030769,1056
688.4613993,1045.684615,1042.7,1033.269231,1051.430769,1050.630769,1035.5,1045.684615,1026.1,1033.407692,1054.530769,1019.2
688.6510923,1018.384615,1032.5,1027.269231,1043.830769,1028.730769,1029.6,1033.484615,1047.2,1025.307692,1045.330769,1040.3
688.84077,1018.784615,1022.9,1030.469231,1031.630769,1014.830769,1012.6,1027.284615,1009.3,1010.207692,1038.430769,1032.5
689.0304325,1018.184615,1019,1014.969231,1016.530769,1009.930769,998.1,1003.384615,1007.5,1009.107692,1000.230769,1012.2
689.2200798,1003.084615,1019,1007.769231,1007.830769,995.2307692,995.9,996.9846154,1008.3,1001.707692,1010.530769,1015.6
689.4097118,1002.484615,1008.7,1000.769231,1008.230769,983.6307692,1001.7,1007.884615,1008.1,992.0076923,1002.530769,1003
689.5993286,995.3846154,1000.5,1011.469231,991.6307692,1004.930769,995,989.8846154,1005.5,1003.107692,1007.030769,977
689.7889301,974.0846154,996.7,1002.069231,1007.430769,990.9307692,992.9,1001.284615,992,991.7076923,984.4307692,1005.3
689.9785164,976.0846154,970,981.4692308,977.7307692,987.2307692,980,982.0846154,994.8,979.2076923,974.7307692,968.3
690.1680874,967.6846154,969.8,968.9692308,979.3307692,970.2307692,981.6,973.9846154,981.6,967.2076923,964.9307692,978.9
690.3576432,973.8846154,957.4,964.6692308,966.8307692,959.0307692,966.2,971.8846154,948.7,964.9076923,966.2307692,970.2
690.5471838,962.4846154,956.3,952.9692308,960.7307692,942.1307692,958.3,967.8846154,968,947.8076923,955.7307692,960.6
690.7367091,962.6846154,953.9,954.8692308,963.4307692,954.3307692,961.2,954.1846154,956.7,974.3076923,964.8307692,959.8
690.9262191,954.9846154,942.9,956.4692308,954.1307692,932.3307692,933.9,958.4846154,948.2,948.0076923,935.8307692,964.3
691.1157139,923.5846154,930.5,927.0692308,930.4307692,943.0307692,926.5,939.6846154,932.3,939.0076923,932.5307692,937.4
691.3051934,933.7846154,937.3,963.1692308,943.8307692,932.4307692,955.7,949.5846154,933,946.8076923,943.8307692,940.4
691.4946576,923.6846154,915.6,933.4692308,934.5307692,930.1307692,923.9,926.2846154,932.6,928.2076923,933.1307692,941.4
691.6841066,925.9846154,911.5,937.1692308,916.5307692,906.5307692,910.5,939.4846154,934.8,913.2076923,913.9307692,927.2
691.8735403,929.5846154,917.7,931.6692308,931.8307692,911.5307692,917.1,932.1846154,940.2,927.8076923,924.7307692,927.1
692.0629588,910.7846154,907.6,907.8692308,899.7307692,906.7307692,922,898.2846154,892.4,893.5076923,912.1307692,894.7
692.252362,893.1846154,906.3,893.0692308,900.6307692,899.3307692,897.8,901.2846154,904.4,905.3076923,900.4307692,911
692.4417499,891.3846154,898.6,897.2692308,899.2307692,892.3307692,897.5,911.5846154,907.6,908.1076923,911.5307692,890.9
692.6311225,886.6846154,900.9,890.9692308,872.4307692,879.5307692,870.4,877.0846154,879,901.3076923,903.5307692,902.8
692.8204798,874.7846154,870.9,880.7692308,876.1307692,878.4307692,875.6,895.4846154,891.6,895.6076923,885.9307692,881.5
693.0098219,870.9846154,879.7,876.5692308,869.3307692,885.1307692,884,867.1846154,873.1,875.9076923,871.2307692,872.7
693.1991486,877.7846154,874.8,851.2692308,881.1307692,877.6307692,882.4,879.3846154,858.4,866.0076923,868.3307692,874.5
693.3884601,862.8846154,857.6,862.3692308,863.1307692,844.2307692,848.2,851.9846154,864.3,867.5076923,873.1307692,858
693.5777563,866.3846154,866.6,857.8692308,846.6307692,840.6307692,850.4,861.6846154,866.6,864.7076923,876.1307692,840.1
693.7670372,851.6846154,848.2,849.1692308,863.9307692,862.6307692,855.5,848.6846154,860.3,867.4076923,857.7307692,872.9
693.9563028,835.9846154,852.5,836.4692308,852.4307692,832.7307692,837,839.0846154,834.8,842.0076923,832.3307692,848.5
694.1455531,835.9846154,848.3,843.9692308,835.4307692,824.7307692,831.1,840.4846154,837.2,837.0076923,832.2307692,838.5
694.3347881,824.8846154,826.4,842.2692308,828.6307692,816.1307692,825.5,849.1846154,829.3,824.1076923,837.0307692,841.7
694.5240078,812.8846154,821.4,830.7692308,818.5307692,811.6307692,829.9,818.0846154,835.6,834.6076923,833.0307692,838.4
694.7132122,821.5846154,817,809.0692308,832.1307692,822.1307692,812.8,835.0846154,822.8,841.6076923,827.8307692,829.3
694.9024013,819.1846154,828.2,819.0692308,819.7307692,816.0307692,835.2,814.2846154,830.9,831.8076923,814.9307692,820
695.0915751,803.2846154,832.6,820.6692308,812.8307692,806.9307692,814.6,828.8846154,825.1,809.7076923,827.0307692,812
695.2807336,808.5846154,801.5,811.6692308,789.4307692,803.7307692,797.9,811.8846154,789.7,806.9076923,811.4307692,801.6
695.4698768,807.2846154,806.9,790.7692308,806.7307692,804.0307692,803,793.5846154,802.6,811.2076923,803.0307692,796.8
695.6590046,807.2846154,784,797.8692308,787.2307692,788.7307692,787.1,789.4846154,790.6,799.9076923,790.4307692,800
695.8481171,770.2846154,779.3,787.6692308,784.6307692,795.0307692,779.2,776.7846154,791,795.1076923,781.2307692,785.6
696.0372143,793.5846154,791.7,781.6692308,793.3307692,780.5307692,789.8,789.6846154,799.1,776.2076923,783.6307692,778
696.2262962,781.2846154,770.7,785.0692308,793.2307692,782.9307692,772.7,767.1846154,788.9,778.7076923,775.7307692,781.4
696.4153627,772.0846154,782.6,773.6692308,787.5307692,767.2307692,770,770.1846154,776.6,779.8076923,775.9307692,779.2
696.604414,769.8846154,767.8,762.1692308,759.4307692,760.1307692,767.9,769.8846154,780.4,767.6076923,776.1307692,772.2
696.7934499,764.1846154,780.1,767.1692308,759.0307692,760.1307692,750.1,757.6846154,763,757.2076923,780.6307692,770.2
696.9824704,747.6846154,749.9,747.7692308,752.1307692,753.2307692,759.6,752.1846154,770.4,762.3076923,754.5307692,759.2
697.1714756,758.8846154,761.4,761.0692308,757.7307692,755.2307692,757.5,754.9846154,752.1,765.4076923,759.1307692,760.6
697.3604655,743.2846154,744.7,742.5692308,749.6307692,732.7307692,755.3,735.1846154,754.6,753.0076923,755.5307692,738.3
697.5494401,742.0846154,737.4,747.9692308,742.0307692,729.9307692,734.3,748.3846154,738.5,734.9076923,738.6307692,739.8
697.7383993,741.3846154,732.1,733.3692308,722.8307692,722.4307692,744.7,737.0846154,750.1,747.5076923,737.7307692,733.9
697.9273431,719.4846154,716.7,712.1692308,721.7307692,734.2307692,728,741.6846154,740.6,721.2076923,736.3307692,724.1
698.1162716,741.5846154,732.4,731.2692308,716.2307692,733.4307692,733.4,730.3846154,744.4,722.9076923,739.0307692,727
698.3051848,722.2846154,732.3,725.8692308,707.8307692,709.0307692,718.8,713.9846154,719.6,711.6076923,727.6307692,715.1
698.4940826,715.9846154,718.4,725.6692308,721.6307692,706.4307692,711.3,719.4846154,715.8,726.7076923,720.3307692,725.2
698.682965,722.8846154,708.9,702.5692308,704.0307692,699.5307692,706.7,710.2846154,692.2,713.6076923,714.5307692,713.9
698.8718321,702.5846154,707.2,699.2692308,702.4307692,705.3307692,705.9,695.4846154,712.8,700.5076923,708.6307692,706.8
699.0606838,706.4846154,694,706.5692308,697.3307692,710.3307692,689.9,705.0846154,690.5,713.1076923,702.4307692,715.6
699.2495202,685.2846154,694,694.5692308,701.9307692,695.2307692,701.8,696.0846154,680.7,680.7076923,681.2307692,701
699.4383412,684.4846154,693.1,683.5692308,683.3307692,686.6307692,700.4,699.0846154,692.2,688.1076923,691.4307692,697.1
699.6271468,686.0846154,682,686.5692308,678.9307692,677.0307692,669.7,670.2846154,687.2,687.4076923,688.7307692,684.1
699.8159371,680.4846154,691.2,687.6692308,670.8307692,681.9307692,678.6,691.1846154,696.5,674.3076923,683.8307692,686.5
700.004712,673.2846154,684.6,679.9692308,682.0307692,678.5307692,667.1,662.9846154,676.2,675.2076923,681.5307692,666.3
700.1934715,657.3846154,663.6,679.5692308,657.0307692,672.2307692,653.3,661.3846154,657.9,667.2076923,676.1307692,674
700.3822156,662.6846154,664.5,660.8692308,677.7307692,656.5307692,659.4,666.4846154,679.5,676.2076923,661.1307692,677.7
700.5709444,653.0846154,650.5,678.8692308,659.1307692,657.3307692,643.5,652.4846154,664.4,678.3076923,670.6307692,665.9
700.7596577,651.5846154,654.5,662.8692308,655.3307692,639.6307692,653.8,660.3846154,658,653.8076923,660.7307692,667
700.9483557,643.7846154,654.7,652.0692308,649.5307692,643.7307692,658.3,642.7846154,666.2,670.5076923,644.6307692,652.6
701.1370383,633.8846154,645.5,642.5692308,638.6307692,652.2307692,648.1,639.5846154,644.7,651.4076923,646.9307692,622.2
701.3257055,645.2846154,632.5,645.3692308,642.0307692,633.3307692,657.6,635.9846154,644.3,640.4076923,646.0307692,639.2
701.5143574,630.4846154,636.8,619.2692308,629.9307692,610.8307692,633.2,632.3846154,625.8,645.8076923,635.9307692,629
701.7029938,629.3846154,647.6,624.1692308,642.2307692,624.9307692,630.6,636.3846154,646.3,621.8076923,635.9307692,638.8
701.8916148,629.0846154,614.4,609.8692308,609.0307692,617.1307692,603.9,627.5846154,615.1,620.5076923,628.7307692,618
702.0802204,624.7846154,624.3,631.3692308,618.4307692,620.8307692,613.1,637.6846154,630.4,631.6076923,622.2307692,637.8
702.2688107,616.7846154,616.5,624.2692308,611.3307692,630.8307692,597.5,611.1846154,629.8,634.3076923,615.0307692,598.5
702.4573855,610.2846154,608.9,608.8692308,601.5307692,616.4307692,602.4,609.3846154,617.8,613.2076923,594.5307692,611
702.6459449,597.7846154,603.1,612.2692308,602.2307692,601.2307692,601.9,606.0846154,611.1,605.6076923,610.7307692,606.6
702.8344889,589.9846154,603.7,595.5692308,595.2307692,607.0307692,613.1,612.9846154,602.8,609.2076923,596.7307692,608.4
703.0230175,574.1846154,586.4,593.8692308,585.4307692,593.9307692,598.6,592.7846154,595.4,596.4076923,582.0307692,585.3
703.2115307,592.6846154,597.1,585.3692308,584.5307692,588.0307692,587.2,604.3846154,586.6,605.5076923,602.0307692,601.3
703.4000285,591.0846154,591,582.6692308,578.9307692,586.9307692,581.7,591.8846154,600.4,590.3076923,584.6307692,604.7
703.5885108,585.2846154,573.6,588.0692308,597.0307692,587.9307692,573.1,604.1846154,592.7,571.4076923,588.2307692,595.7
703.7769778,565.4846154,584.9,596.2692308,578.7307692,594.3307692,591.3,582.6846154,582.3,587.7076923,577.9307692,589.7
703.9654293,571.4846154,582.1,565.8692308,577.6307692,581.2307692,566.7,574.5846154,582.7,578.1076923,579.5307692,568.8
704.1538654,566.9846154,568.8,580.4692308,567.2307692,567.9307692,572.7,578.0846154,564.5,577.7076923,587.5307692,573.3
704.342286,581.1846154,553.6,576.2692308,564.5307692,577.2307692,555.3,573.5846154,577.5,570.1076923,580.4307692,562.5
704.5306913,551.0846154,558.3,554.5692308,560.6307692,557.8307692,557.8,573.3846154,568.2,556.4076923,569.8307692,561.9
704.719081,565.0846154,554.1,555.4692308,567.6307692,559.4307692,568,558.8846154,553.7,555.9076923,554.8307692,556.6
704.9074554,558.4846154,549.6,555.8692308,560.2307692,556.2307692,553,570.0846154,556.2,553.0076923,547.7307692,562.8
705.0958143,550.4846154,546.7,548.6692308,556.5307692,554.3307692,554.7,558.1846154,554.8,560.3076923,545.4307692,547.7
705.2841578,550.3846154,531.8,548.3692308,551.3307692,549.8307692,543.6,534.0846154,558.1,555.7076923,562.3307692,539.3
705.4724858,557.4846154,546.9,548.5692308,538.5307692,526.2307692,534,547.3846154,552.2,541.1076923,556.4307692,552.8
705.6607984,532.7846154,540,531.0692308,526.8307692,547.2307692,536.9,538.1846154,536.5,538.3076923,539.0307692,549.2
705.8490956,538.2846154,551.4,537.2692308,535.0307692,530.5307692,531.1,557.2846154,539,538.3076923,536.9307692,542.8
706.0373773,527.7846154,522.4,548.8692308,531.5307692,531.7307692,523.8,538.8846154,542.7,528.1076923,532.6307692,533
706.2256435,534.4846154,526.4,522.9692308,518.9307692,529.0307692,518,524.6846154,533.5,526.3076923,530.2307692,532.6
706.4138943,513.6846154,520.2,521.2692308,515.3307692,501.1307692,520.5,525.0846154,528.8,530.8076923,521.5307692,526
706.6021296,513.2846154,527.1,528.4692308,512.0307692,516.3307692,523.9,514.9846154,522.9,523.0076923,521.8307692,505.6
706.7903495,513.5846154,509.6,509.6692308,511.2307692,509.4307692,512,526.9846154,522.6,522.4076923,525.6307692,509.1
706.9785539,509.9846154,525.6,504.8692308,494.1307692,509.3307692,519,508.3846154,520.1,513.6076923,529.6307692,501.2
707.1667429,496.1846154,503.1,504.4692308,501.9307692,526.6307692,509.4,514.5846154,507.4,499.5076923,500.0307692,505.6
707.3549163,488.4846154,503.7,499.7692308,504.1307692,498.0307692,499.1,513.3846154,503.6,498.7076923,497.5307692,507.9
707.5430743,498.2846154,492.8,497.2692308,501.5307692,492.6307692,503.3,495.8846154,502.4,491.2076923,498.2307692,493.7
707.7312169,494.4846154,497.9,512.4692308,506.8307692,505.3307692,500.8,507.2846154,505.4,505.0076923,511.1307692,514.8
707.9193439,501.5846154,492,485.3692308,498.4307692,487.2307692,482.8,495.9846154,498.7,486.6076923,491.0307692,465.7
708.1074555,497.4846154,478.7,483.6692308,494.7307692,483.0307692,470.3,490.2846154,490,497.7076923,493.0307692,484.8
708.2955516,486.3846154,477.4,479.6692308,475.8307692,476.5307692,470.4,487.0846154,481.3,479.0076923,482.1307692,496.1
708.4836323,472.0846154,469.8,491.2692308,483.4307692,465.6307692,481.6,489.0846154,479.4,487.7076923,482.4307692,483.2
708.6716974,484.2846154,482.5,476.4692308,459.3307692,472.9307692,472.4,483.5846154,476.2,481.4076923,465.7307692,479.5
708.8597471,475.7846154,467.6,477.1692308,479.1307692,473.1307692,482.6,478.1846154,482.5,475.5076923,467.0307692,475.8
709.0477812,474.9846154,470.9,469.1692308,467.8307692,468.6307692,484.5,475.8846154,466.3,474.3076923,474.9307692,478.7
709.2357999,464.6846154,470.1,472.1692308,458.6307692,470.1307692,469,469.8846154,460.2,475.5076923,456.8307692,463.3
709.4238031,464.0846154,464.6,466.3692308,476.4307692,465.7307692,469.4,457.6846154,463.5,462.6076923,467.3307692,462.2
709.6117908,464.7846154,457.7,465.6692308,464.4307692,467.9307692,454,466.8846154,474.8,466.7076923,463.4307692,465.6
709.799763,457.6846154,453.8,466.1692308,444.5307692,456.5307692,451.5,461.6846154,461.2,458.7076923,456.4307692,466.8
709.9877197,463.1846154,433,459.4692308,457.2307692,444.9307692,430.4,450.6846154,458.2,445.5076923,452.3307692,461.7
710.1756609,445.5846154,451.4,448.1692308,456.4307692,440.9307692,437.2,447.7846154,437.7,448.3076923,446.5307692,448.1
710.3635865,460.1846154,451.1,449.6692308,437.5307692,446.3307692,443.9,454.2846154,450.1,462.7076923,442.7307692,438
710.5514967,432.0846154,443.8,440.9692308,435.6307692,441.4307692,434.2,438.5846154,451.4,426.8076923,442.3307692,437.7
710.7393914,442.4846154,437.9,442.3692308,448.6307692,438.9307692,434.1,451.3846154,435.9,421.8076923,444.8307692,436.5
710.9272705,442.2846154,440,442.2692308,420.3307692,430.8307692,432,434.8846154,438.4,433.8076923,444.9307692,434.5
711.1151342,428.4846154,430.5,435.1692308,440.3307692,428.0307692,430.3,436.9846154,436.8,438.5076923,431.4307692,443
711.3029823,428.7846154,441.8,433.2692308,428.4307692,409.2307692,426.4,423.9846154,426.1,435.8076923,442.4307692,432.4
711.4908149,415.5846154,416.2,429.2692308,431.7307692,429.4307692,409.7,424.1846154,416.8,422.9076923,415.0307692,430.1
711.678632,423.6846154,418.6,416.0692308,419.5307692,413.3307692,418.9,417.7846154,424.8,417.8076923,434.7307692,428.4
711.8664335,424.7846154,422.3,411.5692308,421.5307692,424.4307692,417.3,415.8846154,413.5,420.1076923,426.2307692,420.5
712.0542195,409.4846154,407.4,412.0692308,409.5307692,417.2307692,428.4,407.0846154,408.5,428.3076923,413.1307692,428
712.24199,407.5846154,419,408.5692308,420.2307692,402.5307692,422.2,394.4846154,418,411.6076923,400.6307692,418.5
712.429745,399.7846154,407.5,417.8692308,399.4307692,397.3307692,400,407.9846154,405.1,416.4076923,406.9307692,414.1
712.6174844,412.1846154,411.2,411.0692308,394.0307692,402.6307692,412.7,409.1846154,402.2,403.6076923,405.4307692,415.1
712.8052083,404.4846154,376,396.5692308,397.0307692,397.1307692,395.1,411.0846154,394,402.3076923,391.6307692,394.7
712.9929167,384.6846154,389.7,408.0692308,408.0307692,400.3307692,396.7,394.5846154,401.2,401.7076923,409.2307692,393.9
713.1806095,386.4846154,390,384.5692308,393.4307692,391.7307692,382.6,397.6846154,395.6,392.1076923,396.3307692,393.1
713.3682867,400.3846154,397.3,394.3692308,397.6307692,399.8307692,402,396.2846154,399.7,394.8076923,393.7307692,402.9
713.5559485,396.7846154,386.5,385.1692308,376.2307692,393.7307692,388.5,387.5846154,389.1,393.6076923,389.2307692,394.7
713.7435946,379.1846154,381.4,382.1692308,388.8307692,380.0307692,377,372.1846154,377.8,387.4076923,382.9307692,392
713.9312253,381.1846154,393.1,378.3692308,390.8307692,361.5307692,377.6,386.0846154,385.4,397.5076923,382.1307692,387.2
714.1188403,370.7846154,381.6,384.5692308,377.5307692,379.8307692,377.2,376.7846154,379.5,382.6076923,387.7307692,373
714.3064398,383.6846154,370.1,380.5692308,382.1307692,364.4307692,378.5,374.2846154,365.5,377.3076923,370.9307692,380.3
714.4940238,381.9846154,374.1,384.1692308,377.6307692,368.8307692,381,376.6846154,372.2,384.6076923,373.8307692,375.6
714.6815922,366.6846154,373.4,364.2692308,359.9307692,365.1307692,365,381.7846154,380.4,366.4076923,372.2307692,376
714.869145,372.6846154,371.8,375.7692308,372.3307692,371.7307692,356.1,377.9846154,369.8,364.4076923,367.5307692,362.3
715.0566823,362.9846154,352.8,377.5692308,358.3307692,357.5307692,375.3,354.5846154,364.2,378.3076923,365.0307692,356.7
715.244204,362.2846154,363.4,353.8692308,353.6307692,372.0307692,353.6,354.5846154,365.7,343.2076923,364.4307692,375.8
715.4317101,349.5846154,365.1,359.5692308,358.6307692,361.1307692,354.3,348.4846154,355.4,362.2076923,373.5307692,352.1
715.6192006,341.5846154,356.6,358.1692308,363.6307692,359.8307692,352.8,361.0846154,362.8,350.6076923,364.2307692,365.8
715.8066756,345.3846154,346,344.9692308,349.5307692,341.0307692,332.6,353.2846154,357.2,352.0076923,364.2307692,354.7
715.994135,343.9846154,347.1,361.1692308,354.2307692,340.7307692,351.6,351.9846154,353.6,346.5076923,349.1307692,355.8
716.1815788,335.8846154,334.8,340.7692308,346.0307692,330.9307692,342.8,347.5846154,347.1,341.5076923,333.0307692,336.5
716.369007,349.8846154,356.6,350.4692308,338.3307692,344.9307692,346.2,352.9846154,339.9,343.5076923,352.6307692,352.7
716.5564197,344.3846154,338,342.4692308,330.4307692,341.7307692,338.1,336.8846154,355.3,345.0076923,341.2307692,339.6
716.7438167,333.1846154,336.3,349.5692308,340.6307692,335.9307692,337.5,347.9846154,342.2,334.5076923,347.5307692,347.2
716.9311982,330.2846154,324.7,329.5692308,320.2307692,336.2307692,323.4,337.6846154,342.8,327.0076923,352.7307692,333.1
717.1185641,339.8846154,324.9,340.4692308,346.6307692,320.7307692,331,343.1846154,335.3,337.9076923,340.2307692,334.3
717.3059144,327.4846154,341.2,328.3692308,325.0307692,314.4307692,323.3,335.6846154,328.9,331.2076923,343.7307692,338.4
717.4932491,328.0846154,331.9,330.3692308,327.3307692,328.4307692,340.3,332.4846154,324.6,320.8076923,336.6307692,327.8
717.6805681,318.5846154,330.8,326.8692308,323.6307692,317.5307692,335,333.3846154,328.6,319.1076923,321.0307692,324.3
717.8678716,322.3846154,333.7,334.0692308,320.7307692,315.0307692,327.6,336.4846154,317.4,333.6076923,325.5307692,329.6
718.0551595,326.0846154,319.2,312.5692308,310.4307692,311.8307692,316.8,326.9846154,327.9,316.1076923,326.8307692,321.6
718.2424318,309.9846154,319.8,313.1692308,314.9307692,316.7307692,328,333.8846154,317.3,312.0076923,321.5307692,313.3
718.4296884,306.0846154,321.4,310.8692308,307.7307692,304.2307692,314.9,308.5846154,314.8,304.9076923,331.7307692,313.3
718.6169295,311.0846154,307.7,316.1692308,306.7307692,302.4307692,315.9,312.1846154,324.9,316.0076923,303.7307692,313.1
718.8041549,302.3846154,315.7,310.7692308,303.7307692,307.2307692,308.8,305.3846154,306.6,316.5076923,310.9307692,304.1
718.9913648,306.8846154,313.7,318.6692308,303.6307692,305.2307692,305.6,304.0846154,296.8,309.1076923,315.1307692,300.2
719.178559,303.3846154,305,299.7692308,307.7307692,309.7307692,292.2,304.0846154,298,304.6076923,307.5307692,307.1
719.3657375,295.1846154,307.3,299.4692308,304.3307692,300.8307692,299.9,300.1846154,318.1,298.4076923,312.9307692,309.4
719.5529005,293.9846154,295.1,305.6692308,291.8307692,280.7307692,297.9,297.9846154,280.8,295.5076923,291.3307692,288
719.7400478,284.9846154,300.6,293.2692308,300.2307692,291.5307692,297.4,292.1846154,297.2,295.5076923,307.3307692,310
719.9271795,298.8846154,299.4,281.0692308,279.7307692,298.5307692,284.4,298.6846154,296.1,282.0076923,305.0307692,304.9
720.1142956,287.8846154,288.7,285.8692308,286.7307692,286.1307692,290.7,297.8846154,301.5,290.1076923,303.5307692,291.1
720.301396,285.5846154,285.4,291.4692308,302.3307692,267.9307692,287.1,285.5846154,288.3,281.8076923,291.7307692,293.1
720.4884808,279.4846154,277.1,287.5692308,284.5307692,282.5307692,282.3,280.1846154,296.1,299.1076923,290.2307692,278.3
720.67555,278.7846154,280,289.7692308,286.9307692,277.6307692,276.4,272.3846154,292.8,289.4076923,280.8307692,282
720.8626035,283.6846154,285.9,279.6692308,287.4307692,282.1307692,290.6,280.7846154,289.6,282.3076923,288.7307692,286.6
721.0496414,277.9846154,281.5,268.9692308,264.4307692,263.2307692,277,290.0846154,275.5,287.1076923,279.6307692,267
721.2366636,270.2846154,271.7,276.1692308,273.4307692,265.7307692,275.5,276.7846154,281,287.9076923,287.9307692,282.3
721.4236702,264.6846154,273.3,272.8692308,278.3307692,274.8307692,276.3,276.4846154,274.8,282.4076923,264.2307692,270.2
721.6106611,260.2846154,267.2,281.1692308,262.1307692,278.9307692,271,280.1846154,280.2,276.0076923,273.1307692,270.3
721.7976364,254.9846154,271.3,266.2692308,268.4307692,263.3307692,257.8,264.7846154,271.2,270.5076923,271.9307692,260.2
721.984596,260.4846154,271.1,267.9692308,262.7307692,265.5307692,266.1,268.0846154,274.7,272.9076923,267.2307692,265.4
722.17154,263.4846154,250,262.2692308,276.5307692,271.0307692,262.1,257.2846154,263.4,267.6076923,263.8307692,260.6
722.3584683,270.1846154,273.5,258.8692308,260.6307692,263.2307692,256.5,253.5846154,277.8,253.2076923,275.4307692,259
722.5453809,257.6846154,264.7,261.1692308,247.6307692,256.2307692,253.7,250.3846154,251.7,270.0076923,268.1307692,272.3
722.7322779,268.6846154,259.2,255.3692308,257.6307692,254.1307692,256.5,251.2846154,255.3,270.9076923,263.0307692,270.6
722.9191592,253.7846154,250.4,251.0692308,260.2307692,255.8307692,258.9,242.1846154,264.1,250.0076923,254.6307692,261.1
723.1060249,257.0846154,254.2,265.2692308,267.3307692,249.1307692,256.3,255.3846154,272.6,259.3076923,256.0307692,258.1
723.2928749,248.4846154,252.5,251.5692308,256.8307692,241.7307692,248,263.8846154,246.8,249.7076923,251.5307692,250
723.4797091,246.1846154,271.4,256.8692308,247.6307692,251.5307692,239.7,248.2846154,252.4,259.3076923,247.8307692,253.4
723.6665278,250.1846154,239.9,244.6692308,241.9307692,248.2307692,245.2,240.6846154,251.1,252.5076923,254.9307692,252.3
723.8533307,242.5846154,246.7,244.2692308,251.2307692,238.7307692,246.3,253.6846154,247.7,256.0076923,245.4307692,247.6
724.040118,236.6846154,251.5,250.5692308,236.9307692,231.0307692,242.4,250.8846154,244.6,254.6076923,243.6307692,230.8
724.2268895,231.6846154,242.5,247.0692308,231.5307692,244.3307692,235,241.4846154,248.9,255.4076923,249.0307692,248.9
724.4136454,234.9846154,245.6,236.6692308,236.5307692,237.4307692,231.2,228.1846154,240.2,255.3076923,244.4307692,235.6
724.6003856,243.4846154,239.2,241.2692308,227.6307692,234.6307692,227.1,230.8846154,229.8,241.9076923,247.9307692,239
724.7871101,223.1846154,240.3,239.8692308,222.6307692,237.3307692,236,237.4846154,245.2,241.8076923,244.6307692,231.5
724.9738189,224.6846154,241.3,236.4692308,235.6307692,233.3307692,227,234.5846154,236.3,234.5076923,236.5307692,243.5
725.160512,214.3846154,234,235.9692308,233.3307692,226.6307692,232.1,231.4846154,229.4,234.9076923,239.9307692,237.3
725.3471895,232.5846154,234.2,229.8692308,225.0307692,228.6307692,225.5,241.1846154,226,235.9076923,232.1307692,229.1
725.5338512,231.0846154,228.4,220.4692308,226.7307692,234.8307692,210.1,228.8846154,215.4,230.4076923,226.0307692,232.8
725.7204972,222.0846154,223.9,222.6692308,216.0307692,232.2307692,222,230.4846154,222.2,234.1076923,236.1307692,221.5
725.9071275,226.0846154,207.4,235.8692308,219.5307692,221.3307692,220,226.4846154,215.3,223.7076923,223.0307692,230
726.0937421,216.8846154,213.9,224.3692308,228.3307692,229.6307692,223.5,230.7846154,230.2,226.6076923,230.8307692,222.8
726.280341,218.0846154,224.5,228.3692308,211.8307692,204.6307692,212.1,225.5846154,210.2,211.2076923,224.0307692,211.1
726.4669241,212.3846154,229.4,220.5692308,219.8307692,220.1307692,210.7,219.0846154,218.3,221.9076923,233.8307692,220.9
726.6534916,203.1846154,226.6,201.3692308,212.2307692,206.8307692,225.4,220.1846154,211.4,201.5076923,223.1307692,220.8
726.8400433,213.9846154,222.1,217.7692308,218.6307692,217.3307692,213.1,217.5846154,216.9,228.6076923,224.4307692,231.4
727.0265794,204.1846154,202.8,220.6692308,216.0307692,217.9307692,211.4,219.8846154,225,217.6076923,208.9307692,208.8
727.2130996,214.6846154,217.7,216.1692308,211.9307692,199.5307692,204.2,216.7846154,218.4,219.4076923,223.5307692,209.3
727.3996042,196.0846154,201.2,214.7692308,197.7307692,198.1307692,211.9,219.5846154,214.5,206.2076923,198.6307692,215.6
727.5860931,211.7846154,213.7,202.6692308,213.5307692,209.4307692,211.5,223.7846154,212.7,214.8076923,207.5307692,204.2
727.7725662,200.2846154,200.6,196.2692308,201.0307692,202.4307692,197.3,207.4846154,207.8,200.8076923,199.3307692,215.5
727.9590235,205.9846154,191.8,205.3692308,210.8307692,204.3307692,211.3,214.9846154,205.4,195.2076923,201.6307692,205
728.1454652,202.8846154,208.3,196.1692308,206.7307692,197.6307692,190,195.3846154,200.6,205.7076923,203.3307692,213.1
728.3318911,201.4846154,191.3,198.4692308,203.0307692,199.1307692,196.1,201.2846154,207.8,202.5076923,219.1307692,205.6
728.5183013,201.2846154,209.2,190.2692308,198.7307692,191.0307692,197.8,207.9846154,195.8,203.5076923,210.4307692,203.4
728.7046957,200.4846154,201,193.4692308,206.3307692,203.3307692,193,188.5846154,200,201.8076923,201.2307692,207.5
728.8910744,193.2846154,201,186.8692308,194.9307692,186.5307692,191,192.5846154,188.4,195.2076923,193.8307692,194.6
729.0774373,184.8846154,189,208.8692308,200.5307692,186.0307692,183.1,197.8846154,197.4,198.3076923,200.0307692,194.9
729.2637845,191.8846154,198.8,184.4692308,189.2307692,192.8307692,174.6,198.4846154,195.2,190.8076923,193.8307692,198.5
729.4501159,198.3846154,197.1,200.2692308,184.5307692,188.0307692,186.4,197.2846154,200.6,181.7076923,200.4307692,191.7
729.6364316,190.8846154,187.6,192.3692308,184.4307692,190.2307692,191.6,194.6846154,190.3,185.7076923,203.6307692,193.8
729.8227315,183.0846154,199.1,180.2692308,192.3307692,197.2307692,197.8,181.5846154,199.8,195.5076923,186.5307692,205.9
730.0090156,200.8846154,172.2,194.4692308,190.0307692,192.6307692,195.3,204.7846154,181.2,185.9076923,195.0307692,178.1
730.195284,189.6846154,191,198.3692308,194.6307692,185.0307692,190.4,191.8846154,183.9,187.4076923,188.6307692,190.6
730.3815367,182.1846154,176,183.2692308,180.3307692,170.6307692,188,171.0846154,195.7,196.9076923,182.8307692,173.4
730.5677735,176.2846154,183.6,197.7692308,173.9307692,186.6307692,184.2,188.0846154,185.5,187.6076923,187.6307692,184.9
730.7539946,179.5846154,174.2,188.4692308,178.4307692,187.4307692,191.5,191.0846154,177.9,184.0076923,179.7307692,178.5
730.9402,191.2846154,190.1,188.1692308,197.1307692,185.9307692,186.1,192.1846154,184.4,184.7076923,190.9307692,187.9
731.1263895,185.7846154,192.9,176.5692308,177.9307692,179.9307692,179.3,182.6846154,178.6,181.6076923,177.0307692,183.8
731.3125633,190.3846154,182.7,191.2692308,182.0307692,180.8307692,174.7,176.1846154,182.3,195.2076923,186.2307692,194.9
731.4987213,182.2846154,185.7,173.6692308,158.5307692,177.2307692,171,180.3846154,169.6,173.4076923,174.4307692,165.5
731.6848635,180.1846154,171,188.7692308,180.7307692,167.4307692,179.4,184.3846154,177.9,188.1076923,176.6307692,176.2
731.8709899,168.1846154,179.8,176.5692308,179.4307692,177.9307692,173.1,185.1846154,170.8,174.7076923,172.0307692,173.5
732.0571006,175.7846154,176,181.7692308,174.5307692,179.6307692,175.4,181.8846154,177.6,186.6076923,177.2307692,174.4
732.2431954,170.3846154,169.1,182.0692308,178.5307692,163.9307692,163.1,174.4846154,165.2,170.9076923,182.5307692,182.4
732.4292745,160.9846154,175.8,181.8692308,172.5307692,175.2307692,168.5,172.8846154,179.9,179.7076923,182.9307692,168.2
732.6153378,158.3846154,167.8,179.3692308,161.4307692,184.9307692,169.3,175.5846154,163.4,175.1076923,174.6307692,161
732.8013853,169.8846154,175.1,168.8692308,176.4307692,168.6307692,176.8,165.2846154,162.2,183.7076923,175.9307692,175.8
732.9874169,157.6846154,166,172.9692308,162.2307692,165.8307692,167.9,166.1846154,175.6,161.5076923,169.9307692,170.7
733.1734328,155.9846154,176.8,167.7692308,180.8307692,162.6307692,168.1,178.0846154,160.6,160.8076923,175.6307692,170.1
733.3594329,148.3846154,155,164.2692308,168.1307692,156.4307692,168.5,165.3846154,155.2,161.5076923,166.2307692,158.6
733.5454172,160.0846154,170.7,171.1692308,162.7307692,169.6307692,155.5,169.2846154,171.6,165.7076923,173.0307692,155.9
733.7313856,156.1846154,159.8,158.3692308,154.9307692,151.9307692,163.8,162.4846154,161.4,151.5076923,150.3307692,166.2
733.9173383,159.2846154,159.3,174.9692308,164.9307692,164.5307692,172,168.9846154,161.9,163.5076923,170.0307692,169.3
734.1032751,158.9846154,159.2,162.3692308,157.4307692,154.1307692,152,168.3846154,167,157.4076923,170.5307692,157.7
734.2891962,155.2846154,165.4,169.2692308,162.5307692,163.7307692,156,159.6846154,164.8,166.3076923,170.5307692,162.4
734.4751014,145.5846154,151.7,154.0692308,166.5307692,154.5307692,150.6,149.2846154,156.5,160.1076923,148.1307692,168.1
734.6609908,155.8846154,149.2,154.7692308,158.9307692,172.6307692,162.6,168.9846154,159.2,161.1076923,168.2307692,158.2
734.8468643,148.9846154,154.3,161.9692308,156.3307692,157.6307692,152.9,151.6846154,154,164.2076923,160.3307692,152.6
735.0327221,164.5846154,161.7,149.2692308,156.0307692,162.2307692,148.2,162.7846154,171,154.7076923,166.4307692,165
735.218564,156.2846154,153.2,147.1692308,158.0307692,149.5307692,149.4,153.4846154,143.6,146.4076923,162.4307692,141.4
735.4043901,149.1846154,151.3,153.1692308,146.0307692,152.5307692,156.9,155.8846154,162.4,148.4076923,157.9307692,161.6
735.5902003,153.9846154,148.1,150.0692308,144.1307692,144.8307692,149.9,140.1846154,159.9,155.9076923,142.6307692,156
735.7759947,145.4846154,152.1,158.1692308,153.2307692,145.0307692,157.3,151.4846154,148.9,158.2076923,148.2307692,147.3
735.9617733,141.0846154,156.6,150.6692308,146.5307692,143.7307692,137.9,151.4846154,145.4,146.1076923,138.8307692,153
736.1475361,146.8846154,164.8,156.0692308,146.9307692,151.7307692,146.1,140.9846154,150.9,148.7076923,149.1307692,150.4
736.333283,153.0846154,135.6,145.8692308,153.7307692,144.0307692,145.6,147.5846154,154.4,155.2076923,146.5307692,141.5
736.519014,136.9846154,151.3,143.6692308,150.6307692,142.6307692,152.6,158.2846154,133.3,167.8076923,148.5307692,152.6
736.7047293,139.4846154,138,129.7692308,149.1307692,154.9307692,142.6,146.3846154,147.9,139.2076923,141.2307692,138.8
736.8904286,144.6846154,141.1,139.8692308,148.8307692,149.3307692,148.5,147.5846154,150.6,148.7076923,154.7307692,143
737.0761121,134.2846154,140.5,144.1692308,141.0307692,152.4307692,139,140.4846154,146.7,155.1076923,149.5307692,146.1
737.2617798,134.7846154,142.8,145.4692308,146.1307692,137.5307692,139.8,139.0846154,142.7,143.4076923,155.1307692,152.8
737.4474316,140.1846154,134.2,137.0692308,142.2307692,137.0307692,131.1,136.0846154,136.3,141.3076923,152.3307692,136
737.6330675,134.9846154,145.6,138.9692308,144.4307692,141.7307692,134.4,148.0846154,150.7,143.9076923,145.9307692,146.4
737.8186876,134.9846154,144.7,143.4692308,140.2307692,139.4307692,130.4,148.5846154,142.1,139.4076923,134.1307692,136.1
738.0042918,147.5846154,132.7,141.8692308,141.4307692,144.2307692,131.7,130.2846154,138.6,137.2076923,157.0307692,138.3
738.1898802,127.2846154,131.1,125.1692308,132.1307692,129.7307692,125.3,136.5846154,137.6,133.1076923,135.7307692,138.7
738.3754527,131.3846154,130.3,130.6692308,138.7307692,133.7307692,146.7,134.3846154,140.7,154.7076923,138.8307692,139.2
738.5610093,129.8846154,134.4,142.4692308,130.8307692,129.5307692,131.9,132.7846154,133.5,133.5076923,134.8307692,156
738.74655,139.2846154,133,148.7692308,137.0307692,118.6307692,122.7,130.4846154,139.7,141.5076923,135.1307692,137.2
738.9320749,129.9846154,137,138.6692308,134.8307692,139.7307692,131.8,132.8846154,122.7,135.0076923,128.2307692,132.2
739.1175839,132.4846154,139,128.3692308,148.4307692,134.3307692,128.7,136.5846154,139.2,155.8076923,130.1307692,152.5
739.303077,123.6846154,130.6,133.1692308,128.3307692,113.7307692,120,131.0846154,134.6,129.0076923,137.3307692,134.6
739.4885542,136.7846154,121.3,144.3692308,149.5307692,138.3307692,135.6,129.0846154,131,144.8076923,144.8307692,138.3
739.6740156,126.4846154,146.9,130.2692308,145.5307692,124.2307692,119.8,131.8846154,132.6,131.5076923,133.1307692,125
739.859461,132.9846154,128.1,133.9692308,129.4307692,123.4307692,119.8,124.6846154,129.9,129.3076923,130.2307692,133.6
740.0448906,117.7846154,117.8,120.7692308,127.3307692,121.8307692,115.7,118.3846154,119.4,135.8076923,143.2307692,130.1
740.2303043,135.4846154,132.6,133.0692308,125.3307692,130.4307692,114.5,131.5846154,129,131.9076923,136.5307692,136.9
740.4157021,113.0846154,128,114.7692308,119.1307692,119.5307692,121,118.7846154,130.7,114.2076923,128.6307692,122.9
740.6010839,126.0846154,125.6,137.2692308,126.1307692,126.9307692,129.5,117.8846154,131.6,130.8076923,142.8307692,136.1
740.7864499,124.9846154,129,123.6692308,128.9307692,120.4307692,120.4,125.3846154,115.1,133.3076923,128.3307692,128.1
740.9718,133.6846154,133.6,135.2692308,122.2307692,129.7307692,117.4,129.6846154,128.3,120.6076923,155.5307692,135.2
741.1571342,117.8846154,129.3,123.8692308,129.1307692,117.3307692,120.6,125.2846154,121.9,126.1076923,132.4307692,139.6
741.3424524,120.0846154,124.4,123.7692308,117.5307692,119.3307692,127.9,133.3846154,128,121.0076923,129.3307692,130.1
741.5277548,127.8846154,116.8,118.0692308,110.4307692,117.5307692,114.4,116.0846154,127.9,124.5076923,121.1307692,117.7
741.7130412,112.9846154,134.9,127.4692308,118.2307692,133.0307692,131.8,136.9846154,126.2,122.0076923,124.9307692,137
741.8983118,108.8846154,120.5,113.8692308,117.7307692,110.7307692,121.8,139.4846154,118.7,118.7076923,115.5307692,133
742.0835664,124.1846154,118,115.0692308,111.3307692,118.2307692,119.3,128.6846154,132,117.2076923,115.8307692,125.5
742.2688051,118.6846154,110.7,116.6692308,120.4307692,114.7307692,122,110.6846154,111.8,113.5076923,117.4307692,127.8
742.4540279,120.4846154,118.4,117.1692308,129.6307692,115.9307692,122.2,110.5846154,115.1,120.2076923,120.7307692,129.9
742.6392347,126.0846154,114.7,115.4692308,112.8307692,110.8307692,121.2,118.1846154,121.5,116.4076923,121.8307692,118.9
742.8244256,122.7846154,117.9,120.4692308,114.7307692,121.5307692,117.8,121.7846154,126.2,119.5076923,122.2307692,127
743.0096006,104.7846154,113.6,113.9692308,115.8307692,111.4307692,118.5,112.3846154,109,115.2076923,124.7307692,119.3
743.1947597,117.7846154,129.3,114.3692308,121.5307692,119.5307692,117.8,119.2846154,116.8,121.9076923,108.9307692,115.2
743.3799028,120.0846154,117.8,113.5692308,105.0307692,108.6307692,113.7,113.0846154,114.5,113.5076923,109.0307692,106.1
743.56503,107.4846154,131,121.6692308,115.6307692,118.4307692,113.2,121.1846154,115.2,125.6076923,127.4307692,120
743.7501413,116.7846154,115,121.7692308,113.1307692,106.5307692,120.7,112.0846154,114.8,114.1076923,116.9307692,118
743.9352366,111.9846154,118.4,119.7692308,116.8307692,108.3307692,117.8,109.4846154,116.1,127.3076923,126.0307692,107.5
744.120316,114.5846154,122.4,108.3692308,114.8307692,109.5307692,112.1,118.5846154,119.4,108.7076923,113.0307692,105.5
744.3053794,106.3846154,113.5,109.8692308,106.6307692,104.2307692,106.4,119.0846154,118.5,113.5076923,116.2307692,119.3
744.4904269,111.2846154,108.2,112.4692308,116.8307692,95.73076923,104.6,105.9846154,104.8,108.6076923,108.7307692,111.2
744.6754584,113.0846154,112.1,112.4692308,116.9307692,97.53076923,111.6,114.6846154,116.4,106.9076923,114.3307692,120.2
744.860474,107.3846154,113.2,107.0692308,111.7307692,105.9307692,95,114.2846154,101,109.1076923,98.23076923,109.9
745.0454736,105.4846154,115.9,120.8692308,116.2307692,110.1307692,114.7,111.2846154,114.2,109.6076923,122.2307692,115.5
745.2304573,101.2846154,99.1,104.6692308,111.3307692,115.1307692,109.1,117.6846154,111.7,112.8076923,118.1307692,105.2
745.415425,104.6846154,114.7,115.5692308,120.5307692,117.0307692,98.4,122.2846154,120.4,106.7076923,102.2307692,102.1
745.6003768,104.6846154,109.1,109.3692308,112.6307692,101.8307692,102.6,101.9846154,90.2,99.20769231,102.8307692,110.9
745.7853125,100.2846154,109.4,107.7692308,102.8307692,99.03076923,101.8,117.5846154,105,97.70769231,104.0307692,111.4
745.9702323,103.9846154,99.1,109.6692308,106.2307692,107.4307692,106.1,105.4846154,107.9,97.90769231,113.1307692,94.4
746.1551362,101.6846154,111.6,112.8692308,99.03076923,106.2307692,110,112.9846154,118.9,119.4076923,115.5307692,106.7
746.3400241,101.5846154,105,105.3692308,110.5307692,107.7307692,99.9,96.78461538,103.8,104.9076923,113.9307692,109.1
746.524896,101.7846154,100.3,117.2692308,107.2307692,101.5307692,105.6,107.3846154,106.3,105.3076923,110.9307692,108
746.7097519,99.08461538,105.5,102.8692308,108.4307692,100.4307692,100.9,99.08461538,99.2,110.3076923,98.43076923,103.8
746.8945918,102.0846154,99.6,102.6692308,96.43076923,96.83076923,105.5,111.7846154,99.5,92.90769231,111.8307692,103.4
747.0794158,98.28461538,96.7,105.0692308,87.63076923,103.7307692,93.3,105.0846154,96.3,101.2076923,96.53076923,99.3
747.2642237,98.48461538,103.6,112.9692308,101.0307692,102.8307692,82.2,102.3846154,102.1,107.0076923,108.6307692,106.9
747.4490157,101.6846154,115.3,104.6692308,102.0307692,97.33076923,97.2,93.68461538,103.1,105.4076923,106.1307692,111.1
747.6337917,100.5846154,97,109.3692308,111.6307692,95.93076923,95,103.7846154,114.2,95.00769231,101.3307692,102.2
747.8185517,95.28461538,90.9,101.5692308,94.43076923,99.93076923,97.3,97.78461538,94.5,101.0076923,103.7307692,105.2
748.0032957,97.38461538,103.9,106.6692308,90.33076923,91.03076923,97.5,100.3846154,108.9,98.80769231,107.0307692,110.9
748.1880238,95.88461538,99.6,85.86923077,102.4307692,84.43076923,79.7,92.08461538,96.8,96.40769231,91.13076923,99
748.3727358,102.3846154,94,105.2692308,98.33076923,98.23076923,100.4,111.0846154,102.5,109.0076923,98.53076923,101.2
748.5574318,94.08461538,97.8,95.86923077,87.03076923,95.13076923,98,90.78461538,90.9,105.5076923,95.03076923,85.7
748.7421118,93.38461538,90.1,102.9692308,90.43076923,94.33076923,96.3,105.1846154,94.5,98.30769231,93.13076923,110.3
748.9267758,85.98461538,97,100.3692308,85.03076923,96.93076923,99.8,86.18461538,89.3,100.8076923,102.6307692,94.9
749.1114238,102.2846154,101.8,99.56923077,103.6307692,104.5307692,81.2,102.4846154,93.4,95.50769231,112.2307692,93.6
749.2960558,85.08461538,96.8,89.56923077,94.23076923,90.73076923,94.6,89.08461538,94.4,88.90769231,98.33076923,95.5
749.4806718,77.38461538,94.1,100.9692308,95.03076923,83.93076923,100.6,92.78461538,86.1,97.80769231,93.03076923,99.8
749.6652717,84.48461538,94.6,90.36923077,92.43076923,84.73076923,86.5,93.78461538,92.9,88.40769231,93.43076923,93.7
749.8498557,89.98461538,86.2,90.46923077,82.23076923,84.23076923,89.7,82.48461538,93.3,98.20769231,86.13076923,91.9
750.0344236,88.28461538,96,101.4692308,86.93076923,84.13076923,85.1,93.98461538,97.1,89.40769231,85.13076923,100.9
750.2189755,93.68461538,89.4,100.1692308,90.13076923,91.73076923,93.1,88.98461538,85.8,97.80769231,96.53076923,96.8
750.4035114,86.28461538,83.6,91.16923077,89.63076923,82.93076923,93.8,89.48461538,89.7,83.00769231,103.2307692,93.7
750.5880312,90.78461538,94,95.96923077,100.3307692,100.7307692,83.4,101.5846154,95,89.20769231,102.5307692,87.5
750.772535,68.18461538,83,86.76923077,87.43076923,88.83076923,85.1,80.68461538,81.4,79.50769231,96.13076923,85.4
750.9570228,98.58461538,100.8,96.06923077,83.33076923,83.83076923,90.8,90.48461538,96.2,91.40769231,102.9307692,84.3
751.1414946,79.38461538,85.7,88.66923077,90.13076923,94.13076923,81.5,98.18461538,78.1,93.00769231,82.93076923,77.9
751.3259503,82.28461538,92.5,98.36923077,92.93076923,82.23076923,85.6,85.58461538,95.8,88.10769231,90.53076923,90.3
751.5103899,93.58461538,82.3,81.56923077,88.53076923,78.63076923,77.3,85.58461538,86.7,92.30769231,84.63076923,78.8
751.6948136,90.58461538,82.9,91.26923077,85.33076923,86.93076923,83,84.08461538,89.2,91.00769231,85.53076923,86.5
751.8792211,83.28461538,74.2,82.16923077,90.53076923,85.23076923,82.6,89.58461538,90.7,89.20769231,75.73076923,88.9
752.0636127,78.58461538,88,85.76923077,77.93076923,86.13076923,91.3,88.08461538,87.9,87.90769231,88.33076923,82.7
752.2479882,81.68461538,78.8,86.86923077,76.83076923,73.73076923,75.6,86.88461538,74.4,84.70769231,88.33076923,85.2
752.4323476,91.98461538,99.5,90.46923077,83.03076923,89.93076923,91.8,81.38461538,93.7,97.00769231,92.93076923,84.4
752.616691,75.38461538,78.6,87.86923077,76.03076923,77.13076923,87.6,81.98461538,81.9,84.20769231,86.53076923,85.5
752.8010183,86.58461538,91.4,91.66923077,102.2307692,80.73076923,89.8,84.48461538,87.6,87.10769231,90.73076923,84.7
752.9853296,71.38461538,74.3,79.76923077,78.83076923,80.63076923,80.3,82.08461538,88.8,96.80769231,78.43076923,86.8
753.1696248,92.68461538,85.9,92.46923077,78.83076923,80.73076923,94.5,84.88461538,85.7,88.50769231,82.13076923,87.2
753.3539039,89.18461538,83.2,91.56923077,67.93076923,84.63076923,82.7,82.68461538,80.3,98.10769231,82.23076923,75.8
753.538167,76.48461538,88.7,86.56923077,95.03076923,83.83076923,79.3,95.98461538,71,84.00769231,83.73076923,90.5
753.722414,73.28461538,82.5,75.76923077,72.43076923,75.93076923,80.9,78.98461538,65.5,91.00769231,74.13076923,83.7
753.9066449,82.28461538,84.6,77.46923077,88.93076923,82.93076923,85,83.38461538,77,89.40769231,88.13076923,85.1
754.0908598,90.28461538,73,72.76923077,79.73076923,65.43076923,78.9,79.08461538,84.4,85.80769231,77.63076923,91.6
754.2750586,91.88461538,83.5,88.76923077,83.03076923,84.53076923,82.4,88.38461538,87.6,72.80769231,90.73076923,76.5
754.4592413,66.98461538,75.9,74.16923077,81.93076923,76.43076923,79.3,77.58461538,79.9,78.90769231,77.93076923,79.3
754.6434079,77.88461538,76.3,81.06923077,83.13076923,77.73076923,72.1,98.78461538,75.3,77.70769231,86.03076923,82.5
754.8275584,74.98461538,78.1,77.46923077,80.43076923,68.53076923,71.6,86.18461538,70.6,79.70769231,75.53076923,90.1
755.0116929,68.78461538,80.6,83.46923077,79.23076923,76.03076923,73,85.28461538,69.7,74.90769231,80.03076923,89.3
755.1958112,75.28461538,74.7,73.56923077,64.13076923,72.73076923,63.3,72.38461538,76.7,77.40769231,73.43076923,75.7
755.3799135,71.38461538,77.7,94.36923077,80.53076923,76.63076923,74.7,84.48461538,83.2,90.70769231,78.83076923,79.6
755.5639997,70.08461538,70.3,81.26923077,74.13076923,75.33076923,66.3,82.78461538,65.1,85.70769231,84.23076923,75.4
755.7480698,83.08461538,82.5,71.06923077,81.93076923,76.93076923,79.5,75.68461538,74.3,80.20769231,72.73076923,73.5
755.9321238,62.58461538,79.6,81.26923077,64.33076923,69.13076923,75.8,71.68461538,64.2,66.50769231,76.13076923,68.8
756.1161617,79.68461538,66.4,80.36923077,74.43076923,68.23076923,70.7,66.98461538,83,80.80769231,73.23076923,66.1
756.3001834,78.28461538,70.9,81.86923077,65.13076923,69.23076923,65.4,77.38461538,77.9,74.30769231,79.83076923,61.8
756.4841891,85.38461538,81.5,75.96923077,78.83076923,64.23076923,71.4,78.48461538,86.1,77.90769231,77.53076923,77.2
756.6681787,75.48461538,73.4,76.76923077,72.73076923,71.83076923,71.6,73.68461538,70,79.10769231,71.73076923,69.7
756.8521522,60.18461538,69,72.16923077,68.03076923,73.93076923,68.5,72.38461538,74.8,74.40769231,67.93076923,72.9
757.0361095,69.68461538,76.7,69.46923077,71.23076923,64.43076923,71.6,60.88461538,80.6,80.70769231,77.43076923,79.7
757.2200507,71.68461538,74.7,77.76923077,72.73076923,70.93076923,77,79.58461538,81.5,71.20769231,77.63076923,71.8
757.4039759,60.28461538,61.1,67.96923077,61.03076923,61.63076923,68.7,74.18461538,69.4,61.70769231,79.53076923,80.3
757.5878849,60.68461538,68.8,76.96923077,70.33076923,72.23076923,64.5,83.58461538,65.6,65.50769231,64.93076923,81.3
757.7717777,67.48461538,74.7,66.66923077,63.83076923,68.83076923,62.8,65.68461538,76.9,65.90769231,67.23076923,65.3
757.9556545,71.48461538,67.4,66.86923077,70.03076923,62.53076923,68.9,71.38461538,82.2,81.40769231,69.53076923,75.2
758.1395151,65.28461538,72.7,46.06923077,73.53076923,60.53076923,59.9,71.28461538,78.3,72.20769231,71.93076923,76.1
758.3233596,79.08461538,59.8,71.56923077,72.73076923,72.13076923,70.7,76.08461538,65.8,64.30769231,68.73076923,73.3
758.507188,67.98461538,49.3,60.36923077,74.83076923,68.13076923,74.1,69.38461538,65.6,59.40769231,72.13076923,68.1
758.6910002,74.38461538,76,66.26923077,58.93076923,70.03076923,63.5,73.08461538,76.1,77.00769231,74.73076923,77.2
758.8747963,67.58461538,68.3,77.56923077,71.53076923,69.43076923,64.6,72.68461538,64.9,65.50769231,65.73076923,69.1
759.0585763,61.08461538,74.9,82.56923077,59.13076923,63.83076923,73,75.88461538,64.6,67.20769231,72.63076923,63.7
759.2423401,66.48461538,68.1,63.16923077,53.23076923,62.83076923,63.1,61.78461538,74.9,64.60769231,71.93076923,52.6
759.4260877,70.18461538,73.7,68.16923077,70.33076923,63.13076923,61.4,74.78461538,59.1,63.30769231,61.23076923,75.1
759.6098193,54.28461538,66.6,58.56923077,69.33076923,63.83076923,60.9,74.48461538,55.9,59.50769231,61.93076923,65.5
759.7935346,68.48461538,61.3,68.16923077,54.73076923,66.23076923,79.1,65.88461538,71.2,68.40769231,71.93076923,67
759.9772339,68.18461538,67.6,68.76923077,70.43076923,70.53076923,59.9,62.78461538,75.7,62.30769231,64.93076923,74.7
760.1609169,54.18461538,72,60.26923077,71.83076923,75.13076923,74.4,54.18461538,66.3,71.80769231,82.83076923,68.8
760.3445838,71.98461538,72.2,79.76923077,63.53076923,72.83076923,57.3,72.58461538,68.4,67.90769231,73.03076923,67.8
760.5282346,76.08461538,74.5,66.56923077,62.73076923,60.73076923,64.6,68.28461538,61.1,66.30769231,73.33076923,69.9
760.7118692,63.78461538,56.7,65.26923077,66.93076923,62.53076923,57,71.08461538,53.8,59.90769231,62.23076923,67.2
760.8954876,63.68461538,66.6,67.86923077,62.43076923,70.63076923,69.4,67.48461538,59,67.30769231,68.73076923,85.6
761.0790899,62.58461538,69.2,65.46923077,59.93076923,54.93076923,63.7,67.08461538,68.2,53.00769231,65.03076923,72.5
761.262676,57.98461538,61.5,71.66923077,58.53076923,64.63076923,60.1,60.48461538,72.5,56.20769231,71.33076923,61.4
761.4462459,59.68461538,52.5,59.76923077,60.83076923,57.43076923,62.8,56.08461538,50.6,72.10769231,59.03076923,65
761.6297997,65.98461538,62.1,78.56923077,58.53076923,62.93076923,67.1,61.78461538,71,68.10769231,69.33076923,67
761.8133373,51.88461538,67.2,60.26923077,63.93076923,55.63076923,64.5,55.98461538,73.1,64.30769231,63.53076923,54.86153846
761.9968587,67.78461538,64.5,58.16923077,67.63076923,59.63076923,57.2,71.08461538,64,61.10769231,67.63076923,68.9
762.1803639,64.88461538,56,55.46923077,56.03076923,50.83076923,64.8,65.78461538,63.9,62.80769231,59.63076923,56
762.3638529,74.48461538,61.1,75.06923077,64.23076923,55.03076923,63.9,60.88461538,61,73.60769231,69.03076923,62.5
762.5473258,43.18461538,60.3,67.16923077,42.49230769,53.03076923,60.1,49.08461538,62.3,56.30769231,58.93076923,50
762.7307825,62.28461538,66.5,65.86923077,64.93076923,62.13076923,48.9,60.98461538,60.3,68.10769231,73.13076923,64.1
762.9142229,60.88461538,53.7,63.96923077,52.83076923,57.73076923,46.7,53.58461538,47.1,60.60769231,54.83076923,66.3
763.0976472,55.78461538,67.8,55.16923077,60.73076923,51.13076923,58.6,63.68461538,62.8,61.10769231,59.03076923,55.1
763.2810553,57.18461538,62.9,67.36923077,50.13076923,54.33076923,55,66.28461538,70.1,56.60769231,63.93076923,58.2
763.4644472,69.88461538,64.6,60.06923077,60.63076923,62.93076923,55.3,73.78461538,66.4,59.50769231,65.23076923,62.3
763.6478229,58.18461538,53.1,61.76923077,56.23076923,63.13076923,60.1,58.38461538,66.9,43.80769231,61.63076923,48.1
763.8311824,66.38461538,65.7,60.26923077,67.83076923,51.63076923,66.1,59.78461538,52.5,63.60769231,60.23076923,63.6
764.0145257,54.78461538,52.6,58.96923077,59.63076923,65.23076923,62.8,61.78461538,63.4,50.50769231,54.43076923,54.2
764.1978528,66.28461538,67.7,66.36923077,63.53076923,49.73076923,56.7,70.58461538,55,53.80769231,67.83076923,70.9
764.3811636,58.18461538,55,54.56923077,66.93076923,62.83076923,54.6,64.28461538,56.7,61.70769231,53.93076923,58.3
764.5644583,67.88461538,59.1,64.06923077,53.63076923,55.43076923,58.4,69.58461538,65.4,65.90769231,56.93076923,69.6
764.7477367,57.68461538,55.9,71.16923077,67.63076923,51.53076923,59.6,65.78461538,55.7,58.90769231,54.33076923,59.6
764.930999,68.98461538,62.6,62.36923077,66.03076923,59.53076923,58.2,57.68461538,60.4,62.70769231,61.23076923,70.4
765.114245,57.28461538,52.9,64.66923077,65.43076923,53.33076923,56.8,54.98461538,61.7,57.40769231,51.05384615,59.5
765.2974748,61.08461538,60.3,56.96923077,57.63076923,52.43076923,54.7,64.78461538,67.8,67.30769231,56.73076923,64.3
765.4806884,46.58461538,51.1,53.76923077,50.93076923,46.63076923,42.24615385,59.28461538,49.7,47.90769231,61.43076923,44.3
765.6638857,60.18461538,64.2,57.06923077,50.43076923,62.93076923,54,64.88461538,64.7,65.70769231,65.43076923,61.7
765.8470668,51.18461538,60.4,56.96923077,51.93076923,50.43076923,57.9,53.38461538,59.6,53.60769231,58.33076923,48.9
766.0302317,62.08461538,63.8,61.16923077,67.03076923,59.73076923,61.8,57.18461538,51.5,52.60769231,62.93076923,63.4
766.2133803,55.98461538,54.2,56.26923077,47.9,53.03076923,49.8,54.48461538,60.2,56.90769231,58.73076923,56.3
766.3965128,52.38461538,63.3,47.66923077,56.53076923,54.03076923,59.1,56.98461538,60.5,58.50769231,60.53076923,58.3
766.5796289,49.88461538,45.4,44.36923077,44.83076923,48.32307692,57.2,56.88461538,55.6,54.30769231,52.13076923,56.5
766.7627289,50.38461538,64.1,64.36923077,55.23076923,66.53076923,55.8,51.78461538,65.4,57.50769231,56.93076923,55
766.9458126,52.88461538,48.2,63.56923077,49.93076923,54.93076923,50.8,55.68461538,49.5,64.20769231,57.03076923,58.2
767.12888,63.78461538,56,64.06923077,55.83076923,53.22307692,65.1,59.88461538,62.7,62.90769231,51.43076923,57.9
767.3119312,53.78461538,42.8,48.36923077,49.83076923,46.53076923,51.7,51.18461538,55.7,50.00769231,53.23076923,63
767.4949662,57.98461538,67.3,64.16923077,54.73076923,56.53076923,63.9,58.08461538,55.3,48.40769231,54.33076923,56.6
767.6779849,46.68461538,52.8,43.36923077,50.09230769,50.43076923,54.3,64.68461538,53.2,59.80769231,62.03076923,48.5
767.8609873,52.48461538,61.7,54.46923077,52.33076923,62.23076923,42.7,57.68461538,52.5,59.30769231,57.83076923,53.9
768.0439735,51.78461538,53.9,45.96923077,57.93076923,53.13076923,48.3,47.88461538,60.6,53.40769231,55.63076923,53
768.2269434,50.98461538,63.8,58.16923077,51.33076923,55.03076923,59.8,56.78461538,48.56923077,61.20769231,62.43076923,62.6
768.4098971,46.18461538,52.1,55.56923077,49.73076923,54.53076923,51.6,59.48461538,49.3,50.60769231,55.13076923,64
768.5928345,54.18461538,55.8,56.16923077,43.33076923,51.03076923,45.2,57.38461538,61.5,57.50769231,45.23076923,62.3
768.7757556,61.78461538,59.9,56.96923077,53.33076923,55.33076923,44.7,62.28461538,38.3,52.20769231,55.13076923,64.2
768.9586605,57.78461538,61.1,58.86923077,53.43076923,47.73076923,47.2,51.88461538,53.2,68.80769231,59.03076923,54.9
769.141549,55.38461538,53.6,50.06923077,55.73076923,48.53076923,50,61.28461538,54.6,53.20769231,46.73076923,49.76923077
769.3244214,53.68461538,60.9,60.86923077,48.13076923,49.53076923,59.2,48.18461538,64.8,60.80769231,62.83076923,57.8
769.5072774,56.58461538,55.9,52.56923077,60.73076923,53.23076923,42.4,52.18461538,54.6,43.20769231,59.83076923,45.7
769.6901172,54.58461538,60.6,50.96923077,51.23076923,53.83076923,55,58.98461538,62,54.00769231,62.23076923,56.9
769.8729406,39.88461538,54.7,49.66923077,45.73076923,57.13076923,50.7,53.58461538,54,46.80769231,46.93076923,49.6
770.0557478,62.28461538,53.5,39.86923077,52.93076923,57.23076923,47.1,60.98461538,49.2,52.10769231,57.23076923,56.15384615
770.2385387,55.68461538,53.6,50.06923077,58.63076923,47.83076923,40.1,42.08461538,54.7,47.70769231,47.73076923,59.5
770.4213133,47.88461538,57.8,49.76923077,48.03076923,49.73076923,52.83846154,58.78461538,69,59.90769231,60.33076923,51.3
770.6040717,44.28461538,56.7,45.76923077,45.63076923,53.83076923,51.8,44.88461538,53.6,52.20769231,52.83076923,47.2
770.7868137,50.28461538,43.7,49.86923077,51.53076923,54.13076923,54.4,48.78461538,51.2,52.10769231,57.93076923,58.2
770.9695394,40.68461538,40.1,53.56923077,55.23076923,48.73076923,42.1,46.48461538,55.5,59.70769231,56.13076923,49.4
771.1522489,52.68461538,54.7,56.06923077,50.23076923,46.73076923,54.2,63.18461538,55.4,51.50769231,53.83076923,58.9
771.334942,44.98461538,49.3,44.16923077,48.53076923,41.03076923,45.4,41.38461538,47.9,46.70769231,53.23076923,53
771.5176188,53.18461538,43.6,53.66923077,52.33076923,44.23076923,45,50.38461538,51.4,58.80769231,51.83076923,52.8
771.7002794,49.78461538,51.2,49.16923077,48.43076923,53.93076923,36.22307692,58.68461538,43.9,51.10769231,51.43076923,44.7
771.8829236,49.98461538,53.3,56.66923077,60.83076923,42.73076923,41.1,63.28461538,64.1,58.60769231,57.43076923,50.1
772.0655515,41.68461538,45.1,58.96923077,57.83076923,53.33076923,53.5,43.48461538,54,41.80769231,49.53076923,62.3
772.2481631,55.18461538,58.1,58.86923077,48.23076923,46.43076923,47.1,53.78461538,49,52.70769231,46.03076923,47.6
772.4307584,56.18461538,47.3,54.66923077,45.03076923,40.73076923,43.5,32.65384615,49.1,47.50769231,52.13076923,40.1
772.6133373,54.32307692,60.2,55.26923077,53.53076923,43.63076923,46.8,54.18461538,48.7,51.70769231,68.83076923,66.3
772.7959,54.68461538,56.9,44.96923077,43.23076923,51.43076923,35.3,43.48461538,44,42.20769231,55.13076923,46.6
772.9784463,46.68461538,42.2,50.86923077,57.83076923,54.83076923,57.9,57.48461538,56.7,55.70769231,63.13076923,52.4
773.1609763,44.88461538,50,45.26923077,44.63076923,35.63076923,46,56.78461538,52.5,60.00769231,64.33076923,42.2
773.34349,58.78461538,51.1,53.26923077,47.03076923,41.43076923,50.09230769,47.28461538,52.9,52.20769231,48.33076923,52.3
773.5259873,51.08461538,51.9,44.26923077,52.83076923,47.43076923,34.92307692,43.98461538,39.90769231,46.70769231,44.53076923,61
773.7084683,48.78461538,56.7,48.36923077,50.63076923,47.83076923,43.83846154,51.98461538,46.4,57.24615385,49.93076923,46.4
773.890933,42.98461538,50.8,48.66923077,37.33076923,57.33076923,34.7,47.28461538,34.1,45.60769231,40.33076923,50.6
774.0733813,41.88461538,53,48.56923077,45.03076923,50.13076923,53.5,34.35384615,45.8,56.60769231,57.83076923,43.2
774.2558133,36.88461538,46,43.36923077,46.13846154,43.63076923,55.1,43.78461538,48,44.80769231,45.33076923,53.1
774.4382289,44.68461538,49.9,56.66923077,56.43076923,56.93076923,46.1,59.58461538,49.3,62.40769231,48.93076923,52.4
774.6206282,42.18461538,47.2,41.36923077,38.83076923,39.53076923,38.6,40.99230769,45.1,49.70769231,50.63076923,41.95384615
774.8030112,59.38461538,49.8,52.06923077,51.43076923,40.73076923,44.1,53.48461538,47.2,49.00769231,52.03076923,58.6
774.9853778,42.68461538,33.71538462,52.56923077,37.23076923,33.03076923,27.9,45.48461538,37.4,55.60769231,41.93076923,51.9
775.1677281,44.38461538,53.6,54.76923077,54.03076923,39.53076923,48.5,56.68461538,45.8,38.00769231,50.83076923,54.8
775.350062,38.38461538,31.1,41.76923077,37.63076923,41.33076923,42.5,44.48461538,46.1,41.90769231,39.55384615,46.7
775.5323795,39.78461538,38.4,46.36923077,43.33076923,45.23076923,40.6,46.18461538,56.1,45.20769231,46.63076923,61.6
775.7146807,38.22307692,41.2,38.36923077,40.53076923,42.73076923,18.04615385,42.68461538,38.56923077,48.60769231,51.83076923,47.8
775.8969655,46.48461538,42.5,44.06923077,45.53076923,41.13076923,44.5,50.86923077,48.5,36.90769231,42.23076923,55.4
776.079234,40.78461538,42.1,39.96923077,49.93076923,36.63076923,37.6,45.85384615,33.7,45.90769231,41.23076923,50.2
776.2614861,47.98461538,40.5,42.86923077,50.33846154,48.93076923,49.7,52.88461538,49.7,38.34615385,53.93076923,52
776.4437218,39.08461538,42,39.36923077,43.93076923,36.63076923,45.1,37.08461538,40.7,38.10769231,53.13076923,48.4
776.6259412,37.78461538,49.8,44.76923077,53.53076923,54.43076923,50.7,49.28461538,45,54.70769231,46.93076923,52.8
776.8081442,33.78461538,41.2,44.06923077,39.2,40.73076923,34.7,44.68461538,33.5,48.40769231,42.93076923,54.5
776.9903308,34.08461538,55.4,37.86923077,47.13076923,48.33076923,42.89230769,47.58461538,37.8,44.40769231,53.83076923,49.8
777.172501,36.68461538,36.8,34.36923077,43.63076923,29.13076923,47.7,46.88461538,47.7,44.30769231,48.73076923,56.8
777.3546548,40.38461538,36.7,37.66923077,32.59230769,43.23076923,44.1,39.48461538,44.5,46.90769231,46.33076923,37.65384615
777.5367923,37.88461538,31.33076923,42.66923077,34.23076923,41.43076923,37,41.78461538,48.6,33.40769231,36.83076923,52.7
777.7189134,37.78461538,39.7,51.26923077,44.03076923,42.03076923,31.7,42.48461538,40.00769231,43.30769231,53.53076923,47
777.9010181,40.48461538,42.8,37.52307692,35.39230769,33.71538462,28.8,37.28461538,41.6,47.30769231,44.43076923,41.9
778.0831064,40.08461538,36.2,34.66923077,42.83076923,42.43076923,44,41.98461538,27.70769231,41.84615385,43.16153846,40.8
778.2651783,39.98461538,34.8,41.16923077,43.93076923,43.03076923,34.9,38.48461538,46.2,32.80769231,36.93076923,37.3
778.4472338,39.78461538,36.63076923,42.76923077,41.63076923,39.23076923,44.5,49.98461538,50.8,43.80769231,44.63076923,41.2
778.6292729,42.88461538,46.7,39.5,42.13076923,36.43076923,32.9,39.98461538,43.9,45.00769231,41.13076923,38.6
778.8112956,39.88461538,48.4,48.56923077,35.73076923,50.23076923,34.4,48.58461538,45.6,42.40769231,37.13076923,44.3
778.9933019,47.68461538,33.46153846,37.36923077,31.62307692,41.71538462,33.1,34.88461538,34.4,34.54615385,33.35384615,36.1
779.1752918,49.18461538,43,44.06923077,42.53076923,46.73076923,36.6,41.18461538,40,45.70769231,37.23076923,46.1
779.3572653,37.28461538,34.5,41.36923077,47.33076923,39.07692308,35.14615385,40.98461538,40.4,45.60769231,42.13076923,40.7
779.5392224,46.78461538,35.8,32.36923077,33.93076923,43.43076923,41.92307692,44.08461538,38.80769231,35.60769231,50.83076923,42.1
779.7211631,38.38461538,38.7,37.56923077,39.6,26.82307692,41.43846154,40.58461538,37.59230769,38.93076923,43.93076923,42.8
779.9030874,42.38461538,48,36.44615385,51.93076923,43.63076923,40.3,35.88461538,41.2,39.50769231,56.83076923,40.6
780.0849952,21.22307692,42.01538462,32.96923077,39.73846154,37.03076923,25.76923077,37.38461538,37.1,46.00769231,34.93076923,48.9
780.2668866,44.48461538,39.2,37,37.13076923,42.03076923,30.7,41.98461538,43.4,38.10769231,50.23076923,43.3
780.4487617,32.08461538,36.6,44.46923077,45.73076923,38.13076923,35.4,43.78461538,30.9,38.90769231,23.93076923,44.8
780.6306202,43.97692308,40,42.86923077,43.63076923,40.73076923,38.1,40.58461538,40.2,34.10769231,55.63076923,38.7
780.8124624,28.98461538,39.8,35.66923077,41.18461538,31.83076923,35.92307692,39.08461538,47.4,37.20769231,37.43076923,40.7
780.9942881,40.58461538,35.1,44.26923077,36.9,29.17692308,27.99230769,41.08461538,41.6,40.40769231,45.23076923,39.4
781.1760974,31.18461538,30.8,40.03076923,28.40769231,38.13076923,34.6,34.88461538,31.4,38.30769231,34.11538462,43
781.3578903,35.18461538,35.4,44.96923077,39.03076923,30.83076923,36.89230769,37.45384615,42.1,41.30769231,34.63076923,33.96923077
781.5396667,34.68461538,30.9,39.06923077,44.53076923,33.23076923,41,39.78461538,33.7,30.36153846,49.53076923,35.6
781.7214267,39.88461538,29.8,43.66923077,44.13076923,40.33076923,34.4,37.78461538,41.2,49.10769231,42.03076923,28.9
781.9031702,30.58461538,32.3,39.54615385,27.86153846,32.53076923,34.82307692,40.28461538,35.5,32.10769231,34.03076923,34
782.0848973,46.98461538,33.1,40.16923077,39.83076923,39.31538462,36.1,41.38461538,34.8,40.50769231,44.43076923,38.2
782.266608,28.68461538,33.17692308,31.33076923,32.23846154,28.93076923,32.4,32.34615385,31.1,35.66923077,32.20769231,38.2
782.4483022,37.08461538,29.8,39.96923077,41.13076923,34.93076923,37,33.98461538,40.8,38.50769231,41.93076923,45.4
782.6299799,30.97692308,26.73076923,35.76923077,34.23076923,31.62307692,24.1,38.05384615,30.14615385,33.13076923,33.43076923,31.7
782.8116412,52.78461538,35.9,32.76923077,36.83076923,25.23076923,36.3,39.38461538,35.09230769,36.10769231,37.78461538,42.1
782.9932861,25.5,31.8,29.36923077,28.55384615,21.77692308,19.83076923,39.18461538,32.2,27.72307692,39.93076923,37.8
783.1749145,21.58461538,29.4,40.46923077,45.4,39.93076923,34.9,41.08461538,29.2,41.1,33.25384615,34.8
783.3565264,31.48461538,31.3,31.5,18.01538462,29.53076923,25.39230769,41.28461538,30.9,37.00769231,45.43076923,23.00769231
783.5381218,38.97692308,25.7,35.06923077,41.83076923,38.83076923,43.3,26.88461538,34.90769231,30.53076923,38.63076923,33.3
783.7197008,39.56923077,35.7,34.36923077,31.81538462,36.63076923,33.8,31.06923077,28.9,37.20769231,28.83076923,37.8
783.9012634,23.96923077,29.3,38.8,40.53076923,46.63076923,30.3,38.48461538,35,40.80769231,26.33076923,42.6
784.0828094,24.92307692,24.97692308,28.26923077,29.65384615,26.21538462,27.1,29.18461538,27.50769231,39.80769231,30.85384615,29.3
784.264339,29.86153846,25.61538462,34.16923077,41.43076923,31.43076923,14.46153846,38.38461538,31.6,26.10769231,38.53076923,47
784.4458521,23.6,34.5,29.75384615,21.37692308,32.93076923,19.96153846,28.69230769,30.5,28.94615385,33.23076923,35
784.6273488,36.38461538,34.23076923,33.26923077,27.23076923,26.73076923,27.44615385,35.35384615,35.5,35.00769231,42.13076923,31.6
784.8088289,33.38461538,38.31538462,24.4,22.37692308,26.33076923,20.54615385,30.55384615,24.23846154,30.30769231,25.73076923,32.45384615
784.9902926,35.68461538,27.7,36.26923077,43.53076923,20.47692308,21.82307692,35.75384615,33.9,49.00769231,30.43076923,41.36923077
785.1717398,31.68461538,24.74615385,32.93076923,27.08461538,26.10769231,25.9,29.15384615,32.5,34.00769231,23.78461538,39.2
785.3531705,28.46153846,24.73076923,23.95384615,30.23076923,20.91538462,32.34615385,35.88461538,30.1,42.60769231,33.66153846,34.26923077
785.5345847,19.33076923,29.73076923,26.25384615,27.83846154,26.45384615,32.4,33.88461538,29.7,28.60769231,40.95384615,30.2
785.7159824,27.46923077,35.8,34.46923077,33.11538462,28.11538462,33.2,25.98461538,32.8,32.70769231,30.15384615,34.5
785.8973636,32.78461538,27.8,35.56923077,24.05384615,27.36153846,28.6,19.78461538,24.3,29.86923077,28.55384615,32.7
786.0787284,25.46923077,24.1,37.66923077,25.55384615,20.76153846,24.4,23.68461538,35.44615385,36.40769231,37.73076923,45.91538462
786.2600766,28.88461538,22.90769231,30.54615385,27.2,25.06923077,21.03076923,33.89230769,40.3,36.30769231,29.23076923,22.91538462
786.4414083,33.58461538,28.06923077,33.56923077,28.33076923,29.63076923,36.7,29.48461538,21.59230769,47.00769231,23.27692308,38.3
786.6227235,16.06153846,25.23846154,31.45384615,33.03846154,27.85384615,24,22.78461538,26.10769231,23.8,23.05384615,25.2
786.8040222,26.48461538,38.4,26.26923077,25.63076923,28.93076923,21.19230769,38.05384615,26.2,30.10769231,28.53076923,49.3
786.9853044,34.70769231,15.67692308,29.26923077,22.63076923,31.21538462,22.24615385,29.95384615,28.10769231,24.70769231,34.43076923,21.2
787.1665701,36.34615385,29.33076923,25.46923077,40.2,23.61538462,30.3,38.08461538,24.87692308,15.75384615,35.93076923,19.2
787.3478193,22.88461538,23.7,26.33076923,28.36153846,26.61538462,21.6,27.38461538,25,35.20769231,30.65384615,25.86153846
787.529052,33.08461538,26.9,40.36923077,40.23076923,35.12307692,17.33846154,41.78461538,25.3,37.40769231,30.93846154,34.4
787.7102681,29.96923077,28.7,36.76923077,24.58461538,25.93076923,28.73076923,25.25384615,31.10769231,23.40769231,36.23076923,27.38461538
787.8914678,30.06923077,35.2,40.76923077,42.03076923,21.26923077,21.84615385,35.08461538,33.20769231,28.20769231,33.53076923,24.76923077
788.0726509,24.7,18.56923077,23.93076923,28.83076923,31.03076923,19.32307692,30.84615385,29,25.10769231,32.23076923,21.82307692
788.2538174,23.7,31.2,32.86923077,25.63846154,30.63076923,24.12307692,30.67692308,30,26.85384615,31.43076923,30.6
788.4349675,23.8,21.93076923,26.06923077,23.88461538,25.57692308,26.19230769,39.08461538,27.3,29.60769231,26.43076923,37.8
788.616101,25.90769231,25,31.26923077,28.73076923,25.92307692,23.7,34.25384615,22.49230769,36.90769231,25.85384615,32.73076923
788.797218,19.72307692,32.11538462,25.46923077,20.83076923,32.47692308,26.4,17.26923077,21.9,21.08461538,27.13076923,32.9
788.9783184,27.38461538,35.33076923,28.06923077,26.33076923,18.20769231,18.8,22.57692308,23.2,30.00769231,22.43076923,35.8
789.1594023,10.06153846,24.6,20.44615385,22.22307692,19.36923077,29.43846154,21.38461538,26.4,23.20769231,24.25384615,36
789.3404697,20.02307692,22,32.96923077,33.09230769,31.73076923,23.1,27.36923077,32.5,33.10769231,19.43076923,33.9
789.5215205,21.04615385,27.73076923,24.56923077,12.79230769,25.03076923,23.24615385,25.38461538,27.86923077,19.44615385,25.46153846,22.69230769
789.7025548,30.08461538,29.3,18.94615385,23.02307692,35.03076923,19.13846154,31.35384615,26.3,30.90769231,29.13076923,41.2
789.8835726,25.58461538,25.2,27.96923077,26.03076923,13.65384615,29.2,30.06923077,21.6,21.36923077,24.46153846,31.85384615
790.0645737,26.97692308,26.3,22.49230769,21.93076923,22.95384615,23.63846154,23.28461538,34.6,27.70769231,40.73076923,38.41538462
790.2455584,22.78461538,27.5,18.01538462,35.79230769,28.23076923,25.24615385,19.44615385,24.9,22.90769231,23.43076923,35.1
790.4265265,32.58461538,23.93076923,30.46923077,30.09230769,30.33076923,17.62307692,26.18461538,19.09230769,21.60769231,33.03076923,31.7
790.607478,23.06153846,38.4,21.43076923,34.03076923,24.08461538,24.2,24.96923077,25.70769231,25.84615385,27.78461538,34.1
790.7884129,26.78461538,33.9,37.16923077,35.13076923,27.07692308,26.12307692,22.98461538,22.9,28.30769231,31.53076923,35.86153846
790.9693313,18.96923077,25.1,15.96923077,21.79230769,20.02307692,26.98461538,21.86923077,17.68461538,17.80769231,18.14615385,27.5
791.1502332,29.58461538,33.2,27.4,25.4,23.62307692,30.1,29.58461538,35.4,31.33076923,32.63076923,30.6
791.3311184,18.66923077,25.6,16.70769231,24.13076923,22.42307692,15.36153846,26.58461538,33.3,18.53076923,15.95384615,29.45384615
791.5119871,38.48461538,32.7,19.79230769,21.01538462,18.53846154,28,37.18461538,26.8,30.50769231,26.55384615,33.6
791.6928393,19.4,17.7,30.56923077,19.16153846,28.68461538,23.83076923,24.51538462,14.78461538,22.50769231,21.03076923,25.1
791.8736748,20.43846154,20.6,24.72307692,34.4,33.32307692,24.93846154,24.45384615,18.2,24.22307692,36.73076923,21.36923077
792.0544938,29.98461538,28.6,18.40769231,17.66153846,30.22307692,26.42307692,21.05384615,24,33.94615385,27.73846154,35.75384615
792.2352962,21.62307692,32.02307692,24.86923077,20.23076923,26.26923077,18.35384615,33.98461538,34.5,23.86923077,30.65384615,37.4
792.416082,17.27692308,20.31538462,26.96923077,29.2,10.83846154,13.69230769,16.38461538,29.76923077,26.24615385,23.26153846,21.46153846
792.5968512,30.67692308,29.65384615,26.24615385,22.73076923,18.5,19.12307692,25.74615385,21.97692308,24.2,29.15384615,21.70769231
792.7776039,16.67692308,22.2,30.86923077,25.53076923,11.82307692,18.48461538,22.16923077,31.6,20.72307692,29.63076923,20.97692308
792.9583399,26.67692308,17.1,26.36923077,28.89230769,24.72307692,19.2,27.25384615,31.5,28.30769231,23.90769231,22.85384615
793.1390594,23.07692308,18.88461538,33.46923077,19.31538462,24.43076923,19.63076923,20.58461538,14.30769231,24.40769231,26.73076923,23.42307692
793.3197623,26.57692308,28.42307692,16.55384615,18.57692308,25.93076923,24.22307692,25.58461538,19.96923077,27.00769231,29.73076923,35.8
793.5004485,23.16923077,13.86923077,22.43076923,33.73846154,27.53076923,22.80769231,18.16923077,20,19.08461538,26.76153846,12.86923077
793.6811182,27.58461538,21.93076923,32.76923077,22.00769231,23.63076923,31.32307692,34.08461538,31,38.40769231,19.67692308,14.04615385
793.8617713,12.73846154,21.3,13.7,23.8,19.52307692,26.26153846,24.61538462,13.66153846,22.90769231,23.36153846,27.46153846
794.0424078,22.81538462,21.6,23.66923077,29.13076923,21.27692308,31.1,34.68461538,24.16923077,20.1,28.66153846,27.41538462
794.2230276,20.03846154,8.561538462,18.70769231,18.02307692,20.07692308,16.73846154,26.46153846,19.29230769,20.90769231,17.07692308,16.82307692
794.4036309,25.48461538,32.3,28.60769231,15.74615385,17.39230769,15.43846154,21.23076923,35.4,18.66153846,29.25384615,28.09230769
794.5842175,24.76923077,12.86923077,22.23076923,21.36153846,15.91538462,21.53846154,14.28461538,22.7,8.692307692,14.18461538,23.55384615
794.7647876,18.18461538,27,23.66923077,26.28461538,24.81538462,20.4,23.25384615,22.35384615,15.43846154,29.43076923,24.65384615
794.945341,21.01538462,28.3,30.6,19.98461538,17.10769231,14.08461538,13.55384615,14.07692308,22.22307692,19.69230769,32.36153846
795.1258778,20.87692308,24.93076923,31.28461538,13.10769231,22.96153846,18.13846154,34.16923077,26.50769231,21.20769231,24.10769231,26.5
795.306398,21.17692308,25.3,28.66923077,30.93076923,18.11538462,13.03846154,26.54615385,19.76923077,39.10769231,25.27692308,30.3
795.4869015,38.58461538,12.94615385,23.25384615,21.70769231,12.36153846,13.22307692,15.98461538,14.40769231,29.63076923,30.23076923,35.11538462
795.6673885,28.87692308,24.7,12.58461538,22.40769231,17.06153846,13.77692308,19.77692308,18.8,12.89230769,20.65384615,28.46153846
795.8478588,24.88461538,15,30.86923077,19.49230769,21.51538462,20.08461538,23.98461538,21.17692308,27.52307692,27.75384615,21
796.0283124,13.07692308,12.92307692,14.18461538,20.45384615,16.63076923,19.01538462,12.66923077,24.5,18.54615385,17.13846154,23.61538462
796.2087495,23.57692308,17.79230769,30.5,26.7,25.65384615,27.39230769,13.13076923,21.83846154,16.2,26.23846154,29.15384615
796.3891699,22.21538462,29.7,22.02307692,18.01538462,7.907692308,12.29230769,26.58461538,22.3,19.66153846,22.37692308,31.92307692
796.5695737,25.12307692,19.7,24.16153846,29.79230769,29.91538462,20.1,27.04615385,15.07692308,23.96153846,29.96153846,23.19230769
796.7499608,15.33076923,13.32307692,30.15384615,15.63846154,16.33846154,19.4,14.13846154,22.30769231,19.71538462,20.82307692,26.10769231
796.9303313,19.61538462,26.7,22.06923077,16.21538462,10.18461538,17.77692308,15.68461538,12.29230769,26.20769231,19.64615385,23.42307692
797.1106851,11.07692308,10.50769231,18.73076923,20.65384615,12.96923077,16.00769231,25.15384615,20.19230769,15.54615385,20.83076923,24.26153846
797.2910223,21.52307692,28.12307692,15.36153846,30.63846154,25.90769231,19.96153846,22.04615385,19.75384615,15.93846154,30.15384615,23.31538462
797.4713429,11.6,14.04615385,25.66923077,23.91538462,18.4,21.13846154,10.82307692,30.3,21.21538462,32.35384615,17.02307692
797.6516468,11.77692308,19.03846154,17.14615385,26.13076923,16.85384615,15.58461538,20.41538462,18.97692308,26.50769231,20.43076923,21.26923077
797.831934,19.98461538,6.223076923,18.40769231,11.89230769,22.94615385,18.23846154,9.384615385,16.8,17,21.15384615,17.05384615
798.0122046,24.3,18.36153846,24.16923077,27.33076923,21.62307692,19.6,16,26.3,24.83076923,15.78461538,26.76923077
798.1924585,12.66153846,28.4,19.14615385,16.63846154,15.73076923,21.3,21.85384615,18.47692308,19.50769231,21.17692308,21.9
798.3726958,17.33846154,14.27692308,19.66923077,16.65384615,24.71538462,17.7,33.06923077,23.40769231,21.32307692,18.00769231,20.7
798.5529164,25.07692308,14.7,16.94615385,19.98461538,19.46923077,14.86923077,22.22307692,22.30769231,19.63076923,15.59230769,14.08461538
798.7331204,19.20769231,24.6,19.13846154,27.63076923,18.53076923,20.14615385,21.38461538,26.20769231,19.60769231,26.63076923,25.41538462
798.9133076,16.96923077,21.23076923,21.43076923,13.33846154,10.41538462,13.62307692,23.63076923,18.24615385,24.24615385,18.79230769,13.65384615
799.0934782,26.66153846,25.43846154,19.63076923,23.13076923,14.82307692,18.9,30.35384615,22.29230769,28.53076923,19.73076923,25.93846154
799.2736322,15.46153846,15.63076923,14.06923077,20.26153846,7.030769231,16.53846154,23.95384615,16.20769231,18.69230769,29.55384615,14.39230769
799.4537694,21.98461538,27.85384615,19.2,23.26153846,18.83076923,21.93846154,17.18461538,20.62307692,28.30769231,31.43076923,23.09230769
799.63389,14.39230769,16.63076923,32.63076923,16.49230769,19.73076923,13.26923077,22.23846154,16.91538462,12.55384615,17.10769231,16.32307692
799.8139939,17.46153846,22.88461538,25.68461538,23.6,19.22307692,15.21538462,29.48461538,27.57692308,23.00769231,24.73846154,26.09230769
799.9940811,14.96153846,16.49230769,18.74615385,14.63846154,11.71538462,14.48461538,16.71538462,22.14615385,19.03076923,22.13846154,19.2
800.1741516,31.17692308,31.5,26.16923077,21.45384615,13.97692308,17.19230769,17.21538462,22.51538462,22.93076923,17.06923077,17.35384615
800.3542054,12.01538462,21.99230769,18.63076923,21.1,10.07692308,18.71538462,22.85384615,26.60769231,28.30769231,15.39230769,25.63076923
800.5342426,15.20769231,19.99230769,21.78461538,17.9,18.51538462,19.44615385,24.98461538,21.00769231,16.48461538,21.83076923,18.1
800.714263,12.34615385,22.7,19.26923077,19.88461538,17.86153846,13.23846154,10.94615385,18.11538462,22.30769231,10.26153846,15.56153846
800.8942668,12.45384615,19.4,23.24615385,16.16153846,16.00769231,16.9,14.83076923,22.11538462,24.64615385,37.83076923,22.19230769
801.0742538,16.81538462,13.23076923,12.44615385,13.99230769,9.423076923,10.81538462,15.42307692,20.33846154,14.19230769,16.83846154,22.59230769
801.2542242,19.89230769,26.57692308,14.20769231,18.85384615,14.45384615,12.92307692,19.48461538,19.2,20.34615385,30.88461538,22.63076923
801.4341779,17.47692308,18.7,17.08461538,20.06923077,13.17692308,16.2,23.5,13.15384615,16.41538462,25.25384615,15.8
801.6141148,21.82307692,28.89230769,24.42307692,25.63076923,16.68461538,18.93846154,18.31538462,24.90769231,21.13846154,21.16153846,19.89230769
801.7940351,14.13076923,17.56153846,21.06153846,6.623076923,18.86923077,10.72307692,8.676923077,29.43846154,16.71538462,13.83076923,26.75384615
801.9739386,47.08461538,63.7,62.96923077,57.93076923,48.13076923,52.3,57.38461538,47,62.50769231,49.63076923,55.8
802.1538254,15.49230769,11.33846154,4.407692308,15.93076923,3.838461538,12.16923077,20.11538462,20.29230769,16.03076923,20.02307692,26.6
802.3336955,19.77692308,14.5,21.18461538,26.06153846,21.96923077,18.13846154,21.37692308,22.56923077,24.56153846,18.96153846,20.27692308
802.5135489,16.37692308,17.82307692,19.07692308,19.5,3.207692308,9.330769231,13.93846154,17.69230769,13.74615385,12.65384615,19.66923077
802.6933856,11.03076923,6.169230769,23.24615385,22.63076923,17.35384615,23.93846154,18.55384615,15.85384615,26.10769231,15.22307692,27.8
802.8732055,10.16923077,11.22307692,14.38461538,15.00769231,24.80769231,19.12307692,16.76923077,13.27692308,12.35384615,28.03076923,11.78461538
803.0530088,16.65384615,27.3,25.76923077,25.53076923,19.04615385,23.13846154,24.72307692,27.1,16.30769231,29.03076923,25.6
803.2327953,7.992307692,12.27692308,18.96923077,11.6,12.36153846,16.5,14.04615385,26.1,12.43076923,10.85384615,15.56153846
803.412565,13.44615385,18.86153846,18.88461538,16.33846154,16.46153846,21.13846154,19.36923077,27.66923077,24.52307692,22.45384615,10.02307692
803.5923181,15.36923077,12.65384615,17.53846154,9.723076923,21.20769231,13.27692308,9.861538462,18.99230769,16.36153846,20.74615385,10
803.7720544,24.97692308,26,25.23076923,17.16923077,16.83076923,16.76153846,25.96153846,15.93076923,21.52307692,18.83076923,24.44615385
803.951774,12.52307692,10.91538462,16.07692308,16.68461538,18.44615385,16.7,12.21538462,19.07692308,19.40769231,29.13846154,20.16153846
804.1314768,17.00769231,4.807692308,24.46153846,11.23076923,19.86153846,12.68461538,18.48461538,17.70769231,17.57692308,17.16153846,20.96923077
804.3111629,12.01538462,16.76923077,15.55384615,10.13846154,10.67692308,16.88461538,8,16.60769231,23.24615385,27.85384615,13.76153846
804.4908322,25.38461538,23.58461538,21.4,9.692307692,9.7,26.82307692,24.68461538,21.60769231,25.90769231,21.20769231,20.95384615
804.6704848,16.50769231,18.9,19.20769231,17.83076923,22.52307692,10.16923077,14,17.4,18.5,18.46153846,9.984615385
804.8501207,17.14615385,3.438461538,17.92307692,21.9,15.47692308,13.77692308,16.63846154,20.9,19.64615385,22.73076923,26.6
805.0297398,11.25384615,22.3,18.93076923,20.6,9.276923077,15.71538462,25.48461538,19.07692308,19.55384615,18.96153846,24.75384615
805.2093421,22.98461538,14.39230769,26.26923077,16.66923077,20.12307692,15.43846154,23.32307692,22.66923077,19.87692308,19.85384615,27.76153846
805.3889277,13.57692308,11.69230769,14.93076923,22.10769231,15.44615385,30.4,20.14615385,14.60769231,13.96153846,18.23846154,22.77692308
805.5684965,8.815384615,21.66153846,14.84615385,18.49230769,22.43076923,16.82307692,18.71538462,24.7,21.31538462,21.56153846,29.9
805.7480486,11.82307692,12.41538462,13.23846154,11.96153846,11.09230769,24.02307692,20.58461538,20.2,24.43076923,15.63076923,20.72307692
805.9275839,19.25384615,18.45384615,24.66923077,16.8,12.19230769,20.38461538,16.92307692,17.13846154,16.46153846,18.96153846,22.4
806.1071025,16.74615385,9.615384615,23.96923077,28.4,14.84615385,10.18461538,23.42307692,22.10769231,23.72307692,13.80769231,23.06153846
806.2866043,22.99230769,19.21538462,11.27692308,19.3,15.50769231,23.63846154,19.68461538,24.90769231,18.81538462,15.37692308,21.87692308
806.4660893,7.446153846,9.907692308,10.14615385,16.38461538,11.62307692,6.253846154,16.93846154,14.1,14,15.68461538,24.30769231
806.6455575,21.76923077,26.6,19.76923077,19.92307692,15.30769231,13.53846154,21.75384615,23.7,11.16153846,26.13076923,19.60769231
806.825009,15.11538462,22.27692308,19.58461538,9.553846154,15.5,7.453846154,17.63076923,12.7,14.7,13.77692308,24.96153846
807.0044436,19.90769231,16.4,6.861538462,18.17692308,16.73076923,11.46153846,17.88461538,19.94615385,13.23846154,16.58461538,14.51538462
807.1838615,16.76923077,17.67692308,24.70769231,19.36153846,11.40769231,13.28461538,18.18461538,12.11538462,11.31538462,14.07692308,17.26923077
807.3632627,14.30769231,23.6,15.36923077,23.52307692,14.92307692,13.07692308,22.80769231,19.17692308,28.14615385,19.57692308,21.08461538
807.542647,12.13076923,11.56153846,19.2,16.33846154,16.03846154,13.86923077,20.16923077,8.946153846,12.72307692,11.90769231,14.01538462
807.7220146,14.48461538,14.32307692,16.00769231,10.52307692,15.61538462,12.84615385,21.38461538,12.65384615,19.04615385,11.7,17.23076923
807.9013653,14.1,15.39230769,19.46923077,6.392307692,14.51538462,19.74615385,14.9,14.04615385,14.23846154,15.16153846,13.10769231
808.0806993,23.68461538,28.23846154,20.74615385,19.11538462,18.15384615,15.89230769,25.41538462,17.16923077,19.78461538,21.46153846,16.08461538
808.2600165,10.62307692,9.807692308,12.67692308,11.12307692,9.376923077,11.61538462,13.91538462,12.06923077,17.26153846,11.60769231,10.66923077
808.4393168,14.82307692,13.23076923,18.7,24.5,20.46153846,4.192307692,16.28461538,9.553846154,8.169230769,15.60769231,11.10769231
808.6186004,14.56923077,12.7,18.69230769,20.49230769,22.43076923,19.74615385,10.37692308,17.37692308,9.753846154,13.63846154,12.36923077
808.7978672,12.17692308,23.21538462,23.45384615,20.25384615,23.83076923,10.82307692,17.81538462,23.50769231,17.93076923,27.23076923,30.96923077
808.9771172,15.07692308,16.35384615,21.13076923,11.97692308,10.77692308,6.476923077,12.96923077,9.938461538,19.19230769,13.60769231,12.51538462
809.1563503,13.99230769,20.26923077,20.04615385,26.52307692,17.16923077,22.12307692,18.21538462,22.66923077,11.02307692,23.53076923,27.85384615
809.3355667,25.38461538,11.31538462,13.43076923,15.13846154,18.15384615,15.43846154,16.39230769,21.96923077,15.53846154,14.21538462,23.09230769
809.5147662,12.89230769,15.64615385,13.74615385,21.26923077,21.01538462,12.83846154,24.1,17.86153846,17.26153846,20.26153846,20.63076923
809.693949,14.09230769,10.72307692,11.88461538,14.3,15.10769231,16.16153846,21.26923077,17.26923077,20.73076923,15.99230769,14.8
809.8731149,14.52307692,18.73846154,21.53076923,22.51538462,21.33076923,11.58461538,20.88461538,12.08461538,18.46923077,9.092307692,14.90769231
810.052264,14.03846154,7.138461538,11.81538462,8.092307692,11.00769231,17.86923077,20.75384615,19.17692308,16.04615385,8.9,23.15384615
810.2313963,12.47692308,20.67692308,26.33846154,20.31538462,16.66153846,13.41538462,26.15384615,8.838461538,23.74615385,14.58461538,26.95384615
810.4105117,4.176923077,17.74615385,12.8,21.73846154,8.576923077,6.176923077,18.36923077,17.10769231,15.84615385,13.96153846,9.538461538
810.5896103,12.36153846,14.14615385,21.31538462,12.43076923,14.42307692,21.84615385,23.35384615,19.6,17.59230769,22.73846154,19.90769231
810.7686921,11.11538462,16.33076923,17.26153846,15.93076923,17.92307692,12.96153846,11.99230769,18.77692308,22.4,21.28461538,17.5
810.9477571,17.36923077,12.3,14.33076923,13.46923077,19.86153846,6.661538462,20.73076923,17.06153846,11.53846154,21.11538462,19.86153846
811.1268052,7.776923077,14.17692308,10.41538462,14.5,7.8,9.207692308,9.338461538,13.50769231,13.34615385,20.26153846,15.78461538
811.3058365,12.30769231,10.19230769,17.46923077,21.6,13.57692308,23.2,19.15384615,13.83846154,17.26923077,15.63846154,27.95384615
811.484851,17.38461538,18.26153846,16.53076923,13.98461538,16.42307692,4.792307692,13.47692308,11.48461538,16.62307692,14.18461538,8.253846154
811.6638486,15.21538462,15.73076923,13.26923077,17.23076923,17.62307692,14.97692308,22.99230769,15.99230769,24.80769231,21.23076923,21.4
811.8428294,9.053846154,12.54615385,14.36153846,14.53846154,9.853846154,13.25384615,25.15384615,14.93846154,11.26153846,19.24615385,23.75384615
812.0217934,5.769230769,22.21538462,10.43076923,19.60769231,17.27692308,17.60769231,8.084615385,23.22307692,20.00769231,21.08461538,18.85384615
812.2007404,8.823076923,16.02307692,18.30769231,12.77692308,18.53076923,14.41538462,17.79230769,14.26923077,18.16153846,28.73076923,12.83846154
812.3796707,13.34615385,15.95384615,14.95384615,13.30769231,15.90769231,11.00769231,15.52307692,25.30769231,20.20769231,19.15384615,12.56153846
812.5585841,12.41538462,11.6,14.24615385,12.30769231,14.35384615,17.01538462,19.88461538,7.661538462,10.94615385,12.94615385,13.1
812.7374806,7.1,13.08461538,20.40769231,18.1,16.82307692,12.82307692,15.59230769,16.10769231,29.2,26.13076923,19.26923077
812.9163603,8.784615385,12.56923077,19.16923077,13.08461538,10.66153846,14.7,10.63076923,14.58461538,13.95384615,15.45384615,11.09230769
813.0952231,15.68461538,11.02307692,16.56153846,22.27692308,9.423076923,11.01538462,17.9,7.869230769,15.63846154,18.83846154,21.39230769
813.274069,23.68461538,14.74615385,11.69230769,10.34615385,10.29230769,9.576923077,10.94615385,10.33076923,12.10769231,11.76153846,14.41538462
813.4528981,25.53846154,20.24615385,20.74615385,12.8,13.95384615,12.10769231,28.68461538,20.59230769,24.13076923,28.63076923,22.2
813.6317103,15.67692308,11.6,20.63076923,8.315384615,7.261538462,7.030769231,14.13846154,6.615384615,12.95384615,16.91538462,13.36923077
813.8105057,15.63076923,17.14615385,20.35384615,19.18461538,10.33846154,8.107692308,16.98461538,11.56923077,13.01538462,10.21538462,19.23076923
813.9892842,14.01538462,8.569230769,15.82307692,10.41538462,6.307692308,13.99230769,13.38461538,14.86923077,6.653846154,14.13846154,15.3
814.1680458,7.107692308,13.48461538,13.10769231,23.13846154,24.46923077,19.02307692,14.81538462,12.11538462,14.3,32.53076923,18.63076923
814.3467905,18.42307692,6.453846154,11.94615385,6.461538462,11.06153846,5.807692308,17.83076923,7.023076923,19.70769231,22.13846154,4.484615385
814.5255184,8.438461538,10.40769231,12.2,15.23076923,18.09230769,20.07692308,16.95384615,22.64615385,13.66923077,18.43076923,20.86923077
814.7042293,9.553846154,13.37692308,18.86153846,9.692307692,14.75384615,17.56153846,12.15384615,10.06923077,18.70769231,17.11538462,8.969230769
814.8829234,18.29230769,14.96153846,13.90769231,27.53076923,9.253846154,14.78461538,18.08461538,18.50769231,17.26153846,19.83076923,20.27692308
815.0616006,17.17692308,12.58461538,14.18461538,11.89230769,10.46923077,15.77692308,11.93846154,18.4,14.33846154,18.43076923,10.16153846
815.2402609,10.96153846,19.42307692,20.04615385,25.4,15.53076923,18.33846154,25.25384615,17.24615385,11.15384615,23.43846154,27.15384615
815.4189044,6.838461538,11.14615385,18.00769231,10.16923077,5.3,11.64615385,10.11538462,11.08461538,11.60769231,11.00769231,10.2
815.5975309,11.25384615,16.08461538,16.16153846,12.03076923,8.338461538,11.63076923,19.48461538,22.70769231,16.24615385,19.76153846,15.76923077
815.7761405,10.58461538,13.46923077,10.58461538,11.86923077,3.453846154,16.36923077,7.015384615,16.60769231,4.769230769,15.97692308,14.7
815.9547332,2.569230769,23.34615385,19.9,15.60769231,9.884615385,20.12307692,18.78461538,14.04615385,20.78461538,16.13076923,21.39230769
816.1333091,7.5,3.9,12.92307692,13.38461538,14.00769231,14.45384615,13.6,8.876923077,10.43076923,18.85384615,12.15384615
816.311868,18.24615385,18.3,14.96153846,19.38461538,17.94615385,18.96153846,12.61538462,18.7,18.18461538,24.16153846,23.59230769
816.49041,10.43076923,14.00769231,14.38461538,16.5,7.176923077,15.51538462,21.91538462,11.73846154,12.02307692,21.50769231,11.52307692
816.6689351,14.91538462,20.53076923,2.907692308,14.00769231,7.684615385,12.17692308,12.07692308,17.97692308,24.20769231,13.53846154,26.68461538
816.8474433,17.91538462,6.676923077,15.07692308,11.61538462,14.02307692,8.123076923,11.33846154,13.49230769,15.15384615,20.23846154,7.546153846
817.0259346,16.14615385,6.676923077,19.06923077,23.36153846,15.76923077,6.123076923,9.476923077,13.79230769,10.60769231,32.83076923,18.61538462
817.204409,6.584615385,9.007692308,10.30769231,17.73076923,8.107692308,7.338461538,13.83846154,14.46923077,11.34615385,25.75384615,12.75384615
817.3828665,12.73076923,21.90769231,13.56923077,16.33846154,21.41538462,12.55384615,9.969230769,15.16923077,14.48461538,22.48461538,12.91538462
817.561307,8.8,9.130769231,10.58461538,6.423076923,11.05384615,10.44615385,11.86923077,5.8,12.1,6.023076923,10.30769231
817.7397306,19.31538462,10.90769231,13.9,14.26153846,13.41538462,12.46153846,14.36923077,9.884615385,8.830769231,20.83076923,18.8
817.9181373,9.369230769,8.030769231,13.2,15.01538462,12.80769231,10.54615385,15.53076923,12.79230769,13.82307692,17.23846154,2.569230769
818.0965271,20.06153846,23.33076923,16.46153846,11.50769231,11.24615385,20.09230769,22.1,15.76153846,11.83076923,14.66153846,8.253846154
818.2748999,11.53076923,9.653846154,18.86153846,13.18461538,15.3,11.99230769,12.29230769,11.86153846,14.95384615,16.81538462,13.89230769
818.4532558,8.592307692,10.79230769,14.41538462,15,14.83076923,5.253846154,10.60769231,11.13076923,17.76923077,19.33846154,8.4
818.6315948,12.8,8.407692308,12.41538462,16.46153846,6.276923077,13.13076923,13.43846154,17.37692308,15.30769231,26.25384615,13.03076923
818.8099168,9.546153846,9.753846154,17.05384615,13.56153846,15.51538462,11.43076923,15.73846154,13.63076923,10.73076923,13.38461538,24.82307692
818.9882219,11.87692308,12.9,8.823076923,10.3,10.84615385,7.846153846,5.630769231,13.13846154,6.107692308,12.39230769,13.93846154
819.1665101,18.4,13.61538462,18.42307692,13.97692308,8.953846154,23.23846154,15.33076923,19.94615385,13.6,23.56153846,15.06153846
819.3447813,9.915384615,11.63846154,12.18461538,4.846153846,8.8,13.83846154,14.96153846,3.861538462,13.5,16.76153846,12.46923077
819.5230355,17.18461538,16.74615385,15.93076923,17.80769231,13.81538462,10.47692308,9.615384615,22.00769231,13.07692308,14.64615385,17.69230769
819.7012728,5.8,8.207692308,13.05384615,8.1,10.85384615,6.069230769,10.84615385,15.07692308,14.56923077,8.161538462,12.5
819.8794932,19.48461538,17.71538462,23.56923077,11.00769231,15.71538462,22.54615385,24.85384615,28.20769231,19.40769231,12.03076923,18.16923077
820.0576966,10.79230769,10.46923077,18.32307692,20.99230769,13.53076923,6.276923077,13.12307692,15.1,18.34615385,15.36153846,8.376923077
820.2358831,10.66923077,16,20.19230769,15.7,13.70769231,16.63846154,23.09230769,13.59230769,13.67692308,13.03076923,16.14615385
820.4140525,15.61538462,8.484615385,14.49230769,15.9,8.269230769,10.31538462,15.50769231,9.453846154,15.65384615,9.030769231,15.32307692
820.5922051,13.86153846,15.01538462,12.26153846,16.53076923,13.52307692,9.561538462,11.98461538,17.37692308,13.84615385,16.40769231,22.76153846
820.7703406,13.9,10.20769231,11.97692308,13.86153846,7.153846154,13.23076923,8.253846154,7.915384615,7.376923077,12.66153846,15.72307692
820.9484592,4.930769231,19.90769231,20.06153846,18.84615385,18.96153846,7.615384615,12.68461538,12.56923077,14.04615385,12.50769231,14.23846154
821.1265609,7.315384615,12.19230769,16.7,15.70769231,8.646153846,4.484615385,7.784615385,7.284615385,3.976923077,13.60769231,12.22307692
821.3046455,16.42307692,14.36153846,17.20769231,7.492307692,13.97692308,7.8,5.484615385,13.06923077,19.62307692,15.70769231,13.6
821.4827132,21.17692308,8.892307692,8.6,13.54615385,19.56153846,14.88461538,13.76923077,17.06153846,12.57692308,19.08461538,6.076923077
821.6607639,14.03076923,22.57692308,6.246153846,17.16153846,15.22307692,20.23076923,12.76153846,22.57692308,12.45384615,20.40769231,19.89230769
821.8387977,7.884615385,16.72307692,11.9,9.115384615,6,8.184615385,5.607692308,14.39230769,18.58461538,12.95384615,5.469230769
822.0168144,8.907692308,21.29230769,9.807692308,10.16923077,11.77692308,19.12307692,6.746153846,23.16923077,18.58461538,14.69230769,16.7
822.1948142,9.738461538,6.615384615,11.23846154,15.06153846,8.769230769,8,5.430769231,6.523076923,13.46153846,15.19230769,11.34615385
822.372797,16.53076923,17.8,8.684615385,10.69230769,17.97692308,14.07692308,11.05384615,15.5,14.56153846,5.930769231,11.13846154
822.5507628,12.14615385,9.107692308,9.730769231,9.592307692,11.56153846,11.82307692,10,10.57692308,8.161538462,8.746153846,12.44615385
822.7287116,24.07692308,13.03076923,16.81538462,13.37692308,11.21538462,14.15384615,18.95384615,19.2,25.6,29.45384615,13.62307692
822.9066434,12.29230769,5.4,11.16923077,14.76153846,9.661538462,2.284615385,14.53846154,12.06923077,8.138461538,26.13076923,13.26153846
823.0845582,13.23076923,13.78461538,27.84615385,13.98461538,13.56153846,12.11538462,9.484615385,21.79230769,22.04615385,14.16153846,15.86153846
823.262456,6.523076923,18.21538462,21.02307692,10.17692308,16.07692308,10.25384615,15.12307692,9.292307692,19.63076923,11.80769231,16.97692308
823.4403369,10.94615385,12.94615385,17.37692308,10.47692308,16.10769231,10.67692308,18.41538462,14.09230769,15.58461538,13.17692308,17.75384615
823.6182007,9.361538462,12.09230769,14.76153846,13.28461538,12.15384615,12.88461538,7.192307692,9.215384615,9.830769231,15.10769231,7.346153846
823.7960475,15.33076923,16.17692308,9,16.85384615,12.77692308,19.7,16.55384615,12.89230769,23.10769231,17.46923077,11.86153846
823.9738773,5.107692308,9.761538462,9.730769231,15.9,9.492307692,8.792307692,9.815384615,7.953846154,13.28461538,8.953846154,6.361538462
824.1516901,14,5.846153846,27.56923077,14.41538462,13.44615385,10.2,19.1,10.64615385,18.09230769,14.13846154,17.97692308
824.3294859,11.31538462,17.04615385,13.24615385,21.33076923,13.65384615,6.053846154,9.161538462,6.430769231,8.576923077,10.33076923,10.7
824.5072647,12.64615385,12.43076923,22.92307692,15.34615385,10.90769231,18.6,14.79230769,24.13846154,9.638461538,15.25384615,10.15384615
824.6850264,8.538461538,17.23076923,25.23076923,11.67692308,14.75384615,5.176923077,3.469230769,17.47692308,8.738461538,15.10769231,11.63076923
824.8627711,12.21538462,9.961538462,16.20769231,13.70769231,7.961538462,11.67692308,17.01538462,18.94615385,7.776923077,9.661538462,19.23076923
825.0404989,10.51538462,8.538461538,16.63076923,11.9,9.407692308,6.553846154,11.05384615,6.792307692,15.81538462,15.08461538,13.35384615
825.2182095,12.44615385,13.44615385,16.83076923,15.4,9.176923077,13.76153846,10.83076923,17.50769231,12.05384615,16.67692308,19.51538462
825.3959032,5.192307692,12.10769231,7.553846154,12.9,6.446153846,12.83846154,6.553846154,24.1,11.89230769,13.07692308,17.86923077
825.5735798,13.63846154,12.63846154,11.74615385,15.69230769,7.153846154,14.67692308,7.253846154,13.33846154,8.615384615,9.184615385,6.761538462
825.7512395,9.769230769,10.55384615,4.3,19.6,9.223076923,12.89230769,15.86923077,15.37692308,16.78461538,21.86153846,12.66923077
825.928882,15.71538462,15.43076923,12.46923077,10.75384615,12.33846154,14.91538462,13.90769231,18.58461538,23.31538462,15.57692308,16.84615385
826.1065076,4.823076923,11.93076923,15.09230769,11.12307692,1.907692308,7.892307692,14.78461538,16.43076923,11.35384615,16.95384615,4.007692308
826.2841161,4.476923077,17.26923077,6.569230769,17.03846154,21.03076923,10.52307692,12.54615385,8.830769231,8.538461538,17.75384615,9.746153846
826.4617075,16.27692308,14.66153846,10.17692308,12.18461538,7.246153846,8.930769231,14.86923077,2.815384615,12.32307692,17.14615385,20.26923077
826.6392819,15.27692308,19.18461538,10.93846154,8.492307692,8.892307692,6.569230769,20.24615385,8.415384615,15.48461538,6.738461538,12.15384615
826.8168393,3.369230769,11.75384615,9.6,7.184615385,9.838461538,9,13.88461538,8.569230769,3.461538462,11.76923077,10.16923077
826.9943796,12.53076923,15.42307692,16.05384615,10.6,10.16153846,15.74615385,10.72307692,8.2,23.90769231,19.56153846,10.78461538
827.1719029,11.63846154,11.53076923,16.33846154,16.09230769,12.61538462,12.70769231,4.546153846,14.59230769,5.692307692,14.46153846,5.030769231
827.3494091,12.52307692,16.26923077,7.207692308,15.14615385,17.18461538,14.13846154,19.37692308,14.33846154,14.38461538,15.53076923,20.64615385
827.5268982,16.97692308,11.70769231,8.423076923,9.015384615,3.838461538,14.43076923,7.4,12.96923077,14.09230769,6.930769231,11.37692308
827.7043703,17.68461538,11.71538462,14.98461538,12.27692308,14.67692308,16.89230769,15.19230769,17.96923077,20.22307692,14.98461538,11.29230769
827.8818254,11.43076923,9.507692308,13.61538462,10.74615385,6.938461538,2.761538462,21.35384615,11.20769231,14.59230769,14.38461538,11.83846154
828.0592634,20.64615385,12.03076923,15.06153846,12.9,7.246153846,11.33846154,15.74615385,22.24615385,19.20769231,9.746153846,10.20769231
828.2366843,9.761538462,5.223076923,5.938461538,10.50769231,12.60769231,8.315384615,18.38461538,14.95384615,7.023076923,17.13076923,6.992307692
828.4140881,7.384615385,20.24615385,24.15384615,11.76153846,10.42307692,12.1,23.8,18,22.40769231,21.78461538,15.12307692
828.5914749,8.961538462,9.3,8.2,10.39230769,15.70769231,7.330769231,10.69230769,8.953846154,9.376923077,16.16923077,13.41538462
828.7688446,10.85384615,14.84615385,11.36153846,26.82307692,11.7,7.946153846,22.04615385,13.08461538,16.68461538,23.63076923,21.3
828.9461972,5.6,12.1,16.7,9.992307692,7.461538462,13.97692308,6.176923077,7.061538462,7.853846154,8.415384615,4.938461538
829.1235328,8.515384615,14.36923077,10.74615385,13.04615385,8.830769231,19.34615385,30.88461538,12.96923077,13.34615385,13.31538462,13.89230769
829.3008513,15.78461538,8.515384615,12.37692308,13.33076923,12.98461538,4.453846154,5.215384615,22.63846154,9.692307692,6.423076923,14.31538462
829.4781526,21.96153846,10.98461538,11.39230769,8.807692308,21.40769231,15.08461538,14.88461538,8.153846154,14.46153846,15.5,20.42307692
829.6554369,11.87692308,5.423076923,14.41538462,17.1,4.292307692,9.569230769,9.869230769,7.407692308,19.12307692,8.553846154,17.66153846
829.8327042,10.73846154,9.130769231,11.41538462,13.6,12.35384615,11.33076923,6.130769231,16.77692308,11.06153846,23.07692308,9.907692308
830.0099543,4.315384615,3.830769231,4.5,3.523076923,5.538461538,6.5,5.376923077,17.17692308,10.73846154,11.02307692,6.038461538
830.1871873,15.26153846,11.23076923,17.23076923,11.25384615,8.292307692,12.18461538,20.05384615,11.6,21.84615385,9.030769231,18.52307692
830.3644033,11.76153846,8.438461538,11.58461538,13.53076923,14.33846154,3.192307692,13.18461538,7.915384615,15.16153846,11.53846154,9.776923077
830.5416021,13.1,16.59230769,26.4,15.34615385,15.55384615,7.784615385,9.830769231,14.15384615,10.83076923,14.06153846,17.83846154
830.7187839,8.015384615,9.107692308,12.04615385,9.792307692,7.076923077,13.41538462,8.8,10.71538462,24.00769231,16.23076923,15.81538462
830.8959485,13.42307692,17.16153846,18.87692308,18.02307692,8.092307692,14.14615385,14.80769231,14.16153846,8.746153846,18.45384615,12.68461538
831.0730961,4.892307692,12.1,15.2,14.69230769,6.376923077,9.4,10.13076923,14.21538462,8.761538462,9.192307692,17.64615385
831.2502265,13.96153846,10.39230769,7.138461538,24.23846154,4.792307692,7.315384615,18.39230769,16.76923077,9.876923077,19.76153846,16.16923077
831.4273398,8.015384615,12.33846154,16.10769231,13.29230769,15.10769231,12.03846154,17.38461538,10.71538462,10.54615385,12.49230769,15.23076923
831.604436,12.66153846,13.7,4.330769231,14.22307692,10.91538462,17.77692308,9.676923077,14.75384615,5.161538462,9.361538462,13.23076923
831.7815151,8.023076923,6.261538462,18,7.269230769,14.68461538,4.192307692,9.284615385,6.753846154,14.54615385,16.33846154,14.71538462
831.9585771,13.23076923,11.13076923,4.584615385,11.15384615,10.11538462,10.26153846,6.353846154,19.57692308,10.57692308,14.78461538,11.3
832.135622,20.51538462,6.453846154,7.353846154,5.107692308,9.007692308,9.230769231,9.507692308,16.17692308,2.476923077,14.28461538,8.030769231
832.3126497,8.730769231,13.73076923,22.83076923,18.06153846,15.54615385,15.53846154,12.87692308,14.25384615,16.36153846,17.97692308,16.19230769
832.4896604,5.1,11.32307692,14.34615385,4.553846154,15.77692308,8.284615385,16.48461538,11.63846154,10.91538462,15.71538462,14.18461538
832.6666539,12.35384615,13.67692308,12.46923077,13.28461538,14.92307692,13.08461538,11.95384615,15.83846154,4.753846154,24.78461538,15.82307692
832.8436302,6.8,7.938461538,13.35384615,10.72307692,5.338461538,6.369230769,7.907692308,7.692307692,11.90769231,12.97692308,7.238461538
833.0205895,18.96923077,9.7,16.08461538,11.42307692,7.607692308,13.73076923,7.361538462,25,11.6,16.38461538,9.415384615
833.1975316,10.01538462,13.43076923,9.9,11.42307692,15.01538462,16.77692308,14.23076923,8.246153846,9.338461538,15.16153846,12.78461538
833.3744566,10.16923077,19.99230769,9.146153846,12.73846154,15.97692308,15.07692308,15.35384615,19.36923077,14.72307692,10.26153846,18.06153846
833.5513644,12.80769231,12.43846154,9.9,13.53076923,17.6,6.423076923,4.923076923,12.73846154,6.638461538,14.86153846,9.984615385
833.7282551,12.40769231,14.63846154,11.36923077,12.8,16.96153846,6.653846154,9.607692308,9.776923077,8.423076923,14.19230769,11.83846154
833.9051286,10.7,7.476923077,10.36923077,14.85384615,7.353846154,4.153846154,13.46923077,10.52307692,8.684615385,7.861538462,10.91538462
834.081985,12.79230769,6.646153846,18.21538462,12.22307692,8.130769231,12.14615385,16.83846154,5.192307692,17.72307692,18.25384615,11.13846154
834.2588243,6.923076923,10.01538462,11.34615385,8.646153846,9.592307692,8.907692308,11.21538462,11.34615385,10.56923077,25.20769231,6.684615385
834.4356464,16.62307692,15.43076923,18.53846154,15.47692308,11.74615385,15.15384615,24.25384615,8.484615385,21.60769231,16.28461538,19.2
834.6124514,8.4,4.369230769,8.8,5.730769231,9.869230769,9.638461538,14.50769231,13.90769231,12.21538462,6.807692308,6.938461538
834.7892392,17.33076923,17.54615385,13.67692308,27.4,12.92307692,5.938461538,21.22307692,20.86923077,11.22307692,13.15384615,20.52307692
834.9660098,5.438461538,12.80769231,9.992307692,12.86923077,13.73846154,6.784615385,9.369230769,15.99230769,10.16153846,11.09230769,12.13846154
835.1427633,7.192307692,16.63076923,20.53076923,7.853846154,13.00769231,11.23846154,13.72307692,10.28461538,21.90769231,22.73846154,21.62307692
835.3194996,4.676923077,14.76153846,6.776923077,10.75384615,0.769230769,4.169230769,10.66153846,10.34615385,9.076923077,7.869230769,7.330769231
835.4962188,10.05384615,16.76923077,10.04615385,5.846153846,6.684615385,9.276923077,9.3,19.2,20.64615385,16.22307692,8.084615385
835.6729208,9.992307692,9.338461538,7.807692308,13.00769231,13.15384615,13.53076923,11.8,6.592307692,12.03846154,15.82307692,14.93846154
835.8496056,12.96923077,15.91538462,16.1,10.62307692,12.15384615,8.953846154,20.28461538,9.323076923,10.54615385,25.03076923,15.26923077
836.0262733,6.123076923,14.5,11.6,7.276923077,9.638461538,9.023076923,11.7,20.37692308,12.03846154,19.31538462,15.63076923
836.2029237,15.8,14.99230769,15.03076923,28.2,9.453846154,19.40769231,16.61538462,17.46153846,19.94615385,17.66923077,17.20769231
836.379557,15.54615385,8.484615385,12.52307692,11.21538462,9.430769231,6.607692308,9.723076923,9.523076923,17.12307692,16.39230769,10.36923077
836.5561732,16.50769231,11.17692308,10.5,9.3,9.330769231,15.86923077,14.9,8.715384615,9.676923077,13.94615385,15.55384615
836.7327721,11.08461538,9.415384615,7.492307692,13.18461538,14.16923077,13.33076923,13.17692308,14.90769231,13.03846154,12.40769231,7.615384615
836.9093539,10.63076923,13.36923077,20.36923077,5.884615385,18.21538462,9.615384615,12.58461538,11.83846154,16.36153846,13.15384615,23.45384615
837.0859185,6.161538462,14.23846154,12.91538462,10.99230769,3.315384615,8.376923077,17.17692308,13.45384615,9.661538462,5.846153846,4.015384615
837.2624658,13.90769231,13.78461538,17.12307692,13.66923077,13.08461538,5.269230769,7.630769231,13.32307692,16.1,14.35384615,7.9
837.438996,9.423076923,4.176923077,11.07692308,6.753846154,4.653846154,1.384615385,6.530769231,15.40769231,8.576923077,14.96153846,7.007692308
837.615509,19.67692308,7.530769231,18.08461538,9.969230769,11.83846154,7.953846154,9.338461538,15.20769231,16.82307692,19.06153846,16.36923077
837.7920048,7.669230769,4.776923077,14.58461538,6.084615385,8.953846154,7.907692308,10.9,9.784615385,11.71538462,6.792307692,14.26153846
837.9684834,8.238461538,13.67692308,7.730769231,8.276923077,11.7,12.2,16.37692308,14.04615385,23.23846154,21.76153846,14.66153846
838.1449449,11.58461538,12.67692308,8.784615385,6.5,4.276923077,7.030769231,10.35384615,9.792307692,5.469230769,19.66153846,12.64615385
838.3213891,10.51538462,17.18461538,13.4,14.53076923,14.46923077,18.4,10.75384615,11.56923077,19.04615385,11.83076923,12.79230769
838.4978161,6.484615385,5.007692308,13.78461538,10.32307692,14.01538462,11.64615385,10.38461538,8.353846154,12.61538462,9.292307692,15.03076923
838.6742258,13.72307692,10.74615385,18.32307692,3.330769231,12.50769231,15.56153846,18.36923077,17.46923077,16.63076923,18.49230769,13.93076923
838.8506184,11.16923077,11.76153846,13.43076923,9.323076923,8.546153846,5.438461538,10.90769231,12.01538462,5.823076923,8.961538462,13.12307692
839.0269938,12.57692308,10.08461538,14.08461538,8.046153846,4.084615385,6.346153846,7.761538462,11.8,16.16923077,18.56153846,13.60769231
839.2033519,7.253846154,6.646153846,5.015384615,2.2,6.638461538,8.784615385,10.39230769,5.138461538,7.9,17.54615385,7.623076923
839.3796929,16.41538462,14.87692308,14.84615385,12.05384615,15.32307692,9.046153846,19.72307692,12.87692308,14.04615385,21.22307692,8.330769231
839.5560166,11.98461538,10.02307692,2.246153846,9.115384615,10.33846154,7.553846154,11.98461538,14.04615385,9.846153846,11.83076923,16.15384615
839.7323231,15.97692308,20.33076923,11.18461538,19.68461538,16.35384615,11.61538462,15.86923077,14.32307692,13.96923077,18.80769231,19.3
839.9086124,10.63076923,11.21538462,13.78461538,11.77692308,8.876923077,8.607692308,11.76153846,12.76153846,8.453846154,7.661538462,15.99230769
840.0848844,11.73076923,12.69230769,16.73846154,12.58461538,10.71538462,12.30769231,14.70769231,18.31538462,24.06153846,17.46153846,19.9
840.2611392,7.484615385,10.34615385,3.623076923,12.93076923,9.284615385,7.992307692,9.084615385,11.00769231,4.992307692,10.71538462,19.85384615
840.4373768,11.00769231,10.15384615,20.05384615,15.19230769,13.11538462,11.8,9.346153846,5.661538462,16.54615385,13.13846154,11.85384615
840.6135971,9.084615385,5.161538462,11.5,8.415384615,13.90769231,3.330769231,7.238461538,10.09230769,7.115384615,8.069230769,11.39230769
840.7898002,11.41538462,8.953846154,10.3,12.56923077,18.72307692,18.43846154,19.65384615,11.51538462,10.78461538,15.97692308,8.307692308
840.9659861,10.93846154,17.23076923,16.26153846,11.63846154,6.061538462,5.2,9.623076923,10.97692308,11.5,7.476923077,14.41538462
841.1421547,19.82307692,26.4,6.469230769,14.84615385,6.769230769,7.953846154,7.846153846,17.23846154,12.32307692,20.15384615,11.69230769
841.3183061,7.015384615,8.438461538,15.51538462,12.68461538,9.176923077,6.2,10.76923077,6.292307692,11.29230769,11.81538462,15.81538462
841.4944403,8.8,16.04615385,10.79230769,13.09230769,11.5,11.46153846,9.692307692,15.53846154,8.953846154,18.16153846,12.73076923
841.6705572,6.892307692,11.42307692,9.192307692,5.738461538,8.661538462,2.123076923,13.91538462,8.761538462,13.96153846,9.838461538,6.307692308
841.8466568,12.69230769,12.96923077,15.6,10.46153846,14.10769231,11.34615385,6.192307692,10.92307692,12.50769231,19.56153846,15.85384615
842.0227392,17.15384615,10.51538462,10.94615385,15.71538462,1.376923077,7.561538462,8.315384615,11.1,14.83076923,4.646153846,11.06923077
842.1988043,12.1,10.79230769,17.3,8.192307692,9.776923077,10.5,12.52307692,13.94615385,21.02307692,16.98461538,11.48461538
842.3748522,13.25384615,3.046153846,11.55384615,4.746153846,6.646153846,7.792307692,5.646153846,10.27692308,8.538461538,11.70769231,10.5
842.5508828,9.392307692,9.769230769,13.61538462,10.60769231,9.284615385,14.34615385,11.03846154,17.39230769,7.615384615,14.64615385,14.04615385
842.7268961,6.4,10.60769231,9.492307692,7.769230769,6.015384615,7.169230769,11.21538462,16.94615385,12.36153846,9.123076923,8.669230769
842.9028922,6.876923077,13,15.30769231,15.03846154,5.776923077,13.21538462,3.876923077,14.74615385,13.12307692,11.63076923,17.21538462
843.078871,11.33076923,7.561538462,7.353846154,4.792307692,10.67692308,8.323076923,11.13846154,15.79230769,13.48461538,16.50769231,9.923076923
843.2548326,15.51538462,16.05384615,22.15384615,9.007692308,13.22307692,20.81538462,17.28461538,10.01538462,18.93076923,12.86153846,14.14615385
843.4307768,9.738461538,10.86923077,3.707692308,11.77692308,10.56153846,8.146153846,11.40769231,7.753846154,15.69230769,14.77692308,7.707692308
843.6067038,14.2,14.17692308,13.2,15.79230769,10.36153846,12.83076923,8.623076923,15.91538462,12.37692308,10.63846154,10.85384615
843.7826135,6.046153846,0,14.20769231,13.18461538,6.546153846,5.184615385,8.061538462,13.90769231,15.42307692,11.93076923,6.853846154
843.958506,12.34615385,12.33076923,9.846153846,13.06923077,8.030769231,9.907692308,18.84615385,8.7,10.16153846,13.63846154,16.59230769
844.1343811,9.8,9.015384615,4.130769231,4.2,15.69230769,8.9,7.476923077,5.984615385,10.63846154,8.976923077,11.4
844.310239,7.238461538,14.91538462,10.96153846,9.569230769,10.79230769,12.89230769,9.169230769,19.27692308,15.96153846,23.23076923,16.56153846
844.4860795,8.807692308,9.676923077,6.853846154,4.884615385,9.192307692,6.130769231,9.153846154,8.123076923,16.13846154,16.56153846,8.076923077
844.6619028,16.06923077,11.2,7.246153846,5.907692308,7.7,6.007692308,19.22307692,9.661538462,11.33846154,15.49230769,14.50769231
844.8377088,3.146153846,14.09230769,9.669230769,4.969230769,8.384615385,8.584615385,9.923076923,10.14615385,10.49230769,12.23076923,12.87692308
845.0134975,13.69230769,10.96153846,18.54615385,4.915384615,15.33076923,12.68461538,16.55384615,14.55384615,10.46923077,21.66153846,12.94615385
845.1892689,10.91538462,6.784615385,7.561538462,10.39230769,14.53076923,12.22307692,12.07692308,5.669230769,9.015384615,4.253846154,12.96153846
845.365023,7.4,18.05384615,9.684615385,10,11.63846154,7.553846154,12.31538462,9.838461538,11.35384615,15.83076923,11.69230769
845.5407598,5.176923077,17.43076923,7.415384615,10.13076923,3.176923077,11.22307692,8.2,18.49230769,10.56153846,5.346153846,12.61538462
845.7164793,13.14615385,8.315384615,21.29230769,12.48461538,7,9.184615385,7.261538462,14.16153846,15.08461538,11.41538462,10.35384615
845.8921815,8.515384615,1.915384615,8.576923077,7.276923077,8.592307692,3.353846154,8.892307692,5.153846154,9.176923077,11.68461538,7.869230769
846.0678664,12.06153846,17.60769231,13.40769231,10.09230769,9.238461538,15.08461538,10.96923077,15.07692308,8.623076923,17.68461538,14.79230769
846.243534,8.392307692,7.046153846,7.869230769,10.1,4.623076923,6.476923077,12.2,1.469230769,2.915384615,9.707692308,8.369230769
846.4191842,10.77692308,7.276923077,12.97692308,11.25384615,10.98461538,5.476923077,10.83846154,8.9,15.40769231,17.93076923,16.11538462
846.5948172,2.946153846,3.415384615,10.46153846,4.469230769,6.984615385,11.73076923,18.92307692,9.753846154,16.93846154,12.03076923,9.807692308
846.7704328,9.9,11.6,9.823076923,16.89230769,8.107692308,10.23846154,14.34615385,14.9,7.853846154,13.66923077,21.10769231
846.9460311,10.96923077,9.284615385,13.80769231,14.05384615,9.546153846,6.169230769,8.015384615,8.515384615,9.207692308,10.60769231,12.63076923
847.1216121,9.207692308,7.946153846,25.36923077,13,13.06923077,8.5,8.646153846,11.01538462,6.223076923,15.80769231,11.75384615
847.2971757,19.15384615,2.946153846,15.24615385,13.86923077,8.6,10.70769231,11.13076923,5.715384615,14.98461538,9.723076923,15.10769231
847.472722,21.83846154,17.98461538,14.74615385,16.00769231,11.46923077,13.11538462,13.8,16.08461538,15.00769231,17.36923077,13.1
847.648251,9.315384615,3.938461538,11.40769231,2.776923077,6.792307692,5.476923077,9.930769231,6.484615385,5.469230769,7.238461538,15.05384615
847.8237627,11.82307692,11.74615385,10.64615385,18.15384615,11.84615385,4.338461538,6.707692308,7.492307692,18.96923077,8.3,16.95384615
847.999257,6.253846154,10.97692308,9.238461538,11.7,5.353846154,4.207692308,16.24615385,11.3,6.253846154,12.85384615,5.653846154
848.174734,15.20769231,9.592307692,14.93076923,10.85384615,6.6,7.138461538,14.30769231,17.24615385,9.707692308,16.05384615,11.43846154
848.3501936,7.784615385,10.81538462,14.21538462,6.776923077,7.676923077,9.607692308,16.05384615,11.20769231,10.2,9.892307692,7.823076923
848.5256359,6.246153846,8.430769231,11.91538462,8.784615385,9.230769231,8.307692308,15,18.94615385,14.26153846,10.78461538,7.930769231
848.7010608,10.1,6.8,7.615384615,5.669230769,15.84615385,9.992307692,8.876923077,10.51538462,12.59230769,16.10769231,6.323076923
848.8764684,12.71538462,11.41538462,15.16923077,13.49230769,19.33076923,20.27692308,12.71538462,11.27692308,17.92307692,8.369230769,17.4
849.0518587,10.29230769,13.25384615,5.807692308,11.61538462,13.23846154,10.82307692,10.82307692,10.42307692,8.923076923,9.307692308,8.030769231
849.2272316,9.130769231,10.94615385,14.73076923,13.81538462,14.01538462,7.838461538,12.14615385,22.07692308,8.430769231,13.20769231,12.43076923
849.4025871,11.53076923,10.6,10.68461538,6.646153846,10.12307692,2.384615385,8.923076923,11.14615385,15.06153846,10.86923077,12.41538462
849.5779253,19.10769231,9.638461538,18.36923077,11.57692308,0.015384615,8.315384615,10.27692308,10.4,11.56153846,6.892307692,9.6
849.7532461,2.223076923,13.57692308,7.415384615,6.984615385,5.730769231,9.338461538,9.892307692,9.861538462,10.88461538,7.3,9.761538462
849.9285496,10.34615385,15.84615385,16.20769231,13.8,11.06923077,17.41538462,13.03846154,5.392307692,11.20769231,16.46923077,17.46153846
850.1038357,10.74615385,2.815384615,11.6,6.369230769,12.34615385,2.261538462,2.676923077,10.36153846,15.16923077,6.215384615,11.4
850.2791044,15.83846154,15.40769231,7.053846154,5.561538462,9.469230769,9.4,15,20.73076923,14.34615385,10.01538462,20.86923077
850.4543558,6.530769231,8.353846154,10.00769231,5.553846154,1.830769231,8.6,9.015384615,11.66923077,9.430769231,12.70769231,8.284615385
850.6295898,8.884615385,8.453846154,16.87692308,5.084615385,8.984615385,16.87692308,6.353846154,13.67692308,20.06923077,11.36153846,11.39230769
850.8048064,11.36923077,7.738461538,4.923076923,7.269230769,1.838461538,11.22307692,2.807692308,11.42307692,5.115384615,13.00769231,7.338461538
850.9800056,9.884615385,9.915384615,11.31538462,6.392307692,13.67692308,12.71538462,18.53846154,18.77692308,13.6,16.7,16.13076923
851.1551875,10,8.569230769,12.93076923,11.38461538,10.87692308,3.761538462,11.33846154,10.17692308,12.06153846,9.4,14.58461538
851.330352,10.13846154,9.115384615,8.392307692,12.42307692,16.11538462,9.6,10.00769231,17.51538462,20.26923077,18.76153846,16.32307692
851.5054991,11.55384615,8.523076923,11.24615385,6.261538462,1.069230769,3.630769231,2.430769231,12.33846154,3.807692308,12.16153846,10.04615385
851.6806288,16.33846154,5.492307692,11.06153846,15.6,12.41538462,10.53846154,8.792307692,25.54615385,12.59230769,14.75384615,17.26153846
851.8557411,9.730769231,10.03846154,11.61538462,10.29230769,10.80769231,10.7,9.861538462,9.684615385,12.78461538,11.09230769,16.76923077
852.030836,13.47692308,14.32307692,12.34615385,9.284615385,7.215384615,8.238461538,19.17692308,10.64615385,6.015384615,20.51538462,17.71538462
852.2059135,7.330769231,6.207692308,16.25384615,8.630769231,8.6,10.16153846,7.353846154,9.453846154,5.738461538,11.88461538,10.25384615
852.3809737,13.5,8.715384615,11.81538462,13.87692308,11.26923077,7.992307692,7.9,12.14615385,10.43846154,11.96923077,11.6
852.5560164,4.261538462,8.269230769,11.39230769,5.738461538,6.469230769,4.538461538,5.776923077,7.923076923,14.72307692,6.023076923,7.630769231
852.7310417,8.946153846,6.892307692,13.18461538,6.276923077,10.10769231,4.023076923,6.692307692,12.95384615,5.723076923,14.73846154,13.89230769
852.9060497,14.21538462,10.00769231,6.746153846,4.5,7.492307692,5.453846154,8.846153846,8.507692308,13.66153846,6.815384615,11.76153846
853.0810402,7.307692308,11.99230769,11.21538462,9.653846154,1.530769231,13.66153846,10.89230769,7.353846154,15.5,15.71538462,17.96153846
853.2560133,2.223076923,10.33846154,7.515384615,19.49230769,5.707692308,10.16153846,6.723076923,14.74615385,12.85384615,10.01538462,3.392307692
853.430969,8.192307692,14.17692308,3.223076923,5.307692308,8.607692308,17.54615385,15.59230769,9.230769231,7.7,5.392307692,14.23846154
853.6059073,11.07692308,5.907692308,10.45384615,4.753846154,10.5,6.907692308,6.853846154,8.069230769,11.86153846,10.36153846,9.846153846
853.7808282,5.438461538,10.06153846,10.32307692,11.80769231,13.41538462,6.853846154,13.07692308,13.43076923,7.676923077,13.57692308,7.992307692
853.9557316,4.530769231,9.761538462,7.938461538,5.084615385,7.246153846,9.853846154,9.969230769,8.876923077,9.961538462,8.269230769,2.315384615
854.1306177,10.36153846,14.24615385,15.56923077,10.70769231,9.723076923,14.93076923,19.45384615,18.39230769,14.99230769,20.25384615,10.5
854.3054863,6.269230769,5.130769231,18.68461538,9.423076923,5.184615385,6.961538462,13.9,5.753846154,15.66153846,7.976923077,11.96153846
854.4803375,13.44615385,8.430769231,6.546153846,18.6,9.884615385,14.50769231,12.02307692,11.71538462,14.02307692,4.353846154,12.84615385
854.6551712,6.107692308,13.16153846,8.607692308,14.44615385,9.961538462,8.246153846,11.26923077,10.08461538,9.738461538,11.97692308,13.01538462
854.8299876,8.992307692,12.43076923,7.823076923,11,6.269230769,4.476923077,11.66153846,11.85384615,15.71538462,6.138461538,11.04615385
855.0047865,3.761538462,11.77692308,9.692307692,8.276923077,5.938461538,9.561538462,8.8,10.26153846,9.869230769,7.146153846,11.56923077
855.1795679,9.6,15.83076923,14.76923077,13.51538462,9.353846154,8.953846154,10.78461538,11.69230769,9.015384615,10.16923077,15.31538462
855.3543319,1.992307692,16.31538462,12.02307692,5.646153846,7.030769231,3.746153846,6.338461538,7.430769231,3.976923077,13.58461538,12.03076923
855.5290785,18.23076923,6.453846154,15.95384615,11.10769231,14.43846154,5.723076923,11.66153846,10.08461538,3.338461538,12.74615385,5.946153846
855.7038077,6.9,7.553846154,7.469230769,7.076923077,7.984615385,3.738461538,9.607692308,16.68461538,10.13846154,13.28461538,10.3
855.8785194,10.15384615,13.06153846,13.84615385,10.9,16.61538462,10.57692308,8.223076923,6.961538462,19.78461538,16.55384615,15.90769231
856.0532136,5.238461538,5.623076923,6.015384615,18.78461538,6.492307692,2.607692308,12.51538462,5.9,14.33846154,10.11538462,13.18461538
856.2278904,12.72307692,5.192307692,9.761538462,8.369230769,10.62307692,13.82307692,8.892307692,12.34615385,16.96153846,16.03076923,15.79230769
856.4025498,4.715384615,10.06153846,15.43076923,13.21538462,5.707692308,4.084615385,8.3,5.276923077,14.16923077,10.15384615,14.16923077
856.5771917,10.43846154,13.83076923,11.78461538,6.038461538,9.830769231,7.1,9.553846154,20.29230769,11.73076923,17.37692308,4.8
856.7518161,8.592307692,4.1,5.246153846,10.22307692,7.1,13.25384615,6.030769231,6.684615385,10.11538462,6.2,10.57692308
856.9264231,7.953846154,6.792307692,19.78461538,18.49230769,14.94615385,7.2,6.092307692,16.06153846,15.86153846,12.40769231,17.18461538
857.1010126,12.23076923,12.24615385,6.407692308,3.907692308,4.230769231,6.815384615,6.184615385,11.48461538,10.81538462,5.153846154,3.838461538
857.2755846,11.85384615,15.99230769,7.707692308,17.29230769,8.015384615,9.330769231,8.469230769,10.8,16.03846154,9.546153846,20.36153846
857.4501392,6.923076923,11.9,12.06153846,8.392307692,2.461538462,14.11538462,8.461538462,10.80769231,11.48461538,7.146153846,8.061538462
857.6246763,13.40769231,10.55384615,9.846153846,23.26153846,19.07692308,8.507692308,13.70769231,8.446153846,9.761538462,20.99230769,23.68461538
857.799196,8.269230769,5.384615385,4.730769231,5.723076923,7.938461538,1.161538462,6.830769231,15.74615385,9.292307692,7.084615385,4.723076923
857.9736982,10.38461538,7.753846154,8.346153846,17.46153846,6.776923077,10.22307692,9.730769231,9.069230769,11.52307692,16.50769231,14.9
858.1481829,10.79230769,8.784615385,9.730769231,6.653846154,6.353846154,4.892307692,7.307692308,6.246153846,10.3,9.7,12.71538462
858.3226501,14.20769231,11.72307692,13.20769231,4.684615385,13.80769231,3.269230769,4.953846154,12.42307692,15.2,14.07692308,23
858.4970998,11.19230769,8.384615385,4.569230769,10.97692308,3.669230769,9.046153846,3.992307692,8.215384615,8.769230769,8.992307692,9.7
858.6715321,6.215384615,13.06153846,16.80769231,11.13846154,16.26923077,5.961538462,9.546153846,9.338461538,14.3,17.26153846,15.95384615
858.8459468,5.715384615,5.015384615,7.330769231,10.36923077,8.692307692,8.692307692,8.184615385,10.17692308,3.515384615,14.40769231,6.907692308
859.0203441,15.6,9.815384615,15.17692308,10.50769231,9.192307692,12.2,11.88461538,12.94615385,13.86923077,14.45384615,8.984615385
859.1947239,8.923076923,9.830769231,9.392307692,8.284615385,9.961538462,11.69230769,4.892307692,10.60769231,6.061538462,6.930769231,13.42307692
859.3690862,4.138461538,9.9,14.26923077,13.27692308,11.32307692,10.77692308,21.63846154,10.56153846,7.1,10.46923077,18.91538462
859.543431,13.02307692,11.79230769,16.14615385,12.85384615,15.36923077,8.969230769,5.507692308,13.83076923,15.09230769,6.623076923,8.676923077
859.7177583,13.93846154,6.353846154,13.16923077,11.18461538,7.792307692,10.26153846,7.807692308,15.18461538,17.16923077,17.15384615,9.907692308
859.8920681,9.792307692,5.269230769,13.13076923,6.030769231,8.976923077,6.223076923,13.65384615,8.5,7.784615385,13.86153846,5.592307692
860.0663604,7.7,8.023076923,13.96153846,6.976923077,8.407692308,6.523076923,19.54615385,11.52307692,14.15384615,12.14615385,14.47692308
860.2406352,10.69230769,8.438461538,8.138461538,10.99230769,4.169230769,9.269230769,6.276923077,5.930769231,10.71538462,11.46153846,10.85384615
860.4148925,14.82307692,10.6,10.27692308,12.46153846,10.22307692,10.53846154,9.369230769,7.815384615,15.42307692,9.469230769,9.461538462
860.5891322,6.4,1.953846154,7.807692308,12.56153846,6.707692308,5.407692308,8.653846154,10.30769231,11.73846154,5.876923077,5.692307692
860.7633545,16.25384615,12.31538462,8.315384615,24.9,12.7,10.27692308,12.73846154,8.838461538,8,9.723076923,16.40769231
860.9375592,7.092307692,8.4,8.5,0.915384615,6.469230769,5.015384615,8.976923077,10.95384615,8.061538462,2.884615385,9.038461538
861.1117465,11.1,14.03846154,6.692307692,17,8.8,7.261538462,15.28461538,19.44615385,10.90769231,22.13076923,14.99230769
861.2859162,4.730769231,5.807692308,12.25384615,8.392307692,3,8.715384615,11.2,12.44615385,5.138461538,14.74615385,5.223076923
861.4600684,15.55384615,10.35384615,19.3,17.04615385,14.25384615,5.361538462,15.62307692,15.82307692,8.484615385,20.45384615,10
861.634203,6.323076923,4.646153846,10.36923077,11.92307692,16.03846154,7.830769231,9.953846154,11.53846154,7.953846154,3.169230769,6.015384615
861.8083202,5.084615385,9.007692308,11.43846154,16.63846154,13.99230769,18.87692308,13.21538462,9.907692308,9.884615385,8.661538462,9.369230769
861.9824198,11.1,6.646153846,5.384615385,4.453846154,8.6,7.7,8.923076923,6.876923077,6.907692308,10.94615385,15.88461538
862.1565019,8.030769231,13.3,15.69230769,1.961538462,6.961538462,3.376923077,15.52307692,18.60769231,8.415384615,19.06923077,15.73076923
862.3305664,4.876923077,1.723076923,8.5,11.64615385,4.769230769,4.992307692,16.42307692,9.546153846,8.530769231,8.023076923,5.492307692
862.5046134,17.51538462,9.023076923,13.5,10.98461538,16.80769231,9.9,15.51538462,15.66153846,8.692307692,12.20769231,8.453846154
862.6786429,5.776923077,4.246153846,7.323076923,3.053846154,7.176923077,3.153846154,8.823076923,9.353846154,12.84615385,11.84615385,6.476923077
862.8526548,6.761538462,12.5,9.576923077,6.676923077,1.5,4.553846154,17.25384615,11.11538462,6.969230769,5.369230769,12.30769231
863.0266492,9.207692308,2.507692308,9.030769231,10.35384615,9.784615385,1.138461538,8.123076923,11.21538462,4.576923077,12.66153846,8.476923077
863.200626,3.046153846,12.58461538,17.25384615,16.76153846,11.24615385,12.56153846,10.01538462,13.84615385,15.96923077,19.64615385,14.61538462
863.3745853,9.907692308,4.176923077,4.2,4.492307692,6.784615385,6.323076923,14.01538462,4.046153846,1.415384615,11.40769231,7.276923077
863.548527,10.30769231,8.723076923,11.56923077,8.976923077,6.961538462,9.623076923,11.23076923,21.9,5.8,16.91538462,17.33846154
863.7224512,8.284615385,11.8,3.5,8.553846154,5.392307692,8.884615385,10.76153846,5.707692308,2.230769231,11.82307692,16.3
863.8963578,9.907692308,6.623076923,23.21538462,8.269230769,9.646153846,9.261538462,10.5,6,9.276923077,21.48461538,8.515384615
864.0702469,8.861538462,10.7,6.107692308,5.269230769,11.59230769,7.392307692,9.423076923,10.36923077,6.638461538,16.81538462,13.13076923
864.2441184,6.9,6.469230769,12.5,5.453846154,11.20769231,7.361538462,13.23076923,10.26923077,15.46153846,7.138461538,17.12307692
864.4179723,6.230769231,11.98461538,4.546153846,19.20769231,9.915384615,9.692307692,12.86153846,8.3,6.9,16.28461538,8.861538462
864.5918087,15.3,13.28461538,11.66923077,7.415384615,14.01538462,6.084615385,10,16.63076923,12.46153846,15.84615385,7.261538462
864.7656275,10.51538462,3.830769231,4.153846154,7.892307692,3.376923077,7.392307692,10.84615385,16.27692308,10.03076923,5.707692308,11.15384615
864.9394288,6.523076923,8.484615385,8.423076923,18.21538462,13.00769231,6.869230769,16.49230769,5.561538462,10.2,7.338461538,15.8
865.1132124,6.853846154,5.261538462,8.861538462,8.884615385,4.430769231,6.615384615,12.5,5.561538462,5.930769231,11.89230769,7.084615385
865.2869785,10.2,13.53076923,18.33076923,17.04615385,9.376923077,8.3,10.74615385,15.31538462,18.33076923,21.15384615,17.08461538
865.460727,12.13846154,10.57692308,4.307692308,11.55384615,9.630769231,8.215384615,1.146153846,5.653846154,17.14615385,6.538461538,13.94615385
865.6344579,3.153846154,8.246153846,8.669230769,6.9,5.607692308,8.930769231,4.7,16.86923077,9.153846154,12.04615385,17.36153846
865.8081713,0.938461538,12.10769231,13.39230769,9.853846154,2.838461538,8.607692308,8.569230769,6,15.04615385,16.71538462,7.138461538
865.9818671,7.723076923,10.79230769,12.49230769,7.784615385,4.484615385,8.007692308,12.25384615,25.96923077,11.21538462,11.05384615,10.92307692
866.1555452,9.569230769,7.569230769,7.992307692,7.461538462,6.046153846,13.67692308,9.584615385,17.14615385,4.892307692,8.184615385,1.707692308
866.3292058,5.246153846,18.15384615,4.030769231,8.269230769,9.992307692,3.769230769,9.523076923,7.084615385,10.02307692,20.36923077,8.953846154
866.5028488,7.861538462,13.58461538,13.32307692,10.36923077,9.446153846,9.376923077,5.315384615,7.553846154,8.476923077,5.815384615,13.35384615
866.6764742,7.538461538,8.446153846,11.81538462,14.15384615,5.853846154,9.261538462,13.16923077,14.39230769,8.707692308,12.23846154,17.08461538
866.850082,8.676923077,12.86923077,7.007692308,7.776923077,7.523076923,8.938461538,5.376923077,7.569230769,2.930769231,7.346153846,10.13076923
867.0236722,8.107692308,16.83076923,13.08461538,7.692307692,6.738461538,15.43846154,13.62307692,6.284615385,10.75384615,14.03846154,10.65384615
867.1972448,6.038461538,11.36153846,4.584615385,8.215384615,4.730769231,8.523076923,11.27692308,11.70769231,5.261538462,5.807692308,16.02307692
867.3707998,12.07692308,14.94615385,10.99230769,12.36923077,15.86923077,10.24615385,21.70769231,4.346153846,14.65384615,14.77692308,16.26153846
867.5443372,8.107692308,6.469230769,15,13.01538462,12.62307692,4,3.884615385,6.092307692,7.069230769,6.607692308,13.53076923
867.717857,10.82307692,18.33076923,12.00769231,17.46923077,10.63076923,10.5,16.33846154,15.87692308,14.97692308,15.76153846,7.207692308
867.8913592,5.023076923,8.9,6.915384615,11.22307692,7.630769231,6.646153846,13.32307692,12.06153846,3.607692308,10.18461538,9.569230769
868.0648437,3.261538462,6.6,19.16153846,8.5,2.3,12.28461538,11.74615385,19.90769231,8.615384615,14.98461538,7.838461538
868.2383106,7.330769231,9.492307692,13.23076923,5.176923077,9.253846154,5.576923077,5.261538462,12.00769231,7.915384615,9.515384615,17.09230769
868.41176,9.153846154,13.15384615,4.753846154,15.68461538,9.107692308,5.269230769,11.29230769,20,7.184615385,13.26153846,16.58461538
868.5851917,3.361538462,4.161538462,18.20769231,17.76923077,13.88461538,9.707692308,8.692307692,8.938461538,3.630769231,6.838461538,14.53076923
868.7586057,5.807692308,9.223076923,14.84615385,17.10769231,9.469230769,9.715384615,16.11538462,10.56923077,16.23076923,20.93846154,24.3
868.9320022,5.192307692,13.04615385,3.738461538,3.684615385,12.46153846,11.31538462,5.253846154,9.607692308,8.330769231,14.39230769,8.715384615
869.105381,2.961538462,9.092307692,16.46153846,12.09230769,12.76153846,10.71538462,11.49230769,11.35384615,7.061538462,8.246153846,8.676923077
869.2787422,8.876923077,14.6,8.823076923,10.1,12.56153846,6.876923077,10.07692308,5.9,3.453846154,13.68461538,7.507692308
869.4520858,11.31538462,5.023076923,17.47692308,14.03076923,5.2,3.207692308,13,9.069230769,5.846153846,13.46923077,8.215384615
869.6254117,7.3,3.830769231,9.246153846,13.27692308,6.715384615,8.492307692,7.792307692,13.25384615,6.107692308,6.592307692,7.438461538
869.79872,9.069230769,12.77692308,6.069230769,9.038461538,14.76153846,7.223076923,10.65384615,17.2,13.37692308,15.59230769,6.084615385
869.9720106,5.053846154,6.361538462,7.384615385,3.830769231,6.730769231,3.230769231,9.930769231,5.915384615,12.56153846,7.853846154,5.376923077
870.1452836,3.784615385,2.984615385,6.807692308,3.869230769,13.6,4.876923077,9.407692308,13.2,14.3,15.11538462,13.78461538
870.3185389,10.46153846,11.41538462,8.884615385,16.7,7.669230769,5.646153846,7.607692308,9.3,9.376923077,11.54615385,10.4
870.4917766,8.238461538,13.51538462,13.56153846,8.192307692,12.07692308,6.469230769,9.453846154,10.21538462,11.02307692,12.75384615,13.6
870.6649967,0.730769231,10,9.961538462,16.99230769,3.015384615,5.815384615,11.54615385,8.169230769,11.16923077,9.623076923,7.338461538
870.8381991,8.838461538,6.469230769,13.66923077,14.23846154,14.35384615,8.423076923,8.246153846,9.615384615,11.48461538,17.64615385,11.29230769
871.0113838,6.976923077,18.77692308,3.9,2.907692308,6.392307692,9.023076923,1.684615385,8.984615385,6.746153846,10.16923077,13.11538462
871.1845509,6.515384615,6.215384615,12.39230769,12.60769231,7.715384615,9.5,5.307692308,16.96153846,11.27692308,13.96153846,13.61538462
871.3577004,3.846153846,8.315384615,9.992307692,9.076923077,7.023076923,10.13076923,8.238461538,4.715384615,12.23076923,11.60769231,3.953846154
871.5308321,9.092307692,9.069230769,8.923076923,13.90769231,11.31538462,8.269230769,16.39230769,17.24615385,9.5,8.538461538,13.60769231
871.7039462,4.446153846,6.707692308,10.8,13.92307692,0.676923077,9.030769231,5.338461538,13.31538462,9.384615385,6.961538462,10.12307692
871.8770427,11.74615385,9.869230769,9.423076923,10.03846154,10.10769231,5.969230769,10.26153846,12.23846154,7.784615385,12.53076923,10.81538462
872.0501214,5.407692308,6.207692308,7.861538462,11.39230769,7.815384615,3.653846154,10.41538462,7.292307692,6.446153846,8.776923077,8.407692308
872.2231825,5.415384615,4.069230769,10.29230769,7.853846154,5.723076923,8.846153846,14.42307692,8.523076923,14.95384615,16.83846154,19.45384615
872.3962259,8.946153846,9.653846154,15.40769231,13.84615385,7.3,7.030769231,12.40769231,8.115384615,7.961538462,8.638461538,8.4
872.5692517,12.79230769,16.75384615,19.54615385,9.515384615,9.684615385,8.515384615,9.284615385,15.7,12.24615385,16.34615385,7.3
872.7422597,3.576923077,8.376923077,12.48461538,10.35384615,7.953846154,10.30769231,9.092307692,4.4,5.6,11.99230769,12.79230769
872.9152501,11.8,16.07692308,18.59230769,6.530769231,13.29230769,5.4,6.1,9.330769231,17.14615385,8.461538462,9.592307692
873.0882228,6.707692308,9.730769231,12.86153846,2.5,5.038461538,6.115384615,16.47692308,8.323076923,8.392307692,10.37692308,6.038461538
873.2611778,16.31538462,7.353846154,8.623076923,4.446153846,6.446153846,4.792307692,9.176923077,10.69230769,6.4,15.38461538,11.62307692
873.4341151,5.323076923,9.953846154,11.31538462,6.084615385,6.884615385,7.5,5.6,12.9,8.338461538,6.561538462,5.938461538
873.6070348,7.215384615,13.51538462,5.461538462,11.15384615,7.353846154,10.1,15.15384615,13.72307692,14.86923077,16.91538462,14.71538462
873.7799367,4.230769231,10.6,12.58461538,8.615384615,5.453846154,5.776923077,13.14615385,10.9,10.86923077,9.907692308,7.807692308
873.9528209,16.16153846,9.384615385,6.276923077,8.484615385,12.13076923,7.584615385,13.05384615,9.515384615,5.830769231,13.95384615,10.73076923
874.1256875,10.42307692,12.90769231,4.630769231,13.69230769,7.223076923,5.915384615,14.01538462,11.09230769,8.038461538,16.16923077,7.669230769
874.2985363,6.346153846,15.12307692,5.138461538,9.376923077,6.838461538,8.076923077,9.323076923,9.361538462,11.15384615,16.95384615,19.3
874.4713675,4.307692308,6.915384615,11.03846154,10.53076923,4.469230769,5.253846154,3.876923077,18.80769231,6.146153846,11.13846154,13.68461538
874.6441809,12.17692308,8.653846154,8.707692308,12.25384615,4.9,6.415384615,12.05384615,7.684615385,10.04615385,14.75384615,14.99230769
874.8169766,5.138461538,5,7.892307692,2.523076923,8.938461538,8.792307692,13.23076923,5.353846154,4.515384615,9.7,13.71538462
874.9897546,10.96923077,9.176923077,7.215384615,9.161538462,9.692307692,7.153846154,14.8,12.42307692,11.66153846,4.915384615,11.45384615
875.1625149,4.8,10.19230769,13.34615385,2.030769231,7.576923077,7.638461538,1.569230769,5.130769231,10.64615385,4.538461538,8.084615385
875.3352575,9.638461538,7.515384615,14.33076923,8.246153846,11.14615385,5.553846154,14.78461538,10.79230769,19.44615385,15.66153846,16.45384615
875.5079824,6.461538462,8.392307692,7.6,8.776923077,7.892307692,2.938461538,6,5.023076923,7.984615385,9.153846154,13.18461538
875.6806895,7.861538462,14.02307692,11.06153846,18.31538462,10.30769231,10.41538462,13.58461538,17.4,11.74615385,15.76153846,11.63846154
875.8533789,3.561538462,12.78461538,4.946153846,10.28461538,9.130769231,10.14615385,4.830769231,5.515384615,5.984615385,13.96153846,11.42307692
876.0260506,3.153846154,12.06923077,13.79230769,1.569230769,18.75384615,11.01538462,11.13846154,16.6,15.06923077,13.2,15.37692308
876.1987046,11.46153846,8.423076923,9.330769231,1.530769231,9.407692308,6.584615385,7.776923077,18.60769231,5.707692308,10.89230769,9.338461538
876.3713408,9.176923077,10.63846154,14.12307692,8.269230769,4.1,9.930769231,12.67692308,11.87692308,11.62307692,14.60769231,14.94615385
876.5439593,12.76923077,11.41538462,13.69230769,9.792307692,6.884615385,1.9,15,8.507692308,9.130769231,6.730769231,8.107692308
876.7165601,5.192307692,14.36153846,15.56153846,16.05384615,13.35384615,10.38461538,14.31538462,12.05384615,12.65384615,14.31538462,10.64615385
876.8891431,13.79230769,9.461538462,8.646153846,15.07692308,2.653846154,3.469230769,11.61538462,7.623076923,6.630769231,4,8.461538462
877.0617084,19.62307692,9.092307692,8.292307692,10.73846154,7.915384615,12.76923077,9.023076923,17.54615385,13.26153846,11.62307692,7.953846154
877.234256,6.376923077,6.438461538,10.18461538,1.676923077,10.80769231,1.123076923,3.007692308,12.01538462,10.16153846,7.992307692,10.16923077
877.4067858,4.146153846,9.569230769,14.76153846,8.161538462,4.084615385,8.030769231,11.20769231,9.023076923,14.15384615,12.58461538,17.06153846
877.5792978,11.23846154,4.461538462,14.4,12.36923077,1.6,6.561538462,11.02307692,17.04615385,15.03846154,4.630769231,3.969230769
877.7517921,8.446153846,10.68461538,13.47692308,7.361538462,9.146153846,6.561538462,5.369230769,14.69230769,7.015384615,17.89230769,20.7
877.9242687,5.884615385,9.446153846,9.884615385,5.3,8.253846154,9.192307692,6.623076923,10.73846154,14.58461538,7.415384615,3.538461538
878.0967275,6.984615385,13.64615385,19.18461538,18.06153846,14.80769231,7.1,12.50769231,16.93076923,4.823076923,13.41538462,9.8
878.2691686,8.161538462,8.869230769,13.16923077,9.676923077,4.538461538,7.676923077,6.953846154,8.476923077,4.007692308,6.084615385,4.476923077
878.4415918,8.453846154,9.015384615,19.20769231,16.30769231,8.938461538,8.530769231,17.87692308,8.653846154,11.85384615,8.192307692,10.4
878.6139974,4.476923077,10.8,5.869230769,16.9,3.892307692,6.607692308,4.953846154,3.830769231,3.515384615,13.48461538,6.538461538
878.7863851,8.638461538,4.607692308,11.56923077,19.48461538,9.123076923,11.89230769,15.97692308,10.46923077,8.115384615,10.77692308,14.95384615
878.9587551,4.015384615,8.176923077,10.73076923,11.76923077,12.16153846,9.238461538,9.776923077,5.792307692,10.56923077,13.30769231,12.34615385
879.1311073,14.33076923,12.08461538,5.4,17.84615385,11.42307692,4.123076923,12.48461538,12.83076923,5.223076923,8.061538462,13.28461538
879.3034418,12.53076923,5.807692308,11.57692308,3.061538462,7.892307692,4.046153846,4.276923077,2.915384615,6.069230769,15.94615385,5.5
879.4757585,9.638461538,7.261538462,12.11538462,10.9,5.730769231,10.52307692,8.492307692,11.56153846,17.38461538,15.08461538,12.98461538
879.6480574,14.30769231,8.092307692,18.23076923,9.392307692,11.9,7.676923077,3.2,10.52307692,6.053846154,7.907692308,5.984615385
879.8203385,7.046153846,9.307692308,11.33846154,14.51538462,13.03846154,16.1,6.884615385,12.1,20.47692308,8.792307692,14.49230769
879.9926019,11.7,14.29230769,7.423076923,14.46923077,11.36153846,9.2,9.584615385,6.707692308,7.830769231,6.815384615,8.292307692
880.1648474,6.807692308,9.615384615,18.18461538,11.93076923,14.86153846,6.346153846,10.66153846,7.907692308,10.66153846,16.43846154,8.415384615
880.3370752,2.192307692,12.19230769,3.561538462,5.307692308,3.223076923,9.815384615,7.384615385,3.923076923,5.053846154,10.66153846,7.353846154
880.5092852,9.092307692,11.41538462,7.5,6.384615385,5.507692308,11.28461538,13.32307692,5.769230769,17.82307692,8.284615385,20.61538462
880.6814774,5,7.9,9.692307692,6.169230769,4.323076923,5.9,8.830769231,8.046153846,6.892307692,11.58461538,9.4
880.8536518,13.30769231,13.03076923,11.26923077,6.776923077,9.138461538,9.330769231,7.561538462,10.1,11.90769231,17.06153846,9.592307692
881.0258084,6.746153846,12.80769231,11.92307692,11.64615385,4.7,5.615384615,13.17692308,3.046153846,5.146153846,4.469230769,11.27692308
881.1979472,16.83846154,15.68461538,15.56923077,11.60769231,18.11538462,5.438461538,7.015384615,5.415384615,16.33076923,12.62307692,9.092307692
881.3700682,3.561538462,2.084615385,8.423076923,3.530769231,8.053846154,6.746153846,8.184615385,13.18461538,11.34615385,8.038461538,7.176923077
881.5421714,8.376923077,12.91538462,13.42307692,5.407692308,17.04615385,8.123076923,15.11538462,5.430769231,9.023076923,10.81538462,12.49230769
881.7142568,1.261538462,10.09230769,8.207692308,11.13846154,2.261538462,7.561538462,4.730769231,6.684615385,6.153846154,10.76923077,13.02307692
881.8863244,10.38461538,14.46923077,13.71538462,12.49230769,14.43076923,6.361538462,2.330769231,8.830769231,9.076923077,11.32307692,12.72307692
882.0583742,5.061538462,11.35384615,6.953846154,19.72307692,4.684615385,9.161538462,6.869230769,7.069230769,6.046153846,3.438461538,11.35384615
882.2304062,12.76153846,4.084615385,21.22307692,8.138461538,8.069230769,8.438461538,19.84615385,6.246153846,15.00769231,2.915384615,9.092307692
882.4024204,15.13076923,3.876923077,6.738461538,3.892307692,10.73076923,7.192307692,3.907692308,6.192307692,10.50769231,12.3,12.10769231
882.5744167,11.09230769,13.81538462,18.64615385,13.09230769,12.74615385,6.823076923,9.253846154,9.276923077,15.25384615,11.60769231,7
882.7463952,4.238461538,9.492307692,7.615384615,8.861538462,7.084615385,1.853846154,8.584615385,9.284615385,7.184615385,4.476923077,9.361538462
882.9183559,16.5,3.415384615,10.3,16.52307692,18.76923077,5.276923077,8.615384615,21,11.74615385,16.43076923,19.76153846
883.0902988,5.992307692,8.5,11.42307692,11.21538462,3.553846154,1.523076923,9.315384615,11.76153846,6.546153846,19.98461538,13.65384615
883.2622239,8.361538462,12.48461538,15.03846154,7.292307692,4.469230769,12.6,3.661538462,7.3,16.03846154,6.846153846,10.48461538
883.4341311,6.646153846,8.392307692,8.161538462,14.27692308,7.646153846,2.353846154,13.64615385,12.19230769,5.069230769,9.107692308,6.738461538
883.6060205,4.292307692,3.969230769,8.930769231,13.71538462,13.5,9.538461538,18.33076923,9.353846154,16.95384615,19.56153846,15.76153846
883.777892,5.138461538,9.284615385,4.415384615,11.86923077,2.869230769,3.092307692,5.269230769,7.076923077,7.346153846,10.97692308,10.94615385
883.9497457,10,13.18461538,14.53076923,4.907692308,8.353846154,12.19230769,14.06923077,16.45384615,14.94615385,15.79230769,13.34615385
884.1215816,2.953846154,5.415384615,11.06153846,9.469230769,1.638461538,12.96153846,6.146153846,5.2,10.73846154,13.93846154,10.94615385
884.2933997,13.12307692,12.43846154,10.91538462,4.661538462,8.046153846,14.17692308,22.02307692,9.176923077,10.73846154,12.46153846,14.2
884.4651998,4.023076923,5.946153846,10.36923077,6.615384615,5.384615385,7.223076923,5.015384615,3.969230769,9.953846154,10.74615385,8.346153846
884.6369822,4.546153846,9.446153846,14.36923077,18.02307692,9.069230769,8.423076923,12.56923077,10.25384615,16.94615385,13.71538462,12.07692308
884.8087467,9.815384615,6.853846154,5.453846154,10.76153846,6.553846154,8.923076923,6.207692308,11.36923077,8.338461538,8.384615385,4.515384615
884.9804933,18.70769231,12.43076923,12.70769231,11.2,12.03846154,14.34615385,9.892307692,12.93076923,21.36153846,6.146153846,17.62307692
885.1522221,10.55384615,7.515384615,9.223076923,8.815384615,6.038461538,5.484615385,7.476923077,10.53076923,17.34615385,18.56153846,12.19230769
885.3239331,11.87692308,9.307692308,12.14615385,10.82307692,7.369230769,7.669230769,12.66923077,6.361538462,12.4,12.48461538,18.90769231
885.4956262,5.846153846,5.169230769,10.19230769,11.66923077,7.023076923,7.807692308,14.34615385,10.79230769,2.561538462,8.007692308,0.946153846
885.6673014,10.56923077,11.53076923,6.830769231,8.7,7.707692308,10.71538462,7.192307692,7.623076923,10.29230769,9.192307692,11.50769231
885.8389587,6.538461538,5.838461538,6.846153846,15.68461538,2.638461538,1.984615385,5.607692308,9.930769231,8.823076923,5.723076923,6.446153846
886.0105982,14.96153846,9.753846154,9.684615385,17.62307692,19.63076923,18.43846154,10.79230769,12.43846154,8.453846154,18.18461538,14.06153846
886.1822198,10.48461538,13.65384615,14.38461538,3.684615385,6.984615385,13.41538462,10,11.47692308,10.63076923,9.015384615,1.984615385
886.3538236,12.92307692,7.907692308,11.65384615,10.75384615,8.8,14.31538462,12.62307692,7.961538462,10.4,15.19230769,8.915384615
886.5254095,7.4,5.723076923,5.769230769,9.576923077,5.846153846,3.6,7.838461538,4.138461538,6.584615385,5.5,15.9
886.6969775,7.715384615,5.453846154,9.9,14.4,12.90769231,6.146153846,10.63846154,12.37692308,1.730769231,12.16923077,15.89230769
886.8685276,5.469230769,7.176923077,9.838461538,7.076923077,7.7,4.346153846,8.092307692,6.069230769,6.7,5.592307692,10.91538462
887.0400599,8.061538462,7.530769231,10.35384615,11.95384615,6.076923077,6.284615385,16.51538462,8.584615385,11.60769231,11.56923077,12.16153846
887.2115742,6.838461538,9.723076923,5.238461538,4.776923077,7.738461538,11.35384615,11.27692308,12.56153846,12.7,9.330769231,7.676923077
887.3830707,10.4,17.46153846,8.246153846,13.13846154,11.52307692,5.6,8.630769231,4.530769231,11.11538462,14.53846154,14.31538462
887.5545493,4.430769231,16.69230769,5.038461538,11.57692308,4.153846154,2.038461538,4.261538462,11.70769231,9.669230769,6.415384615,15.56923077
887.72601,7.830769231,9.430769231,10.86923077,12.38461538,7.184615385,10.92307692,10.41538462,18.47692308,7.330769231,19.79230769,11.3
887.8974528,6.838461538,7.715384615,7.538461538,10.16923077,1.361538462,3.976923077,9.776923077,5.830769231,14.96153846,11.66153846,4.684615385
888.0688777,5.461538462,14.33076923,15.42307692,14.79230769,4.861538462,8.230769231,17.52307692,10.16153846,13.57692308,4.823076923,9.984615385
888.2402848,9.630769231,18.07692308,7.915384615,8.153846154,6.176923077,5.069230769,10.36923077,9.823076923,9.246153846,18.35384615,7.092307692
888.4116739,7.446153846,7.338461538,10.84615385,14.01538462,10.10769231,6.446153846,21.96923077,10.42307692,4.892307692,11.17692308,11.56923077
888.5830451,3.784615385,6.707692308,8.753846154,9.446153846,6.461538462,8.315384615,6.8,7.661538462,10.18461538,5.315384615,16.16153846
888.7543984,6.438461538,17.33846154,9.992307692,8.453846154,13.74615385,6.869230769,10.03846154,17.49230769,11.23846154,13.29230769,14.50769231
888.9257338,14.20769231,4.084615385,10,9.330769231,5.038461538,0.915384615,5.915384615,5.992307692,12.12307692,6.553846154,8.907692308
889.0970513,1.661538462,5.592307692,8.015384615,10.49230769,5.746153846,10,10.82307692,5.946153846,13.26153846,14.66153846,12.74615385
889.2683509,5.623076923,13.16923077,3.3,11.62307692,8.276923077,8.838461538,13.06923077,12.56923077,4.676923077,11.34615385,5.953846154
889.4396326,5.115384615,15.36153846,7.253846154,17.56923077,12.4,12.01538462,15.41538462,23,8.646153846,18.77692308,12.66153846
889.6108963,6.830769231,6.861538462,10.41538462,4.269230769,2.384615385,6.492307692,11.69230769,5.423076923,6.476923077,15.27692308,3.484615385
889.7821422,12.57692308,12.03846154,16.24615385,10.8,6.123076923,6.6,15.52307692,7.207692308,12.5,18.83846154,10.50769231
889.9533701,2.9,5.338461538,5.730769231,10.90769231,12.15384615,6.8,8.692307692,7.038461538,4.169230769,10,12.97692308
890.1245801,13.32307692,7.884615385,22.03846154,14.86153846,5.984615385,8.792307692,11.46923077,20.86153846,14.72307692,14.16923077,20.45384615
890.2957721,5.330769231,1.992307692,7.030769231,9.638461538,7.315384615,6.746153846,4.076923077,10.94615385,11.09230769,12.57692308,8.830769231
890.4669463,5.5,9.692307692,13.29230769,5.8,14.15384615,12.48461538,11.85384615,11.06923077,5.807692308,17.93846154,12.36153846
890.6381025,9.438461538,10.6,8.9,12.02307692,10.54615385,7.669230769,4.646153846,12.8,9.184615385,10.68461538,4.961538462
890.8092408,6.553846154,13.15384615,9.2,9.853846154,9.423076923,10.13076923,22.16153846,18.70769231,5.430769231,8.784615385,10.47692308
890.9803611,6.276923077,9.553846154,12.21538462,10.92307692,3.215384615,5.215384615,7.161538462,12.61538462,9.353846154,12.85384615,12.8
891.1514635,4.538461538,15.47692308,6.992307692,11.44615385,2.792307692,8.438461538,7.830769231,12.62307692,9.261538462,13.10769231,14.13076923
891.322548,6.884615385,9.307692308,11.29230769,12.03076923,10.06153846,4.776923077,10.89230769,10.93846154,9.3,10.21538462,6.830769231
891.4936145,10.5,15.07692308,20.35384615,8.476923077,13.37692308,11.4,9.576923077,10.27692308,12.83846154,16.56923077,10.34615385
891.6646631,1.930769231,12.57692308,3.530769231,7.892307692,8.946153846,8.561538462,5.369230769,12.13846154,12.51538462,7.430769231,12.75384615
891.8356937,7.523076923,10.34615385,16.44615385,11.25384615,10.63846154,16.83076923,15.33846154,5.561538462,16.12307692,7.469230769,13.40769231
892.0067064,3.384615385,8.407692308,6.530769231,4.592307692,9.507692308,9.746153846,9.046153846,7.961538462,8.469230769,14.63846154,9.553846154
892.1777011,5.307692308,6.453846154,14.75384615,8.946153846,4.330769231,8.746153846,12.84615385,10.95384615,12.73846154,5.346153846,9.461538462
892.3486778,4.615384615,6.030769231,17.60769231,12.86923077,6.884615385,9.230769231,13.82307692,12.97692308,14.18461538,18.03076923,15.77692308
892.5196367,9.169230769,12.26153846,10.89230769,13.82307692,9.2,5.623076923,10.19230769,6.753846154,10.77692308,7.907692308,4.984615385
892.6905775,5.615384615,10.42307692,4.3,10.66153846,7.384615385,6.646153846,12.89230769,15.85384615,10.25384615,6.453846154,18.46153846
892.8615004,14.30769231,10.61538462,8.069230769,8.630769231,9.207692308,13.37692308,8.384615385,8.530769231,11.98461538,9.169230769,11.19230769
893.0324053,4.7,5.430769231,13.34615385,14.86923077,4.038461538,11.46923077,11.90769231,6.223076923,12.76923077,6.476923077,12.78461538
893.2032923,7.869230769,3.669230769,9.361538462,6.546153846,12.67692308,8.330769231,10.3,11.44615385,18.53076923,14.5,4.623076923
893.3741613,8.376923077,2.769230769,12.06153846,9.184615385,5.338461538,1.930769231,8.669230769,4.561538462,3.807692308,9.938461538,11.63076923
893.5450123,10.43846154,13.2,8.046153846,5.853846154,10.50769231,11.1,13.90769231,15.4,3.746153846,17.55384615,13.8
893.7158453,11.40769231,13.72307692,5.538461538,10.01538462,9.5,2.392307692,6.930769231,8.684615385,8.169230769,6.346153846,18.85384615
893.8866604,7.515384615,9.423076923,3.961538462,8.761538462,7.246153846,9.215384615,11.48461538,17.70769231,11,10.88461538,13.9
894.0574575,11.20769231,11.81538462,4.153846154,2.461538462,7.030769231,8.646153846,9,9.330769231,10.53846154,11.51538462,8.830769231
894.2282366,5.815384615,10.03846154,12.63846154,18.93076923,3.9,10.46153846,11.8,13.5,6.707692308,11.19230769,19.59230769
894.3989977,7.007692308,4.184615385,6.507692308,7.553846154,14.18461538,5.523076923,7.130769231,5.130769231,7.030769231,9.861538462,5.776923077
894.5697408,20.70769231,4.876923077,5.615384615,3.269230769,8.638461538,10.12307692,12.93846154,13.11538462,13.72307692,17.66923077,15.69230769
894.740466,16.73846154,3.338461538,4.638461538,2.423076923,12.57692308,4,7.3,10.20769231,17.64615385,7.661538462,11.04615385
894.9111731,17.10769231,12.69230769,17.36153846,5.484615385,4.815384615,11.03846154,3.892307692,10.42307692,10.84615385,7.846153846,12.63846154
895.0818623,6.807692308,5.584615385,13.24615385,15.48461538,2.476923077,4.884615385,4.130769231,9.146153846,4.892307692,7.046153846,8.638461538
895.2525334,9.276923077,14.2,18.59230769,10.16153846,14.98461538,13.82307692,5.484615385,4.315384615,20.38461538,7.5,11.13076923
895.4231866,5.269230769,8.223076923,2.261538462,8.7,12.49230769,8.569230769,5.838461538,6.753846154,12.53076923,5.961538462,6.3
895.5938218,5.761538462,6.953846154,10.4,12.91538462,4.469230769,5.361538462,18.26153846,13.98461538,19.5,8.646153846,12.1
895.7644389,6.5,10.33076923,12.76923077,10.41538462,8.715384615,2.869230769,11.1,9.176923077,9.984615385,10.58461538,9.492307692
895.9350381,10.34615385,6.138461538,8.923076923,9.676923077,9.1,11.86923077,12.43076923,10.44615385,7.415384615,17.15384615,14.71538462
896.1056192,12.89230769,6.938461538,11.01538462,9.646153846,7.1,10.76153846,7.561538462,11.87692308,15.54615385,6.784615385,3.630769231
896.2761823,2.684615385,6.746153846,9.392307692,10.89230769,4.715384615,10.32307692,5.807692308,8.415384615,7.530769231,23.36153846,13.43846154
896.4467275,1.707692308,13.35384615,4.838461538,4.807692308,5.492307692,4.130769231,5.707692308,11.26153846,6.115384615,11.80769231,13.52307692
896.6172546,6.630769231,15.70769231,8.538461538,6.492307692,11.98461538,10.73846154,13.17692308,13.91538462,16.66923077,10.16923077,9.530769231
896.7877637,4.346153846,4.223076923,7.730769231,11.7,6.192307692,7.384615385,8.923076923,5.638461538,10.08461538,10.7,12.38461538
896.9582547,7.092307692,9.6,3.976923077,16.57692308,11.24615385,10.14615385,8.407692308,10.60769231,10.86923077,12.56923077,7.376923077
897.1287278,13.79230769,4.838461538,8.123076923,7.230769231,8.3,9.592307692,6.492307692,13.04615385,1.446153846,10.34615385,7.023076923
897.2991828,7.484615385,11.52307692,8.338461538,19.03076923,7.923076923,6.853846154,7.261538462,14.62307692,6.323076923,16.86153846,14.91538462
897.4696198,5.069230769,15.38461538,8.684615385,9.107692308,16.23846154,2.792307692,3.184615385,16.84615385,5.753846154,6.892307692,6.846153846
897.6400387,12.35384615,13.9,16.67692308,15.47692308,10.90769231,5.484615385,13.05384615,11.65384615,14,11.26923077,6.392307692
897.8104397,7.407692308,12.56153846,7.538461538,8.730769231,4.030769231,7.715384615,14.65384615,8.023076923,10.88461538,8.146153846,5.5
897.9808226,13.35384615,6.276923077,14,6.976923077,9.492307692,7.353846154,9.207692308,11.72307692,14.89230769,11.73076923,8.553846154
898.1511874,9.638461538,4.846153846,6.169230769,6.307692308,2.576923077,5.646153846,10.99230769,7.653846154,7.615384615,13.15384615,6.007692308
898.3215343,4.992307692,5.153846154,15.22307692,9.592307692,5.530769231,10.03076923,7.192307692,12.49230769,2.707692308,13.19230769,15.46923077
898.491863,4.8,8.430769231,13.8,11.56923077,5.607692308,3.430769231,10.33846154,13.63076923,13.5,7.507692308,14.10769231
898.6621738,19.71538462,8.423076923,9.892307692,9.992307692,6.930769231,3.384615385,14.71538462,16.08461538,9.846153846,12.66153846,8.738461538
898.8324664,9.876923077,6.769230769,4.438461538,9.446153846,7.084615385,7.476923077,6.715384615,14.17692308,3.792307692,7.615384615,10.21538462
899.0027411,8.853846154,10.24615385,9.630769231,12.92307692,18.07692308,7.746153846,7.492307692,10.17692308,12.3,14.96153846,17.5
899.1729977,8.015384615,11.68461538,14.86923077,10.37692308,9.776923077,7.438461538,6.015384615,9.546153846,7.623076923,10.88461538,13.07692308
899.3432362,7.853846154,8.830769231,11.13846154,5.915384615,7.561538462,5.469230769,12.43846154,2.423076923,2.046153846,9.392307692,15.6
899.5134567,8.546153846,3.9,6.207692308,8.707692308,3.653846154,4.615384615,2.9,9.492307692,10.21538462,9.076923077,6.207692308
899.6836591,8.369230769,12.44615385,11.16923077,10.86923077,8.630769231,2.915384615,13.7,3.838461538,8.861538462,19.92307692,12.77692308
899.8538434,2.669230769,7.484615385,10.99230769,7.376923077,2.146153846,4.584615385,5.861538462,9.646153846,11.63076923,13.56923077,5.661538462
900.0240097,4.146153846,4.315384615,5.961538462,2.615384615,8.761538462,2.915384615,18.03846154,6.292307692,11.68461538,12.73846154,11.86923077
900.1941579,6.953846154,6.084615385,5.169230769,2.4,6.2,4.423076923,7.915384615,7.369230769,9.084615385,14.76153846,10.23846154
900.3642881,11.61538462,7.253846154,11.13076923,16.97692308,7.530769231,16.06153846,9.430769231,4.615384615,9.884615385,12.60769231,7.623076923
900.5344002,10.58461538,7.984615385,5.369230769,7.215384615,12.33846154,2.676923077,4.3,11.34615385,9.576923077,4.069230769,10.18461538
900.7044942,14.11538462,12.35384615,14.71538462,7.946153846,8.853846154,18.43846154,7.030769231,12.68461538,7.969230769,5.538461538,9.184615385
900.8745701,5.707692308,5.484615385,5.692307692,5.423076923,6.238461538,10.53846154,6.776923077,4.023076923,7.846153846,10.10769231,9.669230769
901.044628,11.66923077,15.23846154,8.076923077,14.26923077,9.084615385,12.57692308,14.56153846,6.915384615,15.31538462,9.030769231,17.02307692
901.2146678,10.09230769,7.253846154,9.923076923,5.984615385,1.115384615,9.069230769,15.65384615,12.50769231,8.730769231,8.553846154,12.90769231
901.3846895,11.3,8.807692308,11.63846154,7.353846154,12.13846154,3.615384615,11.06923077,10.88461538,17.64615385,7.807692308,12.15384615
901.5546931,8.030769231,10.79230769,10.2,8.253846154,4.530769231,11.36923077,9.407692308,9.615384615,4.776923077,6.323076923,10.99230769
901.7246786,14.11538462,5.976923077,16.1,8.776923077,12.93846154,19.8,13.52307692,10.54615385,11.8,19.26153846,13.21538462
901.894646,2.623076923,9.146153846,6.569230769,8.953846154,3.853846154,5.853846154,4.407692308,12.96153846,12.71538462,10.32307692,8.023076923
902.0645953,7.984615385,6.976923077,14.76923077,7.323076923,8.753846154,5.276923077,3.223076923,4.084615385,8.276923077,14.26153846,11.09230769
902.2345266,11.77692308,8.253846154,1.361538462,9.376923077,0.776923077,5,11.27692308,14.23846154,10.83846154,13.8,6.053846154
902.4044397,5.261538462,8.646153846,7.8,10.69230769,10.60769231,5.253846154,10.56923077,5.346153846,12.87692308,19.25384615,11.91538462
902.5743348,12.09230769,7.561538462,10.88461538,11.29230769,3.592307692,8.761538462,10.82307692,8.384615385,13.10769231,4.907692308,6.2
902.7442117,9.153846154,10.93846154,9.223076923,10.84615385,2.7,5.046153846,7.253846154,15.79230769,23.64615385,11.91538462,12.72307692
902.9140705,4.030769231,13.74615385,7.076923077,11.11538462,12.66923077,5.653846154,6.492307692,9.176923077,10.18461538,8.584615385,8.269230769
903.0839113,9.292307692,5.223076923,8.930769231,7.215384615,7.607692308,8.084615385,6.707692308,9.9,12.43076923,13.64615385,10.23846154
903.2537339,9.292307692,5.223076923,8.930769231,7.215384615,7.607692308,8.084615385,6.707692308,9.9,12.43076923,13.64615385,10.23846154
903.4235384,9.292307692,5.223076923,8.930769231,7.215384615,7.607692308,8.084615385,6.707692308,9.9,12.43076923,13.64615385,10.23846154
903.5933248,9.292307692,5.223076923,8.930769231,7.215384615,7.607692308,8.084615385,6.707692308,9.9,12.43076923,13.64615385,10.23846154
903.763093,9.292307692,5.223076923,8.930769231,7.215384615,7.607692308,8.084615385,6.707692308,9.9,12.43076923,13.64615385,10.23846154
903.9328432,9.292307692,5.223076923,8.930769231,7.215384615,7.607692308,8.084615385,6.707692308,9.9,12.43076923,13.64615385,10.23846154
904.1025752,9.292307692,5.223076923,8.930769231,7.215384615,7.607692308,8.084615385,6.707692308,9.9,12.43076923,13.64615385,10.23846154
904.2722891,9.292307692,5.223076923,8.930769231,7.215384615,7.607692308,8.084615385,6.707692308,9.9,12.43076923,13.64615385,10.23846154
904.4419849,9.292307692,5.223076923,8.930769231,7.215384615,7.607692308,8.084615385,6.707692308,9.9,12.43076923,13.64615385,10.23846154
904.6116626,9.292307692,5.223076923,8.930769231,7.215384615,7.607692308,8.084615385,6.707692308,9.9,12.43076923,13.64615385,10.23846154
904.7813221,9.292307692,5.223076923,8.930769231,7.215384615,7.607692308,8.084615385,6.707692308,9.9,12.43076923,13.64615385,10.23846154
904.9509635,9.292307692,5.223076923,8.930769231,7.215384615,7.607692308,8.084615385,6.707692308,9.9,12.43076923,13.64615385,10.23846154
905.1205867,9.292307692,5.223076923,8.930769231,7.215384615,7.607692308,8.084615385,6.707692308,9.9,12.43076923,13.64615385,10.23846154
905.2901918,9.292307692,5.223076923,8.930769231,7.215384615,7.607692308,8.084615385,6.707692308,9.9,12.43076923,13.64615385,10.23846154
905.4597788,9.292307692,5.223076923,8.930769231,7.215384615,7.607692308,8.084615385,6.707692308,9.9,12.43076923,13.64615385,10.23846154
905.6293476,9.292307692,5.223076923,8.930769231,7.215384615,7.607692308,8.084615385,6.707692308,9.9,12.43076923,13.64615385,10.23846154
905.7988983,9.292307692,5.223076923,8.930769231,7.215384615,7.607692308,8.084615385,6.707692308,9.9,12.43076923,13.64615385,10.23846154
905.9684309,9.292307692,5.223076923,8.930769231,7.215384615,7.607692308,8.084615385,6.707692308,9.9,12.43076923,13.64615385,10.23846154
906.1379452,9.292307692,5.223076923,8.930769231,7.215384615,7.607692308,8.084615385,6.707692308,9.9,12.43076923,13.64615385,10.23846154
906.3074415,9.292307692,5.223076923,8.930769231,7.215384615,7.607692308,8.084615385,6.707692308,9.9,12.43076923,13.64615385,10.23846154
906.4769195,9.292307692,5.223076923,8.930769231,7.215384615,7.607692308,8.084615385,6.707692308,9.9,12.43076923,13.64615385,10.23846154
906.6463794,9.292307692,5.223076923,8.930769231,7.215384615,7.607692308,8.084615385,6.707692308,9.9,12.43076923,13.64615385,10.23846154
906.8158212,9.292307692,5.223076923,8.930769231,7.215384615,7.607692308,8.084615385,6.707692308,9.9,12.43076923,13.64615385,10.23846154
906.9852448,9.292307692,5.223076923,8.930769231,7.215384615,7.607692308,8.084615385,6.707692308,9.9,12.43076923,13.64615385,10.23846154
907.1546502,9.292307692,5.223076923,8.930769231,7.215384615,7.607692308,8.084615385,6.707692308,9.9,12.43076923,13.64615385,10.23846154
907.3240375,9.292307692,5.223076923,8.930769231,7.215384615,7.607692308,8.084615385,6.707692308,9.9,12.43076923,13.64615385,10.23846154
907.4934066,9.292307692,5.223076923,8.930769231,7.215384615,7.607692308,8.084615385,6.707692308,9.9,12.43076923,13.64615385,10.23846154
907.6627575,9.292307692,5.223076923,8.930769231,7.215384615,7.607692308,8.084615385,6.707692308,9.9,12.43076923,13.64615385,10.23846154
907.8320902,9.292307692,5.223076923,8.930769231,7.215384615,7.607692308,8.084615385,6.707692308,9.9,12.43076923,13.64615385,10.23846154
908.0014048,9.292307692,5.223076923,8.930769231,7.215384615,7.607692308,8.084615385,6.707692308,9.9,12.43076923,13.64615385,10.23846154
908.1707012,9.292307692,5.223076923,8.930769231,7.215384615,7.607692308,8.084615385,6.707692308,9.9,12.43076923,13.64615385,10.23846154
908.3399794,9.292307692,5.223076923,8.930769231,7.215384615,7.607692308,8.084615385,6.707692308,9.9,12.43076923,13.64615385,10.23846154
908.5092394,9.292307692,5.223076923,8.930769231,7.215384615,7.607692308,8.084615385,6.707692308,9.9,12.43076923,13.64615385,10.23846154
908.6784812,9.292307692,5.223076923,8.930769231,7.215384615,7.607692308,8.084615385,6.707692308,9.9,12.43076923,13.64615385,10.23846154
908.8477048,9.292307692,5.223076923,8.930769231,7.215384615,7.607692308,8.084615385,6.707692308,9.9,12.43076923,13.64615385,10.23846154
909.0169103,9.292307692,5.223076923,8.930769231,7.215384615,7.607692308,8.084615385,6.707692308,9.9,12.43076923,13.64615385,10.23846154
909.1860975,9.292307692,5.223076923,8.930769231,7.215384615,7.607692308,8.084615385,6.707692308,9.9,12.43076923,13.64615385,10.23846154
909.3552666,9.292307692,5.223076923,8.930769231,7.215384615,7.607692308,8.084615385,6.707692308,9.9,12.43076923,13.64615385,10.23846154
909.5244175,9.292307692,5.223076923,8.930769231,7.215384615,7.607692308,8.084615385,6.707692308,9.9,12.43076923,13.64615385,10.23846154
909.6935501,9.292307692,5.223076923,8.930769231,7.215384615,7.607692308,8.084615385,6.707692308,9.9,12.43076923,13.64615385,10.23846154
909.8626646,9.292307692,5.223076923,8.930769231,7.215384615,7.607692308,8.084615385,6.707692308,9.9,12.43076923,13.64615385,10.23846154
910.0317608,9.292307692,5.223076923,8.930769231,7.215384615,7.607692308,8.084615385,6.707692308,9.9,12.43076923,13.64615385,10.23846154
910.2008388,9.292307692,5.223076923,8.930769231,7.215384615,7.607692308,8.084615385,6.707692308,9.9,12.43076923,13.64615385,10.23846154
910.3698987,9.292307692,5.223076923,8.930769231,7.215384615,7.607692308,8.084615385,6.707692308,9.9,12.43076923,13.64615385,10.23846154
910.5389403,9.292307692,5.223076923,8.930769231,7.215384615,7.607692308,8.084615385,6.707692308,9.9,12.43076923,13.64615385,10.23846154
910.7079637,9.292307692,5.223076923,8.930769231,7.215384615,7.607692308,8.084615385,6.707692308,9.9,12.43076923,13.64615385,10.23846154
910.8769688,9.292307692,5.223076923,8.930769231,7.215384615,7.607692308,8.084615385,6.707692308,9.9,12.43076923,13.64615385,10.23846154
911.0459558,9.292307692,5.223076923,8.930769231,7.215384615,7.607692308,8.084615385,6.707692308,9.9,12.43076923,13.64615385,10.23846154
911.2149245,9.292307692,5.223076923,8.930769231,7.215384615,7.607692308,8.084615385,6.707692308,9.9,12.43076923,13.64615385,10.23846154
911.383875,9.292307692,5.223076923,8.930769231,7.215384615,7.607692308,8.084615385,6.707692308,9.9,12.43076923,13.64615385,10.23846154
911.5528073,9.292307692,5.223076923,8.930769231,7.215384615,7.607692308,8.084615385,6.707692308,9.9,12.43076923,13.64615385,10.23846154
911.7217214,9.292307692,5.223076923,8.930769231,7.215384615,7.607692308,8.084615385,6.707692308,9.9,12.43076923,13.64615385,10.23846154
911.8906172,9.292307692,5.223076923,8.930769231,7.215384615,7.607692308,8.084615385,6.707692308,9.9,12.43076923,13.64615385,10.23846154
912.0594947,9.292307692,5.223076923,8.930769231,7.215384615,7.607692308,8.084615385,6.707692308,9.9,12.43076923,13.64615385,10.23846154
912.2283541,9.292307692,5.223076923,8.930769231,7.215384615,7.607692308,8.084615385,6.707692308,9.9,12.43076923,13.64615385,10.23846154
912.3971952,9.292307692,5.223076923,8.930769231,7.215384615,7.607692308,8.084615385,6.707692308,9.9,12.43076923,13.64615385,10.23846154
912.566018,9.292307692,5.223076923,8.930769231,7.215384615,7.607692308,8.084615385,6.707692308,9.9,12.43076923,13.64615385,10.23846154
912.7348226,9.292307692,5.223076923,8.930769231,7.215384615,7.607692308,8.084615385,6.707692308,9.9,12.43076923,13.64615385,10.23846154
912.903609,9.292307692,5.223076923,8.930769231,7.215384615,7.607692308,8.084615385,6.707692308,9.9,12.43076923,13.64615385,10.23846154
913.0723771,9.292307692,5.223076923,8.930769231,7.215384615,7.607692308,8.084615385,6.707692308,9.9,12.43076923,13.64615385,10.23846154
913.241127,9.292307692,5.223076923,8.930769231,7.215384615,7.607692308,8.084615385,6.707692308,9.9,12.43076923,13.64615385,10.23846154
913.4098586,9.292307692,5.223076923,8.930769231,7.215384615,7.607692308,8.084615385,6.707692308,9.9,12.43076923,13.64615385,10.23846154
913.5785719,9.292307692,5.223076923,8.930769231,7.215384615,7.607692308,8.084615385,6.707692308,9.9,12.43076923,13.64615385,10.23846154
913.747267,9.292307692,5.223076923,8.930769231,7.215384615,7.607692308,8.084615385,6.707692308,9.9,12.43076923,13.64615385,10.23846154
913.9159439,9.292307692,5.223076923,8.930769231,7.215384615,7.607692308,8.084615385,6.707692308,9.9,12.43076923,13.64615385,10.23846154
914.0846024,9.292307692,5.223076923,8.930769231,7.215384615,7.607692308,8.084615385,6.707692308,9.9,12.43076923,13.64615385,10.23846154
914.2532427,9.292307692,5.223076923,8.930769231,7.215384615,7.607692308,8.084615385,6.707692308,9.9,12.43076923,13.64615385,10.23846154
914.4218647,9.292307692,5.223076923,8.930769231,7.215384615,7.607692308,8.084615385,6.707692308,9.9,12.43076923,13.64615385,10.23846154
914.5904685,9.292307692,5.223076923,8.930769231,7.215384615,7.607692308,8.084615385,6.707692308,9.9,12.43076923,13.64615385,10.23846154
914.759054,9.292307692,5.223076923,8.930769231,7.215384615,7.607692308,8.084615385,6.707692308,9.9,12.43076923,13.64615385,10.23846154
914.9276212,9.292307692,5.223076923,8.930769231,7.215384615,7.607692308,8.084615385,6.707692308,9.9,12.43076923,13.64615385,10.23846154
915.0961701,9.292307692,5.223076923,8.930769231,7.215384615,7.607692308,8.084615385,6.707692308,9.9,12.43076923,13.64615385,10.23846154
915.2647008,9.292307692,5.223076923,8.930769231,7.215384615,7.607692308,8.084615385,6.707692308,9.9,12.43076923,13.64615385,10.23846154
915.4332131,9.292307692,5.223076923,8.930769231,7.215384615,7.607692308,8.084615385,6.707692308,9.9,12.43076923,13.64615385,10.23846154
915.6017072,9.292307692,5.223076923,8.930769231,7.215384615,7.607692308,8.084615385,6.707692308,9.9,12.43076923,13.64615385,10.23846154
915.770183,9.292307692,5.223076923,8.930769231,7.215384615,7.607692308,8.084615385,6.707692308,9.9,12.43076923,13.64615385,10.23846154
915.9386405,9.292307692,5.223076923,8.930769231,7.215384615,7.607692308,8.084615385,6.707692308,9.9,12.43076923,13.64615385,10.23846154
916.1070797,9.292307692,5.223076923,8.930769231,7.215384615,7.607692308,8.084615385,6.707692308,9.9,12.43076923,13.64615385,10.23846154
916.2755006,9.292307692,5.223076923,8.930769231,7.215384615,7.607692308,8.084615385,6.707692308,9.9,12.43076923,13.64615385,10.23846154
916.4439032,9.292307692,5.223076923,8.930769231,7.215384615,7.607692308,8.084615385,6.707692308,9.9,12.43076923,13.64615385,10.23846154
916.6122875,9.292307692,5.223076923,8.930769231,7.215384615,7.607692308,8.084615385,6.707692308,9.9,12.43076923,13.64615385,10.23846154
916.7806535,9.292307692,5.223076923,8.930769231,7.215384615,7.607692308,8.084615385,6.707692308,9.9,12.43076923,13.64615385,10.23846154
916.9490012,9.292307692,5.223076923,8.930769231,7.215384615,7.607692308,8.084615385,6.707692308,9.9,12.43076923,13.64615385,10.23846154
917.1173306,9.292307692,5.223076923,8.930769231,7.215384615,7.607692308,8.084615385,6.707692308,9.9,12.43076923,13.64615385,10.23846154
917.2856416,9.292307692,5.223076923,8.930769231,7.215384615,7.607692308,8.084615385,6.707692308,9.9,12.43076923,13.64615385,10.23846154
917.4539344,9.292307692,5.223076923,8.930769231,7.215384615,7.607692308,8.084615385,6.707692308,9.9,12.43076923,13.64615385,10.23846154
917.6222089,9.292307692,5.223076923,8.930769231,7.215384615,7.607692308,8.084615385,6.707692308,9.9,12.43076923,13.64615385,10.23846154
917.790465,9.292307692,5.223076923,8.930769231,7.215384615,7.607692308,8.084615385,6.707692308,9.9,12.43076923,13.64615385,10.23846154
917.9587028,9.292307692,5.223076923,8.930769231,7.215384615,7.607692308,8.084615385,6.707692308,9.9,12.43076923,13.64615385,10.23846154
918.1269223,9.292307692,5.223076923,8.930769231,7.215384615,7.607692308,8.084615385,6.707692308,9.9,12.43076923,13.64615385,10.23846154
918.2951234,9.292307692,5.223076923,8.930769231,7.215384615,7.607692308,8.084615385,6.707692308,9.9,12.43076923,13.64615385,10.23846154
918.4633063,9.292307692,5.223076923,8.930769231,7.215384615,7.607692308,8.084615385,6.707692308,9.9,12.43076923,13.64615385,10.23846154
918.6314708,9.292307692,5.223076923,8.930769231,7.215384615,7.607692308,8.084615385,6.707692308,9.9,12.43076923,13.64615385,10.23846154
918.799617,9.292307692,5.223076923,8.930769231,7.215384615,7.607692308,8.084615385,6.707692308,9.9,12.43076923,13.64615385,10.23846154
918.9677448,9.292307692,5.223076923,8.930769231,7.215384615,7.607692308,8.084615385,6.707692308,9.9,12.43076923,13.64615385,10.23846154
919.1358543,9.292307692,5.223076923,8.930769231,7.215384615,7.607692308,8.084615385,6.707692308,9.9,12.43076923,13.64615385,10.23846154
919.3039455,9.292307692,5.223076923,8.930769231,7.215384615,7.607692308,8.084615385,6.707692308,9.9,12.43076923,13.64615385,10.23846154
919.4720183,9.292307692,5.223076923,8.930769231,7.215384615,7.607692308,8.084615385,6.707692308,9.9,12.43076923,13.64615385,10.23846154
919.6400728,9.292307692,5.223076923,8.930769231,7.215384615,7.607692308,8.084615385,6.707692308,9.9,12.43076923,13.64615385,10.23846154
919.8081089,9.292307692,5.223076923,8.930769231,7.215384615,7.607692308,8.084615385,6.707692308,9.9,12.43076923,13.64615385,10.23846154
919.9761267,9.292307692,5.223076923,8.930769231,7.215384615,7.607692308,8.084615385,6.707692308,9.9,12.43076923,13.64615385,10.23846154
920.1441261,9.292307692,5.223076923,8.930769231,7.215384615,7.607692308,8.084615385,6.707692308,9.9,12.43076923,13.64615385,10.23846154
920.3121072,9.292307692,5.223076923,8.930769231,7.215384615,7.607692308,8.084615385,6.707692308,9.9,12.43076923,13.64615385,10.23846154
920.4800699,9.292307692,5.223076923,8.930769231,7.215384615,7.607692308,8.084615385,6.707692308,9.9,12.43076923,13.64615385,10.23846154
920.6480143,9.292307692,5.223076923,8.930769231,7.215384615,7.607692308,8.084615385,6.707692308,9.9,12.43076923,13.64615385,10.23846154
920.8159403,9.292307692,5.223076923,8.930769231,7.215384615,7.607692308,8.084615385,6.707692308,9.9,12.43076923,13.64615385,10.23846154
920.9838479,9.292307692,5.223076923,8.930769231,7.215384615,7.607692308,8.084615385,6.707692308,9.9,12.43076923,13.64615385,10.23846154
921.1517372,9.292307692,5.223076923,8.930769231,7.215384615,7.607692308,8.084615385,6.707692308,9.9,12.43076923,13.64615385,10.23846154
921.3196081,9.292307692,5.223076923,8.930769231,7.215384615,7.607692308,8.084615385,6.707692308,9.9,12.43076923,13.64615385,10.23846154
921.4874606,9.292307692,5.223076923,8.930769231,7.215384615,7.607692308,8.084615385,6.707692308,9.9,12.43076923,13.64615385,10.23846154
921.6552948,9.292307692,5.223076923,8.930769231,7.215384615,7.607692308,8.084615385,6.707692308,9.9,12.43076923,13.64615385,10.23846154
921.8231105,9.292307692,5.223076923,8.930769231,7.215384615,7.607692308,8.084615385,6.707692308,9.9,12.43076923,13.64615385,10.23846154
921.9909079,9.292307692,5.223076923,8.930769231,7.215384615,7.607692308,8.084615385,6.707692308,9.9,12.43076923,13.64615385,10.23846154
922.158687,9.292307692,5.223076923,8.930769231,7.215384615,7.607692308,8.084615385,6.707692308,9.9,12.43076923,13.64615385,10.23846154
922.3264476,9.292307692,5.223076923,8.930769231,7.215384615,7.607692308,8.084615385,6.707692308,9.9,12.43076923,13.64615385,10.23846154
922.4941898,9.292307692,5.223076923,8.930769231,7.215384615,7.607692308,8.084615385,6.707692308,9.9,12.43076923,13.64615385,10.23846154
922.6619137,9.292307692,5.223076923,8.930769231,7.215384615,7.607692308,8.084615385,6.707692308,9.9,12.43076923,13.64615385,10.23846154
922.8296192,9.292307692,5.223076923,8.930769231,7.215384615,7.607692308,8.084615385,6.707692308,9.9,12.43076923,13.64615385,10.23846154
922.9973063,9.292307692,5.223076923,8.930769231,7.215384615,7.607692308,8.084615385,6.707692308,9.9,12.43076923,13.64615385,10.23846154
923.164975,9.292307692,5.223076923,8.930769231,7.215384615,7.607692308,8.084615385,6.707692308,9.9,12.43076923,13.64615385,10.23846154
923.3326252,9.292307692,5.223076923,8.930769231,7.215384615,7.607692308,8.084615385,6.707692308,9.9,12.43076923,13.64615385,10.23846154
923.5002571,9.292307692,5.223076923,8.930769231,7.215384615,7.607692308,8.084615385,6.707692308,9.9,12.43076923,13.64615385,10.23846154
923.6678706,9.292307692,5.223076923,8.930769231,7.215384615,7.607692308,8.084615385,6.707692308,9.9,12.43076923,13.64615385,10.23846154
923.8354657,9.292307692,5.223076923,8.930769231,7.215384615,7.607692308,8.084615385,6.707692308,9.9,12.43076923,13.64615385,10.23846154
924.0030424,9.292307692,5.223076923,8.930769231,7.215384615,7.607692308,8.084615385,6.707692308,9.9,12.43076923,13.64615385,10.23846154
924.1706006,9.292307692,5.223076923,8.930769231,7.215384615,7.607692308,8.084615385,6.707692308,9.9,12.43076923,13.64615385,10.23846154
924.3381405,9.292307692,5.223076923,8.930769231,7.215384615,7.607692308,8.084615385,6.707692308,9.9,12.43076923,13.64615385,10.23846154
924.5056619,9.292307692,5.223076923,8.930769231,7.215384615,7.607692308,8.084615385,6.707692308,9.9,12.43076923,13.64615385,10.23846154
924.673165,9.292307692,5.223076923,8.930769231,7.215384615,7.607692308,8.084615385,6.707692308,9.9,12.43076923,13.64615385,10.23846154
924.8406496,9.292307692,5.223076923,8.930769231,7.215384615,7.607692308,8.084615385,6.707692308,9.9,12.43076923,13.64615385,10.23846154
925.0081158,9.292307692,5.223076923,8.930769231,7.215384615,7.607692308,8.084615385,6.707692308,9.9,12.43076923,13.64615385,10.23846154
925.1755635,9.292307692,5.223076923,8.930769231,7.215384615,7.607692308,8.084615385,6.707692308,9.9,12.43076923,13.64615385,10.23846154
925.3429928,9.292307692,5.223076923,8.930769231,7.215384615,7.607692308,8.084615385,6.707692308,9.9,12.43076923,13.64615385,10.23846154
925.5104037,9.292307692,5.223076923,8.930769231,7.215384615,7.607692308,8.084615385,6.707692308,9.9,12.43076923,13.64615385,10.23846154
925.6777962,9.292307692,5.223076923,8.930769231,7.215384615,7.607692308,8.084615385,6.707692308,9.9,12.43076923,13.64615385,10.23846154
925.8451702,9.292307692,5.223076923,8.930769231,7.215384615,7.607692308,8.084615385,6.707692308,9.9,12.43076923,13.64615385,10.23846154
926.0125258,9.292307692,5.223076923,8.930769231,7.215384615,7.607692308,8.084615385,6.707692308,9.9,12.43076923,13.64615385,10.23846154
926.179863,9.292307692,5.223076923,8.930769231,7.215384615,7.607692308,8.084615385,6.707692308,9.9,12.43076923,13.64615385,10.23846154
926.3471817,9.292307692,5.223076923,8.930769231,7.215384615,7.607692308,8.084615385,6.707692308,9.9,12.43076923,13.64615385,10.23846154
926.514482,9.292307692,5.223076923,8.930769231,7.215384615,7.607692308,8.084615385,6.707692308,9.9,12.43076923,13.64615385,10.23846154
926.6817638,9.292307692,5.223076923,8.930769231,7.215384615,7.607692308,8.084615385,6.707692308,9.9,12.43076923,13.64615385,10.23846154
926.8490272,9.292307692,5.223076923,8.930769231,7.215384615,7.607692308,8.084615385,6.707692308,9.9,12.43076923,13.64615385,10.23846154
927.0162722,9.292307692,5.223076923,8.930769231,7.215384615,7.607692308,8.084615385,6.707692308,9.9,12.43076923,13.64615385,10.23846154
927.1834986,9.292307692,5.223076923,8.930769231,7.215384615,7.607692308,8.084615385,6.707692308,9.9,12.43076923,13.64615385,10.23846154
927.3507067,9.292307692,5.223076923,8.930769231,7.215384615,7.607692308,8.084615385,6.707692308,9.9,12.43076923,13.64615385,10.23846154
927.5178962,9.292307692,5.223076923,8.930769231,7.215384615,7.607692308,8.084615385,6.707692308,9.9,12.43076923,13.64615385,10.23846154
927.6850673,9.292307692,5.223076923,8.930769231,7.215384615,7.607692308,8.084615385,6.707692308,9.9,12.43076923,13.64615385,10.23846154
927.85222,9.292307692,5.223076923,8.930769231,7.215384615,7.607692308,8.084615385,6.707692308,9.9,12.43076923,13.64615385,10.23846154
928.0193542,9.292307692,5.223076923,8.930769231,7.215384615,7.607692308,8.084615385,6.707692308,9.9,12.43076923,13.64615385,10.23846154
928.1864699,9.292307692,5.223076923,8.930769231,7.215384615,7.607692308,8.084615385,6.707692308,9.9,12.43076923,13.64615385,10.23846154
928.3535671,9.292307692,5.223076923,8.930769231,7.215384615,7.607692308,8.084615385,6.707692308,9.9,12.43076923,13.64615385,10.23846154
928.5206459,9.292307692,5.223076923,8.930769231,7.215384615,7.607692308,8.084615385,6.707692308,9.9,12.43076923,13.64615385,10.23846154
928.6877062,9.292307692,5.223076923,8.930769231,7.215384615,7.607692308,8.084615385,6.707692308,9.9,12.43076923,13.64615385,10.23846154
928.854748,9.292307692,5.223076923,8.930769231,7.215384615,7.607692308,8.084615385,6.707692308,9.9,12.43076923,13.64615385,10.23846154
929.0217713,9.292307692,5.223076923,8.930769231,7.215384615,7.607692308,8.084615385,6.707692308,9.9,12.43076923,13.64615385,10.23846154
929.1887762,9.292307692,5.223076923,8.930769231,7.215384615,7.607692308,8.084615385,6.707692308,9.9,12.43076923,13.64615385,10.23846154
929.3557625,9.292307692,5.223076923,8.930769231,7.215384615,7.607692308,8.084615385,6.707692308,9.9,12.43076923,13.64615385,10.23846154
929.5227304,9.292307692,5.223076923,8.930769231,7.215384615,7.607692308,8.084615385,6.707692308,9.9,12.43076923,13.64615385,10.23846154
929.6896798,9.292307692,5.223076923,8.930769231,7.215384615,7.607692308,8.084615385,6.707692308,9.9,12.43076923,13.64615385,10.23846154
929.8566107,9.292307692,5.223076923,8.930769231,7.215384615,7.607692308,8.084615385,6.707692308,9.9,12.43076923,13.64615385,10.23846154
930.0235231,9.292307692,5.223076923,8.930769231,7.215384615,7.607692308,8.084615385,6.707692308,9.9,12.43076923,13.64615385,10.23846154
930.190417,9.292307692,5.223076923,8.930769231,7.215384615,7.607692308,8.084615385,6.707692308,9.9,12.43076923,13.64615385,10.23846154
930.3572924,9.292307692,5.223076923,8.930769231,7.215384615,7.607692308,8.084615385,6.707692308,9.9,12.43076923,13.64615385,10.23846154
930.5241493,9.292307692,5.223076923,8.930769231,7.215384615,7.607692308,8.084615385,6.707692308,9.9,12.43076923,13.64615385,10.23846154
930.6909877,9.292307692,5.223076923,8.930769231,7.215384615,7.607692308,8.084615385,6.707692308,9.9,12.43076923,13.64615385,10.23846154
930.8578076,9.292307692,5.223076923,8.930769231,7.215384615,7.607692308,8.084615385,6.707692308,9.9,12.43076923,13.64615385,10.23846154
931.024609,9.292307692,5.223076923,8.930769231,7.215384615,7.607692308,8.084615385,6.707692308,9.9,12.43076923,13.64615385,10.23846154
931.1913919,9.292307692,5.223076923,8.930769231,7.215384615,7.607692308,8.084615385,6.707692308,9.9,12.43076923,13.64615385,10.23846154
931.3581563,9.292307692,5.223076923,8.930769231,7.215384615,7.607692308,8.084615385,6.707692308,9.9,12.43076923,13.64615385,10.23846154
931.5249021,9.292307692,5.223076923,8.930769231,7.215384615,7.607692308,8.084615385,6.707692308,9.9,12.43076923,13.64615385,10.23846154
931.6916295,9.292307692,5.223076923,8.930769231,7.215384615,7.607692308,8.084615385,6.707692308,9.9,12.43076923,13.64615385,10.23846154
931.8583383,9.292307692,5.223076923,8.930769231,7.215384615,7.607692308,8.084615385,6.707692308,9.9,12.43076923,13.64615385,10.23846154
