lambda,1,2,3,4,5,6,7,8,9,10
200.1568973,18.13076923,12.76153846,19.01538462,5.8,8.307692308,15.55384615,16.05384615,9.123076923,14.3,18.94615385
200.3759475,8.992307692,8.6,2.938461538,8.915384615,10.06923077,6.292307692,13.25384615,13.72307692,3.053846154,9.130769231
200.5949882,12.56153846,16.51538462,9.269230769,6.476923077,7,17.25384615,16.11538462,5.415384615,10.19230769,18.23846154
200.8140194,10.77692308,10.60769231,7.723076923,17.20769231,6.407692308,6.038461538,5.953846154,3.684615385,10.56923077,9.546153846
201.0330411,17.31538462,7.007692308,8.069230769,6.946153846,10.08461538,18.26153846,9.161538462,14.62307692,9.4,6.969230769
201.2520534,15.39230769,21.2,6.361538462,2.384615385,8.769230769,2.369230769,9.253846154,11.73076923,12.73846154,8.407692308
201.4710561,20.63076923,15.67692308,16.55384615,12.19230769,16.13076923,17.09230769,15.13076923,10.75384615,18.46153846,13.6
201.6900493,18.53846154,10.06153846,12.76923077,9.615384615,10.3,12.2,20.87692308,10.06923077,14.66923077,6.046153846
201.9090331,16.03076923,10.23846154,6.876923077,9.315384615,11.49230769,15.93846154,17.42307692,15.59230769,18.11538462,10.45384615
202.1280073,19.43846154,4.338461538,15.99230769,13.50769231,12.46923077,17.76153846,12.57692308,8.446153846,6.715384615,9.861538462
202.346972,19.24615385,18.73076923,13.56923077,6.884615385,16.18461538,14.90769231,14.90769231,10.91538462,6.592307692,8.646153846
202.5659272,13.40769231,3.676923077,8.9,9.669230769,17.39230769,12.26153846,7.969230769,5.3,6.192307692,8.061538462
202.784873,3.546153846,11.45384615,14.18461538,13.73076923,10.81538462,7.853846154,13.34615385,6.715384615,10.41538462,11.99230769
203.0038092,10.9,6.669230769,8.484615385,3.684615385,7.623076923,5.569230769,5.8,6.769230769,9.415384615,9.838461538
203.2227359,15.58461538,12.09230769,13.94615385,8.569230769,10.85384615,30.95384615,19.17692308,16.87692308,12.04615385,16.03846154
203.441653,6.653846154,10.87692308,5.730769231,10.32307692,16.52307692,8.492307692,14.49230769,10.10769231,12.4,13.66923077
203.6605607,19.52307692,14.13846154,12.3,15.96923077,11.21538462,18.03846154,15.20769231,8.369230769,7.915384615,7.207692308
203.8794588,14.21538462,10.22307692,14.16923077,11.59230769,5.538461538,7.453846154,15.63846154,1.769230769,9.930769231,14.17692308
204.0983474,15.39230769,9.930769231,18.25384615,5.346153846,11.37692308,20.63846154,28.46153846,12.14615385,9.261538462,11.82307692
204.3172265,4.523076923,5.969230769,6.146153846,8.484615385,6.746153846,2.538461538,7.938461538,9.676923077,7.476923077,3.023076923
204.5360961,15.2,13.47692308,11.68461538,7.961538462,10.83846154,16.39230769,17.24615385,4.792307692,17.79230769,4
204.7549561,6.576923077,10.43846154,18.56153846,11.21538462,8.615384615,8.092307692,4.938461538,6.084615385,12.02307692,12.21538462
204.9738066,17.45384615,19.01538462,14.10769231,6.4,9.123076923,20.10769231,19.95384615,16.86923077,11.36153846,18.30769231
205.1926476,8.253846154,11.23846154,9.461538462,9.776923077,10.33076923,6.630769231,12.31538462,7.492307692,8.8,3.323076923
205.411479,19.08461538,21.87692308,9.215384615,9.776923077,15.7,12.37692308,11.60769231,17.35384615,5.092307692,18.49230769
205.6303009,9.9,15.86923077,17.46153846,1.815384615,10.66923077,6.9,13.86923077,6.092307692,4.969230769,18.18461538
205.8491133,10.80769231,15.39230769,9.615384615,9.646153846,11.5,7.807692308,12.55384615,17.26923077,2.069230769,18.06153846
206.0679161,6.969230769,3.376923077,4.107692308,13.41538462,8.246153846,6.230769231,14.50769231,7.569230769,9.538461538,17.74615385
206.2867093,9.930769231,7.384615385,12.24615385,7.907692308,12.79230769,11.91538462,15.1,13.66923077,5.253846154,10.48461538
206.505493,18,4.130769231,17.21538462,8.876923077,4.223076923,6.453846154,3.953846154,11.41538462,18.67692308,6.353846154
206.7242672,11.4,13.33846154,10.59230769,11.40769231,13.59230769,8.384615385,2.346153846,13.12307692,6.515384615,16.46153846
206.9430318,7.946153846,5.346153846,6.453846154,9.430769231,3.561538462,6.984615385,13.73846154,6.046153846,3.646153846,4.930769231
207.1617868,11.23846154,16.50769231,10.86153846,9.807692308,20.42307692,7.107692308,16.81538462,11.70769231,17.89230769,12.30769231
207.3805323,15.21538462,7.2,1.315384615,9.261538462,6.069230769,8.430769231,7.546153846,7.630769231,5.838461538,8.253846154
207.5992682,13.56923077,4.623076923,7.223076923,15.26153846,14.89230769,17.93846154,8.453846154,13.73846154,7.169230769,4.530769231
207.8179946,7.707692308,12.06923077,8.653846154,5.792307692,12.04615385,5.076923077,13.46923077,10.71538462,4.938461538,8.784615385
208.0367114,16.23076923,12.94615385,22.4,8.053846154,20.93846154,8.861538462,15.75384615,8.861538462,10.80769231,13.42307692
208.2554186,7.953846154,18.16923077,8.938461538,20.56153846,15.35384615,15.39230769,8.361538462,7.484615385,11.44615385,15.77692308
208.4741162,13.96923077,5.807692308,8.669230769,12.91538462,11.50769231,13.73076923,18.24615385,9.061538462,20.52307692,9.438461538
208.6928043,12.3,9.369230769,16.08461538,6.353846154,5.546153846,15.36153846,8.276923077,9.815384615,10.74615385,6.030769231
208.9114828,21.2,8.107692308,10.92307692,5.838461538,3.738461538,16.54615385,13.58461538,11.86153846,11.28461538,12.73846154
209.1301517,5.123076923,14.12307692,13.46153846,2.030769231,6.338461538,14.30769231,10.87692308,1.261538462,9.723076923,12.36923077
209.3488111,12.39230769,19.37692308,16.38461538,12.36923077,16.93076923,16.91538462,16.45384615,10.94615385,10.16923077,6.046153846
209.5674608,10.78461538,8.584615385,10.99230769,10.24615385,16.53846154,14.61538462,16.41538462,9.484615385,10.33846154,13.9
209.786101,17.95384615,18.81538462,11.5,8.330769231,6.2,21.76923077,14.64615385,15.91538462,11.90769231,6.230769231
210.0047316,10.74615385,11.39230769,7.176923077,15.57692308,10.00769231,8.215384615,7.392307692,5.630769231,4.915384615,4.046153846
210.2233526,13.26923077,16.13846154,3.353846154,14.85384615,9.838461538,14,20.99230769,4.438461538,14.08461538,24.01538462
210.441964,4.969230769,7.246153846,5.107692308,6.6,5.315384615,8.823076923,18.44615385,3.630769231,8.107692308,11.95384615
210.6605658,22.84615385,8.846153846,24.73846154,10.53076923,8.992307692,16.67692308,5.207692308,15.49230769,3.246153846,13.65384615
210.879158,7.7,13.78461538,10.31538462,7.646153846,10.26923077,7.861538462,9.592307692,5.261538462,9.676923077,8.369230769
211.0977406,18.69230769,10.70769231,5.7,16.3,14.25384615,12.74615385,6.861538462,9.323076923,15.74615385,10.22307692
211.3163136,13.53846154,6.861538462,9.184615385,10.10769231,8.146153846,8.584615385,13.26153846,9.907692308,12.50769231,18.00769231
211.534877,15.37692308,8.669230769,13.16153846,10,14.94615385,19.70769231,21.04615385,6.853846154,14.36923077,23.03846154
211.7534308,6.561538462,14.36923077,9.446153846,8.876923077,12.39230769,9.023076923,4.792307692,4.515384615,9.915384615,13.56923077
211.971975,18.41538462,19.00769231,12.29230769,9.707692308,12.8,12.89230769,13.42307692,11.47692308,6.469230769,14.68461538
212.1905096,13.16923077,7.915384615,5.007692308,4.053846154,5.976923077,8.507692308,16.1,9.630769231,11.44615385,15.84615385
212.4090345,10.43076923,9.061538462,19.65384615,11.03846154,10.52307692,7.907692308,13.16153846,7.230769231,7.292307692,6.884615385
212.6275499,8.969230769,13.77692308,13.19230769,6.646153846,8.807692308,14.00769231,13.23846154,15.11538462,13.62307692,16.51538462
212.8460556,14.78461538,14.47692308,9.9,11.70769231,10.44615385,16.76153846,12.40769231,12.12307692,11.27692308,15.88461538
213.0645517,8.307692308,10.09230769,6.530769231,5.276923077,12.93846154,13.30769231,11.8,10.15384615,9.461538462,13.91538462
213.2830381,28.8,14.46923077,9.953846154,10.21538462,15.08461538,21.95384615,13.81538462,16.75384615,8.615384615,10.57692308
213.501515,8.153846154,13.71538462,11.91538462,11.85384615,15.72307692,9.953846154,10.38461538,8.761538462,6.507692308,9.015384615
213.7199822,11.22307692,16.32307692,11.40769231,9.638461538,10.98461538,12.17692308,16.76923077,10.06153846,10.18461538,16.08461538
213.9384398,3.161538462,13.1,9.784615385,12.50769231,6.323076923,14.35384615,15.06923077,11.26153846,12.8,10.33846154
214.1568877,15.73846154,8.415384615,10.89230769,12.47692308,14.38461538,13.87692308,12.08461538,28.20769231,7.307692308,20.01538462
214.3753261,13.82307692,8.661538462,13.78461538,10.34615385,10.5,9.453846154,17.10769231,8.092307692,7.407692308,9.030769231
214.5937547,10.90769231,22.83846154,7.907692308,20.6,9.315384615,17.47692308,21.51538462,9.038461538,12.36923077,16.13846154
214.8121738,10.3,9.7,11.46923077,8.753846154,13.14615385,8.469230769,5.992307692,14.68461538,8.176923077,7.107692308
215.0305832,6.7,15.88461538,2.3,11.98461538,6.5,8.230769231,16.96153846,2.207692308,8.869230769,20.33076923
215.2489829,18.2,2.692307692,6.453846154,11.73076923,14.19230769,11.13846154,16.95384615,11.46923077,8.553846154,7.246153846
215.467373,19.56153846,10.07692308,12.51538462,10.23846154,8.361538462,15.30769231,14.48461538,8.492307692,10.90769231,11.09230769
215.6857534,13.41538462,9.738461538,7.769230769,12.96153846,11.02307692,6.715384615,7.384615385,3.761538462,3.361538462,11.40769231
215.9041242,19.25384615,12.87692308,10.05384615,14.95384615,23.38461538,17.86153846,20.28461538,16.54615385,9.476923077,12.36153846
216.1224854,9.730769231,7.976923077,16.40769231,8.930769231,8.869230769,8.084615385,14.16153846,8.038461538,13.02307692,18.41538462
216.3408368,13.88461538,15.80769231,21.37692308,7.138461538,22.13076923,21.46153846,17.21538462,13.26153846,8.730769231,15.26923077
216.5591787,12.73846154,5.969230769,9.684615385,7.869230769,6.184615385,13.14615385,17.78461538,13.52307692,8.761538462,11.16153846
216.7775108,11.66153846,10.7,11.30769231,13.90769231,9.284615385,18.7,10.55384615,22.43846154,14.86153846,9.915384615
216.9958333,6.753846154,14.21538462,3.915384615,17.15384615,16.97692308,15.27692308,11.36153846,6.776923077,12.73846154,7.707692308
217.2141461,10.20769231,9.453846154,8.884615385,15.42307692,11.48461538,11.80769231,16.73846154,9.784615385,15.11538462,19.46153846
217.4324493,11.12307692,8.292307692,5.346153846,13.03846154,14.32307692,8.730769231,17.76923077,9.830769231,4.169230769,6.761538462
217.6507427,15.51538462,17.85384615,9.569230769,7.761538462,6.961538462,16.67692308,10.15384615,13.71538462,14.34615385,14.93076923
217.8690265,7.815384615,9.146153846,3.669230769,10.83076923,3.738461538,4.069230769,12.80769231,8.130769231,7.530769231,12.40769231
218.0873007,10.20769231,21.16923077,13.76923077,13.02307692,11.4,7.446153846,20.74615385,17.45384615,14.07692308,15.23846154
218.3055651,14.48461538,7.761538462,14.62307692,7,11.7,7.830769231,14.71538462,16.86923077,6.715384615,12.51538462
218.5238199,24.60769231,12.74615385,12.78461538,10.23076923,19.83846154,16.16923077,19.46923077,2.453846154,8.792307692,19.28461538
218.7420649,12.15384615,15.63846154,6.376923077,12.23846154,8.746153846,11.15384615,16.99230769,9.792307692,9.369230769,7.184615385
218.9603003,11.31538462,17.93846154,14.46153846,6.507692308,11.41538462,4.892307692,19.84615385,12.91538462,13.92307692,11.53846154
219.178526,12.8,14.85384615,15.23076923,9.4,8.207692308,9.407692308,11.23846154,12.82307692,7.746153846,11.99230769
219.396742,8.923076923,12.76923077,7.215384615,11.42307692,8.807692308,12.63846154,19.92307692,17.57692308,13.8,11.10769231
219.6149484,8.515384615,13.07692308,19.81538462,12.02307692,11.12307692,14.90769231,15.28461538,14.79230769,9.869230769,12.34615385
219.833145,12.13846154,15,24.81538462,21.05384615,12.09230769,8.969230769,14.98461538,17.80769231,13.03076923,22.08461538
220.0513319,7.692307692,9.846153846,10.9,10.57692308,8.353846154,9.8,11.50769231,8.176923077,11.87692308,9.323076923
220.2695091,10.21538462,4.584615385,10.29230769,10.05384615,17.89230769,16.40769231,19.60769231,16.01538462,12.9,11.92307692
220.4876766,15.49230769,8.546153846,9.553846154,12.66923077,9.9,22.33846154,20.63846154,17.5,10.21538462,11.06153846
220.7058344,22.4,20.4,5.146153846,12.8,21.63076923,13.95384615,16.65384615,7.776923077,18.06923077,13.28461538
220.9239825,13.9,11.79230769,13.70769231,11.02307692,7.053846154,9.1,17.79230769,4.746153846,9.076923077,6.146153846
221.1421209,12.53846154,4.884615385,7.761538462,14.83076923,12.63846154,16.07692308,14.76923077,14.33076923,14.56923077,15.05384615
221.3602496,6.138461538,13.33076923,4.515384615,6.8,13.43846154,6.015384615,11.76923077,3.969230769,12.43076923,18.41538462
221.5783685,11.80769231,14.63076923,13.01538462,9.784615385,11.40769231,14.24615385,17.66923077,9.715384615,8.723076923,13.28461538
221.7964777,14.12307692,14.01538462,11.16923077,6.676923077,13.17692308,9.176923077,9.261538462,9.638461538,18.02307692,2.838461538
222.0145773,24.81538462,6.061538462,18.90769231,6.776923077,17.01538462,14.02307692,11.21538462,14.89230769,14.04615385,12.15384615
222.232667,11.23846154,9.338461538,9.746153846,15.06923077,9.492307692,17.33846154,8.276923077,10.98461538,20.40769231,21.00769231
222.4507471,11.70769231,13.46153846,16.83846154,14.29230769,11.24615385,18.14615385,13.23846154,9.792307692,11.43076923,17.21538462
222.6688174,10.44615385,9.030769231,9.053846154,11.67692308,9.238461538,7.515384615,4.676923077,6.684615385,10.50769231,15.37692308
222.886878,13.20769231,22.70769231,13.28461538,10.27692308,7.115384615,13.13076923,7.207692308,12.73076923,14.62307692,16.91538462
223.1049289,7.761538462,6.776923077,11.36923077,8.630769231,6.915384615,10.1,7.369230769,7.323076923,9.584615385,6.453846154
223.3229701,13.28461538,14.11538462,7.730769231,10.1,13.19230769,13.13846154,20.67692308,11.79230769,5.969230769,11.50769231
223.5410015,12.10769231,10.86153846,15.9,13.59230769,8.161538462,11.83846154,13.35384615,1.453846154,5.069230769,11.62307692
223.7590231,9.738461538,15.54615385,16.39230769,15.42307692,17.17692308,12.42307692,13.1,11.93846154,7.884615385,12.96923077
223.977035,8.261538462,16.57692308,5.207692308,2.676923077,7.730769231,15.82307692,7.2,3.461538462,4.461538462,9.523076923
224.1950372,9.446153846,15.67692308,14.53846154,15.16923077,18.77692308,12.37692308,15.33076923,8.915384615,4.307692308,14.24615385
224.4130296,11.55384615,6.476923077,8.638461538,4.384615385,5.592307692,10.70769231,7.669230769,10.16923077,11.06923077,10.8
224.6310123,10.66923077,9.438461538,7.953846154,15.65384615,23.79230769,21.44615385,14.55384615,8.169230769,19.86153846,13.13846154
224.8489852,7.315384615,15.25384615,9.123076923,11.6,9.915384615,8.623076923,13.23846154,4.776923077,7.453846154,14.38461538
225.0669484,20.51538462,16.39230769,17.10769231,13.73846154,15.17692308,14.53846154,12.85384615,12.43076923,13.55384615,9.215384615
225.2849018,12.75384615,9.169230769,14.91538462,15.71538462,10.64615385,14.79230769,15.06923077,5.753846154,14.36923077,10.16923077
225.5028454,11.84615385,14.80769231,14.14615385,22.25384615,15.76153846,22.17692308,16.56153846,14.03846154,6.830769231,10.66153846
225.7207793,14.95384615,10.78461538,5.423076923,8.061538462,11.29230769,6.238461538,12.83846154,2.553846154,17.53076923,7.884615385
225.9387034,11.83846154,16.20769231,22.9,12,13.25384615,15.62307692,16.77692308,13.33846154,15.94615385,8.784615385
226.1566178,10.19230769,11.81538462,7.369230769,8.269230769,15.68461538,16.45384615,19.65384615,19.12307692,3.815384615,11.16153846
226.3745224,8.961538462,18.73076923,15.79230769,13.46153846,22.8,12.13846154,26.86153846,14.80769231,8.492307692,14.18461538
226.5924172,7.569230769,3.461538462,12.87692308,10.16923077,17.44615385,9.638461538,21.39230769,6.776923077,8.892307692,9.923076923
226.8103022,12.91538462,7.753846154,5.176923077,13.03076923,18.04615385,13.66153846,19.94615385,15.01538462,4.838461538,10.36923077
227.0281775,6.423076923,10.03076923,11.10769231,12.6,9.092307692,7.969230769,15.85384615,14.00769231,9.692307692,11.26923077
227.2460429,20.55384615,13.31538462,18.10769231,8.876923077,16.83076923,20.87692308,15.61538462,16.12307692,9.830769231,15.93846154
227.4638986,12.52307692,19.81538462,15.86923077,8.576923077,5.569230769,20.83846154,17.64615385,8.992307692,5.846153846,8.107692308
227.6817445,12.81538462,17.56153846,10.59230769,19.33076923,17.67692308,13.28461538,14.54615385,13.83846154,18.00769231,11.91538462
227.8995807,14.90769231,12.65384615,9.161538462,5.523076923,12.13846154,9.976923077,21.92307692,8.807692308,10.43076923,11.32307692
228.117407,13.16153846,15.5,17.36153846,16.79230769,16.53076923,11.50769231,18.67692308,18.88461538,12.16153846,12.67692308
228.3352236,11.82307692,14.3,10.01538462,4.407692308,16.23846154,14.88461538,19.67692308,16.89230769,9.707692308,17.7
228.5530303,22.08461538,9.838461538,10.54615385,7.869230769,7,14.33846154,10.39230769,11.90769231,5.407692308,12.93076923
228.7708273,15.63846154,11.72307692,13.97692308,11.60769231,13.93846154,7.923076923,13.73846154,11.51538462,12.97692308,12.08461538
228.9886144,16.1,15.51538462,11.26923077,6.846153846,12.90769231,17.20769231,14.56923077,10.68461538,16.6,14.04615385
229.2063918,13.12307692,12.21538462,7.815384615,15.97692308,7.969230769,7.269230769,17.05384615,13.08461538,4.676923077,9.061538462
229.4241593,11.04615385,11.68461538,14.99230769,14.83076923,9.938461538,8.569230769,17.47692308,17,11.85384615,14.36153846
229.6419171,15.78461538,15.12307692,17.06153846,12.59230769,14.5,11.69230769,18.06153846,13.71538462,8.715384615,11.87692308
229.859665,8.215384615,11.27692308,10.86923077,6.207692308,14.09230769,8.076923077,17.89230769,11.83076923,8.915384615,9.923076923
230.0774032,21.17692308,16.17692308,3.8,10.36923077,10.4,15.60769231,25.64615385,12.06923077,3.953846154,10.59230769
230.2951315,16.06923077,17.43846154,21.3,4.946153846,16.13076923,12.13076923,13.65384615,10.91538462,9.815384615,12.9
230.51285,6.053846154,9.230769231,6.853846154,10.51538462,19.12307692,13.36153846,5.492307692,8.223076923,8.8,5.361538462
230.7305587,11.10769231,14.5,17.13076923,11,18.16153846,10.33076923,14.19230769,17.49230769,14.20769231,19.44615385
230.9482575,21.40769231,15.31538462,12.95384615,9.938461538,10.16153846,8.830769231,13.65384615,15.20769231,17.64615385,9.1
231.1659466,24.81538462,14.20769231,7.353846154,16.37692308,23.53076923,16.97692308,19.04615385,11.46923077,14.94615385,10.18461538
231.3836258,20.09230769,6.884615385,9.146153846,5.507692308,17.85384615,7.776923077,17.41538462,12.77692308,12.61538462,10.30769231
231.6012952,6.892307692,22.2,10.89230769,6.176923077,15.61538462,11.17692308,14.08461538,10.61538462,16.44615385,13.34615385
231.8189547,21.54615385,18.32307692,16.59230769,10.67692308,9.023076923,8.115384615,14.28461538,10.82307692,5.176923077,7.223076923
232.0366045,18.08461538,13.12307692,8.561538462,8.861538462,22.2,13.00769231,7.492307692,8.569230769,8.630769231,18.75384615
232.2542444,11.39230769,12.93076923,8.123076923,12.81538462,13.2,10.19230769,3.046153846,9.230769231,6.876923077,3.338461538
232.4718744,12.61538462,18.66153846,14.59230769,15.26153846,13.49230769,15.16923077,18.16153846,10.12307692,7.576923077,12.81538462
232.6894946,7.623076923,17.62307692,10.33076923,14.45384615,9.123076923,7.915384615,8.084615385,11.34615385,8.692307692,13.34615385
232.907105,27.4,22.21538462,10.95384615,12.80769231,7.307692308,10.9,15.72307692,11.85384615,18.22307692,8.992307692
233.1247055,10.48461538,7.369230769,8.976923077,9.438461538,7.184615385,14.27692308,8.2,7.323076923,12.86923077,11.78461538
233.3422962,12.71538462,9.592307692,20.90769231,7.969230769,21.83076923,11.86923077,17.50769231,11.86923077,12.13076923,5.3
233.559877,7.323076923,9.376923077,8.869230769,18.23076923,12.25384615,14.19230769,11.25384615,5.461538462,12.21538462,8.115384615
233.777448,15.44615385,18.9,10.7,14.25384615,13.57692308,17.53846154,7.392307692,10.97692308,12.14615385,20.86153846
233.9950092,13.90769231,19.44615385,8.246153846,14.39230769,18.18461538,9.246153846,14.91538462,11.74615385,11.28461538,11.61538462
234.2125604,10.94615385,13.07692308,15.29230769,11.13846154,23.29230769,17.10769231,15.00769231,11.36923077,14.28461538,17.43846154
234.4301018,7.546153846,12.67692308,6.746153846,5.5,9.238461538,10.50769231,13.36923077,21.19230769,12.30769231,10.26153846
234.6476334,15.08461538,21.73846154,17.68461538,15.82307692,13.2,21.73846154,12,4.776923077,20.02307692,18.88461538
234.8651551,10.19230769,9.869230769,7.215384615,14.73076923,10.1,7.692307692,7.715384615,9.438461538,7.607692308,9.5
235.0826669,11.85384615,16.28461538,14.28461538,17.24615385,15.73076923,17.43846154,16.16153846,14.16153846,13.73846154,16.26153846
235.3001688,16.40769231,7.446153846,8.053846154,7.769230769,14.41538462,12.60769231,14.3,18.11538462,8.930769231,6.353846154
235.5176609,14.66153846,10.22307692,6.523076923,11.86923077,9.123076923,11.57692308,15.60769231,16.66923077,22.52307692,5.853846154
235.7351431,24.41538462,20.33076923,10.28461538,8.769230769,9.646153846,12.64615385,13.86923077,7.761538462,13.43846154,10.22307692
235.9526155,20.55384615,11.02307692,11.71538462,17.26153846,13.03846154,12.01538462,16.55384615,8.876923077,23.93076923,18.93846154
236.1700779,12.27692308,4.030769231,7.976923077,9.284615385,15.92307692,9.176923077,15.46923077,12.17692308,3.630769231,15.52307692
236.3875305,20.81538462,17.33846154,13.47692308,12.76153846,17.23846154,13.34615385,21.56923077,8.646153846,10.53846154,17.78461538
236.6049732,15.6,8.630769231,12.49230769,9.969230769,9.1,14.90769231,16.73846154,5.976923077,18.20769231,11.16153846
236.822406,15.43846154,15.09230769,20.00769231,18.36923077,24.39230769,17.99230769,15.96923077,15.10769231,14.62307692,14.69230769
237.0398289,21.5,7.338461538,11.00769231,11.03846154,13.91538462,14.54615385,8.415384615,7.415384615,13.4,11.62307692
237.2572419,23.21538462,9.523076923,10.6,12.53846154,18.13846154,10.26153846,12.4,22.61538462,5.323076923,13.51538462
237.474645,5.261538462,10.03076923,13.63846154,7.484615385,11.80769231,7.253846154,10.24615385,7.446153846,12.2,6.615384615
237.6920383,7.730769231,14.85384615,5.953846154,12.76153846,20.93076923,14.87692308,15.65384615,17.99230769,20.23076923,13.93076923
237.9094216,18.90769231,20.76153846,7.361538462,5.415384615,6.807692308,16.63076923,15.73846154,6.5,8.230769231,14.26153846
238.126795,17.13846154,9.146153846,9.076923077,11.26923077,17.93846154,15.20769231,9.269230769,16.02307692,10.76923077,6.7
238.3441586,17.40769231,8.276923077,12.36923077,8.738461538,12.81538462,14.4,15,10.02307692,5.8,9.984615385
238.5615122,11.43076923,11.63076923,9.530769231,16.56923077,14.81538462,14.37692308,16.56153846,12.99230769,8.407692308,12.83076923
238.7788559,9.246153846,6.376923077,6.130769231,8.2,10.73076923,11.93076923,18.6,11.2,14.26923077,5.892307692
238.9961897,7.1,14.16923077,16.33846154,10.56153846,12.36153846,12.19230769,10.95384615,3.538461538,9.7,8.976923077
239.2135136,8.723076923,9.984615385,7.969230769,7.630769231,16.57692308,7.469230769,12.08461538,6.207692308,8.215384615,13.11538462
239.4308276,17,8.223076923,11.46153846,16.65384615,15.88461538,17.26153846,8.092307692,8.115384615,7.738461538,9.884615385
239.6481317,20.22307692,13.28461538,8.938461538,5.930769231,11.22307692,11.71538462,13.94615385,12.29230769,8.184615385,14.75384615
239.8654259,9.561538462,6.315384615,8.776923077,11.42307692,20.33076923,20.20769231,18.65384615,11.83846154,6.753846154,17.00769231
240.0827101,17.53846154,19.71538462,6.153846154,7.969230769,17.61538462,21.97692308,20.44615385,6.592307692,7.307692308,8.723076923
240.2999844,12.78461538,11.50769231,17.11538462,7.953846154,6.461538462,14.15384615,7.246153846,14.53076923,16.10769231,24.08461538
240.5172488,8.553846154,7.269230769,8.430769231,4.153846154,15.91538462,8.653846154,11.23076923,5.807692308,17.46153846,10.95384615
240.7345032,10.7,6.930769231,17.44615385,16.02307692,18.53076923,13.70769231,15.98461538,14.96923077,7.153846154,10.4
240.9517477,8.684615385,15.2,8.153846154,13.87692308,20.19230769,11.52307692,22.86153846,17.47692308,14.60769231,22.61538462
241.1689823,23.53846154,15.64615385,13.68461538,16.49230769,5.9,24.17692308,12.64615385,12.03846154,19.57692308,15.81538462
241.386207,13.61538462,12.2,9.753846154,8.215384615,9.838461538,19.17692308,18.56153846,16.40769231,12.39230769,9.853846154
241.6034217,17.31538462,20.41538462,13.54615385,6.230769231,15.85384615,12.71538462,14.14615385,15.11538462,13.23846154,11.3
241.8206264,13.60769231,7.461538462,6.092307692,14.2,14.04615385,7.092307692,10.50769231,15.68461538,9.915384615,19.48461538
242.0378213,17.71538462,21.34615385,10.32307692,9.292307692,10.22307692,14.43076923,20.03846154,6.792307692,14.38461538,21.91538462
242.2550061,11.66923077,10.01538462,8.338461538,11.70769231,6.753846154,16.49230769,26.39230769,12.02307692,12.19230769,17.09230769
242.4721811,11.47692308,7.423076923,13.7,12.43846154,30,18.63846154,10.01538462,16.45384615,14.83076923,20.29230769
242.689346,18.7,14.29230769,9.253846154,16.76153846,14.43076923,9.553846154,13.96153846,10.93846154,5.223076923,19.87692308
242.9065011,21.18461538,14.2,9.515384615,6.338461538,22.52307692,14.24615385,7.184615385,16.01538462,21.97692308,15.01538462
243.1236461,10.61538462,23.91538462,5.530769231,17.55384615,15.62307692,4.5,11.62307692,13.72307692,8.4,12.13846154
243.3407812,14.54615385,22.95384615,8.476923077,20.5,18.57692308,16.00769231,12.25384615,6.792307692,8.646153846,24.11538462
243.5579064,12.40769231,9.792307692,15.31538462,5.138461538,12.80769231,14.80769231,12.08461538,10.33076923,11.48461538,12.68461538
243.7750216,16.85384615,16.59230769,14.26153846,19.44615385,14.14615385,6.123076923,15.26923077,6.761538462,15.81538462,13.44615385
243.9921268,8.461538462,1.076923077,8.346153846,6.161538462,10.57692308,8.738461538,14.13846154,5.438461538,12.90769231,21.79230769
244.2092221,12.32307692,16.53846154,16.68461538,8.246153846,12.98461538,14.19230769,16.94615385,10.43846154,5.169230769,18.05384615
244.4263073,16.70769231,11.6,12.04615385,9.430769231,17.28461538,12.92307692,15.36923077,11.46923077,11.72307692,14.81538462
244.6433826,14.3,18.24615385,9.684615385,12.16923077,11.11538462,17.83846154,14.72307692,14.44615385,15.6,14.13846154
244.860448,12.17692308,11.63846154,11.13076923,10.4,16.63076923,8.576923077,11.58461538,13.56923077,12.37692308,12.26153846
245.0775033,18.49230769,7.653846154,12.18461538,11.1,7.715384615,12.40769231,15.91538462,10.75384615,11.06923077,16.46153846
245.2945487,19.26153846,11.68461538,13.88461538,8.192307692,15.61538462,15.30769231,14.49230769,4.907692308,6.369230769,13.02307692
245.5115841,17.63846154,14.02307692,11.36923077,19.46153846,19.01538462,13.37692308,17.28461538,11.4,13.26923077,16.00769231
245.7286095,21.03076923,9.538461538,13.03076923,8.738461538,7.7,4.192307692,7.092307692,12.51538462,13.64615385,15.66153846
245.945625,16.00769231,16.79230769,14.20769231,6.7,7.576923077,21.00769231,14.86923077,23.07692308,10.37692308,14.88461538
246.1626304,8.8,10.77692308,14.16923077,19.62307692,15.11538462,4.392307692,12.94615385,9.992307692,11.03846154,5.653846154
246.3796258,14.84615385,13.61538462,12.36923077,7.530769231,11.31538462,17.59230769,16.41538462,16.03846154,10.55384615,10.63076923
246.5966113,8.930769231,1.515384615,19.4,14.18461538,9.815384615,9.823076923,7.6,8.6,11.79230769,13.41538462
246.8135867,14.20769231,12.90769231,15.06153846,9.038461538,19.14615385,15.03846154,11.52307692,13.40769231,8.369230769,19.41538462
247.0305522,5.338461538,16.33076923,12.00769231,8.730769231,7.546153846,6.307692308,7.7,20.00769231,5.9,9.338461538
247.2475076,20.46153846,9.184615385,15.63846154,11.03846154,22.48461538,13.43846154,24.47692308,5.253846154,14.72307692,10.44615385
247.4644531,16.61538462,12.37692308,5.407692308,9.907692308,10.68461538,8.907692308,11.63846154,16.33076923,14.62307692,9.015384615
247.6813885,8.653846154,16.21538462,8.938461538,12.3,14.31538462,7.892307692,11.83846154,7.276923077,10.29230769,18.3
247.898314,16.36923077,9.4,14.03076923,5.246153846,19.15384615,16.57692308,14.23846154,1.207692308,14.63846154,12.16923077
248.1152294,21.32307692,16,18.5,5.746153846,14.7,16.83846154,24.52307692,9.984615385,12.23076923,8.723076923
248.3321348,6.5,5.876923077,3.961538462,5.530769231,10.56153846,9.546153846,14.60769231,7.161538462,13.66923077,4.176923077
248.5490302,13.90769231,12.87692308,12.75384615,8.161538462,10.76153846,12.68461538,28.14615385,15.91538462,9.9,15.04615385
248.7659155,18.11538462,14.59230769,10.7,15.96153846,6.561538462,11.27692308,15.6,11.6,12.35384615,18.7
248.9827909,14.48461538,12.53846154,17.53076923,13.3,15.37692308,26.47692308,15.03076923,11.41538462,13.66923077,21.73076923
249.1996562,7.446153846,9.176923077,5.369230769,10.73846154,10.68461538,9.007692308,18.00769231,10.67692308,6.169230769,11.51538462
249.4165115,14.33076923,25.52307692,8.346153846,13.84615385,15.51538462,7.030769231,11.58461538,6.723076923,11.33846154,25.43846154
249.6333568,10.4,7.407692308,11.23846154,3.523076923,9.084615385,7.492307692,18.95384615,11.32307692,5.638461538,8.584615385
249.850192,16.17692308,17.43076923,12.05384615,14.83076923,19.62307692,11.50769231,18.8,8.830769231,16.1,13.64615385
250.0670172,9.330769231,9.784615385,7.984615385,10.21538462,16.46153846,12.55384615,20.36153846,11.96923077,12.46923077,9.446153846
250.2838324,16.83846154,11.56153846,10,8.053846154,9.2,14.05384615,8.330769231,12.70769231,13.46153846,7.346153846
250.5006376,21.08461538,18.26923077,11.66923077,15.33076923,16.03846154,10.55384615,11.41538462,17.45384615,11.55384615,12.69230769
250.7174327,15.39230769,26.41538462,11.79230769,15.43076923,19.53076923,10,8.953846154,8.969230769,18.16153846,9.9
250.9342177,14.70769231,17.06153846,17.21538462,11.06153846,11.81538462,14.07692308,14.99230769,10.51538462,10.71538462,11.19230769
251.1509927,12.16153846,18.66153846,12.15384615,14.96923077,12.05384615,14.11538462,18.55384615,19.23846154,18.54615385,16.64615385
251.3677577,17.74615385,9.515384615,9.646153846,6.530769231,3.461538462,17.43846154,19.45384615,9.392307692,6.538461538,12.29230769
251.5845126,15.08461538,5.984615385,12.65384615,15.99230769,9.3,18.97692308,17.52307692,11.8,20.29230769,20.78461538
251.8012574,16.86923077,16.07692308,12.48461538,15.40769231,21.75384615,14.97692308,9.8,11.91538462,11.66153846,24.11538462
252.0179922,20.76153846,22.03846154,15.75384615,10.47692308,10.34615385,15.43846154,16.24615385,8.907692308,17.32307692,11.84615385
252.234717,5.623076923,10.14615385,3.738461538,8.084615385,13.89230769,16.09230769,7.453846154,8.307692308,9.807692308,19.75384615
252.4514317,18.14615385,15.77692308,7.523076923,10.6,13.10769231,10.16923077,14.20769231,8.730769231,20.36923077,13.75384615
252.6681363,9.153846154,17.93846154,9.953846154,6.646153846,13.71538462,11.27692308,6.176923077,10.44615385,9.292307692,18.54615385
252.8848309,7.992307692,9.623076923,17.6,8.892307692,7.023076923,12.49230769,14.26923077,16.36923077,10.92307692,17.99230769
253.1015153,13.80769231,11.31538462,8.946153846,8.838461538,6.415384615,14.63846154,15.70769231,9.946153846,14.07692308,12.42307692
253.3181898,15.83076923,13.15384615,12.08461538,16.79230769,22.4,10.13846154,18.69230769,14.19230769,20.89230769,14.83076923
253.5348541,11.21538462,13.00769231,11.90769231,7.084615385,8.592307692,5.884615385,12.91538462,8.207692308,12.13846154,13.38461538
253.7515084,19.09230769,15.75384615,17.23076923,8.438461538,10.36923077,11.73846154,17.42307692,16.17692308,13.95384615,19.20769231
253.9681526,9.753846154,16.54615385,6.969230769,6.315384615,14.36923077,13.00769231,19.39230769,9.446153846,10.13076923,12.20769231
254.1847867,28.83846154,12.54615385,13.90769231,19.53846154,16.4,4.7,11.69230769,11.64615385,10.22307692,16.46923077
254.4014108,15.18461538,6.123076923,8.946153846,8.792307692,16.42307692,7.638461538,12.5,7.246153846,4.361538462,10.71538462
254.6180247,11.43846154,19.96923077,11.66923077,21.06153846,19.03076923,19.80769231,12.99230769,20.11538462,12.03076923,20.14615385
254.8346286,19.26923077,11.96923077,7.376923077,3.776923077,16,10.93846154,11.83846154,5.4,18.63846154,9.638461538
255.0512224,8.784615385,15.46923077,15.97692308,20.03076923,15.39230769,14.83846154,20.40769231,22.11538462,12.73076923,15.13846154
255.2678061,18.66153846,14.22307692,15.67692308,4.846153846,15.75384615,6.138461538,11.46153846,5.715384615,3.938461538,4.484615385
255.4843797,14.50769231,9.576923077,12.06923077,9.130769231,26.05384615,14.47692308,6.915384615,20.39230769,21.66923077,17.49230769
255.7009432,7.784615385,19.17692308,10.51538462,15.67692308,10.04615385,15.86153846,16.05384615,7.915384615,6.138461538,8.069230769
255.9174966,26.46153846,17.23846154,17.45384615,21.63076923,16.89230769,16.22307692,10.36923077,9.138461538,11.46153846,22.17692308
256.1340399,12.06153846,8.638461538,4.9,11.8,9.7,8.853846154,7.153846154,5.930769231,9.876923077,7.692307692
256.3505731,11.81538462,11.40769231,21.70769231,10.51538462,4.738461538,16.56153846,14.89230769,6.2,20.83846154,17.21538462
256.5670961,15.88461538,15.19230769,8.369230769,8.569230769,14.48461538,16.00769231,13.23076923,1.223076923,7.738461538,10.39230769
256.7836091,16.02307692,11.34615385,6.330769231,18.82307692,18.58461538,18.82307692,23.24615385,14.76923077,11.6,12.11538462
257.000112,15.6,16.76923077,9.238461538,12.81538462,12.96153846,17.33846154,10.10769231,12.98461538,18.06923077,12.8
257.2166048,19.29230769,11.48461538,11.12307692,9.469230769,14.33846154,15.87692308,9.723076923,14.10769231,13.52307692,12.4
257.4330874,4.984615385,16.35384615,3.953846154,12.97692308,13.84615385,15.96153846,14.88461538,6.038461538,8.984615385,13.36923077
257.6495599,21.16153846,14.97692308,12.76153846,10.83846154,23.43846154,12.19230769,18.83076923,10.29230769,11.86153846,15.83846154
257.8660223,16.4,7.292307692,6.123076923,10.3,14.03846154,9.476923077,17.69230769,13.03846154,16.73076923,20.78461538
258.0824746,11.44615385,10.96923077,15.31538462,19.45384615,14.53076923,15.37692308,18.16153846,7.915384615,7.330769231,23.51538462
258.2989168,10.79230769,7.061538462,7.3,9.861538462,9.807692308,8.784615385,14.15384615,12.46923077,5.423076923,9.830769231
258.5153488,17.99230769,23.56153846,7.646153846,19.82307692,20.41538462,0.746153846,7.646153846,13.14615385,15.16923077,12.65384615
258.7317707,12.28461538,16.72307692,5.176923077,6.307692308,8.023076923,11.17692308,5.853846154,6.846153846,9.338461538,7.192307692
258.9481825,11.43846154,10.84615385,11.86153846,14.41538462,13.39230769,15.33846154,24.24615385,12.12307692,5.907692308,11.00769231
259.1645841,9.123076923,16.75384615,9.061538462,7.576923077,6.238461538,9.423076923,8.530769231,9.230769231,17.74615385,12.41538462
259.3809756,12.5,15.06923077,13.73846154,13.6,15.08461538,7.038461538,15.36153846,21.00769231,13.4,12.61538462
259.597357,14.54615385,12.83846154,14.23846154,7.676923077,6.784615385,17.37692308,9,13.59230769,5.361538462,6.030769231
259.8137282,17.50769231,22.8,3.953846154,13.49230769,16.5,20.47692308,4.9,16.37692308,17.57692308,11.79230769
260.0300893,21.01538462,7.092307692,11.06923077,9.046153846,9.084615385,21.20769231,10.7,11.86923077,9.515384615,10.08461538
260.2464402,13.13846154,10.30769231,17.73846154,7.169230769,15.81538462,17.40769231,19.26923077,12.74615385,19.28461538,12.16153846
260.462781,13.82307692,11.21538462,7.092307692,6.876923077,16.61538462,15.77692308,25.79230769,20.19230769,8.207692308,14.08461538
260.6791116,13.52307692,6.892307692,23.5,9.430769231,12.9,13.27692308,18.94615385,12.53846154,9.784615385,16.29230769
260.8954321,8.592307692,12.62307692,10.76923077,8.507692308,7.823076923,8.015384615,16.17692308,14.06923077,12.35384615,9.369230769
261.1117424,22.08461538,14.35384615,15.98461538,4.753846154,19.73846154,17.20769231,11.13076923,11.61538462,15.44615385,13.97692308
261.3280426,15.97692308,10.32307692,9.592307692,10.03846154,10.16153846,13.69230769,20.14615385,13.33846154,4.776923077,14.34615385
261.5443326,7.115384615,14.15384615,10.83076923,9.938461538,15.77692308,12.29230769,10.30769231,14.23076923,6.830769231,12.72307692
261.7606124,12.23846154,16.06153846,12.41538462,17.68461538,15.33846154,16.52307692,12.55384615,20.07692308,7.530769231,12.51538462
261.9768821,16.37692308,16.03846154,7.823076923,15.98461538,17.43846154,14.77692308,7.315384615,19.29230769,3.538461538,7.592307692
262.1931415,14.98461538,14.08461538,8.661538462,12.10769231,14.26153846,13.38461538,9.476923077,20.69230769,12.04615385,7.415384615
262.4093909,19.43846154,21.53076923,16.50769231,13.37692308,16.13076923,17.20769231,16.15384615,5.5,10.33076923,18.69230769
262.62563,6.823076923,7.023076923,3.192307692,10.06153846,8.153846154,9.153846154,16.14615385,8.138461538,7.9,11.64615385
262.841859,16.23076923,6.184615385,12.72307692,11.85384615,27.23846154,22.03846154,16.94615385,9.938461538,12.91538462,12.08461538
263.0580778,12.03846154,9.630769231,6.084615385,7.630769231,9.476923077,6.169230769,9.053846154,10.12307692,11.77692308,7.307692308
263.2742864,13.33076923,31.31538462,21.8,12.40769231,24.46153846,17.77692308,14.43076923,6.938461538,16.19230769,15.41538462
263.4904849,15.80769231,12.73076923,15.13846154,17.99230769,9.623076923,11.71538462,21.56153846,8.4,13.20769231,10.01538462
263.7066731,13.74615385,18.15384615,19.03846154,8.338461538,9.084615385,11.28461538,9.623076923,12.42307692,12.22307692,15.96923077
263.9228512,15.18461538,13.04615385,11.01538462,10.10769231,4.923076923,16.37692308,12.94615385,10.66153846,11.73076923,14.81538462
264.139019,12.05384615,11.69230769,9.992307692,14.99230769,11.57692308,8.738461538,18,11.00769231,15.23076923,32.84615385
264.3551767,16.82307692,11.28461538,13.96153846,12.35384615,14.85384615,10.63076923,6.707692308,5.984615385,13.47692308,19.93846154
264.5713242,15.76153846,14.42307692,8.792307692,11.46923077,21.93076923,22.67692308,14.73846154,12.17692308,13.44615385,13.01538462
264.7874615,12.91538462,6.323076923,13.25384615,17.80769231,9.323076923,14.37692308,15.71538462,13.48461538,13.11538462,7.123076923
265.0035886,11.80769231,17.55384615,13.63846154,7.8,16.87692308,21.24615385,22.23846154,11.67692308,15.42307692,12.63846154
265.2197055,11.36153846,15.95384615,9.661538462,5.530769231,12.22307692,14.88461538,17.39230769,5.830769231,10.4,5.676923077
265.4358121,18.91538462,18.81538462,13.36153846,9.4,15.93076923,13.62307692,21.01538462,13,12.83846154,10.75384615
265.6519086,14.66153846,9.661538462,7.615384615,15.53076923,17.1,8.269230769,11.39230769,13.91538462,13.26923077,12.28461538
265.8679949,17.78461538,13.80769231,16.08461538,15.93076923,24.83846154,19.23846154,9.546153846,17.07692308,11.31538462,12.37692308
266.0840709,9.538461538,10.45384615,13.99230769,6.976923077,13.78461538,9.023076923,25.49230769,8.276923077,4.969230769,9.938461538
266.3001368,10.33846154,16.73846154,8.692307692,16.73076923,24.55384615,15.63846154,15.67692308,19.56153846,10.93076923,13.74615385
266.5161924,15.17692308,19.63846154,7.946153846,11.03846154,5.523076923,7.561538462,11.21538462,17.80769231,9.153846154,5.5
266.7322378,12.40769231,18.36153846,12.04615385,17.13076923,17.07692308,16.90769231,10.60769231,11.15384615,19.60769231,10.3
266.948273,12.34615385,10.6,6.992307692,8.907692308,21.32307692,14.46923077,14.85384615,17.09230769,16.05384615,7.315384615
267.1642979,12.99230769,13.95384615,15.76153846,18.92307692,26.75384615,15.76153846,11.37692308,10.86153846,18.04615385,9.146153846
267.3803126,14.56923077,11.80769231,17.87692308,5.953846154,5,13.60769231,15.26923077,10.01538462,15.33846154,11.79230769
267.5963171,12.36923077,20,9.530769231,17.46923077,9.492307692,14.03846154,21.14615385,12.12307692,12.94615385,16.16153846
267.8123114,20.25384615,13.63846154,16.86153846,6.446153846,20.72307692,9.176923077,14.70769231,19.82307692,6.9,10.12307692
268.0282954,14.62307692,10.68461538,21.7,15.03076923,20.28461538,14.70769231,24.79230769,10.83076923,6.146153846,20.19230769
268.2442692,14.61538462,11.74615385,14.69230769,6.038461538,7.984615385,14.13846154,11.57692308,13.16153846,16,14.89230769
268.4602328,14.69230769,19.45384615,13.62307692,9.492307692,11.27692308,19.56153846,9.907692308,8.969230769,17.83846154,1.784615385
268.6761861,11.86923077,5.976923077,19.77692308,8.115384615,5.369230769,10.45384615,21.66153846,13.26923077,12.98461538,9.592307692
268.8921292,12.10769231,13.03846154,18.2,9.138461538,15.59230769,11.86923077,16.26923077,20.44615385,14.07692308,14.58461538
269.108062,3.015384615,3.676923077,10.16153846,14.16923077,9.238461538,8.884615385,12.81538462,8.384615385,12.34615385,5.653846154
269.3239846,19.88461538,12.57692308,11.59230769,7.953846154,9.769230769,10.36153846,15.2,19.3,15.51538462,14.17692308
269.5398969,9.646153846,9.615384615,9.023076923,14.93076923,10.94615385,22.56923077,9.930769231,11.31538462,24.86923077,3.630769231
269.755799,25.10769231,20.40769231,12.21538462,17.86923077,11.68461538,15.55384615,16.17692308,6.153846154,11.98461538,21.91538462
269.9716908,11.86153846,13.51538462,16.84615385,7.030769231,12.30769231,11.28461538,6.961538462,8.484615385,18.61538462,6.223076923
270.1875724,6.323076923,13.52307692,15.03846154,8.846153846,9.438461538,10.00769231,13.27692308,15.19230769,10.45384615,10.37692308
270.4034437,17.94615385,6,7.669230769,13.36923077,10.53076923,13.99230769,13.39230769,5.115384615,6.092307692,15.57692308
270.6193047,19,19.21538462,16.5,14.66153846,24.06153846,19.63846154,25.74615385,6.015384615,13.82307692,13.28461538
270.8351555,18.53076923,9.661538462,5.269230769,12.16923077,18.95384615,15.56153846,24.29230769,13.78461538,10.25384615,4.215384615
271.050996,11.93076923,12.28461538,12.93076923,7.953846154,20.53846154,13.40769231,8.830769231,14.8,15.22307692,15.48461538
271.2668262,8.130769231,5.476923077,15.31538462,12.46923077,13.73846154,7.107692308,15.03846154,5.292307692,7.738461538,11.13846154
271.4826462,14.01538462,7.892307692,13.48461538,8.830769231,16.58461538,13.40769231,11.14615385,15.46923077,9.923076923,11.41538462
271.6984559,9.130769231,6.892307692,13.66153846,14.04615385,15.33846154,15.03846154,13.31538462,15.86153846,10.76153846,14.38461538
271.9142553,14.58461538,11.14615385,23.85384615,10.66153846,18.43076923,21.30769231,20.34615385,13.53076923,16.30769231,16.82307692
272.1300444,17.14615385,9.453846154,12.84615385,5.684615385,10.92307692,8.607692308,20.33846154,14.28461538,9.884615385,6
272.3458233,19.68461538,8.807692308,9.346153846,13.13076923,13.16153846,11.60769231,18.50769231,25.43846154,13.39230769,17.87692308
272.5615919,7.215384615,12.46153846,7.546153846,8.369230769,16.6,4.307692308,7.184615385,9.876923077,14.26153846,10.51538462
272.7773501,15.91538462,14.99230769,21.81538462,12.75384615,12.91538462,16.43846154,17.76153846,19.71538462,15.95384615,12.13846154
272.9930981,3.007692308,15.98461538,6.515384615,12.53076923,9.915384615,16.1,11.26153846,12.48461538,10.74615385,14.26923077
273.2088358,8.138461538,9.453846154,11.06153846,15.86153846,15.52307692,8.076923077,15.26153846,7.984615385,7.169230769,10.71538462
273.4245632,14.51538462,11.55384615,9.238461538,12.68461538,9.284615385,12.03076923,18.27692308,6.269230769,14.30769231,11.58461538
273.6402803,15.18461538,19.57692308,20.2,10.7,19.08461538,12.99230769,14.10769231,14.23076923,20.72307692,10.96923077
273.8559871,8.961538462,11.32307692,12.36923077,7.015384615,13.06153846,15.87692308,15.96153846,12.00769231,13.33076923,15.1
274.0716836,18.48461538,15.33846154,14.08461538,16.52307692,20.63846154,18.17692308,9.807692308,14.72307692,13,13.36923077
274.2873698,8.4,17.26153846,7.669230769,2.146153846,14.71538462,4.576923077,17.02307692,15.9,5.830769231,12.39230769
274.5030457,10.36923077,17.41538462,8.246153846,12.66923077,18.35384615,24.00769231,21.05384615,18.39230769,12.63076923,9.876923077
274.7187113,13.28461538,13.5,8.923076923,10.99230769,11.70769231,12.78461538,4.430769231,10.35384615,16.16153846,10.3
274.9343666,10.33076923,16.53846154,12.43076923,12.96153846,7.753846154,24.57692308,18.92307692,16.79230769,16.25384615,23.06923077
275.1500116,15.43846154,11.43846154,5.946153846,10.44615385,10.63076923,5.092307692,10.26923077,5.453846154,8.207692308,8.323076923
275.3656462,16.83846154,18.73846154,19.20769231,17.25384615,13.82307692,23.40769231,20.69230769,10.55384615,12.13846154,19.41538462
275.5812705,13.19230769,8.030769231,4.884615385,9.338461538,7.969230769,12.9,9.792307692,6.338461538,5.884615385,17.56923077
275.7968845,20.25384615,12.87692308,17.13846154,10.23076923,23.53846154,19.52307692,17.86923077,10.23076923,17.92307692,7.4
276.0124882,12.44615385,19.36153846,13.56923077,11.98461538,16.29230769,14.00769231,16.11538462,12.40769231,7.430769231,25.03846154
276.2280816,17.62307692,12.52307692,16.16923077,10.45384615,12.46153846,7.507692308,11.37692308,12.99230769,15.26153846,17.41538462
276.4436646,13.10769231,18.00769231,17.28461538,3.2,17.32307692,11.30769231,18.57692308,7.892307692,14.59230769,15.46153846
276.6592373,13.52307692,15.74615385,12.49230769,10.98461538,21.63076923,19.65384615,17.47692308,16.49230769,11.16923077,20.76923077
276.8747997,11.52307692,11.1,8.353846154,8.076923077,11.10769231,11.77692308,16.03846154,11.23846154,11.26153846,14.14615385
277.0903517,17.15384615,16.94615385,11.06923077,11.1,15.24615385,14.76923077,15.66923077,16.19230769,11,9.615384615
277.3058934,8.576923077,9.392307692,10.36923077,12.20769231,12.26923077,25.60769231,12.30769231,11.25384615,11.16153846,8.038461538
277.5214248,22.98461538,11.54615385,21.21538462,6.392307692,22.03076923,21.10769231,15.15384615,17.72307692,12.88461538,7.023076923
277.7369458,15.21538462,17.23076923,13.28461538,5.461538462,5.415384615,19.93846154,15.23076923,4.246153846,8.569230769,9.461538462
277.9524564,25.28461538,7.976923077,7.653846154,13.76153846,16.78461538,12.03076923,24.93846154,14.7,13.53846154,12.72307692
278.1679567,16.06153846,10.22307692,18.45384615,12.06923077,3.669230769,9.876923077,12.96153846,4.153846154,14.24615385,11.06153846
278.3834467,19.74615385,21.41538462,10.94615385,14.63076923,13.93846154,17.30769231,25.20769231,15.76923077,13.54615385,19.81538462
278.5989263,13.16923077,10.81538462,12.27692308,10.13076923,11.64615385,11.32307692,9.992307692,11.67692308,9.8,12.86153846
278.8143956,15.6,18.90769231,23.05384615,8.930769231,9.769230769,19.17692308,17.09230769,15.03076923,16.92307692,23.13846154
279.0298545,13.96923077,6.476923077,16.5,10.54615385,12.6,7.030769231,14.92307692,18.05384615,12.03076923,12.92307692
279.245303,20.49230769,14.26153846,13.55384615,9.130769231,20.13076923,19.7,30.40769231,16.78461538,8.8,14.45384615
279.4607412,12.60769231,13.92307692,11.16153846,15.43846154,13.56923077,12.50769231,12.34615385,14.89230769,5.476923077,8.907692308
279.676169,12.33846154,16.13076923,14.96153846,14.49230769,10.58461538,18.86153846,25.04615385,25.83076923,19.89230769,9.192307692
279.8915865,9.376923077,4.038461538,9.353846154,14.2,8.692307692,6.038461538,14.62307692,8.8,13.04615385,7.730769231
280.1069936,16.77692308,14.79230769,20.8,10.3,16.22307692,15.43846154,16.04615385,10.17692308,7.338461538,19.60769231
280.3223903,25.1,3.569230769,6.638461538,13.73076923,8.076923077,13.48461538,15.17692308,6.123076923,6.461538462,15.60769231
280.5377766,15,20.11538462,16.18461538,9.084615385,14.30769231,13.38461538,8.007692308,14.26153846,21.87692308,10.66923077
280.7531526,13.37692308,11.67692308,13.03076923,9.946153846,14.06923077,7.707692308,11.79230769,13.89230769,5.007692308,17.76923077
280.9685182,13.00769231,14.33076923,16.73076923,6.069230769,16.47692308,14.82307692,16.59230769,17.06923077,10.66923077,21.57692308
281.1838734,10.03076923,13.36153846,8.992307692,6.938461538,14.35384615,18.75384615,8.869230769,5.346153846,8.884615385,10.53076923
281.3992182,17.83076923,14.97692308,24.93076923,13.4,16.45384615,12.80769231,12.03076923,17.20769231,12.64615385,18.61538462
281.6145526,16.26153846,15.44615385,11.37692308,5.846153846,10.75384615,7.569230769,9.184615385,12.65384615,16.16153846,11.49230769
281.8298766,21.41538462,8.469230769,22.03076923,20.33076923,16.66923077,24.67692308,16.26153846,13.69230769,15.51538462,17.77692308
282.0451903,9.707692308,12.67692308,15.83076923,4.961538462,12.19230769,9.192307692,10.95384615,7.946153846,10.7,9.269230769
282.2604936,22.39230769,21.62307692,9.1,7.215384615,3.569230769,15.93846154,20.08461538,15.61538462,15.90769231,10.90769231
282.4757864,7.430769231,21.7,6.923076923,13.41538462,15.51538462,13.99230769,8.915384615,9.507692308,7.884615385,2.984615385
282.6910689,15.02307692,16.03846154,6.761538462,8.3,19.94615385,20.17692308,15.80769231,12.51538462,23.81538462,17.36153846
282.9063409,4.084615385,22.91538462,6.938461538,12.43846154,4.846153846,17.18461538,12.65384615,17.81538462,12.56153846,10.40769231
283.1216026,24.70769231,12.46153846,21.45384615,19.75384615,12.11538462,25.90769231,18.38461538,12.93846154,23.35384615,12.82307692
283.3368538,9.807692308,10.83076923,5.830769231,9.761538462,5.2,13.51538462,7.576923077,10.38461538,5.5,20.83846154
283.5520947,16.16923077,20.50769231,22.88461538,14.36153846,15.03076923,15.03846154,11.48461538,13.46923077,11.43076923,17.48461538
283.7673251,3.715384615,11.83846154,15.23846154,10.14615385,17.2,7.7,11.23076923,4.630769231,5,11.35384615
283.9825452,20.55384615,11.66153846,15.31538462,12.64615385,14.53076923,14.17692308,15.04615385,12.16923077,15.76923077,16.64615385
284.1977548,20.91538462,19.13846154,8.523076923,18.72307692,12.31538462,12.58461538,10.83076923,12.59230769,11.06923077,14.91538462
284.4129539,15.40769231,24.83846154,11.99230769,13.06923077,12.43076923,18.04615385,16.46153846,8.661538462,17.33846154,15.07692308
284.6281427,18.58461538,7.853846154,7.207692308,10.88461538,17.43076923,14.73846154,18.29230769,9.223076923,6.769230769,13.26153846
284.8433211,10.00769231,16.53846154,9.776923077,9.630769231,15.1,20.42307692,18.72307692,9.215384615,15.10769231,19.41538462
285.058489,13.47692308,22.43846154,8.292307692,12.53076923,11.76923077,10.74615385,14.41538462,8.661538462,17.08461538,11.53846154
285.2736465,15.46153846,12.63846154,15.81538462,9.192307692,7.492307692,16.86153846,19.76923077,10.90769231,17.19230769,12.59230769
285.4887935,8.815384615,14.41538462,8.669230769,8.784615385,9.423076923,16.25384615,5.907692308,20.37692308,4.838461538,4.476923077
285.7039302,5.930769231,20.65384615,12.52307692,10.18461538,22.93076923,13.07692308,26.36923077,5.546153846,16.80769231,9.723076923
285.9190564,9.253846154,12.26153846,12.06153846,11.41538462,11.21538462,21.66923077,16.42307692,11.76153846,11.17692308,12.62307692
286.1341721,13.3,17.87692308,20.56923077,28.66923077,23.17692308,15.60769231,6.4,13.35384615,13.28461538,16.79230769
286.3492775,19.13846154,15.21538462,7.461538462,10.06153846,16.84615385,10.50769231,20.79230769,5.623076923,4.923076923,13.83846154
286.5643723,24.13076923,13.14615385,4.969230769,17.8,14.87692308,19.50769231,20.33076923,12.7,14.82307692,20.78461538
286.7794568,12.07692308,4.669230769,6.138461538,13.6,17.71538462,18.6,18.6,5.630769231,14.53846154,7.915384615
286.9945308,15.41538462,18.62307692,25.00769231,14.23846154,15.45384615,8.476923077,9.015384615,11.39230769,15.9,17.05384615
287.2095943,6.169230769,10,14.06153846,10.13846154,16.21538462,5.753846154,14.2,6.261538462,14.73076923,7.984615385
287.4246474,22.38461538,16.91538462,11.03846154,13.05384615,13.83076923,17.88461538,11.76923077,16.71538462,15.42307692,18.94615385
287.63969,8.7,22.07692308,8.7,8.207692308,8.407692308,15.83846154,10.22307692,14.50769231,15.96153846,6.292307692
287.8547222,17.52307692,6.176923077,13.13846154,8.792307692,14.83846154,15.59230769,22.09230769,14.74615385,18.05384615,21.51538462
288.0697439,6.892307692,16.23076923,4.407692308,8.738461538,16.83846154,13.50769231,16.76923077,10.32307692,13.00769231,14.71538462
288.2847552,24.51538462,15.66153846,14.50769231,19.99230769,9.823076923,14.30769231,25.49230769,17.46153846,16.90769231,14.31538462
288.499756,24.1,22.81538462,15.96153846,9.207692308,18.53846154,12.50769231,11.49230769,16.88461538,21.03846154,13.38461538
288.7147463,15.33846154,24.93076923,18.36153846,7.7,9.407692308,14.37692308,13.15384615,25.14615385,8.776923077,20.80769231
288.9297262,19.7,9.123076923,10.77692308,11.29230769,11.33846154,16.77692308,11.56153846,9.207692308,8.984615385,8.507692308
289.1446956,9.661538462,13.8,8.446153846,10.83076923,15.21538462,12.37692308,19.00769231,14.93846154,12.30769231,11.58461538
289.3596545,15.12307692,13.45384615,10.09230769,14.49230769,10.03076923,11.20769231,19.06153846,14.55384615,14.15384615,12.06923077
289.5746029,13.94615385,12.06923077,10.6,9.776923077,14.03076923,15.53846154,13.13846154,13.36153846,13.83846154,12.51538462
289.7895409,26.1,15.76153846,10.83846154,15.5,6.538461538,11.07692308,6.630769231,11.76153846,19.63846154,7.823076923
290.0044684,15.26923077,16.23846154,18.91538462,5.984615385,11.99230769,9.684615385,14.73076923,15.28461538,13.53076923,22.88461538
290.2193854,13.22307692,11.43846154,14.19230769,10.70769231,8.992307692,8.992307692,14.93846154,9.592307692,15.5,11.70769231
290.4342919,14.77692308,19.23846154,11.18461538,20.46153846,16.27692308,15.50769231,17.17692308,16.64615385,19.04615385,17.77692308
290.6491879,13.18461538,13.94615385,11.06923077,10.90769231,5.584615385,17.82307692,15.30769231,9.038461538,13.64615385,11.03076923
290.8640735,11.17692308,19.93846154,10.1,18.93076923,22.87692308,16.13846154,13.98461538,10.99230769,13.66153846,15.69230769
291.0789485,17.57692308,6.430769231,7.484615385,10.22307692,15.3,8.338461538,8.038461538,9.084615385,19.89230769,10.22307692
291.2938131,14.3,20.26153846,13.66923077,10.37692308,22.93076923,10.25384615,14.76153846,12.96153846,16.33846154,14.80769231
291.5086671,20.09230769,17.56923077,8.915384615,8.030769231,17.13846154,16.17692308,19.56153846,9.853846154,10.09230769,22.79230769
291.7235107,17.39230769,12.16923077,14.16923077,17.53076923,11.7,14.76153846,14.63076923,18.19230769,8.161538462,22.18461538
291.9383437,8.492307692,12.94615385,9.415384615,4.623076923,8.530769231,9.469230769,9.530769231,10.38461538,8.992307692,10.66153846
292.1531663,19.05384615,15.24615385,14.61538462,9.607692308,19.43846154,10.00769231,16.06923077,25.16923077,22.73076923,18.66153846
292.3679783,12.13076923,16.61538462,11.83846154,7.107692308,11.96153846,5.430769231,22.32307692,6.738461538,14.40769231,13.8
292.5827798,23.88461538,16.85384615,9,20.51538462,16.41538462,12.90769231,19.44615385,24.49230769,10.16153846,18.23076923
292.7975709,12.30769231,9.092307692,12.65384615,9.992307692,21.13076923,12.66153846,22.83846154,10.94615385,10.65384615,16.08461538
293.0123514,15.74615385,10.25384615,10.43846154,18.86153846,10.57692308,14.30769231,13.95384615,11.90769231,6.346153846,16.62307692
293.2271214,17.6,11.04615385,12.55384615,6.346153846,10.51538462,12.80769231,11.42307692,9.346153846,19.50769231,12.42307692
293.4418808,25.13076923,24.42307692,14.55384615,10.16923077,19.89230769,15.40769231,15.36153846,9.407692308,15.15384615,17.6
293.6566298,5.669230769,22.50769231,12.31538462,12.43846154,10.99230769,11.07692308,20.10769231,5.338461538,10.34615385,10.56153846
293.8713682,14.4,20.94615385,14.98461538,8.146153846,15.05384615,10.60769231,26.34615385,17.00769231,18.93846154,20.34615385
294.0860961,17.53076923,13.55384615,13.91538462,12.46153846,3.969230769,7.846153846,12.41538462,11.16923077,8.638461538,17.86923077
294.3008135,16.45384615,25.21538462,14.13076923,10.83846154,16.43076923,15.90769231,20.98461538,10.99230769,20.05384615,31.38461538
294.5155203,17.62307692,14.66153846,15.8,12.83846154,21.19230769,21.70769231,11.03846154,11.74615385,16.73076923,22.06153846
294.7302166,11.36153846,17.90769231,10.30769231,10.20769231,20.23076923,19.20769231,19.54615385,15.39230769,13.82307692,20.53846154
294.9449024,12.77692308,15.86153846,9.492307692,9.023076923,5.476923077,4.607692308,10.56153846,9.661538462,6.223076923,17.10769231
295.1595776,22.48461538,19.9,14.93846154,11.03076923,17.03076923,24.00769231,17.26153846,15.57692308,15.16153846,14.46923077
295.3742423,10.38461538,22.8,8.076923077,13.76153846,20.50769231,20.23846154,8.238461538,7.092307692,7.630769231,13.20769231
295.5888964,21.98461538,19.99230769,13.06923077,25.68461538,15.27692308,15.06923077,20.74615385,10.39230769,18.42307692,17.68461538
295.80354,15.63076923,17.5,9.238461538,14.4,12.13846154,16.03846154,13.29230769,3.053846154,8.584615385,18.89230769
296.0181731,12.39230769,16.90769231,17.60769231,8.423076923,14.30769231,11.67692308,25.89230769,17.68461538,14.13076923,9.4
296.2327956,10.63076923,16.6,13.65384615,8.407692308,16.11538462,21.48461538,7.807692308,6.992307692,6.884615385,13.73846154
296.4474075,15.34615385,20.96923077,25.8,10.7,19.77692308,24.60769231,26.34615385,9.769230769,18,18.79230769
296.6620089,11.60769231,10.64615385,9.115384615,12.2,15.89230769,17.50769231,13.03076923,7.269230769,8.192307692,11.23076923
296.8765997,22.02307692,18.71538462,20.80769231,16.77692308,9.330769231,16.63846154,19.43846154,12.13846154,17.63846154,17.43846154
297.09118,12.24615385,7.646153846,12.99230769,5.276923077,19.76923077,18.5,19.57692308,14.2,16.45384615,8.215384615
297.3057497,6.830769231,14.43846154,14.96153846,13.16923077,19.16153846,22.36153846,22.94615385,15.94615385,13.03846154,18.43846154
297.5203089,14.13846154,14.63076923,16.23846154,15.3,10.12307692,8.253846154,10.72307692,18.19230769,13.82307692,9.023076923
297.7348574,20.31538462,25,9.815384615,25.32307692,23.24615385,17.65384615,27.74615385,9.576923077,10.33076923,16.74615385
297.9493955,9.653846154,11.20769231,7.946153846,11.36923077,14.4,15.88461538,13.49230769,6.046153846,14.30769231,13.95384615
298.1639229,17.26923077,14.8,8.9,16.5,18.93076923,14.76153846,17.86923077,14.33846154,11.79230769,18.33846154
298.3784397,10.43076923,19.02307692,15.68461538,10.96923077,20.57692308,18.05384615,23.87692308,9.569230769,8.484615385,15.3
298.592946,17.84615385,7.553846154,15.53846154,16.66923077,12.97692308,14.95384615,11.54615385,14.96923077,21.56923077,13.53076923
298.8074417,11.41538462,13.8,7.323076923,7.038461538,16.92307692,7.346153846,26.27692308,8.007692308,6.1,15.56923077
299.0219269,14.69230769,18.91538462,18.59230769,13.4,25.69230769,22.10769231,13.49230769,24.16923077,28.35384615,14.76923077
299.2364014,17.88461538,15.36923077,7.869230769,6.915384615,20.73846154,21.16923077,16.63076923,11.13076923,12.63076923,13.31538462
299.4508653,19.95384615,21.5,7.846153846,9.992307692,18.35384615,16.90769231,17.92307692,9.507692308,20.73076923,19.09230769
299.6653187,16.38461538,15.36153846,12.49230769,6.476923077,14.88461538,7.692307692,14.91538462,9.730769231,12.05384615,18.11538462
299.8797615,24.98461538,9.446153846,12.76153846,14.75384615,27.19230769,23.17692308,8.476923077,16.69230769,25.54615385,17.19230769
300.0941936,13.46153846,15.96153846,20.43846154,9.646153846,17.5,7.146153846,7.423076923,18.84615385,13.23076923,9.123076923
300.3086152,12.66153846,5.6,16.96923077,7.976923077,14.86153846,20.20769231,17.33076923,9.3,20.40769231,7.538461538
300.5230262,9.653846154,16.89230769,7.538461538,10.9,17.31538462,10.53076923,9.430769231,19.61538462,12.06923077,11.51538462
300.7374266,18.15384615,25.53846154,21.97692308,7.353846154,12.49230769,12.82307692,21.24615385,17.26923077,21.25384615,24.53846154
300.9518164,7.969230769,14.56153846,1.123076923,13.48461538,14.06923077,15.10769231,18.93846154,13.59230769,2.638461538,8.146153846
301.1661955,21.5,20.95384615,22.7,12.83846154,16.05384615,10.13846154,21.86923077,16.19230769,9.507692308,14.82307692
301.3805641,9.992307692,7.330769231,14.26153846,16.88461538,9.015384615,7.907692308,15.41538462,8.092307692,7.392307692,16.91538462
301.594922,17.79230769,12.1,12.90769231,16.43846154,9.176923077,16.32307692,11.9,12.04615385,17.80769231,19.52307692
301.8092694,20.88461538,20.3,18.51538462,11.7,10.89230769,12.83846154,10.96923077,8.6,14.80769231,11.66923077
302.0236061,19,27.91538462,21.1,11.70769231,26.29230769,19.27692308,14.05384615,21.81538462,11.93076923,21.66153846
302.2379322,9.415384615,18.9,13.13846154,11.96153846,14.17692308,10.54615385,11.71538462,6.107692308,6.238461538,4.869230769
302.4522477,17.35384615,17.50769231,19.40769231,9.884615385,15.18461538,15.55384615,20.45384615,19.50769231,25.25384615,20.08461538
302.6665525,19.60769231,9.892307692,9.461538462,17.29230769,16.93076923,14.73846154,16.07692308,12.32307692,9.915384615,8.984615385
302.8808468,22.28461538,9.338461538,13.71538462,16.36153846,16.33846154,11.99230769,16.17692308,13.91538462,24.59230769,20.80769231
303.0951304,13.8,8.123076923,13.28461538,17.56153846,19.83846154,10.95384615,15.46923077,8.2,8.584615385,11.05384615
303.3094033,17,26.73846154,12.73846154,15.73076923,18.52307692,17.63846154,13.86923077,11.46153846,20.27692308,14.61538462
303.5236657,15.72307692,12.83076923,13.69230769,13.19230769,12.02307692,14.04615385,15.68461538,11.65384615,14.82307692,6.753846154
303.7379174,26.46923077,12.56153846,17.25384615,12.56923077,17.35384615,15.40769231,14.98461538,18.53076923,10.47692308,16.96923077
303.9521585,16.52307692,12.35384615,7.546153846,13.40769231,17.55384615,20.63846154,11.44615385,11.59230769,15.28461538,10.93846154
304.1663889,17.7,22.32307692,18.10769231,12.49230769,13.83076923,24.00769231,20.73076923,23.69230769,16.56923077,13.53846154
304.3806087,22.34615385,6.592307692,7.184615385,10.39230769,8.3,5.823076923,15.63076923,14.03846154,5.315384615,6.323076923
304.5948178,17.79230769,18.53076923,22.09230769,14.95384615,20.83846154,15.76153846,21.36153846,18.82307692,22.13846154,22.98461538
304.8090163,15.10769231,13.26153846,16.80769231,19.06923077,9.838461538,9.630769231,7.453846154,14.39230769,17.20769231,7.392307692
305.0232042,18.54615385,16.35384615,22.55384615,14.26923077,18.91538462,16.50769231,18.33846154,15.70769231,8.053846154,11.29230769
305.2373813,9.415384615,11.62307692,9.192307692,7.146153846,17.36153846,12.72307692,21.73846154,19.15384615,14.18461538,10.14615385
305.4515479,11.02307692,18.8,12.95384615,21.42307692,23.33846154,19.43076923,21.5,21.53076923,10.99230769,14.43076923
305.6657038,14.56923077,12.99230769,9.869230769,23.69230769,13.53846154,17.50769231,19.88461538,12.72307692,19.60769231,20.51538462
305.879849,11.26923077,16.76153846,10.86153846,14.76923077,10.65384615,26.43846154,24.89230769,12.21538462,18.60769231,17.89230769
306.0939835,11.6,11.49230769,8.6,15.82307692,10.3,24.60769231,9.023076923,11.75384615,12.94615385,18.80769231
306.3081074,18.98461538,13.07692308,24.8,8.161538462,15.66153846,18.53076923,16.35384615,19.5,16.63846154,26.76923077
306.5222207,14.76153846,10.62307692,14.9,10.36153846,18.27692308,15.20769231,15.3,16.8,8.461538462,15.51538462
306.7363232,19.85384615,12.6,15.78461538,13.16923077,20.71538462,10.89230769,26.04615385,22.22307692,14.9,19.43846154
306.9504151,26.18461538,8.976923077,18.53846154,14.08461538,11.90769231,19.27692308,10.71538462,11.53076923,13.79230769,11.92307692
307.1644963,17.53076923,14.29230769,12.38461538,11.93076923,12.91538462,21.63846154,12.64615385,20.49230769,15.88461538,10.86153846
307.3785669,19.73076923,18.64615385,7.284615385,8.330769231,10.06153846,13.66153846,9.161538462,20.16923077,23.45384615,14.22307692
307.5926267,18.66923077,17.77692308,15.46153846,9.169230769,16.20769231,17.43846154,14.76153846,19.18461538,11.75384615,23.56153846
307.8066759,18,15.04615385,14.69230769,13.6,14.01538462,15.88461538,17.89230769,14.26923077,20.38461538,27.70769231
308.0207144,11,22.5,16.31538462,7.723076923,16.39230769,19.33846154,21.35384615,16.44615385,18.70769231,11.04615385
308.2347422,16.36923077,12.18461538,10.88461538,14.13076923,11.71538462,18.50769231,20.28461538,19.19230769,17.09230769,17.74615385
308.4487593,14.34615385,18.09230769,16.16153846,9.207692308,14.30769231,16.53846154,20.55384615,14.6,7.1,19.27692308
308.6627657,12.26153846,15.76923077,5.784615385,7.584615385,13.33076923,14.15384615,9.461538462,11.78461538,10.42307692,9.576923077
308.8767615,20.76153846,25.31538462,21.69230769,16.37692308,21.99230769,24.9,12.78461538,20.19230769,25.05384615,21.9
309.0907465,13.73076923,14.86153846,17.14615385,7.776923077,19.63076923,17.07692308,18.51538462,10.86153846,6.507692308,10.61538462
309.3047209,19.09230769,15.6,13.44615385,17.20769231,14.39230769,12.73846154,14.37692308,13.33076923,13.57692308,16.03846154
309.5186845,7.976923077,16.1,12.40769231,17.23076923,8.761538462,8.5,5.738461538,13.16923077,13.51538462,14.58461538
309.7326374,21.75384615,22.73846154,25.83846154,16.64615385,21.9,18.47692308,20.46923077,13.61538462,8.484615385,19.89230769
309.9465797,17.52307692,9.538461538,11.87692308,10.62307692,7.153846154,22.07692308,17.56153846,11.83076923,14.22307692,25.19230769
310.1605112,19.59230769,16.67692308,20.10769231,14.10769231,12.92307692,13.42307692,18.74615385,12.97692308,6.730769231,18.54615385
310.374432,15.30769231,15.94615385,19.38461538,10.84615385,17.26923077,17.16923077,25.54615385,6.053846154,12.36153846,12.90769231
310.5883421,12.42307692,15.14615385,21.3,7.907692308,18.23076923,24.10769231,30.34615385,14.80769231,20.52307692,21.01538462
310.8022415,17.93846154,7.561538462,12.02307692,9.353846154,19.36153846,9.953846154,19.67692308,11.70769231,11.67692308,21.71538462
311.0161302,20.46923077,10.23846154,24.08461538,18.65384615,12.41538462,24.00769231,22.62307692,19.69230769,9.546153846,13.42307692
311.2300081,15.35384615,10.5,10.81538462,24,27.43846154,20.40769231,13.85384615,20.01538462,14.52307692,11.90769231
311.4438754,16.63076923,21.32307692,12.83846154,16.62307692,6.561538462,16.87692308,11.33846154,14.28461538,22.96153846,14.34615385
311.6577319,15.16153846,17.23846154,6.9,12.15384615,5.861538462,18.89230769,19.96923077,8.153846154,15.99230769,16.28461538
311.8715776,20.94615385,9.638461538,21.20769231,14.46153846,14.06153846,24.14615385,17.37692308,14.96923077,25.03076923,16.24615385
312.0854127,20.06923077,10.98461538,17.15384615,19.03846154,19.53076923,13.37692308,21.45384615,11.52307692,10.41538462,17.67692308
312.299237,24.08461538,32.41538462,17.48461538,16.51538462,24.51538462,19.45384615,18.47692308,22.57692308,16.94615385,18.99230769
312.5130506,14.95384615,18.73846154,16.13846154,17.75384615,17.45384615,22.50769231,26.13846154,13.00769231,10.53076923,9.453846154
312.7268534,11.81538462,9.130769231,13.59230769,14.56153846,24.53076923,21.32307692,13,14.98461538,11.92307692,16.26153846
312.9406455,16.18461538,11.18461538,13.4,4.923076923,15.06153846,6.076923077,14.43846154,8.230769231,9.569230769,18.31538462
313.1544269,10.53846154,14.93846154,14.31538462,18.76153846,17.73846154,14.02307692,19.19230769,19.26923077,16.85384615,22.41538462
313.3681975,14.64615385,8.561538462,12.65384615,6.969230769,15.19230769,19.80769231,18.35384615,11.5,10.93846154,23.77692308
313.5819574,26.13076923,18.6,13.90769231,20.60769231,12.43846154,25.43846154,18.36153846,6.692307692,15.5,18.37692308
313.7957065,11.22307692,13.2,18.79230769,12.43846154,14.53846154,17.88461538,9.538461538,16.93846154,12.32307692,18.35384615
314.0094449,10,15.7,16.14615385,18.4,18.19230769,18.03846154,18.6,14.44615385,22.36923077,21.18461538
314.2231725,20.76153846,11.07692308,14.59230769,11.6,15.56923077,22.20769231,12.6,7.692307692,16.03846154,12.31538462
314.4368893,10.10769231,21.35384615,14.38461538,15.89230769,26.53076923,13.04615385,15.37692308,9.884615385,13.60769231,11.45384615
314.6505955,11.89230769,14.06923077,7.315384615,12.4,9.838461538,15.34615385,22.96923077,9.461538462,11.70769231,9.9
314.8642908,12.62307692,14.65384615,10.26153846,11.99230769,16.41538462,16.04615385,10.66923077,12.5,18.1,14.53076923
315.0779754,13.30769231,12.05384615,9.876923077,14.25384615,9.761538462,17.33846154,10.75384615,9.846153846,11.90769231,10.92307692
315.2916492,17.26923077,17.00769231,19.38461538,14.46153846,14.81538462,19.80769231,19.07692308,16.53846154,14.26923077,17.30769231
315.5053122,16.48461538,15.55384615,12.13846154,7.861538462,10.26923077,19.20769231,15.97692308,13.92307692,14.63846154,4.384615385
315.7189645,19.99230769,15.21538462,14.60769231,16.46153846,20.35384615,22.80769231,17.10769231,12.33076923,17.65384615,12.66923077
315.932606,10.18461538,16.42307692,11.25384615,11.97692308,9.230769231,20.47692308,19.35384615,8.830769231,17.16153846,16.49230769
316.1462367,22.73846154,13.19230769,15.46153846,13.11538462,13,10.3,21.25384615,13.21538462,13.20769231,19.20769231
316.3598567,10.08461538,11.93076923,6.330769231,10.07692308,15.43846154,18.57692308,16.02307692,14.4,9.415384615,14.53846154
316.5734659,29.58461538,12.53846154,28.06153846,7.484615385,15.53846154,16.06153846,17.79230769,11.41538462,13.78461538,14.43846154
316.7870642,19.91538462,20.44615385,14.43076923,20.36153846,12.05384615,18.75384615,14.37692308,9.169230769,10.34615385,14.58461538
317.0006518,21.41538462,18.69230769,19.04615385,16.96153846,17.99230769,9.138461538,20.95384615,11.98461538,13.33846154,16.86153846
317.2142286,21.27692308,16.00769231,15.53846154,8.569230769,20.23076923,20.15384615,20.04615385,15.79230769,9.407692308,12.38461538
317.4277947,12.90769231,21.30769231,9.838461538,19.83846154,15.88461538,19.27692308,13.8,21.66923077,20.5,20.61538462
317.6413499,11.86923077,9.792307692,8.884615385,8.869230769,13.21538462,9.923076923,19.59230769,14.99230769,11.12307692,12.39230769
317.8548943,7.676923077,17.99230769,10.86153846,20.66923077,28.83076923,15.96153846,13.03076923,14.76923077,14.98461538,18.12307692
318.068428,13.86153846,13.16923077,10.44615385,10.17692308,22.53846154,15.30769231,9.292307692,7.630769231,13.8,18.08461538
318.2819508,18.23846154,18.30769231,20.33076923,25.58461538,19.59230769,11.27692308,17.60769231,14.95384615,14.52307692,12.59230769
318.4954629,17.09230769,14.7,12.43846154,10.63076923,21.63846154,18.57692308,13.63846154,7.284615385,13.63076923,14.16153846
318.7089641,17.50769231,12.21538462,15.10769231,16.42307692,16.33076923,24.25384615,18.27692308,15.8,16.60769231,13.98461538
318.9224545,13.23846154,8.323076923,9.3,16.09230769,16.33076923,10.02307692,18.46923077,13.88461538,15.60769231,15.54615385
319.1359341,23.08461538,32.51538462,19.66153846,16.25384615,18.99230769,28.70769231,17.09230769,8.746153846,16.92307692,24.92307692
319.3494029,12.1,9.607692308,19.69230769,13.79230769,23.51538462,18.97692308,17.12307692,15.56923077,11.48461538,16.48461538
319.5628609,17.51538462,25.21538462,18.31538462,17.59230769,20.2,16.27692308,22.83846154,12.25384615,19.35384615,24.18461538
319.7763081,16.89230769,18.21538462,8.746153846,8.669230769,10.27692308,12.87692308,18.40769231,17.34615385,12.49230769,14.45384615
319.9897444,18.02307692,19.00769231,15.33076923,12.83846154,12.03846154,13.46153846,17.16923077,9.984615385,23.02307692,15.6
320.20317,16.54615385,13.74615385,10.4,13.93076923,11.53846154,19.23846154,8.492307692,14.86923077,8.207692308,16.91538462
320.4165847,17.9,26.8,19.78461538,18.43846154,20.68461538,21.50769231,19.12307692,16.01538462,20.04615385,13.53076923
320.6299886,22.95384615,11.89230769,16.00769231,9.346153846,13.49230769,15.70769231,15.75384615,18.74615385,17.72307692,17.81538462
320.8433816,25.60769231,14.06153846,20.80769231,24.45384615,32.93076923,19.60769231,14.60769231,19.2,15.5,18.84615385
321.0567638,20.78461538,19.8,9.630769231,17.36153846,15.35384615,13.03076923,13.55384615,11.56923077,17.94615385,23.28461538
321.2701352,8.815384615,11.73846154,17.28461538,14.20769231,13.79230769,15.30769231,21.06153846,10.94615385,21.85384615,17.64615385
321.4834958,15.74615385,14.37692308,17.67692308,14.93076923,21.93076923,11.44615385,14.46153846,10.18461538,11.13846154,19.31538462
321.6968455,21.68461538,16.92307692,10.79230769,19.53846154,16.08461538,17.22307692,26.2,14.73846154,22.41538462,20.67692308
321.9101844,19.61538462,12.14615385,11.74615385,21.76153846,14.14615385,19.87692308,18.59230769,14.71538462,18.61538462,13.91538462
322.1235124,22.31538462,14.20769231,18.5,10.13846154,20.65384615,22.03076923,16.93076923,10.03076923,12.89230769,21.99230769
322.3368296,16.73076923,27.41538462,8.430769231,13.33076923,12.28461538,9.938461538,13.96153846,15.93846154,14.05384615,17.90769231
322.5501359,20.84615385,25.81538462,25.58461538,9.323076923,19.78461538,13.27692308,14.30769231,22.54615385,17.13076923,14.43846154
322.7634314,12.26923077,14.17692308,18.38461538,23.95384615,14.89230769,30.60769231,19.52307692,13.66923077,12.92307692,7.707692308
322.9767161,20.01538462,17.43846154,12.33846154,17.89230769,16.10769231,19.07692308,24.14615385,13.67692308,18.6,17.13846154
323.1899898,14.33846154,10.20769231,14.19230769,14.22307692,17.87692308,13.42307692,15.90769231,14.49230769,9.6,14.99230769
323.4032528,16.68461538,16.83846154,26.35384615,7.407692308,13.46923077,18.22307692,9.646153846,16.33846154,17.73076923,14.51538462
323.6165048,13.55384615,15.47692308,19.4,13.60769231,15.49230769,14.03076923,14.28461538,8.815384615,20.85384615,9.930769231
323.829746,21.93846154,18.71538462,19.08461538,23.05384615,13.20769231,21.53846154,6.923076923,13.76153846,23.23846154,17.73076923
324.0429764,12,13.01538462,20.1,12.46923077,7.5,18.90769231,17.06923077,11.86153846,13.87692308,13.36923077
324.2561958,18.39230769,18.62307692,23.91538462,19.50769231,29.15384615,19.54615385,18.66153846,15.09230769,16.8,15.7
324.4694044,8.661538462,19.13076923,12.03846154,22.75384615,8.492307692,14.36153846,16.72307692,8.953846154,13.6,16.68461538
324.6826021,31.08461538,22.16153846,18.29230769,19.7,24.43076923,13.55384615,22.32307692,12.90769231,20.53846154,18.58461538
324.895789,13.56923077,15.36923077,13.28461538,25.13076923,22.85384615,6.923076923,15.86923077,5.653846154,11.63076923,8.553846154
325.108965,27.46153846,23.45384615,24.36153846,9.961538462,19.95384615,19.20769231,16.23076923,21.90769231,13.90769231,17.6
325.3221301,16.26153846,17.76153846,7.269230769,16.15384615,11.54615385,5.176923077,16.01538462,8.430769231,2.384615385,18.73846154
325.5352843,17.54615385,14.46923077,20.29230769,25.15384615,23.23076923,16.77692308,27.03846154,14.52307692,22.55384615,22.13846154
325.7484276,19.83846154,21.83846154,21.29230769,15.55384615,17.75384615,19.20769231,23.25384615,11.23076923,19.58461538,8.715384615
325.96156,14.99230769,15.11538462,13.95384615,13.2,27.3,16.50769231,12.45384615,14.83846154,17.13846154,18.26153846
326.1746816,15.73846154,19.71538462,12.36153846,15.09230769,16.57692308,16.80769231,20.8,14.51538462,9.015384615,13.77692308
326.3877923,17.14615385,11.58461538,15.86153846,16.83076923,20.99230769,10.45384615,15.75384615,25.59230769,8.184615385,25.98461538
326.600892,8.238461538,11.71538462,15.47692308,10.44615385,16.79230769,20.12307692,10.39230769,14.01538462,19.42307692,20.01538462
326.8139809,26.33846154,9.346153846,12.35384615,10.53846154,12.08461538,17.70769231,26.07692308,11.82307692,14.33846154,20.00769231
327.0270589,16.51538462,17.92307692,14.39230769,12.46153846,11.1,17.87692308,13.30769231,17.29230769,16.22307692,16.19230769
327.2401259,28.11538462,19.92307692,25.1,10.86153846,22.43076923,23.25384615,22.53846154,16.33846154,15.49230769,22.41538462
327.4531821,12.86923077,13.91538462,9.530769231,10.6,20.04615385,15.53846154,18.96153846,13.69230769,11.39230769,13.91538462
327.6662274,13.33076923,19.91538462,14.50769231,9.961538462,17.13846154,15.67692308,13.72307692,11.30769231,29.74615385,18.91538462
327.8792617,19,17.13846154,20.75384615,10.02307692,7.576923077,12.07692308,8.184615385,12.99230769,14.41538462,11.80769231
328.0922851,26.48461538,20.43076923,23.83846154,18.45384615,11.40769231,17.92307692,25.24615385,19.86923077,25.25384615,18.93846154
328.3052977,17.46153846,23.95384615,12.59230769,7.3,17.73846154,12.6,13.55384615,15.45384615,14.02307692,23.99230769
328.5182993,27.18461538,17.36923077,16,13.2,16.54615385,18.20769231,18.65384615,15.84615385,20.29230769,13.26153846
328.73129,14.36153846,13.90769231,13.16153846,12.03076923,15.14615385,10.23076923,13.33846154,17.81538462,10.96923077,17.3
328.9442698,20.79230769,19.21538462,15.91538462,8.138461538,8.684615385,23.60769231,27.24615385,13.70769231,8.023076923,10.81538462
329.1572386,15.29230769,19.21538462,13.85384615,17.26153846,11.62307692,13.30769231,19.77692308,11.53846154,13.80769231,13.13846154
329.3701965,22.16153846,24.71538462,22.63076923,14.06923077,15.23846154,10.13076923,17.26153846,24.61538462,10.41538462,25.98461538
329.5831435,21.28461538,20.81538462,17.56923077,13.33076923,20.57692308,17.54615385,22.32307692,17.06923077,16.84615385,16.66923077
329.7960796,29.1,18.24615385,24.08461538,23.85384615,20.91538462,24.33846154,18.36153846,20.70769231,19.62307692,19.84615385
330.0090047,10.25384615,13.66153846,9.6,10.89230769,14.63846154,12.03846154,16.75384615,17.84615385,13.23076923,8.653846154
330.2219189,25.96153846,20.17692308,15.87692308,11.44615385,12.02307692,8.546153846,29.59230769,18.08461538,14.06153846,18.93846154
330.4348222,12.83846154,23.46923077,20.46153846,11.40769231,13.9,20.73846154,10.52307692,12.96923077,10.58461538,11.26923077
330.6477145,14.44615385,9.584615385,19.9,12.97692308,22.79230769,17.39230769,18.57692308,16.1,13.86923077,18.93076923
330.8605959,11.27692308,12.60769231,9.923076923,8.723076923,17.73846154,8.784615385,16.8,14.45384615,8.730769231,16.37692308
331.0734663,23.88461538,20.69230769,14.8,21.75384615,18.93846154,21.77692308,12.93846154,12.02307692,16.7,13.18461538
331.2863258,9.338461538,18.05384615,6.530769231,3.123076923,2.823076923,23.90769231,17.26153846,3.892307692,9.469230769,16.64615385
331.4991744,20.50769231,21.21538462,19.83076923,15.93846154,16.41538462,23.50769231,20.39230769,18.56153846,25.36923077,11.46153846
331.7120119,12.10769231,12.03846154,16.56153846,19.8,25.47692308,5.669230769,12.76923077,5.915384615,10.63846154,10.2
331.9248386,16.30769231,13.03076923,22.7,13.23076923,14.63076923,12.46153846,30.04615385,23.66923077,19.93846154,18.93846154
332.1376542,21.00769231,16,12.23076923,14.53076923,10.9,13.76153846,15.58461538,5.823076923,15.81538462,18.93846154
332.350459,27.28461538,12.39230769,24.38461538,19.49230769,26.33076923,25,12.55384615,5.176923077,18.77692308,15.29230769
332.5632527,24.51538462,27.01538462,16.8,17.62307692,9.492307692,18.00769231,11.03846154,19.51538462,15.79230769,16.03846154
332.7760355,28.58461538,14.97692308,19.36153846,14.26923077,17.23846154,24.22307692,21.09230769,8.407692308,15.33846154,19.80769231
332.9888073,19.38461538,12.06153846,14.66923077,15.36153846,10.67692308,15.07692308,15.11538462,16.31538462,13.96153846,10.71538462
333.2015682,23.05384615,15.71538462,11.87692308,14.95384615,11.67692308,16.76923077,17.13846154,14.59230769,16.42307692,11.39230769
333.4143181,9.184615385,22.81538462,11.60769231,20.89230769,9.130769231,20.84615385,19.76153846,10.1,13.5,16.32307692
333.627057,29.58461538,20.53846154,13.91538462,13.49230769,10.02307692,20.68461538,21.18461538,20.69230769,16.8,14.26153846
333.8397849,10.1,16.95384615,19.09230769,15.63846154,13.2,18.37692308,14.96923077,11.56923077,15.18461538,28.41538462
334.0525019,20.88461538,11.46923077,9.461538462,14.63076923,12.85384615,20.52307692,19.02307692,13.50769231,18.03846154,8.192307692
334.2652078,21.83076923,13.15384615,15.61538462,12.19230769,12.05384615,23.43846154,15.35384615,5.130769231,12.52307692,6.776923077
334.4779028,19.86153846,15.72307692,16.90769231,12.93846154,23.63076923,14.27692308,20.84615385,17.25384615,11.83076923,14.8
334.6905868,21.23846154,12.53076923,15.40769231,19.95384615,15.50769231,15.73846154,15.23846154,13.6,5.538461538,15.95384615
334.9032598,30,8.446153846,17.43076923,17.99230769,18.93846154,17.80769231,22.93846154,9.561538462,15.80769231,14.5
335.1159219,15.62307692,19.57692308,10.32307692,9.838461538,12.52307692,16.19230769,12.76923077,9.976923077,8.353846154,13.5
335.3285729,26.08461538,17.02307692,23.95384615,12.92307692,19.53076923,23.90769231,24.40769231,12.36923077,30.52307692,21.01538462
335.5412129,18.44615385,11.82307692,15.86153846,11.47692308,13.26923077,15.62307692,14.73076923,11.53846154,21.85384615,18.41538462
335.753842,20.04615385,24.05384615,29.68461538,19.62307692,14.80769231,32.47692308,23.6,15.99230769,20.85384615,21.66153846
335.96646,20.27692308,20.91538462,12.69230769,11.46923077,10.06153846,10.45384615,17.92307692,9.884615385,12.05384615,18.41538462
336.1790671,25.35384615,18.91538462,13.42307692,17.43076923,13.53076923,21.47692308,17.69230769,14.23076923,9.538461538,15.1
336.3916631,18.48461538,16.21538462,13.37692308,7.038461538,12.83076923,11.43846154,18.57692308,15.03846154,10.44615385,9.653846154
336.6042481,24.95384615,14.53076923,15.56153846,16.22307692,16.53846154,9.746153846,19.24615385,19.26923077,22.75384615,20.16923077
336.8168221,15.56153846,14.83076923,14.06153846,18.43076923,20.13846154,17.20769231,16.63076923,14.20769231,12.26923077,17.46153846
337.0293851,25.63846154,20,20.97692308,24.83076923,19.5,17.53846154,21.34615385,16.59230769,15.02307692,13.10769231
337.2419371,17.85384615,17.16153846,13.16153846,15.23076923,11.83076923,9.484615385,19.61538462,14.20769231,11.28461538,18.33846154
337.4544781,19.35384615,19.13076923,17.60769231,20.19230769,12.56153846,17.02307692,19.13846154,12.14615385,25.67692308,20.26153846
337.667008,16.30769231,18.5,15.08461538,14.50769231,10.38461538,17.76153846,20.56923077,10.83076923,13.02307692,20.87692308
337.8795269,19.25384615,18.73846154,18.60769231,17.59230769,25.96153846,24.40769231,16.84615385,22.86923077,10.36153846,27.01538462
338.0920348,14.29230769,17.84615385,14.23076923,10.9,17.63846154,16.34615385,17.39230769,11.53846154,8.976923077,19.91538462
338.3045317,23.34615385,13.78461538,17.59230769,17.80769231,15.73846154,15.63846154,12.44615385,25.83846154,11.74615385,12.71538462
338.5170176,13.63846154,12.85384615,4.746153846,13.91538462,13.77692308,23.95384615,16.33076923,5.323076923,14.54615385,19.84615385
338.7294924,16.18461538,19.95384615,15.19230769,21.52307692,11.99230769,21.45384615,14.97692308,7.884615385,26.42307692,25.62307692
338.9419562,20.8,29.71538462,15.73076923,10.59230769,22.5,29.80769231,17.10769231,17.24615385,14.8,19.83846154
339.1544089,14.88461538,25.46153846,16.2,15.16153846,14.63846154,18.50769231,25.94615385,13.21538462,18.38461538,22.68461538
339.3668506,14.07692308,24.63846154,16.66153846,10.96923077,13.06923077,18.26153846,10.1,16.35384615,23.59230769,16.09230769
339.5792813,22.50769231,21.8,10.56923077,17.98461538,24.93076923,19.07692308,23.80769231,11.28461538,21.35384615,30.08461538
339.7917009,18.68461538,15.30769231,10.46923077,12.75384615,6.292307692,18.47692308,12.68461538,18.35384615,17.05384615,4.238461538
340.0041095,19.56153846,15.26153846,18.90769231,18.09230769,15.85384615,9.276923077,18.36923077,16.23076923,12.99230769,20.16923077
340.216507,15.66153846,14.49230769,13.78461538,7.992307692,11.57692308,10.52307692,15.85384615,14.72307692,12.67692308,10.1
340.4288935,17.19230769,10.50769231,18.64615385,15.1,11.55384615,19.1,21.03846154,14.26923077,8.638461538,19.88461538
340.6412689,19.71538462,11.06153846,14.36153846,14.7,8.530769231,13.47692308,11.21538462,12.39230769,18.95384615,11.06153846
340.8536332,13.42307692,14.46153846,11.56923077,14.16153846,15.28461538,14.95384615,16.36153846,16.2,18.40769231,27.26153846
341.0659865,19.63846154,8.192307692,11.21538462,15.06153846,13.66923077,16.00769231,16.78461538,16.18461538,13.12307692,16.99230769
341.2783288,24.18461538,14.46153846,11.86153846,24.63846154,19.43846154,22.43846154,21.60769231,22.9,15.27692308,25.83846154
341.49066,24.1,15.80769231,9.007692308,23.55384615,16.86923077,15.41538462,22.79230769,18.29230769,13,23.14615385
341.7029801,25.28461538,16.71538462,20.61538462,17.16153846,23.31538462,18.70769231,14.50769231,16.43846154,20.83846154,21.06153846
341.9152891,11.08461538,18.66923077,9.776923077,11.56153846,10.1,12.8,24.83076923,16.05384615,4.846153846,10.91538462
342.1275871,19.08461538,29.4,21.03846154,18.09230769,30.53076923,24.90769231,20.08461538,18.09230769,13.26153846,25.97692308
342.339874,5.438461538,9.738461538,7.607692308,15.53846154,11.08461538,4.292307692,25.27692308,22.52307692,16.93846154,13.31538462
342.5521498,22.93846154,21.9,16.51538462,19.92307692,18.59230769,17.20769231,25.17692308,11.63076923,24.96923077,11.26923077
342.7644146,16.59230769,14.52307692,20.8,12.38461538,11.32307692,12.15384615,26.54615385,12.07692308,15.89230769,17.3
342.9766683,18.69230769,17.73076923,13.46153846,13.66923077,24.89230769,26.20769231,16.68461538,18.59230769,24.85384615,22.49230769
343.1889108,15.84615385,10.73076923,19.87692308,14.19230769,25.41538462,19.86923077,19.95384615,14.36153846,12.49230769,14.71538462
343.4011424,14.33076923,20.36923077,20.30769231,9.830769231,21.93076923,15.93846154,18.74615385,26.5,21.55384615,22.48461538
343.6133628,7.276923077,15.85384615,11.9,7.807692308,14.9,10.84615385,17.68461538,13.13076923,11.44615385,18.09230769
343.8255721,24.53846154,15.72307692,15.44615385,19.25384615,16.19230769,19.05384615,26.29230769,16.62307692,13.33846154,13.83846154
344.0377703,8.230769231,16.03846154,15.73846154,11.69230769,21.2,15.13846154,17.24615385,11.69230769,14.72307692,13.16923077
344.2499575,16.68461538,23.61538462,12.99230769,9.707692308,22.65384615,23.25384615,17.83076923,21.87692308,14.43846154,18.66153846
344.4621335,12.13846154,18.65384615,17.36153846,10.01538462,14.22307692,18.51538462,26.62307692,18.27692308,14.42307692,19.57692308
344.6742984,21.77692308,18.63846154,19.21538462,15.96923077,15.30769231,11.17692308,22.49230769,15.39230769,16.67692308,15.03846154
344.8864523,15.08461538,17.54615385,13.40769231,4.346153846,16.53846154,13.77692308,22.39230769,24.99230769,9.369230769,12.96153846
345.098595,13.38461538,19.42307692,19.36153846,17.15384615,19.13846154,20.30769231,18.71538462,17.26923077,12.62307692,24.21538462
345.3107267,12.28461538,24.35384615,21.10769231,26.45384615,11.79230769,16.16153846,16.73846154,22.59230769,7.869230769,17.51538462
345.5228472,26.13846154,19.09230769,13.01538462,18.12307692,17.02307692,17.15384615,18.86153846,18.06923077,19.84615385,14.56153846
345.7349566,5.446153846,21.29230769,13.83846154,11.04615385,20.33846154,10.42307692,18.64615385,13.01538462,8.576923077,15.79230769
345.9470549,21.35384615,15.59230769,22.30769231,12.83076923,16.84615385,17.68461538,22.24615385,10.18461538,21.86153846,26.23846154
346.1591421,18.81538462,9.776923077,5.453846154,9.2,15.63846154,15.10769231,26.97692308,9.776923077,13.72307692,12.12307692
346.3712181,20.93846154,13.36153846,11.78461538,13.89230769,14.3,19.30769231,18.44615385,16.09230769,9.315384615,15.14615385
346.583283,17.63846154,13.71538462,17.06153846,22.39230769,15.03846154,13.08461538,13.88461538,13.3,16.52307692,16.91538462
346.7953369,15.33846154,17.14615385,20.83076923,18.33076923,25.83846154,33.00769231,27.04615385,25.19230769,9.484615385,24.54615385
347.0073796,12.63076923,21.91538462,16.16153846,8.230769231,12.32307692,19.07692308,16.38461538,12.43846154,9.707692308,22.59230769
347.2194111,19.4,24.4,17.29230769,13.50769231,17.32307692,24.03846154,30.13846154,16.46923077,20.2,19.31538462
347.4314315,10.36923077,8.138461538,18.13076923,18.75384615,20.43846154,28.97692308,13.10769231,9.346153846,13.33846154,18.86923077
347.6434408,25.52307692,16.48461538,18.31538462,20.39230769,25.71538462,19.04615385,35.64615385,20.46923077,15.44615385,21.98461538
347.855439,18.54615385,12.59230769,13.83846154,24.7,18.35384615,12.77692308,24.54615385,19.62307692,24,12.84615385
348.067426,13.68461538,25.73076923,17.97692308,23.25384615,23.47692308,27.13846154,28.44615385,11.75384615,26.69230769,15.03846154
348.2794019,14.45384615,14.04615385,14.60769231,23.16153846,5.969230769,12.94615385,29.17692308,20.73846154,14.96153846,14.5
348.4913666,17.58461538,16.43076923,15.61538462,16.92307692,24.55384615,18.40769231,18.03076923,23.09230769,17.92307692,20.16923077
348.7033202,16.81538462,9.638461538,20.60769231,16.13846154,7.976923077,19.49230769,15.56153846,15.62307692,15.51538462,17.49230769
348.9152627,27.53846154,19.15384615,24.36923077,14.92307692,17.01538462,9.130769231,19.86153846,15.37692308,21.63076923,16.94615385
349.127194,19.1,15.67692308,14.24615385,11.67692308,18.07692308,14.41538462,35.54615385,14.28461538,9.653846154,13.53846154
349.3391141,13.52307692,8.423076923,19.26153846,18.7,16.91538462,13.13076923,14.04615385,18.71538462,15.99230769,15.56923077
349.5510231,18.18461538,18.69230769,19.55384615,17.86153846,14.03846154,17.63846154,16.20769231,14.85384615,15.63846154,12.02307692
349.7629209,22.53846154,14.76923077,13.57692308,10.76153846,20.66153846,15.09230769,21.77692308,16.78461538,15.8,15.30769231
349.9748076,21.36923077,13.62307692,12.46153846,8.969230769,11.37692308,10.19230769,17.13846154,9.784615385,11.90769231,19.2
350.1866831,21.7,10.59230769,13.69230769,15.96153846,16.33076923,15.30769231,24.62307692,18.89230769,13.35384615,23.11538462
350.3985474,29.08461538,13.73076923,15.41538462,17.69230769,14.76153846,19.99230769,21.76153846,11.86923077,9.815384615,15.4
350.6104006,29,15.10769231,19.65384615,18.66153846,22.58461538,25.30769231,16.40769231,24.59230769,13.54615385,20.98461538
350.8222426,15.66153846,17.93076923,15.58461538,17.86923077,14.11538462,17.02307692,23.77692308,13.5,18.1,10.34615385
351.0340734,21.08461538,17.23076923,18.10769231,12.56923077,15.43076923,23.60769231,17.13846154,29.38461538,16.33846154,17.65384615
351.2458931,19.83846154,14.41538462,22.06153846,9.630769231,14.43076923,19.40769231,11.20769231,17.19230769,14.5,19.36923077
351.4577016,17.50769231,25.91538462,22.85384615,23.76923077,28.33076923,26.13846154,19.20769231,14.46923077,24.00769231,16.16923077
351.6694989,18.85384615,12.09230769,8.615384615,20.03076923,16.53846154,17.22307692,17.43846154,16.19230769,18.16153846,18.56153846
351.881285,22.43076923,16.32307692,13.13076923,22.95384615,25.50769231,22.77692308,27.92307692,11.88461538,14.97692308,21.13846154
352.0930599,21.30769231,13.11538462,5.653846154,17.95384615,16.27692308,20.47692308,11.90769231,11.66923077,17.36923077,17.27692308
352.3048237,27.51538462,28.31538462,16.00769231,21.8,24.23076923,23.08461538,21.83846154,16.13076923,23.63846154,19.93846154
352.5165763,8.5,19.87692308,9.053846154,10.62307692,19.82307692,9.938461538,26.33846154,14.36923077,14.33846154,13.66153846
352.7283176,24.80769231,15.40769231,19.59230769,16.63076923,27.83076923,13.65384615,23.65384615,23.53846154,24.51538462,28.25384615
352.9400478,15.51538462,15.81538462,15.08461538,16.40769231,14.67692308,13.36923077,15.57692308,10.46923077,12.78461538,17.11538462
353.1517668,26,18.81538462,28.8,17.36923077,12.80769231,19.56923077,17.27692308,16.50769231,13.4,23.90769231
353.3634746,21.57692308,12.66153846,11.46153846,14.99230769,17.33846154,19.99230769,10.09230769,14.26923077,26.13846154,13.6
353.5751711,19.84615385,16.44615385,18.1,18.23846154,21.83846154,15.96153846,16,12.73846154,21.10769231,7.115384615
353.7868565,21.29230769,19.7,16.59230769,21.25384615,18.73076923,19.30769231,16.76923077,13.20769231,9.9,27.11538462
353.9985307,19.57692308,16.83076923,9.084615385,23.72307692,18.34615385,20.90769231,28.44615385,16.21538462,21.34615385,13.54615385
354.2101936,15.87692308,13.46153846,15.5,16.8,10.02307692,20.30769231,18.83076923,24.01538462,18.20769231,15.7
354.4218454,24.38461538,18.3,19.00769231,20.96153846,15.62307692,23.80769231,19.34615385,15.84615385,13.80769231,25.91538462
354.6334859,15.23846154,16.40769231,11.46923077,7.076923077,13.98461538,13.57692308,20.40769231,14.76153846,13.89230769,11.86153846
354.8451153,24.20769231,18.69230769,17.88461538,9.076923077,22.23076923,21.46923077,28.72307692,15.56923077,14.79230769,8.123076923
355.0567334,18.66153846,15.44615385,17.16153846,13.73076923,26.83076923,16.13076923,14.17692308,12.23846154,16.32307692,12.43076923
355.2683402,19.96923077,25.31538462,20.90769231,13.33846154,14.79230769,26.80769231,31.24615385,22.29230769,19.60769231,26.33846154
355.4799359,20.28461538,19.24615385,18.60769231,9.530769231,15.13846154,12.45384615,18.69230769,16.22307692,21.26153846,23.58461538
355.6915203,26.39230769,27.2,14.53076923,15.07692308,23.8,23.22307692,11.26923077,20.56923077,17.79230769,13.86923077
355.9030936,9.3,19.32307692,7.353846154,12.03846154,8.838461538,22.24615385,16.73846154,17.89230769,16.74615385,11.56923077
356.1146555,23.7,10.68461538,18.70769231,12.24615385,18.89230769,18.61538462,23.93846154,16.65384615,18.41538462,20.50769231
356.3262063,7.661538462,11,15.59230769,16.16153846,9.307692308,16.63846154,17.7,16.63076923,7.953846154,20.63076923
356.5377458,26.28461538,12.06153846,15.6,14.55384615,21.13076923,20.40769231,19.69230769,25.19230769,17.65384615,23.87692308
356.7492741,19.10769231,20.32307692,12.11538462,13.46923077,21.13846154,18.75384615,22.53846154,13.67692308,9.830769231,19.93846154
356.9607911,14.73846154,12.86153846,15.10769231,12.76923077,29.33076923,25.09230769,26.34615385,18.18461538,24.5,22.30769231
357.1722969,27.71538462,14.43846154,14.84615385,18.26153846,12.02307692,19.10769231,7.261538462,11.06923077,10.6,11.69230769
357.3837914,17.39230769,13.64615385,23.43076923,11.95384615,11.43846154,29.68461538,17.44615385,15.41538462,20.82307692,5.923076923
357.5952747,20.41538462,15.13076923,24.07692308,16.53076923,16.93076923,25.93846154,18.86153846,13.43846154,14.06923077,21.71538462
357.8067468,21.52307692,18.53846154,18.1,17.47692308,20.08461538,20.35384615,28.76153846,21.99230769,14.59230769,21.73076923
358.0182076,19.08461538,13.52307692,12.94615385,4.146153846,20.33076923,12.9,26.56153846,12.39230769,15.25384615,13.9
358.2296571,14.93846154,19.9,14.90769231,15.9,18.13846154,20.90769231,30.34615385,18.13846154,13.28461538,12.95384615
358.4410954,18.59230769,18.87692308,23.17692308,15.42307692,17.90769231,13.34615385,14.28461538,11.60769231,19.97692308,14.97692308
358.6525224,19.18461538,20.53076923,18.11538462,12.89230769,28.03076923,27.50769231,13.81538462,11.66923077,24.50769231,21.59230769
358.8639382,16.87692308,13.4,9.807692308,10.17692308,19.31538462,9.561538462,20.13846154,15.86923077,17.57692308,11.90769231
359.0753427,10.5,16.82307692,16.08461538,17.59230769,23.19230769,28.50769231,12.70769231,11.00769231,16.68461538,26.98461538
359.286736,23.3,19.72307692,11.43076923,21.32307692,13.45384615,12.67692308,21.77692308,18.96923077,10.08461538,23.38461538
359.4981179,24.65384615,19.34615385,19.96153846,10.46923077,19.93076923,32.47692308,13.97692308,20.21538462,21.62307692,22.34615385
359.7094886,17.78461538,14.83076923,15.48461538,12.63846154,12.73846154,18.76153846,18.66153846,19.09230769,17.20769231,16.31538462
359.920848,20.68461538,20.71538462,20.28461538,22.86153846,32.57692308,31.90769231,30.49230769,15.54615385,15.56923077,15.90769231
360.1321962,11.66923077,19.15384615,14.7,19.80769231,16.12307692,14.24615385,17.73846154,12.46923077,11.38461538,23.38461538
360.3435331,15.52307692,20.68461538,30.01538462,24.65384615,21.83846154,11.57692308,21.76153846,22.66923077,26.65384615,16.32307692
360.5548586,9.746153846,7.815384615,18,10.13846154,25.43846154,12.33076923,19.41538462,18.07692308,10.83076923,17.16923077
360.7661729,11.13846154,17.77692308,25.98461538,22.65384615,20.57692308,14.00769231,19.56153846,13.87692308,19.65384615,23.68461538
360.977476,28.38461538,18.9,12.17692308,17.36923077,17.43846154,18.93846154,22.62307692,26.66923077,17.13076923,18.71538462
361.1887677,23.64615385,20.43846154,21.83076923,15.86923077,20.92307692,21.26153846,14.9,22.69230769,20.05384615,20.93846154
361.4000481,9.315384615,12.03076923,16.36153846,18.76153846,16.68461538,15.55384615,16.87692308,13.16153846,12.18461538,6.723076923
361.6113173,29.78461538,16.2,15.07692308,25.79230769,11.89230769,20.79230769,27.36153846,12.3,15.45384615,25.33846154
361.8225751,20.76923077,22.22307692,18.80769231,23.40769231,30.29230769,12.07692308,16.51538462,13.63846154,20.65384615,21.08461538
362.0338217,25.00769231,13.34615385,15.49230769,22.82307692,21.33846154,28.40769231,20.26153846,20.60769231,19.63846154,23.64615385
362.2450569,15.63076923,21.51538462,11.22307692,8.323076923,18.73076923,16.67692308,13.36923077,11.20769231,18.5,16.76153846
362.4562809,23.68461538,26.6,27.50769231,13.29230769,17.48461538,20.64615385,22.22307692,13.14615385,22.65384615,19.06153846
362.6674935,12.61538462,23.53846154,17.53076923,18.03076923,20.93076923,26.60769231,25.25384615,19.15384615,21.00769231,25.48461538
362.8786949,25.80769231,20.20769231,14.97692308,15.33846154,18.97692308,11.03846154,15.82307692,13.28461538,18.62307692,24.61538462
363.0898849,21.13846154,16.8,17.80769231,14.33076923,20.03076923,20.57692308,13.47692308,13.99230769,24.15384615,18.20769231
363.3010636,20.45384615,26.81538462,18.11538462,18.33076923,12.8,22.80769231,20.86153846,23.52307692,17.53846154,28.41538462
363.512231,22.1,9.007692308,25.01538462,15.10769231,15.12307692,15.00769231,24.96153846,22.89230769,22.15384615,11.03846154
363.7233871,18.58461538,19.22307692,19.10769231,26.25384615,21.23846154,25.70769231,20.64615385,13.76923077,13.18461538,18.49230769
363.9345319,20.07692308,16.56923077,11.91538462,9.976923077,15.00769231,12.25384615,16.46153846,21.71538462,14.00769231,14.94615385
364.1456653,17.17692308,33.30769231,27.70769231,25.95384615,18.43076923,21.20769231,25.96153846,13.43846154,15.53846154,33.48461538
364.3567874,19.54615385,12.41538462,14.03846154,10.35384615,19.43846154,13.65384615,17.87692308,11.7,16.17692308,15.56923077
364.5678982,30.81538462,7.707692308,20.63076923,15.63846154,18.95384615,26.30769231,19.96153846,17.67692308,17.83076923,26.26923077
364.7789977,18.51538462,14.08461538,19.24615385,13.2,13.73846154,25.40769231,20.46923077,13.13846154,11.55384615,14.76153846
364.9900858,19.98461538,23.53076923,19.5,21.49230769,16.69230769,27.30769231,25.66153846,21.08461538,25.25384615,19.48461538
365.2011626,15.71538462,17.70769231,17.96153846,11.06923077,19.95384615,23.10769231,15.16153846,17.36923077,22.55384615,21.04615385
365.4122281,23.24615385,24.39230769,14.98461538,26.75384615,22.53076923,22.22307692,27.90769231,12.49230769,13.55384615,20.21538462
365.6232822,17.15384615,17.16923077,22.91538462,10.36923077,9.146153846,18.36923077,20.31538462,10.25384615,10.74615385,15.24615385
365.834325,20.60769231,26.71538462,21,9.530769231,16.03076923,22.97692308,25.84615385,24.69230769,21,15.64615385
366.0453564,20.53076923,22.62307692,26.25384615,16.39230769,20.93846154,16.48461538,23.74615385,16.61538462,24.24615385,25.19230769
366.2563765,17.61538462,25.81538462,25.10769231,17.49230769,17.65384615,19.42307692,22.14615385,19.49230769,18.42307692,23.26153846
366.4673853,26.78461538,16.75384615,20.01538462,15.82307692,16.69230769,11.22307692,18.65384615,13.23846154,13.24615385,17.99230769
366.6783827,21.55384615,18.22307692,16.66153846,16.36923077,14.23076923,14.93076923,18.73076923,26.59230769,14.75384615,20.58461538
366.8893687,20.58461538,19.02307692,18.50769231,12.3,8.584615385,18.06923077,19.96153846,11.50769231,12.06153846,18.46923077
367.1003434,19.05384615,16.3,13.80769231,23.38461538,14.13846154,18.46153846,17.40769231,19.26923077,13.65384615,15.53846154
367.3113067,22.99230769,24.21538462,7.915384615,15.53846154,22.13076923,19.40769231,14.83076923,12.57692308,23.22307692,16.46923077
367.5222587,21.56923077,23.79230769,24.30769231,23.73076923,28.53076923,21.30769231,22.59230769,18.3,24,18.20769231
367.7331993,27.58461538,26.12307692,18.83076923,14.43846154,23.83076923,14.93846154,21.23846154,19.59230769,21.27692308,23.31538462
367.9441285,15.11538462,18.75384615,15.41538462,12.80769231,14.62307692,13.60769231,18.10769231,17.39230769,15.73846154,16.53846154
368.1550464,11,12.48461538,17.90769231,20.1,23.13846154,17.33846154,19.34615385,4.761538462,9.276923077,6.469230769
368.3659529,14.73076923,21.53076923,16.55384615,16.02307692,25.89230769,25.77692308,26.23846154,11.57692308,14.01538462,20.03846154
368.576848,18.99230769,12.17692308,15.57692308,10.98461538,25.81538462,29.17692308,23.16153846,15.03846154,24.17692308,19.48461538
368.7877317,22.70769231,26.63076923,20.76153846,20.65384615,21.53076923,18.87692308,17.94615385,24.66923077,18.02307692,24.83846154
368.9986041,23.68461538,13.24615385,18.95384615,9.853846154,13.06153846,17.46153846,14.79230769,16.27692308,15.57692308,12.96153846
369.2094651,29.5,19.86153846,16.68461538,14.36923077,17.17692308,24.90769231,23.04615385,16.63846154,14.15384615,15.61538462
369.4203147,19.7,22.95384615,23.00769231,24.25384615,18.23076923,22.80769231,22.67692308,9.476923077,24.32307692,28.39230769
369.6311529,22.93846154,23.25384615,17.43076923,18.88461538,23.03076923,21.37692308,34.84615385,22.69230769,21.65384615,22.78461538
369.8419798,22.90769231,18.4,16.09230769,17.43076923,10.23846154,7.069230769,24.97692308,7.869230769,18.16153846,10.08461538
370.0527952,27.98461538,21.41538462,16.63846154,21.69230769,20.94615385,17.53076923,16,15.49230769,19.63846154,12.33846154
370.2635993,20.61538462,22.4,15.73076923,18.4,8.361538462,23.30769231,18.96153846,10.33076923,17.65384615,17.49230769
370.4743919,26.29230769,19.6,27.8,16.33076923,14.39230769,26.33846154,20.34615385,18.26153846,28.55384615,30.53846154
370.6851732,22.83076923,20.63076923,16.2,15.13076923,12.84615385,15.40769231,17.13846154,12.40769231,11.27692308,22.1
370.895943,18.21538462,19.26923077,24.9,11.68461538,25.55384615,25.00769231,20.45384615,18.77692308,16.85384615,18.77692308
371.1067015,18.4,14.21538462,11.80769231,28.55384615,16.89230769,23.74615385,19.20769231,26.91538462,18.24615385,11.61538462
371.3174486,20.5,27.33076923,13.82307692,18.42307692,25.55384615,20.20769231,22.76153846,20.11538462,19.55384615,28.98461538
371.5281842,16.03076923,28.42307692,18.33846154,13.33076923,18.83846154,22.09230769,13.56153846,19,13.13076923,9.1
371.7389085,23.13076923,26.42307692,29.28461538,20.92307692,20.72307692,22.40769231,29.84615385,19.29230769,21.99230769,18.71538462
371.9496213,26.58461538,16.46153846,21.1,5.353846154,23.97692308,19,24.8,16.89230769,15.22307692,15.64615385
372.1603227,19.88461538,16.08461538,17.66153846,23.85384615,15.48461538,24.52307692,16.29230769,21.74615385,19.40769231,12.51538462
372.3710127,15.50769231,14.80769231,17.60769231,22.05384615,12.42307692,13.43076923,20,11.69230769,6.723076923,7.384615385
372.5816913,29.58461538,23.79230769,17.28461538,14.7,13.21538462,24.4,19.65384615,20.69230769,23.23846154,11.06923077
372.7923584,20,17,15.90769231,17.32307692,20.63846154,15.50769231,25.49230769,22.69230769,24.48461538,18.69230769
373.0030142,22.81538462,19.41538462,23.16153846,24.02307692,20.16153846,20.43846154,23.50769231,26.34615385,26.92307692,22.01538462
373.2136585,18.89230769,16.3,3.746153846,11.4,15.19230769,19.20769231,16.66923077,17.27692308,18.99230769,13.01538462
373.4242914,19.18461538,30.03076923,18.60769231,12.60769231,24.15384615,20.70769231,18.26153846,19.79230769,23.56923077,19.81538462
373.6349128,18.43076923,23.32307692,8.423076923,16.8,18.76153846,17.77692308,27.89230769,13.61538462,16.5,11.3
373.8455228,28.28461538,19.96153846,20.05384615,16.1,22.33076923,16.77692308,23.43076923,24.11538462,28.05384615,20
374.0561214,16.91538462,22.71538462,16.48461538,14.62307692,15.40769231,11.77692308,15.16153846,14,21.00769231,17.49230769
374.2667086,13.98461538,18.66153846,16.50769231,14,29.73846154,27.10769231,31.26153846,16.73846154,19.40769231,23.98461538
374.4772843,28.88461538,16.28461538,14.1,17.18461538,15.87692308,11.70769231,15.98461538,12.62307692,22.02307692,10.96923077
374.6878485,13.55384615,19.59230769,17.92307692,13.56153846,27.15384615,22.63846154,18.85384615,15.86923077,13.11538462,20.93076923
374.8984014,16.28461538,9.415384615,12.76153846,20.13076923,10.76153846,22.63846154,21.47692308,22.19230769,19.21538462,14.40769231
375.1089427,15.06923077,28.01538462,28.40769231,18.31538462,17.4,23.47692308,26.20769231,18.59230769,21.33846154,24.34615385
375.3194726,18.11538462,12.2,18.73846154,15.28461538,20.39230769,12.47692308,25.76923077,22.86923077,14.81538462,13.34615385
375.5299911,21.21538462,16.93846154,25.10769231,19.1,19.17692308,32.40769231,30.44615385,11.54615385,20.45384615,25.33846154
375.7404981,18.60769231,17.33846154,16.82307692,20.39230769,20.77692308,14.50769231,17.50769231,17.77692308,18.45384615,20.43846154
375.9509937,27.96923077,22.51538462,26.33076923,20.4,23.03076923,23.72307692,25.64615385,15.84615385,12.88461538,25.31538462
376.1614778,14.86923077,21.61538462,10.31538462,25.05384615,24.56153846,17.65384615,17.84615385,11.48461538,16.50769231,16.00769231
376.3719504,16.51538462,32.01538462,27.23076923,14.06923077,18.53076923,23.50769231,24.24615385,16.39230769,26.83846154,19.16153846
376.5824116,16.07692308,16.09230769,10.81538462,8.061538462,11.60769231,19.50769231,21.62307692,21.06923077,17.29230769,16.40769231
376.7928613,29.67692308,17.42307692,23.51538462,17.93076923,18.25384615,9.446153846,26.24615385,26.66923077,20.19230769,13.80769231
377.0032995,23.6,23.92307692,21.1,16.52307692,24.00769231,14.19230769,11.87692308,16.75384615,22.86153846,17.26923077
377.2137263,13.36153846,20.75384615,10.11538462,17.55384615,27.13076923,25.27692308,23.06153846,30.26923077,24.35384615,21.37692308
377.4241415,25.81538462,15.52307692,19.85384615,17.86923077,17.39230769,18.70769231,23.65384615,10.17692308,12.68461538,19.28461538
377.6345454,21.50769231,19.85384615,21.75384615,15.76923077,24.23076923,23.30769231,10.86153846,22.72307692,17.74615385,15.81538462
377.8449377,18.83076923,15.25384615,11.63076923,16.02307692,14.03076923,12.9,20.63846154,20.70769231,11.98461538,25.96153846
378.0553185,25.77692308,22.93076923,15.76923077,23.36153846,12.48461538,27.00769231,21.07692308,27.39230769,20.46923077,17.55384615
378.2656879,22.13076923,16.88461538,14.9,11.33076923,8.253846154,15.66923077,19.35384615,21.92307692,15.46153846,22.73846154
378.4760458,23.83846154,19.11538462,24.2,24.25384615,24.58461538,21.58461538,22.84615385,12.29230769,15.61538462,11.99230769
378.6863922,14.38461538,12.85384615,21.5,15.43846154,19.13846154,20.82307692,29.86153846,15.66923077,18.03846154,30.18461538
378.8967271,20.6,14.23846154,17.83076923,21.66153846,21.61538462,29.20769231,30.44615385,21.74615385,21.03846154,15.86153846
379.1070505,20.71538462,19.91538462,13.50769231,16.46153846,22.12307692,24.03076923,23.20769231,18.56923077,13.56153846,25.63846154
379.3173624,29.98461538,38.21538462,21.65384615,18.65384615,22.73076923,24.70769231,26.25384615,25.49230769,15.69230769,24.38461538
379.5276628,29.98461538,16.05384615,16.56153846,14.56923077,15.8,16.67692308,15.79230769,17.86923077,16.76923077,21.68461538
379.7379517,23.61538462,29.45384615,22.93076923,14.62307692,26.33076923,26.18461538,33.84615385,15.11538462,19.85384615,26.07692308
379.9482291,20.34615385,19.30769231,10.44615385,19.86923077,13.09230769,27.05384615,18.54615385,18.5,6.9,18.31538462
380.158495,26.40769231,20.70769231,22.60769231,22.32307692,35.13076923,21.00769231,22.63846154,13.16153846,24.43076923,18.33846154
380.3687494,26.58461538,18.9,14.10769231,14.43076923,14.13076923,12.09230769,15.24615385,20.96923077,15.37692308,16.49230769
380.5789923,18.81538462,29.3,28.20769231,17.2,22.83076923,30.49230769,22.34615385,18.29230769,18.9,24.38461538
380.7892236,12.77692308,19.72307692,18.87692308,9.953846154,18.87692308,17.67692308,18.33846154,18.20769231,22.1,25.96153846
380.9994435,25,24.52307692,27.16153846,21.53076923,25.99230769,24.26923077,20.44615385,29.29230769,21.33846154,24.53846154
381.2096518,15.99230769,14.7,17,18.79230769,20.25384615,23.13846154,24.79230769,14.46153846,17.03846154,10.61538462
381.4198486,30.28461538,18.04615385,15.18461538,16.95384615,22.69230769,29.60769231,23.54615385,12.53846154,26.20769231,18.91538462
381.6300339,22.88461538,6.007692308,10.25384615,19.3,16.39230769,13.22307692,21.34615385,27.06923077,20.86153846,19.53846154
381.8402077,19.10769231,17.43076923,19.6,27.91538462,29.73846154,28.77692308,25.29230769,26.19230769,16.85384615,15.76923077
382.0503699,16.53076923,20.70769231,13.03076923,18.92307692,23.23076923,15.30769231,26.63846154,22.73846154,15.80769231,25.30769231
382.2605206,28.58461538,20.32307692,19.60769231,24.39230769,31.73076923,27.70769231,25.87692308,24.31538462,22.4,27.46153846
382.4706598,19.92307692,21.79230769,16.7,20.68461538,11.19230769,15.25384615,15.23846154,19.90769231,20.46153846,23.18461538
382.6807874,17.59230769,31.21538462,24.9,13.13846154,23.23076923,24.29230769,21.25384615,14.91538462,14.51538462,22.31538462
382.8909035,37.08461538,21.46923077,19.8,13.52307692,18.73076923,29.32307692,16.80769231,13.13076923,23.25384615,21.81538462
383.1010081,29.58461538,18.69230769,21.13076923,17.32307692,16.53076923,17.13846154,25.64615385,16.39230769,18.18461538,32.98461538
383.3111011,11.82307692,21.34615385,17.79230769,32.05384615,22.7,23.42307692,20.44615385,20.10769231,17.32307692,14.76923077
383.5211826,16.49230769,25.61538462,18.13846154,11.15384615,18.81538462,21.86153846,26.30769231,12.42307692,36.25384615,10.23076923
383.7312525,18.80769231,22.14615385,15.15384615,15.86153846,21.63846154,15.50769231,24.36153846,23.28461538,10.80769231,13.44615385
383.9413109,25.53846154,24.95384615,22.7,26.85384615,15.8,25.40769231,28.24615385,15.40769231,25.65384615,23.16153846
384.1513577,23.98461538,17.61538462,13.2,19.85384615,21.32307692,13.88461538,25.6,24.94615385,29.02307692,25.61538462
384.361393,27.31538462,21.51538462,16.90769231,26.99230769,21.23076923,30.00769231,22.72307692,19.70769231,27.36923077,25.88461538
384.5714167,25.08461538,20.91538462,23.3,17.4,20.86153846,9.530769231,21.04615385,20.65384615,11.9,23.21538462
384.7814289,18.72307692,18.14615385,22.80769231,18.66153846,17.03846154,25.35384615,27.04615385,13.88461538,15.70769231,30.58461538
384.9914295,23.80769231,18.31538462,15.2,17.8,23.75384615,20.57692308,23.76153846,11.40769231,13.53846154,21.96923077
385.2014185,22.82307692,12.87692308,22.4,19.9,25.03076923,28.26923077,35.24615385,24.09230769,26.45384615,25.38461538
385.411396,21.68461538,24.09230769,23.35384615,13.83076923,18.93076923,27.50769231,20.13846154,21.21538462,20.19230769,21.65384615
385.6213619,20.9,16.33846154,33.4,15.66923077,23.63076923,20.63076923,25.40769231,18.73846154,30.74615385,25.81538462
385.8313162,21.42307692,12.99230769,15.66923077,16.33076923,14.55384615,29.30769231,29.64615385,16.14615385,15.42307692,23.18461538
386.041259,26.02307692,20.98461538,22.66153846,21.33846154,29.43076923,21.60769231,19.16923077,21.86923077,19.04615385,28.38461538
386.2511902,18.87692308,13.17692308,16.93076923,16.89230769,15.76153846,12.74615385,13.26923077,15.39230769,23.10769231,21.36153846
386.4611098,25.2,33.8,20.50769231,31.3,26.89230769,25.80769231,27.20769231,16.96923077,18.11538462,18.74615385
386.6710178,21.00769231,21.42307692,22.3,17.59230769,19.43076923,20.03846154,19.89230769,11.70769231,25.02307692,22.15384615
386.8809142,26.58461538,25.93846154,21.41538462,14.98461538,19.4,19.77692308,24.09230769,18.67692308,19.35384615,17.13846154
387.0907991,27.20769231,10.97692308,9.769230769,12.26923077,16.20769231,14.39230769,34.02307692,13.34615385,19.2,16.96153846
387.3006723,30.18461538,30.71538462,21.33846154,21.80769231,27.67692308,19.30769231,26.04615385,29.29230769,17.4,24.06153846
387.510534,23.89230769,14.83076923,18.66153846,12.36923077,19.13846154,23.20769231,28.04615385,19.56923077,13.06153846,17.43846154
387.7203841,31.48461538,23.63076923,20.56153846,19.25384615,21.87692308,28.60769231,19.15384615,26.83846154,22.25384615,28.51538462
387.9302226,25.31538462,19.3,15.23846154,20.88461538,20.3,22.25384615,23.20769231,22.37692308,20.93846154,19.56923077
388.1400495,24.28461538,33.80769231,17.40769231,21.82307692,17.87692308,13.40769231,23.23846154,16.21538462,18.19230769,23.68461538
388.3498648,20.26923077,19.77692308,23.7,23.75384615,29.58461538,14.20769231,20.9,12.29230769,26.21538462,13.99230769
388.5596684,14.10769231,21.1,25.9,24.35384615,23.93076923,20.55384615,24.40769231,29.64615385,12.78461538,22.30769231
388.7694605,22.68461538,20.81538462,20.86153846,21.55384615,19.63846154,12.55384615,22.24615385,18.05384615,15.48461538,20.11538462
388.979241,24.08461538,36.31538462,26.3,28.29230769,24.55384615,22.53846154,23.51538462,23.57692308,17.23846154,24.18461538
389.1890099,15.74615385,32.51538462,18.61538462,19.5,12.99230769,19.27692308,22.14615385,26.64615385,20.16153846,25.78461538
389.3987671,17.40769231,13.14615385,20.70769231,27.65384615,24.83846154,12.25384615,36.34615385,28.33846154,18.75384615,19.23846154
389.6085127,21.00769231,18.92307692,20.55384615,12.90769231,21.35384615,15.43846154,20.23846154,19.05384615,10.22307692,17.76153846
389.8182468,38.98461538,16.43076923,28.33846154,15.83076923,19.79230769,13.76153846,31.24615385,16.50769231,15.56923077,33.08461538
390.0279692,18.48461538,14.64615385,25.90769231,14.04615385,19.73846154,14.79230769,23.13846154,11,17.09230769,12.8
390.2376799,27.88461538,25.52307692,23.5,23.79230769,20.23076923,26.29230769,25.96153846,14.63846154,27.95384615,26.58461538
390.4473791,21.37692308,23.61538462,23.78461538,18.93846154,15.45384615,17.53846154,19.72307692,10,13.20769231,19.16153846
390.6570666,17.53076923,25.11538462,24.63846154,21.86153846,23.49230769,22.82307692,19.57692308,29.09230769,18.83846154,23.89230769
390.8667425,18.12307692,20.2,24.4,19.85384615,17.17692308,22.70769231,22.16923077,20.19230769,11.76153846,21.28461538
391.0764068,21,19.93076923,14.04615385,12.45384615,24.19230769,26.35384615,22.17692308,16.96923077,18.36923077,13.36923077
391.2860594,25.73846154,23.41538462,19.7,26.25384615,26.93846154,20.97692308,16.50769231,18.26923077,16.73846154,33.68461538
391.4957004,24.41538462,16.37692308,19.57692308,20.22307692,32.33846154,30.40769231,18.36153846,17.49230769,22.02307692,25.94615385
391.7053298,20.78461538,20.85384615,15.14615385,13.16153846,15.23076923,20.16153846,20.31538462,22.69230769,15.69230769,14.36153846
391.9149475,34.28461538,29.62307692,22.40769231,25.36153846,23.86153846,27.60769231,27.64615385,29.19230769,28.96153846,21.38461538
392.1245536,17.3,13.71538462,13.96923077,25.13076923,18.37692308,17.12307692,17.00769231,20.89230769,28.93846154,25.08461538
392.334148,34.08461538,27.91538462,21.57692308,17.00769231,20.09230769,23.03846154,22.30769231,21.87692308,22.06923077,27.38461538
392.5437308,23.20769231,27.61538462,24.00769231,19.59230769,35.93846154,16.27692308,18.06153846,22.33846154,23.23076923,19.81538462
392.7533019,20.76923077,18.11538462,18.58461538,16.8,23.83076923,21.32307692,19.16153846,15.94615385,24.50769231,26.08461538
392.9628614,25.05384615,14.6,18.36923077,14.73076923,20.13846154,16.75384615,20.89230769,15.07692308,18.02307692,17.62307692
393.1724092,23.21538462,27.29230769,20.5,27.93076923,22.48461538,33.70769231,20.26923077,25.09230769,10.91538462,11.56923077
393.3819454,15.06153846,16.67692308,17.55384615,14.12307692,17.79230769,19.26153846,16.79230769,19.90769231,21.13846154,19.06153846
393.5914699,27.08461538,32.65384615,16.74615385,21.7,29.09230769,24.70769231,40.34615385,21.89230769,22.06153846,15.96923077
393.8009827,26.4,32.01538462,15.83076923,17.19230769,18.91538462,17.20769231,17.74615385,18.13846154,13.44615385,18.13846154
394.0104839,28.47692308,25.91538462,24,22.95384615,23.97692308,24.40769231,23.47692308,33.29230769,25.15384615,30.88461538
394.2199734,26.04615385,30.91538462,20.63076923,26.05384615,18.49230769,16.07692308,22.13846154,22.7,21.45384615,16.68461538
394.4294512,28.68461538,16.51538462,17.79230769,25.42307692,16.63076923,28.60769231,24.66153846,16.80769231,15.44615385,26.68461538
394.6389174,10.91538462,23.51538462,17.43076923,14.66923077,12.62307692,13.84615385,17.87692308,17.70769231,12.81538462,19.62307692
394.8483719,17.98461538,24.41538462,21.29230769,19.9,15.39230769,26.34615385,32.14615385,16.39230769,24.73846154,26.88461538
395.0578147,16.48461538,24.83846154,21.1,11.36923077,27.15384615,21.30769231,19.33846154,9.938461538,14.36153846,20.26153846
395.2672458,26.28461538,25.91538462,27.37692308,21.65384615,28.43846154,31.20769231,26.57692308,16.94615385,38.15384615,28.41538462
395.4766652,22.3,17.24615385,12.33076923,19.18461538,23.76153846,15.83846154,27.5,17.3,19.12307692,13.76153846
395.686073,30.48461538,30.01538462,27.9,13.43076923,29.63846154,27.00769231,21.46153846,24.49230769,18.12307692,28.03846154
395.8954691,23.01538462,23.22307692,20.42307692,26.25384615,32.63076923,21.25384615,29.04615385,24.29230769,23.78461538,19.79230769
396.1048535,24.3,25.85384615,19.5,29.05384615,29.19230769,20.66153846,20.9,28.93846154,25.90769231,24.63846154
396.3142262,24.85384615,21.21538462,24.43076923,18.9,14.42307692,30.83846154,17.6,10.06923077,14.05384615,31.68461538
396.5235872,20.87692308,23.04615385,28.35384615,21.55384615,32.33076923,25.17692308,24.26153846,26.99230769,21.25384615,18.1
396.7329365,27.49230769,18.76153846,20.6,15.13076923,22.73846154,23.07692308,17.18461538,19.92307692,21.71538462,27.71538462
396.9422741,36.48461538,33,15.50769231,24.65384615,30.53076923,36.60769231,29.12307692,20.73846154,21.86153846,17.86153846
397.1516,21.13846154,18.39230769,16.8,21.8,18.19230769,25.30769231,18.04615385,19.79230769,13.31538462,30.98461538
397.3609142,28.05384615,20.12307692,18.48461538,20.52307692,30.59230769,28.67692308,33.64615385,33.56923077,20.61538462,26.88461538
397.5702167,25.36923077,18.00769231,24.98461538,26.15384615,19.93076923,18.63846154,17.59230769,21.29230769,20.45384615,25.11538462
397.7795074,15.26923077,26.21538462,23.08461538,25.02307692,16.73846154,20.43846154,27.10769231,12.09230769,21.21538462,10.91538462
397.9887865,31.48461538,18.61538462,18.69230769,19.59230769,18.53076923,44.30769231,15.03846154,15.81538462,19.85384615,24.33076923
398.1980539,33.49230769,22.01538462,30,23.15384615,20.79230769,29.20769231,35.84615385,28.16923077,22.75384615,27.28461538
398.4073095,17.54615385,19.75384615,20.45384615,17.83846154,16.76153846,23.90769231,30.34615385,15.06153846,19.46923077,10.57692308
398.6165534,38.58461538,21.83846154,29.8,18.66153846,27.43076923,30.40769231,25.74615385,22.09230769,27.53846154,29.41538462
398.8257856,27.82307692,24.5,27.2,14.53076923,26.79230769,18.48461538,26.20769231,12.55384615,24.90769231,13.5
399.0350061,21.03846154,24.02307692,19.77692308,9.784615385,31.13076923,22.63846154,23.44615385,25.83846154,25.96923077,35.78461538
399.2442149,17.26153846,17.06923077,20.36153846,21.39230769,11.44615385,32.23846154,32.24615385,14.60769231,15.72307692,17.63076923
399.4534119,27.08461538,21.61538462,23.56153846,22.77692308,19.15384615,21.37692308,24.25384615,20.93076923,21.14615385,34.18461538
399.6625972,18.72307692,22.16153846,22.5,27.89230769,15.6,19.68461538,25.08461538,18.93846154,22.66153846,20.80769231
399.8717707,26.46153846,31.2,36.9,22.6,25.46923077,32.67692308,39.37692308,21.33846154,27.01538462,28.01538462
400.0809326,17.58461538,26.23846154,13.99230769,25.22307692,22.93076923,28.07692308,21.84615385,20.43846154,11.87692308,20.91538462
400.2900827,29.98461538,26.21538462,26.9,32.15384615,20.63846154,26.70769231,25.43846154,27.59230769,23.53846154,30.78461538
400.499221,24.9,11.64615385,16.46923077,8.792307692,14.73846154,24.10769231,16.43846154,15.66923077,28.84615385,23.28461538
400.7083476,23.89230769,24.91538462,31,29.35384615,32.93076923,21.03846154,30.17692308,21.47692308,20.80769231,25.31538462
400.9174625,24.33076923,23.71538462,19.1,14.32307692,21.89230769,27.00769231,22.94615385,8.592307692,18.3,24.26153846
401.1265656,28.43846154,20.22307692,21.11538462,20.55384615,26.75384615,30.00769231,30.04615385,26.87692308,23.43846154,22.43846154
401.3356569,26.13076923,31.61538462,21.3,22.62307692,20.27692308,10.65384615,15.96153846,16.89230769,14.87692308,25.38461538
401.5447366,29.38461538,19.20769231,21.30769231,16.02307692,29.43076923,27.00769231,36.04615385,32.59230769,34.25384615,28.36153846
401.7538044,24.00769231,21.73076923,19.03076923,13.55384615,18.19230769,22.56153846,18.74615385,19.49230769,26.09230769,26.38461538
401.9628605,29.4,31.20769231,24.70769231,28.55384615,29.63076923,27.20769231,20.34615385,35.29230769,28.55384615,21.36153846
402.1719048,20.68461538,25.70769231,15.83846154,10.22307692,30.53076923,28.60769231,27.1,15.58461538,22.75384615,20.80769231
402.3809374,37.58461538,21.33846154,16.93846154,15,23.23076923,29.97692308,19.46153846,21.11538462,27.34615385,39.38461538
402.5899582,26.68461538,23.6,22.08461538,30.69230769,20.38461538,22.70769231,34.34615385,21.22307692,24.42307692,20.61538462
402.7989673,41.08461538,20.25384615,24.25384615,29.49230769,26.53076923,27.53846154,27.67692308,19.16923077,21.75384615,24.74615385
403.0079646,26.81538462,18.86923077,20.57692308,15.63846154,32.33076923,25.00769231,19.13846154,18.47692308,25.22307692,23.86153846
403.2169501,26.28461538,21.40769231,17.50769231,27.22307692,30.53076923,28.70769231,32.84615385,28.09230769,18.15384615,40.88461538
403.4259238,30.72307692,24.35384615,26.43076923,31.95384615,20.62307692,21.50769231,32.70769231,20.96923077,17.47692308,33.48461538
403.6348857,32.28461538,34.21538462,33.7,17.48461538,25.13846154,27.77692308,33.63846154,30.29230769,29.29230769,22.19230769
403.8438359,22.48461538,27.90769231,23.08461538,17.7,31.03846154,22.65384615,20.92307692,20.89230769,25.45384615,23.66153846
404.0527743,33.38461538,31.11538462,18.90769231,29.89230769,24.43846154,29.70769231,24.46153846,32.49230769,24.19230769,21.08461538
404.2617009,19.43076923,26.71538462,25.20769231,9.476923077,22.03076923,17.43846154,30.39230769,30.16923077,25.38461538,26.99230769
404.4706157,30.81538462,29.01538462,25.90769231,31.36153846,28.13076923,30.89230769,25.51538462,29.99230769,20.13846154,28.00769231
404.6795188,31.66923077,25.34615385,20.38461538,19.79230769,20.33076923,23.53846154,26.34615385,21.49230769,19.96153846,28.78461538
404.88841,24.08461538,22.15384615,28.10769231,18,22.69230769,29.60769231,39.04615385,28.16923077,17.06153846,33.10769231
405.0972895,26.88461538,19.51538462,18.7,14.10769231,20.93076923,34.97692308,26.85384615,18.32307692,23.39230769,16.14615385
405.3061571,34.18461538,33.01538462,25.10769231,27.6,29.43076923,25.27692308,36.74615385,32.79230769,17.25384615,43.18461538
405.515013,30.98461538,24.31538462,22.45384615,19.26153846,26.03076923,28.60769231,29.86153846,24.43846154,22.63846154,31.88461538
405.723857,31.40769231,31.11538462,31,29.19230769,30.85384615,33.90769231,35.66153846,24.24615385,27.76923077,25.48461538
405.9326893,25.00769231,30.51538462,20.93076923,25.58461538,24.03076923,30.13846154,28.94615385,21.09230769,23.20769231,31.58461538
406.1415097,44.68461538,32.74615385,25.60769231,26.28461538,28.59230769,32.70769231,37.84615385,26.69230769,33.30769231,34.08461538
406.3503183,19.61538462,28.61538462,26.2,25.12307692,24.73076923,34.90769231,30.14615385,30.79230769,28.85384615,25.21538462
406.5591152,40.2,38.01538462,36,19.95384615,44.03076923,26.50769231,31.64615385,33.69230769,27.82307692,32.08461538
406.7679002,23.26153846,33.81538462,25.70769231,21.36923077,26.29230769,30.30769231,24.46153846,34.09230769,30.96153846,35.91538462
406.9766734,38.28461538,33.02307692,42.5,33.75384615,46.73076923,34.70769231,31.64615385,38.99230769,36.25384615,24.38461538
407.1854348,26.98461538,35.61538462,27.47692308,23.75384615,33.33076923,19.70769231,34.24615385,27.61538462,37.35384615,37.96153846
407.3941843,26.41538462,31.70769231,28.6,30.66153846,34.19230769,32.70769231,23.9,28.39230769,28.64615385,19.91538462
407.6029221,32.88461538,33.51538462,35.1,26.25384615,34.73076923,25.35384615,24.50769231,34.49230769,25.07692308,28.41538462
407.811648,31.2,45.51538462,32.8,44.85384615,29.15384615,45.30769231,43.54615385,25.29230769,37.85384615,36.28461538
408.0203621,36.98461538,30.91538462,35.5,35.29230769,36.93076923,33.90769231,35.24615385,26.40769231,39.76923077,24.16153846
408.2290643,36.88461538,35.60769231,34.1,35.05384615,37.83076923,29.00769231,35.94615385,29.39230769,39.35384615,34.68461538
408.4377547,36.90769231,38.05384615,25.30769231,25.65384615,28.73076923,34.80769231,42.54615385,38.99230769,31.90769231,32.58461538
408.6464333,36.28461538,41.71538462,35.9,38.42307692,37.33076923,43.00769231,43.34615385,29.49230769,34.65384615,34.88461538
408.8551001,39.62307692,38.31538462,25.7,26.55384615,38.43076923,38.20769231,32.54615385,28.19230769,41.45384615,34.51538462
409.063755,39.78461538,31.7,37.3,36.85384615,47.23076923,38.83846154,47.64615385,38.89230769,48.35384615,34.88461538
409.2723981,41.48461538,40.91538462,20.2,31.55384615,39.43076923,38.60769231,35.34615385,41.29230769,27.82307692,44.68461538
409.4810293,50.88461538,34.30769231,41.2,34.45384615,38.23076923,34.40769231,47.04615385,46.89230769,42.85384615,53.58461538
409.6896487,33.48461538,41.11538462,38.2,35.08461538,43.53076923,50.00769231,34.34615385,39.19230769,29.35384615,37.18461538
409.8982562,46.78461538,44.91538462,43.2,49.15384615,43.63076923,51.70769231,46.14615385,40.69230769,45.65384615,49.38461538
410.1068519,41.88461538,37.41538462,40.2,53.55384615,42.33076923,46.80769231,49.94615385,48.29230769,51.25384615,45.68461538
410.3154357,49.95384615,42.61538462,42.47692308,40.22307692,48.03076923,40.80769231,49.14615385,44.69230769,43.15384615,56.68461538
410.5240077,41.38461538,38.51538462,37.6,41.55384615,42.03076923,50.40769231,54.34615385,53.19230769,45.55384615,37.48461538
410.7325678,47.7,46.61538462,58.9,36.95384615,55.33076923,48.60769231,57.94615385,51.99230769,46.45384615,61.58461538
410.941116,51.18461538,55.11538462,56.8,35.95384615,55.53076923,48.50769231,48.84615385,45.59230769,46.45384615,49.28461538
411.1496524,58.08461538,58.71538462,56.1,65.75384615,59.13076923,61.40769231,60.44615385,49.19230769,70.35384615,57.68461538
411.3581769,59.88461538,54.61538462,50.5,51.55384615,55.93076923,48.70769231,57.74615385,60.89230769,52.05384615,52.98461538
411.5666896,63.28461538,44.41538462,63.6,62.95384615,68.33076923,64.50769231,61.24615385,55.69230769,74.55384615,70.08461538
411.7751904,62.08461538,43.81538462,51.6,53.15384615,55.83076923,64.00769231,70.84615385,45.09230769,62.25384615,57.78461538
411.9836793,67.88461538,64.21538462,59.9,62.35384615,63.53076923,65.90769231,65.84615385,76.89230769,63.85384615,63.78461538
412.1921563,72.88461538,65.91538462,57.7,71.45384615,61.33076923,74.40769231,81.64615385,73.79230769,60.65384615,55.58461538
412.4006215,68.58461538,63.21538462,73.9,74.35384615,62.63076923,70.20769231,71.54615385,65.39230769,69.55384615,75.88461538
412.6090747,66.68461538,81.21538462,76.4,62.65384615,71.33076923,71.60769231,70.84615385,73.19230769,66.85384615,79.38461538
412.8175161,87.78461538,66.51538462,85.7,73.65384615,70.23076923,76.10769231,73.44615385,71.79230769,91.75384615,83.28461538
413.0259456,68.48461538,63.11538462,64.2,62.95384615,79.03076923,68.70769231,74.74615385,70.99230769,73.05384615,68.78461538
413.2343632,82.68461538,81.11538462,73.2,77.15384615,74.03076923,77.30769231,86.94615385,86.29230769,84.35384615,100.3846154
413.442769,81.78461538,68.81538462,70.7,75.75384615,77.33076923,81.20769231,68.44615385,82.09230769,72.85384615,86.38461538
413.6511628,90.88461538,76.21538462,80,77.15384615,87.13076923,78.80769231,84.24615385,87.89230769,81.95384615,79.18461538
413.8595447,88.38461538,83.61538462,73.3,86.15384615,75.63076923,81.20769231,92.34615385,81.89230769,98.35384615,98.38461538
414.0679148,100.9846154,95.61538462,92.5,86.05384615,99.53076923,101.5076923,96.34615385,97.99230769,104.3538462,104.3846154
414.2762729,95.88461538,91.31538462,85.7,89.45384615,92.43076923,95.10769231,103.7461538,100.5923077,100.0538462,107.5846154
414.4846191,107.4846154,102.6153846,90.6,92.55384615,99.23076923,100.1076923,105.7461538,96.19230769,99.75384615,104.1846154
414.6929535,97.58461538,106.4153846,102.4,94.25384615,98.83076923,108.8076923,102.9461538,110.3923077,101.4538462,109.4846154
414.9012759,117.1846154,111.9153846,117.8,101.6538462,110.2307692,120.2076923,110.5461538,101.1923077,102.4538462,103.3846154
415.1095864,121.0846154,99.31538462,97.7,99.65384615,102.1307692,116.0076923,114.4461538,114.8923077,109.2538462,102.5846154
415.317885,97.98461538,108.0153846,116.7,101.3538462,105.3307692,103.2076923,127.2461538,112.7923077,123.0538462,110.2846154
415.5261717,119.2846154,107.1153846,120.8,110.9538462,116.5307692,108.7076923,118.7461538,114.7923077,110.5538462,117.9846154
415.7344465,123.8846154,126.3153846,121.5,120.8538462,113.7307692,117.1076923,128.6461538,110.4923077,122.6538462,126.7846154
415.9427093,132.0846154,113.5153846,120.8,128.6538462,125.8307692,137.8076923,134.2461538,114.8923077,130.4538462,112.7846154
416.1509603,141.3846154,136.7153846,131.5,132.1538462,130.4307692,127.1076923,133.6461538,141.2923077,143.0538462,126.4846154
416.3591993,130.2846154,130.1153846,127.6,133.4538462,122.3307692,128.0076923,130.1461538,132.8923077,124.9538462,136.8846154
416.5674264,146.9846154,142.8153846,139.7,130.5538462,124.4307692,144.6076923,144.2461538,138.1923077,129.3538462,149.3846154
416.7756415,150.0846154,131.1153846,135.1,140.2538462,142.3307692,137.6076923,143.9461538,145.8923077,146.4538462,142.1846154
416.9838447,145.7846154,151.7153846,156.6,147.0538462,148.4307692,155.0076923,152.9461538,155.0923077,159.7538462,159.1846154
417.192036,152.1846154,142.8153846,132.3,144.9538462,154.0307692,159.6076923,154.0461538,155.5923077,149.9538462,162.7846154
417.4002154,156.5846154,150.4153846,151.9,151.7538462,165.5307692,167.7076923,156.4461538,151.0923077,155.3538462,155.1846154
417.6083828,167.8846154,158.6153846,160.5,145.8538462,148.6307692,155.4076923,159.5461538,148.6923077,158.8538462,155.4846154
417.8165383,178.9846154,164.9153846,163.4,164.7538462,167.2307692,175.4076923,175.6461538,173.3923077,160.0538462,171.5846154
418.0246818,180.3846154,174.4153846,169.9,162.9538462,160.2307692,172.5076923,174.9461538,175.0923077,175.0538462,180.1846154
418.2328134,185.4846154,174.4153846,180.6,181.6538462,180.5307692,181.8076923,190.7461538,187.4923077,178.7538462,184.9846154
418.440933,170.4846154,171.9153846,180.8,178.9538462,182.3307692,186.2076923,170.4461538,190.3923077,173.7538462,180.9846154
418.6490407,194.1846154,189.5153846,194.3,181.5538462,191.9307692,186.1076923,183.6461538,190.9923077,195.1538462,192.3846154
418.8571364,202.1846154,201.5153846,192.6,192.6538462,192.1307692,206.4076923,202.7461538,219.3923077,202.2538462,202.8846154
419.0652202,206.0846154,196.5153846,208.1,207.8538462,197.8307692,208.6076923,200.6461538,200.9923077,214.3538462,204.7846154
419.273292,199.6846154,201.8153846,203.3,207.8538462,197.7307692,209.0076923,207.4461538,199.0923077,197.4538462,209.1846154
419.4813519,220.9846154,212.8153846,211.3,206.2538462,217.1307692,216.1076923,218.5461538,213.5923077,215.7538462,224.7846154
419.6893998,223.7846154,230.5153846,212.2,228.4538462,217.9307692,228.8076923,227.5461538,225.2923077,228.5538462,232.4846154
419.8974357,249.1846154,227.9153846,231.1,225.7538462,233.8307692,249.7076923,232.1461538,234.3923077,231.7538462,224.3846154
420.1054597,242.7846154,236.3153846,221.7,240.5538462,232.4307692,215.9076923,241.0461538,238.5923077,233.3538462,238.7846154
420.3134716,251.2846154,233.9153846,239.7,243.9538462,245.8307692,258.1076923,256.8461538,235.1923077,251.7538462,229.6846154
420.5214717,255.0846154,231.9153846,244.7,244.7538462,249.3307692,258.3076923,259.9461538,241.2923077,263.2538462,260.5846154
420.7294597,251.0846154,241.2153846,248.5,261.8538462,243.3307692,256.4076923,258.3461538,263.0923077,259.3538462,259.1846154
420.9374358,279.5846154,259.2153846,272.2,265.9538462,269.7307692,272.4076923,265.4461538,257.2923077,266.7538462,274.5846154
421.1453999,293.4846154,278.1153846,280.6,283.4538462,283.9307692,281.0076923,281.6461538,287.3923077,289.9538462,279.8846154
421.353352,275.8846154,269.5153846,282.2,288.6538462,286.2307692,281.2076923,286.4461538,281.4923077,281.9538462,281.1846154
421.5612921,303.7846154,303.1153846,297.6,293.1538462,301.7307692,298.1076923,299.1461538,294.1923077,297.9538462,307.4846154
421.7692202,302.8846154,297.8153846,298.9,288.3538462,297.9307692,304.8076923,302.4461538,315.9923077,307.9538462,308.0846154
421.9771364,327.7846154,313.8153846,311.8,317.8538462,323.6307692,323.7076923,330.0461538,316.4923077,323.5538462,327.7846154
422.1850405,310.3846154,312.5153846,306.3,302.6538462,304.5307692,312.4076923,302.7461538,313.3923077,317.4538462,315.9846154
422.3929327,359.1846154,331.2153846,336.6,327.0538462,333.9307692,346.6076923,339.6461538,335.5923077,350.4538462,334.2846154
422.6008128,354.8846154,340.9153846,342.8,344.1538462,349.7307692,352.2076923,349.7461538,340.6923077,361.2538462,348.5846154
422.808681,361.5846154,354.4153846,352.6,350.6538462,353.9307692,354.6076923,350.4461538,354.6923077,360.7538462,357.4846154
423.0165371,351.2846154,342.4153846,348.9,348.2538462,351.6307692,351.1076923,356.4461538,352.0923077,367.5538462,352.4846154
423.2243813,390.2846154,363.8153846,364.1,354.8538462,380.1307692,381.5076923,374.7461538,357.0923077,381.1538462,378.8846154
423.4322135,402.1846154,384.3153846,380.2,387.0538462,384.4307692,381.8076923,396.1461538,390.1923077,388.7538462,391.3846154
423.6400336,405.9846154,367.7153846,374.7,377.6538462,387.2307692,380.3076923,402.5461538,380.0923077,397.7538462,392.5846154
423.8478417,422.3846154,413.5153846,417.9,416.0538462,418.9307692,411.0076923,432.9461538,416.1923077,429.5538462,419.1846154
424.0556378,413.8846154,399.1153846,407.8,396.1538462,410.6307692,394.1076923,408.5461538,397.6923077,414.6538462,412.8846154
424.2634219,459.5846154,437.6153846,431.8,432.6538462,425.1307692,443.1076923,450.0461538,449.9923077,436.4538462,447.3846154
424.471194,448.8846154,446.2153846,434.5,437.4538462,443.0307692,430.7076923,461.9461538,440.8923077,447.4538462,449.9846154
424.6789541,453.8846154,450.1153846,435.4,448.9538462,441.6307692,461.6076923,444.9461538,463.1923077,440.9538462,459.8846154
424.8867021,476.3846154,476.9153846,462.3,473.8538462,482.8307692,471.7076923,483.0461538,468.7923077,462.6538462,468.0846154
425.0944381,489.6846154,496.6153846,490.2,475.2538462,488.3307692,491.9076923,489.6461538,496.2923077,490.4538462,498.0846154
425.3021621,508.1846154,487.3153846,503.7,499.2538462,504.1307692,501.7076923,498.1461538,492.5923077,486.6538462,492.1846154
425.5098741,529.5846154,499.2153846,513.6,514.4538462,502.7307692,502.4076923,512.2461538,523.2923077,516.5538462,498.2846154
425.717574,537.6846154,535.1153846,531.7,520.0538462,538.0307692,523.5076923,532.7461538,526.3923077,524.0538462,541.7846154
425.9252619,549.8846154,545.2153846,529.2,529.1538462,528.3307692,547.7076923,545.6461538,527.9923077,536.0538462,525.4846154
426.1329377,564.7846154,549.6153846,540.2,560.9538462,554.5307692,571.8076923,566.3461538,555.2923077,561.3538462,556.6846154
426.3406015,587.9846154,565.4153846,564.8,566.9538462,581.2307692,576.1076923,583.5461538,579.4923077,596.4538462,587.2846154
426.5482533,620.8846154,606.9153846,613.2,606.2538462,615.4307692,622.9076923,624.3461538,605.9923077,621.5538462,620.9846154
426.755893,630.0846154,618.3153846,614.3,601.2538462,615.4307692,617.8076923,627.2461538,616.1923077,629.2538462,620.5846154
426.9635207,641.0846154,634.4153846,639.7,629.4538462,621.0307692,647.3076923,636.7461538,636.8923077,632.7538462,631.5846154
427.1711363,666.0846154,641.1153846,653.3,654.0538462,657.3307692,669.6076923,663.7461538,665.0923077,663.1538462,658.9846154
427.3787399,693.1846154,691.9153846,682.3,685.9538462,701.6307692,696.8076923,695.7461538,698.6923077,690.4538462,691.1846154
427.5863314,701.5846154,683.0153846,681.3,669.2538462,682.1307692,694.1076923,700.5461538,668.8923077,696.6538462,695.1846154
427.7939109,736.4846154,727.3153846,723,726.2538462,712.6307692,723.4076923,734.4461538,739.1923077,728.6538462,729.1846154
428.0014783,767.8846154,739.2153846,752.1,749.3538462,762.8307692,763.2076923,759.5461538,764.8923077,775.5538462,756.6846154
428.2090336,805.5846154,787.6153846,792.5,796.4538462,783.7307692,799.0076923,799.9461538,805.7923077,802.3538462,803.3846154
428.4165769,792.6846154,775.1153846,768,770.7538462,773.8307692,791.1076923,782.9461538,786.4923077,776.0538462,777.0846154
428.6241081,825.0846154,813.4153846,816.8,829.9538462,835.8307692,834.2076923,848.1461538,820.8923077,821.7538462,840.4846154
428.8316272,831.9846154,836.1153846,837.3,824.4538462,849.7307692,843.2076923,816.8461538,835.4923077,826.5538462,834.0846154
429.0391343,854.2846154,840.5153846,835.1,835.0538462,837.1307692,837.3076923,841.2461538,828.0923077,828.8538462,834.5846154
429.2466293,852.7846154,842.7153846,834.1,848.9538462,832.0307692,841.7076923,841.8461538,843.5923077,860.5538462,846.8846154
429.4541122,934.3846154,903.6153846,915.1,903.4538462,929.2307692,917.9076923,922.4461538,910.0923077,931.1538462,922.9846154
429.661583,988.5846154,958.6153846,971.8,965.1538462,968.0307692,982.1076923,975.8461538,975.0923077,962.5538462,975.0846154
429.8690418,932.0846154,920.7153846,935,934.8538462,927.3307692,942.1076923,946.5461538,938.0923077,941.4538462,943.7846154
430.0764885,984.1846154,994.2153846,989,977.1538462,992.2307692,997.3076923,1012.346154,1001.292308,1008.453846,1025.284615
430.283923,991.6846154,955.2153846,953.6,974.0538462,964.0307692,980.1076923,964.9461538,961.2923077,976.6538462,977.9846154
430.4913455,1030.784615,1021.015385,1024,1014.853846,998.2307692,1006.007692,1016.346154,1014.992308,1022.453846,1040.484615
430.6987559,1109.184615,1080.415385,1083.4,1093.953846,1080.030769,1102.507692,1101.846154,1084.592308,1098.053846,1099.984615
430.9061543,1103.584615,1078.015385,1087.2,1081.753846,1097.430769,1092.207692,1088.146154,1104.992308,1101.453846,1081.884615
431.1135405,1106.684615,1091.915385,1111.7,1114.553846,1117.030769,1102.707692,1124.346154,1121.692308,1102.353846,1098.484615
431.3209146,1162.384615,1135.015385,1154.9,1132.953846,1144.730769,1144.307692,1153.346154,1139.892308,1152.753846,1148.484615
431.5282766,1165.884615,1186.015385,1175.8,1182.453846,1181.930769,1207.207692,1197.746154,1179.492308,1190.753846,1195.284615
431.7356265,1256.484615,1256.915385,1232.8,1251.753846,1284.730769,1248.007692,1244.246154,1268.592308,1270.453846,1252.984615
431.9429643,1308.984615,1302.815385,1297.7,1298.553846,1300.730769,1323.207692,1309.546154,1294.792308,1295.853846,1319.784615
432.15029,1304.484615,1273.915385,1296.2,1295.853846,1286.030769,1290.407692,1287.146154,1270.892308,1290.953846,1315.784615
432.3576036,1310.684615,1311.915385,1293.6,1311.753846,1297.530769,1284.907692,1292.146154,1305.092308,1312.653846,1317.784615
432.5649051,1403.284615,1376.015385,1371.7,1372.453846,1388.830769,1376.107692,1407.246154,1387.292308,1375.353846,1383.084615
432.7721945,1427.684615,1424.615385,1398.9,1399.953846,1433.330769,1401.607692,1409.046154,1421.892308,1403.153846,1389.284615
432.9794717,1469.484615,1471.315385,1469.2,1455.853846,1459.330769,1470.007692,1472.546154,1471.292308,1480.153846,1461.184615
433.1867368,1512.784615,1512.015385,1499,1489.253846,1512.930769,1486.907692,1510.346154,1497.592308,1506.453846,1512.384615
433.3939898,1530.584615,1518.815385,1517.1,1519.653846,1509.230769,1527.507692,1523.846154,1518.792308,1537.253846,1533.984615
433.6012307,1637.384615,1646.315385,1662.8,1638.953846,1648.330769,1639.207692,1637.546154,1631.292308,1637.253846,1631.684615
433.8084595,1655.084615,1659.215385,1646.1,1658.253846,1663.830769,1663.407692,1668.146154,1666.892308,1676.553846,1660.584615
434.0156761,1655.084615,1655.615385,1632.7,1664.953846,1659.830769,1671.907692,1681.646154,1664.292308,1658.453846,1669.884615
434.2228806,1719.684615,1718.715385,1728,1737.153846,1749.930769,1721.307692,1753.946154,1737.892308,1727.453846,1743.884615
434.4300729,1875.184615,1846.515385,1854.4,1853.753846,1859.930769,1857.407692,1848.546154,1844.292308,1868.553846,1842.084615
434.6372532,1816.284615,1842.015385,1838.2,1814.453846,1823.830769,1847.207692,1827.846154,1836.092308,1850.753846,1838.784615
434.8444212,1965.484615,1958.815385,1947.7,1958.653846,1944.530769,1960.207692,1956.546154,1970.692308,1989.653846,1958.184615
435.0515772,1991.084615,1991.715385,1968.9,1993.953846,1980.130769,2013.207692,1968.846154,1977.892308,1971.353846,1983.684615
435.258721,1986.784615,1995.115385,1978.6,1991.553846,2000.430769,1996.307692,2004.846154,2015.092308,1979.753846,2015.584615
435.4658526,2032.284615,2028.315385,2035.5,2020.653846,2045.430769,2043.007692,2040.746154,2032.292308,2026.753846,2029.784615
435.6729721,2045.484615,2049.515385,2030.3,2036.853846,2032.030769,2044.007692,2049.846154,2079.892308,2061.353846,2053.384615
435.8800795,2157.884615,2150.515385,2154.7,2136.453846,2139.930769,2156.807692,2156.646154,2140.292308,2161.553846,2152.584615
436.0871747,2294.284615,2272.715385,2273.5,2267.253846,2283.530769,2282.207692,2270.146154,2290.092308,2288.053846,2269.384615
436.2942577,2340.084615,2325.815385,2340,2344.053846,2320.030769,2326.507692,2333.646154,2323.392308,2344.253846,2341.384615
436.5013286,2333.284615,2322.415385,2323.5,2323.553846,2318.530769,2325.507692,2312.546154,2304.192308,2314.453846,2312.784615
436.7083873,2344.384615,2372.615385,2351.8,2353.553846,2349.530769,2354.707692,2346.646154,2351.392308,2358.553846,2350.784615
436.9154338,2454.484615,2468.315385,2461.2,2464.253846,2453.130769,2462.707692,2471.046154,2440.092308,2460.253846,2458.384615
437.1224682,2563.484615,2567.915385,2556.7,2575.653846,2564.530769,2555.007692,2563.246154,2573.892308,2560.153846,2556.284615
437.3294904,2591.384615,2593.915385,2581.6,2588.353846,2585.330769,2609.707692,2589.946154,2567.792308,2569.553846,2588.584615
437.5365005,2709.684615,2750.315385,2740.2,2748.653846,2755.230769,2735.107692,2733.346154,2723.192308,2727.853846,2749.984615
437.7434984,2770.484615,2782.215385,2811.9,2806.653846,2794.330769,2795.607692,2786.146154,2753.592308,2759.753846,2781.784615
437.9504841,2757.184615,2776.915385,2785.8,2783.653846,2766.530769,2759.007692,2758.246154,2771.992308,2771.353846,2783.884615
438.1574576,2964.084615,2973.115385,2958.9,2946.453846,2955.130769,2935.307692,2932.546154,2955.592308,2924.753846,2921.784615
438.3644189,3108.484615,3099.015385,3077.2,3091.153846,3074.930769,3082.307692,3095.046154,3086.992308,3037.953846,3068.484615
438.5713681,3128.084615,3139.415385,3146.8,3127.453846,3148.030769,3125.707692,3144.746154,3161.392308,3134.953846,3107.484615
438.7783051,3163.384615,3192.615385,3178.7,3171.053846,3149.130769,3146.407692,3173.446154,3173.592308,3175.253846,3162.484615
438.9852298,3387.284615,3383.615385,3411.2,3404.253846,3375.530769,3371.407692,3384.346154,3381.192308,3384.953846,3395.084615
439.1921424,3361.684615,3378.315385,3383.1,3360.353846,3367.030769,3364.907692,3358.346154,3329.292308,3328.253846,3359.484615
439.3990428,3479.984615,3540.215385,3531.1,3528.753846,3506.830769,3508.607692,3511.946154,3487.292308,3493.753846,3477.584615
439.6059311,3481.184615,3482.515385,3474.4,3503.553846,3510.430769,3505.207692,3477.346154,3486.392308,3468.553846,3475.084615
439.8128071,3722.984615,3747.715385,3746.1,3726.753846,3739.930769,3712.207692,3714.346154,3704.692308,3725.753846,3715.984615
440.0196709,3937.484615,4003.115385,3986.5,3967.553846,3976.830769,3963.507692,3971.546154,3967.192308,3956.653846,3924.484615
440.2265225,3921.084615,3947.315385,3956.5,3932.753846,3940.230769,3899.007692,3912.046154,3924.992308,3913.753846,3929.184615
440.4333619,3903.484615,3957.015385,3939.7,3914.253846,3944.830769,3936.807692,3932.646154,3917.892308,3907.353846,3921.984615
440.6401891,4084.884615,4126.215385,4123.8,4106.453846,4134.230769,4106.207692,4106.246154,4114.292308,4083.753846,4081.784615
440.8470041,4078.884615,4142.615385,4139.1,4151.153846,4151.730769,4107.607692,4113.746154,4101.892308,4124.253846,4096.184615
441.0538068,4226.684615,4291.915385,4278.2,4238.053846,4242.830769,4247.907692,4217.746154,4229.692308,4232.653846,4199.884615
441.2605974,4477.384615,4587.315385,4546.2,4547.153846,4503.930769,4537.507692,4512.446154,4502.392308,4523.253846,4490.484615
441.4673758,4449.284615,4517.815385,4534.5,4511.953846,4517.730769,4502.107692,4497.946154,4482.792308,4504.953846,4490.184615
441.6741419,4622.484615,4710.315385,4733.4,4682.053846,4651.030769,4693.707692,4675.946154,4654.792308,4632.053846,4648.884615
441.8808958,4827.784615,4927.315385,4883.1,4874.053846,4856.530769,4862.307692,4872.046154,4827.092308,4829.653846,4854.484615
442.0876375,4935.384615,5065.915385,5000.6,5006.553846,4968.230769,4971.907692,4965.546154,4955.692308,4941.353846,4972.484615
442.2943669,4992.684615,5073.115385,5043,5026.653846,5016.230769,5000.307692,4992.946154,4987.892308,4982.453846,4991.584615
442.5010841,5090.484615,5142.815385,5157.4,5154.353846,5129.230769,5116.407692,5092.946154,5108.192308,5098.353846,5052.484615
442.7077891,5223.284615,5357.515385,5317.7,5285.053846,5295.830769,5263.007692,5302.646154,5288.092308,5234.953846,5282.384615
442.9144819,5439.784615,5556.615385,5548.5,5504.153846,5499.130769,5495.107692,5501.946154,5512.092308,5462.253846,5484.384615
443.1211624,5732.284615,5828.115385,5854.2,5829.553846,5785.630769,5775.007692,5784.646154,5743.292308,5718.353846,5736.184615
443.3278307,5622.484615,5716.115385,5744.2,5717.653846,5692.630769,5668.807692,5645.746154,5661.892308,5618.053846,5617.984615
443.5344867,6124.284615,6232.815385,6201.6,6190.053846,6162.930769,6159.307692,6149.346154,6143.292308,6120.053846,6134.284615
443.7411305,6009.784615,6112.615385,6113.3,6104.453846,6048.830769,6058.307692,6045.546154,6011.592308,6004.353846,5989.184615
443.9477621,5916.284615,5986.415385,6011.6,5981.853846,5952.030769,5961.807692,5925.346154,5928.892308,5895.853846,5886.084615
444.1543814,6363.184615,6453.615385,6472.4,6445.953846,6437.930769,6424.607692,6408.946154,6387.192308,6379.353846,6371.784615
444.3609885,6436.884615,6565.615385,6551.4,6501.253846,6526.430769,6473.907692,6454.646154,6447.192308,6452.553846,6412.784615
444.5675833,6455.184615,6564.915385,6538.3,6556.653846,6510.930769,6509.107692,6497.446154,6468.292308,6453.453846,6459.984615
444.7741658,6493.684615,6621.415385,6588.7,6540.653846,6526.130769,6530.107692,6500.246154,6519.192308,6486.953846,6466.084615
444.9807361,6583.884615,6739.215385,6718.5,6691.753846,6672.330769,6639.107692,6643.846154,6615.592308,6616.353846,6602.984615
445.1872941,6854.884615,6938.615385,6912.2,6907.953846,6865.530769,6886.607692,6853.646154,6834.092308,6831.953846,6827.284615
445.3938399,7096.384615,7234.815385,7237.2,7222.653846,7169.730769,7165.607692,7140.746154,7136.092308,7136.353846,7092.884615
445.6003734,7056.884615,7177.215385,7176,7179.953846,7155.130769,7114.807692,7075.646154,7125.792308,7092.453846,7075.684615
445.8068946,7712.484615,7848.815385,7860.8,7847.253846,7780.630769,7789.607692,7728.946154,7760.892308,7777.953846,7721.984615
446.0134036,7437.084615,7592.915385,7601.6,7570.453846,7520.630769,7494.907692,7492.646154,7447.692308,7463.853846,7420.584615
446.2199003,7531.384615,7717.815385,7691.5,7674.053846,7642.030769,7669.607692,7597.346154,7608.992308,7566.953846,7596.684615
446.4263847,7933.784615,8060.315385,8048.8,8034.253846,8010.230769,8009.607692,7951.146154,7952.292308,7897.553846,7933.584615
446.6328569,7879.884615,8068.415385,8004.9,7973.153846,7965.630769,7995.607692,7983.946154,7938.692308,7874.553846,7883.584615
446.8393167,8261.184615,8379.715385,8411.1,8347.953846,8334.030769,8306.607692,8267.846154,8260.692308,8272.653846,8239.884615
447.0457643,7957.884615,8110.715385,8074,8050.753846,8064.130769,8036.007692,8035.846154,8044.292308,8025.153846,7963.484615
447.2521996,8418.684615,8556.715385,8544.3,8507.053846,8496.230769,8455.707692,8446.946154,8415.992308,8436.553846,8435.084615
447.4586226,8380.284615,8533.415385,8471.8,8474.153846,8454.730769,8430.407692,8407.446154,8398.292308,8387.453846,8397.384615
447.6650333,8295.984615,8446.715385,8440.8,8421.453846,8395.930769,8361.907692,8349.446154,8328.392308,8345.353846,8327.284615
447.8714318,8757.584615,8895.015385,8896.4,8830.353846,8831.530769,8851.507692,8765.746154,8773.492308,8756.453846,8763.984615
448.0778179,9129.584615,9285.315385,9248.5,9255.453846,9204.230769,9173.207692,9173.346154,9159.192308,9161.253846,9127.184615
448.2841917,8711.784615,8831.615385,8781.2,8813.253846,8778.730769,8753.007692,8731.846154,8726.792308,8675.853846,8676.984615
448.4905533,8803.984615,8956.215385,8934.3,8938.253846,8857.930769,8865.907692,8859.446154,8864.392308,8797.453846,8819.884615
448.6969025,9126.084615,9225.915385,9246.2,9232.953846,9178.630769,9187.707692,9191.746154,9172.592308,9161.853846,9137.484615
448.9032394,9188.784615,9317.815385,9267.8,9283.753846,9277.530769,9229.807692,9237.646154,9202.092308,9207.153846,9225.284615
449.1095641,9262.884615,9402.015385,9369.7,9352.853846,9368.030769,9273.507692,9269.646154,9318.092308,9269.653846,9284.484615
449.3158764,9216.184615,9352.115385,9317.3,9296.353846,9278.130769,9260.507692,9258.246154,9251.592308,9236.753846,9218.684615
449.5221764,9333.284615,9448.215385,9381,9422.253846,9402.430769,9365.507692,9414.846154,9379.192308,9361.353846,9356.584615
449.7284641,9475.584615,9585.415385,9571.3,9536.653846,9568.430769,9554.507692,9526.846154,9542.692308,9508.353846,9519.884615
449.9347395,9378.484615,9534.915385,9468.5,9460.553846,9443.130769,9440.407692,9464.446154,9435.792308,9405.653846,9420.584615
450.1410025,9458.084615,9518.115385,9491.2,9540.153846,9507.530769,9485.207692,9503.646154,9471.592308,9455.053846,9440.084615
450.3472533,9607.684615,9648.615385,9634.4,9706.853846,9629.830769,9583.507692,9606.646154,9630.992308,9577.653846,9594.784615
450.5534917,9296.984615,9310.815385,9328.4,9294.053846,9287.830769,9319.407692,9292.746154,9294.392308,9275.553846,9264.084615
450.7597178,9285.784615,9391.515385,9371.5,9367.153846,9342.430769,9316.307692,9371.846154,9336.592308,9326.153846,9329.784615
450.9659315,9698.684615,9752.015385,9718.9,9725.353846,9709.830769,9675.207692,9716.946154,9717.392308,9675.953846,9679.684615
451.172133,9414.484615,9497.615385,9484.4,9459.753846,9452.730769,9491.607692,9434.646154,9442.792308,9458.253846,9426.884615
451.3783221,9722.784615,9761.015385,9769,9750.253846,9771.830769,9707.707692,9739.046154,9766.392308,9728.053846,9724.084615
451.5844988,9488.984615,9489.315385,9496.6,9488.453846,9481.330769,9484.107692,9518.846154,9452.792308,9512.453846,9508.484615
451.7906633,9500.884615,9514.515385,9554,9519.053846,9521.330769,9520.807692,9557.146154,9535.792308,9518.353846,9509.384615
451.9968153,9378.284615,9440.615385,9406.8,9393.353846,9400.230769,9394.507692,9388.946154,9437.592308,9428.753846,9354.184615
452.2029551,9573.284615,9577.715385,9543.2,9585.653846,9547.730769,9578.207692,9563.246154,9535.792308,9589.353846,9557.084615
452.4090825,9648.684615,9659.615385,9663.1,9710.053846,9695.330769,9667.407692,9687.646154,9642.592308,9661.953846,9663.884615
452.6151975,9380.984615,9411.815385,9417.5,9367.953846,9408.830769,9366.007692,9368.546154,9380.492308,9358.053846,9381.984615
452.8213002,9213.684615,9173.015385,9204.8,9178.053846,9191.830769,9165.007692,9196.946154,9148.592308,9199.153846,9215.684615
453.0273906,8891.284615,8856.415385,8895.6,8901.853846,8899.030769,8921.507692,8920.746154,8879.592308,8938.153846,8908.384615
453.2334686,9284.684615,9282.915385,9284.9,9310.753846,9327.430769,9316.407692,9290.346154,9342.692308,9307.153846,9337.284615
453.4395342,8997.184615,8932.315385,8969.4,8988.353846,8997.330769,8970.407692,8996.246154,8952.092308,8930.853846,8999.284615
453.6455875,8965.084615,8975.315385,8952.1,8969.553846,8968.130769,8967.207692,8965.946154,8948.192308,8994.053846,8985.684615
453.8516284,8979.884615,8911.815385,8936.5,8900.453846,8918.730769,8932.307692,8950.546154,8916.392308,8964.153846,8960.784615
454.057657,9040.084615,8992.515385,9025.5,8994.853846,9054.330769,9048.607692,9058.046154,9050.692308,9016.653846,9055.384615
454.2636732,8837.584615,8773.715385,8782.1,8779.453846,8800.930769,8796.707692,8791.146154,8785.192308,8788.853846,8836.484615
454.469677,8855.884615,8797.815385,8809.4,8887.453846,8854.130769,8822.807692,8890.246154,8871.492308,8847.753846,8867.684615
454.6756684,8610.484615,8563.715385,8550.8,8546.153846,8524.430769,8564.607692,8559.446154,8610.392308,8589.053846,8635.784615
454.8816475,8968.684615,8874.215385,8938.6,8899.753846,8943.730769,8903.207692,8933.146154,8961.092308,8940.053846,8983.884615
455.0876142,8214.984615,8144.115385,8156.8,8191.853846,8191.330769,8214.107692,8218.746154,8204.692308,8189.853846,8187.984615
455.2935685,8249.384615,8158.415385,8194.5,8201.753846,8185.630769,8190.507692,8226.546154,8216.392308,8244.453846,8264.884615
455.4995105,8435.184615,8393.215385,8411.3,8387.053846,8427.030769,8411.807692,8426.746154,8423.492308,8441.153846,8462.384615
455.70544,8290.784615,8197.815385,8185.7,8227.953846,8236.930769,8263.007692,8258.146154,8286.392308,8282.453846,8307.684615
455.9113572,8058.684615,7937.115385,7999.1,7979.653846,8015.130769,7995.207692,8037.246154,8021.192308,8026.953846,8056.584615
456.117262,7890.284615,7788.015385,7840.9,7883.353846,7861.830769,7877.107692,7854.346154,7893.792308,7907.453846,7913.784615
456.3231543,7815.484615,7800.115385,7766.7,7754.853846,7796.230769,7775.307692,7801.246154,7810.592308,7823.953846,7823.084615
456.5290343,7545.184615,7448.215385,7449.7,7497.653846,7523.030769,7480.907692,7541.046154,7510.492308,7528.453846,7523.584615
456.7349019,7811.484615,7692.715385,7733.4,7729.653846,7745.430769,7762.607692,7781.146154,7798.292308,7796.853846,7777.784615
456.9407571,7658.384615,7573.915385,7535.2,7592.653846,7588.030769,7602.807692,7597.246154,7605.892308,7621.453846,7656.084615
457.1465999,7529.384615,7436.415385,7414.5,7442.453846,7481.530769,7520.707692,7511.946154,7506.092308,7527.153846,7553.484615
457.3524303,7306.284615,7183.815385,7237.2,7219.953846,7250.130769,7251.807692,7230.146154,7260.292308,7286.453846,7255.484615
457.5582483,7198.484615,7085.215385,7101.9,7106.353846,7110.630769,7139.607692,7165.046154,7155.792308,7176.653846,7198.684615
457.7640539,7284.384615,7154.515385,7167.6,7204.753846,7221.730769,7234.107692,7228.946154,7253.892308,7257.053846,7259.584615
457.9698471,7107.184615,7032.315385,7046.3,7086.653846,7077.930769,7080.007692,7086.146154,7104.792308,7117.753846,7097.784615
458.1756278,7055.284615,6929.515385,6942.4,7000.853846,6975.730769,7015.507692,7018.046154,7012.092308,7048.353846,7035.184615
458.3813962,7037.884615,6931.215385,6945.3,6931.353846,6983.730769,6991.307692,6985.246154,6999.892308,7012.353846,7031.384615
458.5871521,6759.484615,6658.415385,6665,6694.553846,6701.030769,6694.007692,6719.746154,6751.592308,6746.053846,6735.684615
458.7928956,6868.584615,6803.615385,6789.3,6762.453846,6842.130769,6830.507692,6857.446154,6850.792308,6841.053846,6896.484615
458.9986267,6484.984615,6343.415385,6363.1,6370.753846,6377.830769,6409.007692,6436.746154,6403.592308,6397.753846,6399.884615
459.2043454,7040.584615,6897.515385,6914.6,6932.953846,6912.530769,6961.007692,6987.846154,6991.092308,6962.753846,6994.684615
459.4100516,6908.284615,6791.515385,6835.5,6863.853846,6874.930769,6904.707692,6896.946154,6893.992308,6906.353846,6926.284615
459.6157454,6445.284615,6376.515385,6410.9,6368.653846,6368.530769,6396.607692,6388.746154,6438.792308,6437.953846,6420.684615
459.8214268,6547.184615,6457.015385,6452.7,6476.153846,6503.230769,6513.107692,6530.346154,6500.392308,6488.453846,6519.984615
460.0270957,6613.484615,6507.515385,6529.3,6535.453846,6526.230769,6539.907692,6557.646154,6580.692308,6558.453846,6577.584615
460.2327522,6589.384615,6443.915385,6455.9,6455.853846,6491.130769,6503.507692,6516.946154,6522.192308,6532.853846,6548.784615
460.4383963,6262.984615,6181.115385,6220.3,6193.453846,6228.730769,6244.107692,6240.946154,6226.892308,6289.853846,6264.084615
460.6440279,6402.084615,6333.215385,6329,6367.653846,6373.230769,6393.507692,6379.046154,6363.292308,6381.053846,6389.884615
460.8496471,6186.084615,6088.915385,6087.7,6132.653846,6106.830769,6130.407692,6165.746154,6163.192308,6191.253846,6163.984615
461.0552538,6087.584615,6005.715385,5955.2,5997.053846,6015.230769,6041.007692,6067.446154,6043.892308,6094.753846,6058.484615
461.2608481,6164.184615,6068.115385,6073.5,6098.553846,6068.230769,6148.707692,6110.046154,6164.292308,6144.553846,6159.684615
461.46643,5765.984615,5693.915385,5715.3,5734.553846,5726.230769,5728.507692,5767.946154,5759.992308,5754.853846,5758.284615
461.6719993,5654.084615,5573.615385,5589.2,5605.653846,5635.930769,5619.107692,5645.546154,5620.292308,5635.253846,5644.684615
461.8775563,6067.984615,5942.015385,6009.5,5991.253846,6019.830769,6004.407692,6039.946154,6043.392308,6022.153846,6044.984615
462.0831007,5683.184615,5658.915385,5639.9,5628.453846,5662.030769,5690.307692,5698.046154,5701.392308,5677.653846,5716.184615
462.2886327,5576.084615,5499.515385,5519.2,5500.953846,5527.530769,5556.207692,5586.646154,5579.492308,5609.953846,5575.184615
462.4941523,5597.984615,5507.015385,5530.4,5534.653846,5515.230769,5568.507692,5581.646154,5603.592308,5592.553846,5600.584615
462.6996593,5417.884615,5347.215385,5350.1,5360.653846,5373.330769,5385.107692,5370.846154,5410.992308,5425.953846,5412.984615
462.9051539,5333.784615,5227.615385,5255.4,5241.653846,5239.730769,5302.607692,5276.846154,5286.992308,5257.253846,5297.684615
463.1106361,5547.084615,5481.915385,5494.8,5488.453846,5513.330769,5536.807692,5536.346154,5547.392308,5533.953846,5556.684615
463.3161057,5634.084615,5588.515385,5581.3,5601.853846,5615.330769,5616.307692,5613.646154,5650.892308,5643.153846,5646.684615
463.5215629,5511.384615,5451.515385,5466.4,5506.753846,5483.530769,5515.807692,5530.546154,5495.192308,5506.353846,5518.684615
463.7270076,5663.584615,5637.515385,5632.5,5616.553846,5670.730769,5645.707692,5675.746154,5663.492308,5676.453846,5659.584615
463.9324399,5716.584615,5652.415385,5663.4,5677.653846,5676.630769,5678.007692,5703.546154,5700.392308,5671.553846,5726.584615
464.1378596,5765.984615,5678.615385,5689.3,5690.653846,5710.430769,5686.307692,5719.246154,5708.092308,5736.653846,5760.484615
464.3432669,5753.784615,5650.715385,5679.5,5695.553846,5715.530769,5737.107692,5721.246154,5734.392308,5732.753846,5731.284615
464.5486616,5553.484615,5501.415385,5516.9,5486.953846,5511.730769,5486.007692,5560.146154,5533.792308,5517.853846,5562.984615
464.7540439,5790.984615,5763.315385,5767.4,5735.453846,5774.230769,5750.007692,5771.146154,5752.892308,5748.953846,5786.284615
464.9594137,5750.084615,5652.215385,5673.9,5655.353846,5682.330769,5688.607692,5714.146154,5726.192308,5693.753846,5730.684615
465.164771,5821.884615,5768.815385,5761,5793.153846,5769.130769,5791.607692,5807.646154,5806.092308,5825.653846,5835.384615
465.3701158,5514.884615,5445.015385,5443.6,5461.653846,5485.030769,5473.307692,5467.546154,5499.592308,5476.853846,5499.484615
465.5754481,5483.384615,5409.915385,5406,5413.753846,5386.930769,5456.707692,5451.346154,5460.992308,5473.853846,5468.484615
465.7807679,5654.484615,5566.015385,5586.5,5580.053846,5608.330769,5592.907692,5586.846154,5628.692308,5627.453846,5614.884615
465.9860752,5701.184615,5643.015385,5662.6,5653.153846,5668.330769,5687.507692,5672.746154,5651.292308,5687.553846,5702.184615
466.19137,5531.884615,5486.415385,5494.3,5464.353846,5496.030769,5487.407692,5512.746154,5521.492308,5512.553846,5541.584615
466.3966523,5502.184615,5386.115385,5441,5424.053846,5468.630769,5473.607692,5457.546154,5466.992308,5491.253846,5464.384615
466.601922,5235.284615,5140.515385,5148.1,5161.353846,5195.030769,5162.407692,5180.046154,5180.092308,5182.453846,5190.584615
466.8071793,5405.784615,5354.515385,5346.4,5361.653846,5377.830769,5403.207692,5356.646154,5348.192308,5390.953846,5398.684615
467.012424,5401.184615,5356.915385,5353,5330.853846,5373.630769,5363.407692,5390.246154,5357.892308,5413.953846,5385.884615
467.2176562,5361.484615,5262.815385,5294.9,5327.853846,5301.630769,5320.307692,5367.646154,5351.292308,5335.053846,5347.184615
467.4228759,5412.884615,5354.315385,5346.7,5373.153846,5373.930769,5376.607692,5389.246154,5394.892308,5409.153846,5387.284615
467.6280831,5406.584615,5341.115385,5354.7,5333.453846,5393.230769,5397.307692,5366.846154,5381.492308,5400.053846,5409.584615
467.8332777,5643.984615,5609.415385,5580.6,5592.153846,5597.830769,5614.607692,5629.846154,5631.892308,5648.353846,5651.584615
468.0384599,5409.884615,5329.915385,5326.2,5348.153846,5363.630769,5363.507692,5378.646154,5414.392308,5409.953846,5401.584615
468.2436294,5286.384615,5181.715385,5198.4,5195.453846,5204.130769,5216.307692,5228.746154,5238.392308,5226.153846,5274.584615
468.4487865,5450.884615,5368.015385,5377.8,5382.553846,5351.130769,5438.607692,5415.146154,5399.692308,5449.053846,5447.584615
468.653931,5300.284615,5209.615385,5226.8,5232.353846,5257.330769,5248.507692,5267.446154,5305.492308,5258.153846,5311.984615
468.859063,5340.184615,5250.415385,5247,5250.053846,5258.730769,5283.307692,5318.246154,5299.892308,5286.153846,5320.584615
469.0641824,5288.584615,5166.215385,5220.1,5218.153846,5244.830769,5236.607692,5227.046154,5243.392308,5264.753846,5266.784615
469.2692893,5080.984615,4985.515385,4977.8,4970.753846,5017.230769,5047.807692,5003.846154,5021.992308,5013.053846,5041.084615
469.4743837,5139.784615,5066.915385,5055.9,5081.753846,5125.830769,5117.907692,5088.546154,5120.692308,5135.553846,5119.584615
469.6794655,5196.584615,5125.115385,5122.1,5121.953846,5177.230769,5159.907692,5175.046154,5189.792308,5171.853846,5205.284615
469.8845347,5116.484615,5020.415385,5019.5,5037.053846,5047.730769,5068.407692,5085.546154,5081.392308,5074.353846,5064.684615
470.0895914,5147.984615,5099.615385,5089.5,5113.553846,5144.930769,5128.507692,5143.346154,5149.292308,5153.553846,5177.984615
470.2946355,5152.584615,5055.515385,5074.3,5072.353846,5063.730769,5115.607692,5128.046154,5134.892308,5129.753846,5147.784615
470.4996671,4998.284615,4912.115385,4957.5,4961.853846,4961.330769,4971.507692,4979.046154,4987.592308,4955.653846,5002.184615
470.7046861,5075.584615,4966.615385,4999.9,4993.853846,5012.630769,5002.207692,5021.546154,5032.692308,5043.753846,5035.984615
470.9096926,5033.284615,4908.315385,4932.6,4963.453846,4926.330769,4950.507692,4952.846154,4942.492308,4954.853846,4991.684615
471.1146865,4925.084615,4881.215385,4875.3,4852.953846,4916.030769,4900.907692,4907.346154,4936.592308,4961.453846,4903.984615
471.3196678,5025.884615,4983.615385,4962.8,4980.453846,5009.330769,4995.607692,5017.646154,5029.492308,5005.453846,5017.784615
471.5246366,4997.184615,4908.515385,4928.1,4935.753846,4921.230769,4973.907692,4950.046154,4960.792308,4968.853846,4957.084615
471.7295928,4931.884615,4852.115385,4873.1,4889.753846,4893.930769,4901.007692,4915.446154,4916.592308,4926.853846,4919.684615
471.9345364,4899.984615,4837.315385,4812.6,4839.653846,4837.930769,4853.607692,4862.646154,4874.992308,4891.953846,4909.784615
472.1394674,4816.784615,4729.715385,4745.8,4749.653846,4761.930769,4809.607692,4765.946154,4815.792308,4798.353846,4805.784615
472.3443859,4843.684615,4786.415385,4774.4,4808.353846,4784.730769,4819.007692,4818.646154,4833.092308,4852.753846,4847.384615
472.5492918,4792.084615,4699.815385,4693.8,4721.653846,4718.230769,4768.907692,4752.946154,4755.992308,4754.153846,4741.884615
472.754185,4841.984615,4755.415385,4744,4771.453846,4797.930769,4807.907692,4811.946154,4799.292308,4828.753846,4821.484615
472.9590657,4722.884615,4663.515385,4716.9,4663.053846,4713.730769,4719.607692,4710.546154,4713.392308,4722.653846,4760.784615
473.1639339,4684.584615,4606.115385,4624.3,4620.353846,4631.130769,4639.007692,4666.646154,4654.892308,4673.553846,4666.484615
473.3687894,4637.484615,4554.915385,4541.9,4604.753846,4580.430769,4622.007692,4621.546154,4618.492308,4602.153846,4647.784615
473.5736323,4765.184615,4707.115385,4713.1,4729.053846,4737.330769,4767.407692,4767.946154,4757.792308,4786.353846,4781.084615
473.7784626,4790.484615,4703.815385,4741.1,4759.153846,4755.830769,4748.507692,4759.246154,4763.892308,4776.753846,4758.284615
473.9832804,4758.984615,4698.115385,4707.1,4718.153846,4720.230769,4727.307692,4734.846154,4736.592308,4742.053846,4751.184615
474.1880855,4795.484615,4737.915385,4718.5,4730.953846,4743.930769,4788.107692,4769.346154,4798.292308,4794.953846,4800.184615
474.392878,4623.384615,4576.615385,4598.7,4577.753846,4617.330769,4607.507692,4615.346154,4631.092308,4629.553846,4632.984615
474.597658,4709.984615,4629.415385,4649.1,4632.553846,4594.630769,4658.607692,4672.446154,4684.692308,4693.253846,4651.684615
474.8024253,4650.184615,4568.015385,4574.4,4604.753846,4600.330769,4625.507692,4600.646154,4620.292308,4633.853846,4649.384615
475.00718,4739.184615,4641.215385,4669.1,4693.953846,4686.330769,4693.007692,4702.346154,4693.692308,4707.353846,4722.984615
475.2119221,4763.684615,4673.115385,4683.5,4700.053846,4721.630769,4725.607692,4733.546154,4746.992308,4749.953846,4710.484615
475.4166515,4594.284615,4514.815385,4531.7,4541.953846,4551.330769,4552.507692,4573.146154,4580.792308,4547.053846,4630.884615
475.6213684,4607.984615,4559.315385,4534.8,4551.353846,4595.930769,4573.307692,4581.646154,4626.092308,4589.753846,4584.584615
475.8260726,4658.884615,4581.015385,4599,4603.753846,4634.930769,4606.407692,4642.846154,4651.092308,4647.253846,4650.784615
476.0307642,4669.084615,4596.315385,4587.3,4601.753846,4593.530769,4628.007692,4645.746154,4614.592308,4639.553846,4657.484615
476.2354432,4597.384615,4509.915385,4533.6,4548.453846,4570.230769,4559.407692,4555.446154,4580.392308,4567.953846,4587.984615
476.4401096,4700.384615,4596.815385,4628.9,4657.053846,4676.530769,4636.107692,4651.646154,4690.892308,4689.653846,4693.184615
476.6447633,4637.584615,4552.315385,4553,4563.053846,4594.530769,4570.107692,4621.946154,4606.692308,4612.753846,4620.184615
476.8494044,4747.184615,4668.215385,4673.1,4690.353846,4677.830769,4731.707692,4744.046154,4728.592308,4708.453846,4745.584615
477.0540329,4728.284615,4643.815385,4672.3,4654.053846,4701.430769,4682.307692,4660.746154,4718.492308,4703.053846,4709.184615
477.2586487,4728.484615,4679.615385,4653.8,4689.553846,4702.030769,4726.107692,4699.346154,4711.992308,4734.353846,4720.984615
477.4632519,4752.884615,4667.615385,4690.2,4712.353846,4680.030769,4723.107692,4707.346154,4763.792308,4705.653846,4747.584615
477.6678424,4656.784615,4604.415385,4628.9,4617.553846,4661.630769,4632.807692,4607.746154,4621.492308,4664.453846,4645.184615
477.8724203,4802.384615,4697.715385,4743.3,4731.653846,4729.830769,4746.907692,4773.346154,4788.192308,4802.153846,4804.684615
478.0769856,4787.984615,4718.415385,4717.5,4743.853846,4717.230769,4759.807692,4758.346154,4754.792308,4762.153846,4770.184615
478.2815382,4719.284615,4668.215385,4675.9,4667.053846,4680.630769,4726.907692,4699.946154,4682.492308,4706.853846,4710.984615
478.4860781,4708.384615,4658.515385,4667.4,4684.753846,4696.930769,4693.607692,4679.246154,4720.492308,4683.153846,4735.684615
478.6906054,4734.084615,4706.815385,4689.2,4694.353846,4701.630769,4707.207692,4763.746154,4745.292308,4736.353846,4726.484615
478.89512,4791.184615,4729.115385,4727.9,4755.153846,4765.630769,4767.807692,4772.146154,4775.192308,4772.253846,4765.084615
479.099622,4786.384615,4717.615385,4736.5,4718.053846,4751.130769,4731.307692,4734.646154,4755.392308,4744.353846,4729.984615
479.3041113,4787.384615,4763.815385,4773.6,4774.253846,4788.930769,4794.307692,4800.146154,4793.192308,4794.653846,4817.784615
479.508588,4763.584615,4688.915385,4712.3,4733.553846,4728.230769,4713.707692,4745.446154,4725.792308,4746.753846,4757.484615
479.713052,4909.084615,4844.615385,4849.2,4862.453846,4843.430769,4913.707692,4870.146154,4880.592308,4878.553846,4888.484615
479.9175033,4831.184615,4756.915385,4780.6,4764.153846,4821.430769,4816.907692,4815.946154,4795.392308,4821.053846,4828.384615
480.1219419,4832.784615,4762.315385,4767.7,4776.153846,4770.330769,4791.607692,4773.446154,4791.892308,4801.553846,4802.084615
480.3263679,4914.684615,4874.015385,4863.7,4879.353846,4886.030769,4879.007692,4923.546154,4911.192308,4927.653846,4927.684615
480.5307812,4989.584615,4930.815385,4939.6,4904.953846,4921.330769,4941.407692,4976.246154,4940.092308,4938.753846,4957.784615
480.7351818,4927.784615,4871.815385,4878,4884.053846,4867.030769,4924.807692,4894.346154,4880.292308,4924.053846,4932.784615
480.9395698,5001.184615,4949.515385,4943.5,4901.853846,4957.430769,4945.707692,4992.746154,4959.792308,4960.753846,4987.384615
481.143945,5173.084615,5058.415385,5075.5,5093.553846,5131.830769,5131.207692,5103.746154,5083.692308,5138.453846,5128.684615
481.3483076,4959.384615,4930.515385,4948.7,4941.553846,4941.730769,4956.707692,4929.346154,4951.892308,4932.453846,4973.584615
481.5526575,5079.284615,5041.215385,5004.9,5049.153846,5059.830769,5062.207692,5059.046154,5068.292308,5093.653846,5052.484615
481.7569947,5018.884615,4955.115385,4970.8,4994.753846,4992.330769,5004.407692,5008.746154,4986.792308,5019.153846,5003.384615
481.9613191,5187.684615,5085.415385,5093.6,5132.953846,5112.430769,5136.007692,5109.546154,5116.592308,5157.753846,5154.484615
482.1656309,5223.684615,5178.615385,5146.4,5174.553846,5140.530769,5193.807692,5227.846154,5178.992308,5215.153846,5223.384615
482.36993,5231.384615,5168.915385,5189.7,5159.353846,5193.930769,5197.407692,5168.846154,5196.292308,5184.753846,5217.084615
482.5742165,5216.384615,5163.815385,5170.7,5161.753846,5180.930769,5156.807692,5146.546154,5166.792308,5151.353846,5210.284615
482.7784901,5204.884615,5168.715385,5165.4,5219.653846,5191.830769,5238.907692,5194.246154,5220.392308,5219.753846,5215.984615
482.9827511,5345.284615,5302.215385,5347,5300.353846,5336.630769,5309.607692,5304.346154,5330.392308,5355.253846,5354.484615
483.1869994,5289.284615,5263.015385,5273.4,5274.453846,5252.730769,5290.007692,5285.746154,5250.592308,5255.753846,5258.684615
483.391235,5356.684615,5366.115385,5350.6,5369.953846,5373.930769,5394.007692,5409.346154,5390.492308,5368.853846,5391.384615
483.5954579,5338.484615,5360.715385,5354.7,5330.353846,5360.330769,5345.207692,5339.646154,5335.092308,5357.153846,5381.284615
483.799668,5346.384615,5327.015385,5290.3,5357.853846,5334.930769,5339.907692,5378.446154,5392.592308,5340.653846,5346.984615
484.0038654,5479.784615,5409.215385,5423.1,5427.753846,5467.930769,5444.007692,5468.046154,5440.592308,5468.253846,5433.584615
484.2080502,5534.484615,5484.815385,5498.3,5500.053846,5533.030769,5524.907692,5543.946154,5539.792308,5534.753846,5562.884615
484.4122222,5516.884615,5469.415385,5482.7,5482.553846,5512.630769,5508.507692,5466.946154,5503.992308,5487.353846,5517.984615
484.6163814,5562.284615,5563.415385,5546.1,5549.953846,5548.830769,5589.607692,5537.246154,5571.692308,5588.653846,5529.284615
484.820528,5604.484615,5586.715385,5606.8,5583.253846,5630.730769,5597.607692,5610.946154,5624.292308,5628.153846,5649.284615
485.0246618,5590.584615,5577.615385,5561.6,5548.453846,5576.630769,5568.707692,5555.646154,5551.292308,5601.953846,5582.584615
485.2287828,5710.884615,5736.815385,5696.7,5716.053846,5741.130769,5746.107692,5737.246154,5731.892308,5697.253846,5757.884615
485.4328912,5699.284615,5627.315385,5671.7,5638.153846,5656.030769,5670.107692,5667.246154,5675.692308,5695.153846,5661.384615
485.6369868,5776.984615,5751.615385,5767.8,5736.653846,5746.230769,5767.307692,5776.846154,5760.192308,5776.753846,5773.584615
485.8410697,5763.884615,5688.115385,5736,5718.953846,5718.530769,5735.107692,5751.746154,5744.492308,5786.653846,5737.484615
486.0451398,5773.484615,5748.715385,5796.7,5752.653846,5779.630769,5760.407692,5788.146154,5785.292308,5767.253846,5794.684615
486.2491972,5853.484615,5844.715385,5813.5,5850.153846,5854.630769,5820.707692,5863.046154,5835.392308,5859.153846,5849.884615
486.4532418,5869.984615,5871.915385,5833.1,5848.653846,5832.730769,5841.407692,5834.646154,5862.092308,5882.653846,5866.084615
486.6572737,5945.284615,5906.615385,5910.6,5919.653846,5935.730769,5941.007692,5924.246154,5914.792308,5927.453846,5902.584615
486.8612928,6015.984615,6003.115385,6011.4,6015.553846,5990.030769,6021.207692,6027.546154,6029.992308,6025.453846,6053.084615
487.0652992,5889.784615,5866.415385,5835.8,5854.953846,5860.530769,5895.407692,5881.446154,5880.392308,5855.853846,5872.884615
487.2692928,5986.684615,5987.715385,5995,6019.253846,5990.230769,5967.107692,6016.546154,6009.392308,6014.653846,6009.184615
487.4732737,6036.384615,6008.915385,6012.6,5968.453846,6034.230769,6027.607692,6008.746154,6002.992308,5978.553846,5999.584615
487.6772418,6142.884615,6117.815385,6122.3,6100.553846,6144.730769,6136.107692,6125.346154,6098.092308,6146.753846,6117.484615
487.8811972,6211.684615,6121.515385,6193.2,6175.753846,6157.130769,6208.707692,6214.546154,6169.692308,6198.053846,6181.884615
488.0851397,6155.584615,6119.615385,6115.7,6132.053846,6117.530769,6152.307692,6184.846154,6151.492308,6163.253846,6150.284615
488.2890695,6248.384615,6252.815385,6213.5,6247.753846,6233.830769,6225.307692,6257.046154,6217.292308,6247.053846,6230.984615
488.4929866,6246.584615,6261.615385,6288.6,6263.253846,6287.930769,6256.707692,6311.046154,6289.492308,6279.453846,6268.684615
488.6968909,6301.084615,6323.615385,6328.8,6303.653846,6285.230769,6309.007692,6304.746154,6335.592308,6305.453846,6326.984615
488.9007823,6363.384615,6371.215385,6310.8,6354.753846,6352.430769,6381.407692,6362.846154,6344.492308,6365.053846,6377.484615
489.1046611,6389.284615,6398.015385,6412.5,6409.853846,6386.430769,6377.507692,6417.246154,6434.792308,6407.353846,6402.284615
489.308527,6433.284615,6413.515385,6442.2,6407.653846,6432.730769,6472.707692,6465.346154,6453.692308,6448.253846,6480.184615
489.5123801,6509.884615,6508.115385,6531.4,6497.453846,6528.630769,6533.707692,6522.246154,6478.392308,6545.453846,6516.984615
489.7162205,6507.384615,6542.415385,6549.5,6543.853846,6515.730769,6544.607692,6531.146154,6562.492308,6524.753846,6565.284615
489.9200481,6591.084615,6571.715385,6605,6598.453846,6586.430769,6571.307692,6587.046154,6582.892308,6565.653846,6596.484615
490.1238629,6601.084615,6591.815385,6564.4,6589.453846,6602.730769,6563.307692,6592.746154,6587.792308,6569.053846,6613.084615
490.3276649,6777.184615,6745.615385,6777.3,6727.253846,6786.930769,6746.607692,6800.846154,6768.492308,6764.753846,6761.484615
490.5314541,6734.084615,6707.415385,6695.1,6729.453846,6725.930769,6736.507692,6746.646154,6724.592308,6734.853846,6719.784615
490.7352305,6821.884615,6840.915385,6800.8,6803.453846,6807.630769,6799.607692,6786.946154,6833.992308,6826.753846,6835.484615
490.9389941,6891.784615,6827.515385,6821.1,6860.353846,6862.030769,6859.107692,6845.146154,6836.492308,6868.653846,6848.684615
491.1427449,6870.484615,6880.815385,6887,6878.753846,6863.330769,6879.007692,6884.646154,6858.092308,6900.053846,6857.584615
491.3464829,6866.684615,6852.215385,6860.7,6861.153846,6870.830769,6892.207692,6900.746154,6881.292308,6888.453846,6880.284615
491.5502081,7063.384615,7039.715385,7050.7,7051.553846,6996.930769,7035.907692,7040.746154,7029.392308,7003.353846,7042.784615
491.7539205,7060.684615,7067.715385,7056,7076.553846,7039.330769,7060.507692,7066.346154,7047.992308,7063.553846,7058.684615
491.95762,7083.284615,7109.615385,7163.7,7111.953846,7089.530769,7113.507692,7106.246154,7135.992308,7099.153846,7101.284615
492.1613068,7135.684615,7138.915385,7136.9,7162.353846,7134.130769,7136.007692,7127.646154,7111.992308,7101.353846,7120.884615
492.3649807,7221.184615,7220.415385,7231,7184.053846,7209.730769,7227.707692,7218.946154,7209.892308,7193.053846,7191.684615
492.5686419,7225.484615,7206.615385,7226.3,7214.553846,7219.930769,7203.707692,7216.346154,7238.592308,7233.553846,7232.284615
492.7722902,7259.984615,7286.915385,7259.6,7278.253846,7276.030769,7218.207692,7261.746154,7270.992308,7249.353846,7261.184615
492.9759257,7382.384615,7322.415385,7366.7,7343.453846,7349.330769,7351.507692,7329.946154,7339.992308,7334.353846,7331.484615
493.1795483,7367.184615,7377.715385,7432.2,7402.353846,7426.130769,7381.107692,7424.046154,7383.792308,7391.253846,7421.984615
493.3831581,7513.684615,7510.915385,7529.9,7528.053846,7530.030769,7523.807692,7552.146154,7515.692308,7494.853846,7519.084615
493.5867551,7571.984615,7603.015385,7577.2,7583.553846,7584.230769,7567.207692,7585.946154,7570.792308,7573.053846,7598.984615
493.7903393,7621.384615,7612.615385,7629.9,7626.153846,7613.530769,7650.007692,7627.546154,7622.992308,7624.753846,7636.684615
493.9939106,7523.684615,7548.015385,7555,7581.853846,7537.230769,7546.307692,7555.746154,7537.892308,7561.453846,7535.184615
494.1974691,7656.184615,7670.815385,7693.9,7666.753846,7673.230769,7645.807692,7656.746154,7659.992308,7626.553846,7655.084615
494.4010147,7764.384615,7742.215385,7768,7739.853846,7776.130769,7756.707692,7729.346154,7739.392308,7736.553846,7764.084615
494.6045475,7714.984615,7779.015385,7740,7705.253846,7712.530769,7742.807692,7707.846154,7747.092308,7728.353846,7708.784615
494.8080675,7884.584615,7912.215385,7902.4,7917.453846,7872.130769,7924.407692,7914.846154,7891.592308,7864.553846,7909.584615
495.0115746,7847.784615,7879.715385,7871.9,7826.053846,7873.630769,7889.807692,7872.146154,7877.792308,7885.553846,7836.884615
495.2150689,7921.084615,7935.015385,7965.7,7950.053846,7941.130769,7934.107692,7919.446154,7919.192308,7882.553846,7926.284615
495.4185503,8005.284615,8008.615385,8030.4,7970.353846,7993.430769,7977.807692,8004.446154,7988.692308,7984.653846,7982.084615
495.6220188,7979.484615,8018.315385,7984.9,7963.453846,7985.830769,7960.407692,7972.846154,7965.192308,8012.853846,7989.684615
495.8254745,8078.384615,8098.215385,8076.4,8145.053846,8099.030769,8081.807692,8125.346154,8125.292308,8073.653846,8085.484615
496.0289173,8091.884615,8097.215385,8129.5,8139.253846,8125.030769,8113.807692,8086.246154,8106.292308,8123.653846,8097.684615
496.2323473,8214.684615,8267.015385,8243.6,8236.453846,8224.430769,8265.107692,8246.946154,8274.392308,8237.153846,8253.184615
496.4357644,8244.084615,8246.715385,8244.3,8230.153846,8221.430769,8242.707692,8283.846154,8220.192308,8189.553846,8240.684615
496.6391687,8338.184615,8410.315385,8382.7,8389.853846,8372.130769,8441.907692,8367.446154,8411.692308,8359.253846,8356.484615
496.84256,8311.684615,8370.315385,8345.9,8316.653846,8338.730769,8320.007692,8347.646154,8315.792308,8292.253846,8329.984615
497.0459385,8469.284615,8526.015385,8528.6,8514.353846,8507.830769,8529.907692,8523.046154,8507.392308,8498.553846,8452.184615
497.2493042,8492.084615,8512.115385,8524,8517.553846,8503.330769,8480.207692,8509.946154,8529.892308,8534.053846,8478.384615
497.4526569,8522.384615,8545.915385,8532.4,8564.453846,8551.030769,8552.207692,8519.446154,8548.892308,8525.953846,8503.784615
497.6559968,8583.584615,8646.015385,8633.4,8667.853846,8669.330769,8618.307692,8591.746154,8581.592308,8585.053846,8656.484615
497.8593238,8565.084615,8674.415385,8647.2,8625.153846,8631.330769,8654.807692,8659.546154,8620.492308,8624.653846,8602.684615
498.0626379,8651.984615,8691.915385,8656.1,8703.953846,8692.930769,8659.207692,8617.146154,8687.792308,8678.353846,8636.484615
498.2659391,8816.684615,8876.315385,8867.2,8831.653846,8852.430769,8820.907692,8791.446154,8809.892308,8827.153846,8817.584615
498.4692274,8786.084615,8821.315385,8809.1,8778.653846,8744.730769,8760.207692,8796.446154,8781.692308,8767.753846,8741.884615
498.6725028,8810.884615,8833.215385,8805.7,8812.253846,8813.030769,8844.507692,8785.646154,8774.092308,8762.553846,8783.984615
498.8757654,8887.184615,8935.815385,8959.9,8929.253846,8936.230769,8954.907692,8911.146154,8963.592308,8901.353846,8895.884615
499.079015,8958.484615,8996.415385,9005.9,8999.153846,8992.330769,8985.207692,9000.646154,8979.892308,8943.553846,8952.784615
499.2822518,8938.284615,8968.415385,8954,8963.353846,8959.830769,8952.907692,8988.946154,8923.592308,8922.953846,8907.384615
499.4854756,9084.584615,9106.015385,9152.2,9088.153846,9105.830769,9149.207692,9103.346154,9119.092308,9115.453846,9091.184615
499.6886865,9047.584615,9150.815385,9094.9,9111.753846,9110.030769,9070.507692,9052.646154,9075.292308,9067.053846,9081.184615
499.8918846,9171.384615,9241.815385,9213.9,9213.653846,9190.830769,9236.907692,9222.246154,9201.892308,9171.353846,9183.884615
500.0950697,9174.184615,9168.815385,9188.2,9193.353846,9187.830769,9171.507692,9127.546154,9194.292308,9116.853846,9140.984615
500.2982419,9361.484615,9395.315385,9405.1,9398.253846,9392.430769,9366.107692,9338.246154,9379.392308,9366.453846,9322.984615
500.5014012,9266.784615,9258.615385,9269,9249.853846,9297.430769,9252.807692,9247.546154,9227.092308,9242.053846,9208.284615
500.7045476,9451.184615,9447.515385,9427.8,9416.353846,9469.830769,9410.407692,9409.246154,9401.792308,9415.553846,9399.484615
500.9076811,9465.884615,9550.115385,9493.2,9499.953846,9492.830769,9476.707692,9499.946154,9518.692308,9457.053846,9473.084615
501.1108016,9452.784615,9502.215385,9527.2,9521.153846,9495.730769,9488.007692,9460.546154,9498.292308,9457.353846,9475.584615
501.3139093,9492.784615,9520.215385,9515.3,9534.653846,9542.130769,9515.107692,9521.546154,9522.792308,9487.153846,9477.784615
501.517004,9530.084615,9561.415385,9584.6,9598.353846,9574.530769,9587.307692,9561.146154,9570.492308,9515.153846,9609.784615
501.7200857,9662.584615,9709.115385,9709.9,9700.153846,9696.030769,9688.307692,9654.446154,9661.592308,9684.653846,9634.484615
501.9231546,9585.084615,9590.015385,9604.3,9619.753846,9601.430769,9638.207692,9611.846154,9599.292308,9551.653846,9587.384615
502.1262105,9753.484615,9787.915385,9769.6,9832.153846,9768.130769,9804.707692,9793.846154,9778.692308,9763.953846,9699.484615
502.3292535,9790.384615,9900.715385,9867.9,9844.953846,9841.430769,9823.507692,9860.446154,9869.392308,9848.353846,9798.884615
502.5322835,9813.884615,9846.915385,9790.4,9804.553846,9827.030769,9821.007692,9825.446154,9815.592308,9780.653846,9782.884615
502.7353006,9822.484615,9918.015385,9908.7,9891.553846,9914.330769,9897.107692,9885.046154,9870.292308,9842.553846,9817.484615
502.9383048,9922.484615,9987.915385,9958.6,9953.453846,9932.830769,9921.407692,9926.546154,9941.292308,9898.853846,9948.184615
503.141296,9955.784615,9962.015385,9983.9,9973.953846,9951.930769,9954.307692,9980.746154,9977.092308,9909.353846,9905.384615
503.3442743,10077.98462,10134.91538,10130.8,10063.85385,10102.23077,10126.90769,10107.14615,10085.19231,10095.05385,10057.48462
503.5472396,9952.284615,10011.01538,10013.3,10030.85385,9982.530769,10025.10769,10005.24615,9968.092308,9947.053846,9992.584615
503.7501919,10087.48462,10213.41538,10174.2,10166.25385,10161.43077,10128.20769,10146.94615,10121.89231,10114.55385,10111.18462
503.9531313,10223.58462,10245.41538,10220.7,10250.35385,10194.73077,10197.10769,10195.04615,10218.19231,10173.15385,10167.88462
504.1560578,10195.58462,10260.81538,10230.3,10270.25385,10217.43077,10219.20769,10227.24615,10218.99231,10181.35385,10181.08462
504.3589713,10248.08462,10288.71538,10288.4,10312.45385,10265.63077,10298.70769,10242.14615,10279.29231,10266.15385,10254.68462
504.5618718,10203.38462,10261.91538,10242.7,10271.75385,10302.93077,10231.50769,10213.64615,10212.39231,10224.35385,10228.68462
504.7647594,10376.78462,10443.81538,10460.5,10417.95385,10447.93077,10429.20769,10420.04615,10431.49231,10412.55385,10409.08462
504.967634,10375.08462,10452.21538,10463,10465.25385,10457.83077,10418.60769,10436.14615,10408.49231,10404.75385,10433.48462
505.1704956,10450.48462,10459.01538,10474.3,10500.95385,10487.83077,10479.90769,10434.04615,10435.69231,10433.25385,10431.08462
505.3733443,10402.88462,10523.11538,10479,10456.85385,10448.13077,10434.00769,10442.14615,10434.99231,10409.85385,10411.48462
505.57618,10599.38462,10637.41538,10635.1,10603.25385,10576.13077,10596.80769,10559.74615,10562.69231,10501.85385,10517.78462
505.7790027,10588.68462,10638.21538,10610.3,10643.65385,10609.13077,10622.20769,10613.74615,10652.09231,10560.45385,10613.48462
505.9818124,10623.28462,10668.31538,10665.1,10659.65385,10675.33077,10645.90769,10586.54615,10606.99231,10617.95385,10608.98462
506.1846092,10694.88462,10810.91538,10782.9,10776.95385,10740.43077,10728.80769,10724.64615,10738.19231,10719.95385,10734.48462
506.387393,10728.78462,10819.21538,10777,10737.55385,10777.73077,10765.70769,10755.44615,10721.49231,10738.65385,10765.48462
506.5901637,10728.58462,10775.61538,10796.4,10771.65385,10714.33077,10740.00769,10766.44615,10717.69231,10730.85385,10769.98462
506.7929215,10863.58462,10961.91538,10984.2,10902.75385,10937.33077,10959.10769,10903.54615,10865.99231,10885.45385,10838.98462
506.9956663,10758.78462,10811.81538,10826.7,10815.55385,10800.63077,10781.10769,10798.14615,10787.69231,10746.65385,10784.68462
507.1983982,11050.98462,11091.81538,11090.6,11089.95385,11065.23077,11096.20769,11046.44615,11031.59231,10985.95385,11038.88462
507.401117,10880.18462,10917.71538,10910.6,10887.55385,10903.13077,10897.00769,10858.64615,10859.29231,10883.15385,10883.58462
507.6038228,10929.28462,11011.31538,10990,10978.55385,10969.03077,10978.30769,10965.94615,10948.89231,10959.35385,10943.08462
507.8065156,11115.88462,11168.51538,11186.1,11166.85385,11199.03077,11151.00769,11149.74615,11145.09231,11129.65385,11090.98462
508.0091954,11121.88462,11194.61538,11179.8,11165.85385,11121.33077,11148.70769,11152.74615,11129.79231,11099.95385,11109.48462
508.2118623,11127.88462,11147.31538,11186.7,11151.45385,11166.03077,11155.50769,11103.44615,11084.89231,11140.95385,11075.08462
508.4145161,11212.78462,11253.81538,11254.2,11296.75385,11234.73077,11250.50769,11211.54615,11187.39231,11200.15385,11193.98462
508.6171569,11241.98462,11346.21538,11351.1,11283.85385,11352.83077,11275.30769,11332.54615,11272.09231,11282.85385,11274.38462
508.8197846,11238.28462,11354.51538,11256.2,11300.55385,11282.13077,11294.40769,11269.24615,11271.19231,11256.15385,11266.78462
509.0223994,11181.98462,11270.51538,11244.1,11214.55385,11208.73077,11230.50769,11276.44615,11230.59231,11213.65385,11211.18462
509.2250012,11364.38462,11445.21538,11447.1,11464.35385,11486.73077,11411.00769,11386.84615,11364.19231,11426.75385,11383.18462
509.4275899,11461.88462,11490.01538,11468,11470.85385,11449.33077,11444.20769,11449.84615,11441.49231,11410.25385,11387.88462
509.6301656,11418.38462,11514.21538,11498,11453.45385,11531.83077,11466.50769,11461.14615,11453.69231,11442.75385,11461.88462
509.8327283,11418.48462,11509.31538,11494.9,11489.45385,11473.03077,11456.30769,11457.14615,11430.99231,11447.65385,11452.68462
510.0352779,11610.58462,11644.81538,11675.3,11642.15385,11681.63077,11630.50769,11595.54615,11603.99231,11628.95385,11609.68462
510.2378146,11449.98462,11559.41538,11558.7,11538.55385,11556.13077,11506.20769,11553.94615,11486.19231,11478.55385,11465.38462
510.4403382,11636.88462,11709.61538,11700.8,11683.45385,11673.53077,11610.60769,11626.04615,11620.29231,11604.65385,11648.48462
510.6428487,11727.68462,11773.11538,11771.2,11757.65385,11782.03077,11752.90769,11767.34615,11731.89231,11738.85385,11736.78462
510.8453463,11709.38462,11749.01538,11798.3,11793.05385,11810.73077,11728.50769,11769.64615,11732.99231,11695.55385,11706.68462
511.0478308,11686.48462,11701.31538,11706.7,11677.95385,11722.93077,11688.90769,11690.64615,11661.79231,11639.55385,11671.28462
511.2503022,11709.68462,11820.61538,11849.3,11840.75385,11837.13077,11795.10769,11794.34615,11755.69231,11793.95385,11766.68462
511.4527606,11724.68462,11834.31538,11810.8,11800.75385,11791.83077,11789.50769,11771.54615,11791.49231,11756.95385,11754.58462
511.655206,12106.98462,12131.11538,12150.9,12156.65385,12079.23077,12096.00769,12073.94615,12094.09231,12100.25385,12057.18462
511.8576383,11864.78462,11938.11538,11976,11930.75385,11908.63077,11920.30769,11878.54615,11895.89231,11880.95385,11907.68462
512.0600575,11937.98462,12012.11538,12012.1,12009.55385,11994.63077,11967.20769,11958.74615,11962.09231,11948.45385,11919.18462
512.2624637,12049.38462,12085.71538,12095,12081.45385,12132.33077,12055.10769,12107.34615,12063.49231,12037.55385,12042.48462
512.4648569,11936.58462,12066.51538,12014.5,12037.75385,11975.53077,11995.10769,11961.54615,11932.29231,12003.15385,11942.08462
512.667237,12061.98462,12096.61538,12146.9,12134.65385,12144.03077,12136.60769,12125.44615,12125.59231,12078.65385,12106.18462
512.869604,12152.88462,12198.51538,12205.4,12206.05385,12219.73077,12173.10769,12174.94615,12125.19231,12139.25385,12152.08462
513.071958,12095.68462,12205.01538,12228.1,12200.45385,12197.23077,12178.00769,12148.14615,12096.59231,12140.95385,12110.68462
513.2742989,12241.38462,12370.21538,12339.7,12274.65385,12259.13077,12295.70769,12276.84615,12313.59231,12214.45385,12273.98462
513.4766267,12321.28462,12433.01538,12384.1,12426.95385,12351.13077,12413.50769,12377.24615,12374.79231,12325.65385,12353.68462
513.6789415,12376.88462,12448.61538,12433.5,12421.75385,12397.23077,12403.70769,12402.34615,12381.99231,12365.05385,12328.48462
513.8812432,12423.38462,12502.41538,12506.1,12501.25385,12469.63077,12439.10769,12411.04615,12455.19231,12398.65385,12435.88462
514.0835318,12478.98462,12549.41538,12480.7,12492.05385,12497.53077,12506.70769,12484.74615,12498.99231,12442.55385,12457.18462
514.2858073,12404.18462,12510.01538,12541.6,12493.45385,12469.93077,12500.80769,12428.04615,12455.99231,12433.25385,12441.98462
514.4880698,12439.48462,12520.31538,12491.9,12487.75385,12475.03077,12478.40769,12430.14615,12431.09231,12452.25385,12450.48462
514.6903192,12715.58462,12818.11538,12752.8,12746.85385,12756.23077,12728.40769,12714.04615,12728.79231,12717.65385,12696.38462
514.8925554,12658.68462,12763.21538,12779.1,12714.45385,12671.23077,12715.00769,12721.64615,12684.49231,12678.55385,12651.08462
515.0947787,12644.48462,12729.31538,12753.2,12698.45385,12652.73077,12704.00769,12683.04615,12655.99231,12648.85385,12710.18462
515.2969888,12687.68462,12843.71538,12844.6,12789.75385,12762.33077,12779.50769,12765.34615,12758.99231,12752.85385,12757.48462
515.4991858,12715.08462,12806.21538,12741.1,12741.65385,12726.03077,12742.30769,12730.84615,12707.99231,12720.55385,12746.18462
515.7013697,12823.58462,12914.31538,12945.9,12910.55385,12880.13077,12894.00769,12820.14615,12844.99231,12826.45385,12776.48462
515.9035405,12855.48462,12960.01538,12988.1,12939.15385,12899.53077,12945.80769,12904.94615,12891.09231,12879.65385,12838.28462
516.1056983,12813.38462,12941.51538,12952.8,12874.25385,12921.93077,12848.90769,12859.24615,12864.69231,12876.85385,12868.98462
516.3078429,12936.08462,13063.21538,12986.4,13017.05385,13009.83077,12988.10769,12940.14615,12940.09231,12953.15385,12954.38462
516.5099744,13038.48462,13162.11538,13150.9,13059.15385,13065.93077,13105.30769,13064.64615,13040.29231,13095.45385,13088.78462
516.7120929,13005.88462,13056.21538,13134.1,13037.95385,13026.33077,13035.50769,13015.24615,13060.59231,13011.05385,13049.88462
516.9141982,13109.38462,13160.81538,13135.9,13111.35385,13119.43077,13097.90769,13096.64615,13054.69231,13062.55385,13096.08462
517.1162904,13200.18462,13349.21538,13333.7,13280.85385,13328.33077,13269.10769,13288.24615,13260.89231,13229.45385,13248.88462
517.3183694,13192.68462,13266.01538,13256.5,13262.45385,13248.13077,13197.10769,13197.44615,13202.19231,13169.15385,13199.98462
517.5204354,13168.08462,13295.41538,13259.9,13239.05385,13242.43077,13223.90769,13167.64615,13232.09231,13205.95385,13152.78462
517.7224883,13200.78462,13303.51538,13309.7,13306.55385,13215.83077,13264.40769,13256.54615,13185.29231,13206.75385,13196.68462
517.924528,13307.98462,13375.01538,13373.2,13345.75385,13357.73077,13324.40769,13350.64615,13349.09231,13342.65385,13282.78462
518.1265546,13382.58462,13477.91538,13488.1,13462.75385,13456.33077,13441.60769,13412.34615,13447.09231,13418.15385,13358.48462
518.3285681,13338.78462,13494.01538,13425.7,13413.45385,13410.43077,13413.50769,13392.04615,13423.39231,13369.95385,13377.38462
518.5305684,13298.58462,13389.11538,13415.8,13406.15385,13357.23077,13353.50769,13342.24615,13307.59231,13337.75385,13333.18462
518.7325556,13530.38462,13599.21538,13588.2,13563.85385,13567.73077,13558.20769,13569.44615,13581.79231,13520.55385,13562.58462
518.9345297,13519.58462,13663.01538,13578.7,13622.95385,13582.43077,13623.10769,13573.14615,13546.09231,13568.45385,13555.98462
519.1364907,13505.78462,13587.41538,13567.9,13504.95385,13539.43077,13536.30769,13507.84615,13491.99231,13529.75385,13533.08462
519.3384385,13654.98462,13722.71538,13751.1,13685.25385,13722.73077,13693.70769,13694.74615,13663.69231,13697.05385,13662.98462
519.5403732,13590.98462,13681.01538,13658.1,13646.65385,13650.63077,13646.20769,13624.74615,13649.59231,13629.65385,13654.68462
519.7422947,13677.78462,13772.21538,13807.2,13797.65385,13757.23077,13790.90769,13702.64615,13711.49231,13700.45385,13706.28462
519.9442031,13673.18462,13770.71538,13766.1,13772.45385,13722.53077,13724.60769,13753.44615,13703.39231,13680.75385,13682.58462
520.1460983,13853.48462,13934.61538,13922.4,13901.45385,13930.03077,13886.80769,13860.04615,13843.49231,13892.15385,13859.38462
520.3479804,13846.98462,13963.71538,13987.5,13934.85385,13875.53077,13891.50769,13892.84615,13878.29231,13853.05385,13851.18462
520.5498493,13861.88462,14023.71538,13920.5,13916.85385,13937.23077,13914.70769,13863.44615,13880.19231,13896.85385,13895.68462
520.7517051,13833.68462,13933.61538,13944.8,13907.55385,13950.23077,13925.10769,13863.44615,13861.59231,13896.95385,13821.68462
520.9535477,14052.28462,14152.21538,14075.6,14135.25385,14076.63077,14097.80769,14039.94615,14069.19231,14058.05385,14081.88462
521.1553772,13898.98462,13949.41538,13950.2,13884.65385,13882.83077,13863.70769,13914.14615,13913.69231,13854.15385,13813.08462
521.3571935,14038.48462,14133.81538,14068.5,14127.75385,14114.03077,14061.20769,14028.94615,14028.49231,14033.65385,14062.18462
521.5589966,14058.28462,14207.71538,14179.5,14103.95385,14174.73077,14107.80769,14100.14615,14098.39231,14073.55385,14028.98462
521.7607866,14110.18462,14273.11538,14192,14233.55385,14192.33077,14158.90769,14179.24615,14188.79231,14141.55385,14156.28462
521.9625634,14092.68462,14168.81538,14210.8,14187.65385,14166.43077,14176.80769,14124.14615,14139.49231,14087.65385,14125.48462
522.164327,14131.48462,14231.11538,14207.8,14201.75385,14084.13077,14139.30769,14212.84615,14134.39231,14117.15385,14113.38462
522.3660775,14155.58462,14238.41538,14203,14209.15385,14177.43077,14154.10769,14137.34615,14181.39231,14179.95385,14139.68462
522.5678148,14156.38462,14257.61538,14256,14226.75385,14232.93077,14221.60769,14202.64615,14152.49231,14138.45385,14131.18462
522.7695389,14173.38462,14305.21538,14255.5,14253.05385,14272.43077,14289.20769,14256.84615,14216.09231,14234.05385,14261.38462
522.9712498,14340.58462,14429.81538,14476.6,14412.55385,14400.33077,14456.60769,14441.64615,14409.09231,14386.85385,14373.98462
523.1729475,14267.38462,14326.01538,14278.8,14267.15385,14296.33077,14296.50769,14264.04615,14241.29231,14234.65385,14247.58462
523.3746321,14288.68462,14438.61538,14425.8,14372.75385,14298.83077,14308.70769,14346.74615,14328.29231,14360.95385,14284.78462
523.5763034,14293.78462,14357.11538,14384.5,14309.25385,14300.33077,14360.30769,14343.84615,14316.69231,14334.15385,14289.58462
523.7779616,14322.18462,14295.91538,14280.8,14328.35385,14340.13077,14280.30769,14269.74615,14277.59231,14283.35385,14314.38462
523.9796066,14383.48462,14472.31538,14488.5,14467.15385,14432.63077,14382.90769,14458.94615,14419.59231,14439.95385,14440.18462
524.1812383,14370.88462,14524.01538,14466.6,14499.85385,14436.13077,14505.30769,14416.44615,14415.79231,14469.05385,14462.88462
524.3828569,14375.88462,14481.51538,14437,14459.65385,14430.83077,14385.20769,14439.14615,14430.99231,14431.75385,14345.68462
524.5844623,14494.18462,14542.91538,14542.2,14551.55385,14513.73077,14498.90769,14527.74615,14534.89231,14509.75385,14500.78462
524.7860545,14435.58462,14555.21538,14556.9,14515.95385,14488.23077,14519.50769,14519.54615,14445.79231,14509.55385,14460.88462
524.9876334,14361.38462,14474.41538,14441.1,14425.45385,14417.73077,14391.40769,14364.94615,14383.39231,14368.55385,14376.98462
525.1891992,14534.08462,14568.51538,14599.8,14572.95385,14581.13077,14524.40769,14571.84615,14539.79231,14494.95385,14526.08462
525.3907517,14536.88462,14604.41538,14574.9,14596.85385,14609.83077,14545.00769,14565.84615,14549.69231,14553.85385,14480.88462
525.5922911,14532.48462,14674.81538,14664.7,14646.55385,14649.23077,14565.10769,14560.44615,14604.49231,14589.25385,14516.18462
525.7938172,14526.48462,14595.51538,14614.9,14596.55385,14618.83077,14579.50769,14541.54615,14566.49231,14596.85385,14566.28462
525.9953301,14589.58462,14622.01538,14610.4,14612.05385,14579.93077,14595.90769,14566.24615,14591.09231,14580.25385,14582.78462
526.1968298,14540.18462,14603.81538,14554.8,14557.15385,14591.13077,14549.00769,14531.54615,14566.29231,14520.05385,14507.28462
526.3983162,14458.68462,14571.41538,14603.4,14549.05385,14559.43077,14534.50769,14513.74615,14497.89231,14482.75385,14494.58462
526.5997895,14594.48462,14692.71538,14688.6,14668.55385,14615.83077,14600.80769,14646.84615,14579.09231,14619.55385,14582.28462
526.8012495,14609.58462,14701.51538,14664.7,14656.85385,14682.73077,14667.00769,14621.34615,14671.19231,14604.35385,14610.48462
527.0026963,14605.58462,14684.41538,14673.8,14706.15385,14693.83077,14617.20769,14617.44615,14676.39231,14601.65385,14645.98462
527.2041298,14534.48462,14617.41538,14652.9,14597.15385,14620.13077,14545.70769,14544.34615,14562.69231,14586.05385,14545.28462
527.4055501,14616.68462,14726.81538,14695.3,14689.25385,14687.23077,14671.00769,14660.44615,14638.99231,14632.75385,14628.48462
527.6069572,14604.38462,14658.41538,14676.7,14708.95385,14677.23077,14607.70769,14629.84615,14665.29231,14636.15385,14645.68462
527.808351,14660.68462,14746.81538,14729.3,14721.25385,14701.03077,14696.40769,14660.24615,14646.39231,14646.05385,14653.48462
528.0097316,14452.68462,14533.51538,14560.5,14482.65385,14509.43077,14537.00769,14456.84615,14412.49231,14443.15385,14455.28462
528.211099,14488.38462,14637.91538,14627.9,14558.05385,14555.13077,14581.30769,14528.04615,14542.79231,14484.35385,14528.38462
528.4124531,14725.18462,14841.91538,14850.4,14819.45385,14776.93077,14765.40769,14761.24615,14780.99231,14778.25385,14709.18462
528.6137939,14616.58462,14718.91538,14668.3,14742.95385,14674.43077,14667.30769,14647.04615,14652.49231,14672.05385,14669.18462
528.8151215,14604.48462,14652.41538,14629.2,14580.65385,14609.23077,14666.30769,14606.64615,14646.89231,14612.55385,14581.88462
529.0164358,14679.98462,14820.51538,14756.8,14753.85385,14764.53077,14742.50769,14686.84615,14713.29231,14699.55385,14760.18462
529.2177369,14554.28462,14626.11538,14611.8,14611.85385,14619.83077,14601.80769,14504.54615,14563.79231,14508.85385,14576.38462
529.4190248,14592.78462,14680.01538,14674.6,14695.45385,14626.23077,14631.50769,14622.04615,14593.49231,14631.75385,14599.18462
529.6202993,14562.58462,14642.61538,14692.8,14679.55385,14631.73077,14602.50769,14599.44615,14584.59231,14610.45385,14623.38462
529.8215606,14536.48462,14647.81538,14603.9,14599.45385,14591.23077,14483.90769,14534.84615,14545.39231,14499.85385,14516.48462
530.0228087,14570.98462,14644.81538,14655.2,14622.55385,14633.33077,14643.50769,14599.64615,14563.99231,14613.85385,14610.18462
530.2240434,14513.18462,14679.81538,14597.9,14666.45385,14596.83077,14532.20769,14552.34615,14551.99231,14519.85385,14551.08462
530.4252649,14532.18462,14567.81538,14612.2,14570.05385,14589.13077,14526.60769,14521.94615,14550.09231,14506.25385,14574.78462
530.6264732,14465.18462,14545.31538,14549.5,14518.75385,14490.43077,14525.10769,14463.84615,14456.29231,14446.95385,14446.98462
530.8276681,14356.28462,14481.51538,14464.8,14390.75385,14418.83077,14400.00769,14386.84615,14434.09231,14414.15385,14400.38462
531.0288498,14644.68462,14753.91538,14744.8,14748.05385,14693.33077,14715.70769,14693.14615,14668.79231,14652.75385,14638.48462
531.2300182,14446.08462,14505.71538,14462.2,14503.15385,14479.23077,14444.90769,14462.34615,14423.69231,14472.25385,14422.08462
531.4311733,14494.38462,14571.51538,14592.6,14568.65385,14522.53077,14493.80769,14565.24615,14496.19231,14500.45385,14487.78462
531.6323151,14457.68462,14482.01538,14543.8,14562.25385,14496.43077,14488.00769,14474.14615,14431.59231,14422.05385,14479.38462
531.8334436,14513.18462,14590.21538,14564.2,14525.25385,14563.73077,14527.80769,14536.94615,14496.29231,14486.55385,14503.48462
532.0345589,14427.08462,14524.11538,14510,14504.05385,14506.33077,14501.70769,14474.94615,14474.19231,14467.25385,14441.48462
532.2356608,14412.28462,14541.81538,14531.4,14511.25385,14521.13077,14540.20769,14484.54615,14470.59231,14457.05385,14498.98462
532.4367495,14509.68462,14590.81538,14584,14595.35385,14515.63077,14561.40769,14493.04615,14501.79231,14526.15385,14497.98462
532.6378249,14382.48462,14443.71538,14432.5,14353.15385,14358.73077,14380.60769,14402.74615,14412.19231,14411.95385,14382.98462
532.8388869,14463.68462,14509.51538,14497.3,14533.45385,14477.23077,14496.50769,14488.44615,14428.29231,14448.75385,14467.78462
533.0399357,14463.58462,14581.11538,14493.7,14503.05385,14566.73077,14518.80769,14509.04615,14460.09231,14502.45385,14446.68462
533.2409711,14289.48462,14380.71538,14395.6,14406.05385,14338.73077,14309.40769,14296.34615,14311.99231,14292.25385,14332.88462
533.4419933,14523.68462,14556.81538,14607.9,14535.05385,14554.83077,14556.80769,14530.04615,14498.09231,14575.75385,14484.28462
533.6430021,14400.58462,14476.61538,14440.1,14448.15385,14425.63077,14413.20769,14400.94615,14430.99231,14384.55385,14374.38462
533.8439976,14352.48462,14456.11538,14437.4,14394.05385,14402.53077,14409.20769,14383.24615,14342.99231,14337.85385,14317.88462
534.0449798,14409.38462,14524.81538,14465.6,14455.45385,14442.23077,14439.90769,14437.04615,14385.49231,14377.85385,14437.98462
534.2459487,14156.68462,14248.81538,14258.3,14204.55385,14272.53077,14222.20769,14193.54615,14222.39231,14223.95385,14235.48462
534.4469043,14351.28462,14445.11538,14442.4,14422.55385,14394.03077,14400.20769,14434.74615,14384.59231,14361.75385,14398.48462
534.6478465,14260.28462,14375.31538,14384.8,14281.85385,14319.73077,14277.00769,14287.24615,14277.89231,14239.45385,14309.28462
534.8487755,14303.48462,14444.41538,14416.1,14383.85385,14395.63077,14364.90769,14362.74615,14322.99231,14372.95385,14368.08462
535.0496911,14172.48462,14291.71538,14255,14278.65385,14225.23077,14232.70769,14222.94615,14225.29231,14189.45385,14227.68462
535.2505933,14257.48462,14344.71538,14361.3,14306.45385,14293.63077,14267.20769,14291.54615,14307.49231,14331.65385,14304.48462
535.4514823,14249.98462,14284.71538,14229.3,14292.75385,14320.03077,14269.50769,14192.84615,14222.79231,14254.45385,14210.68462
535.6523579,14276.48462,14339.81538,14390.9,14359.85385,14308.83077,14292.90769,14303.84615,14313.29231,14293.45385,14313.38462
535.8532201,14208.28462,14283.91538,14279.8,14248.15385,14231.93077,14272.30769,14223.74615,14238.29231,14183.75385,14173.28462
536.0540691,14144.38462,14278.91538,14269.9,14260.35385,14216.03077,14267.70769,14249.94615,14236.49231,14231.45385,14232.88462
536.2549047,14264.68462,14311.21538,14345.9,14344.65385,14262.43077,14307.80769,14286.64615,14321.79231,14282.65385,14304.18462
536.4557269,14088.18462,14183.91538,14146.8,14190.95385,14110.53077,14059.60769,14106.64615,14100.19231,14048.25385,14101.28462
536.6565358,14270.88462,14399.61538,14404.1,14324.95385,14341.13077,14339.80769,14369.84615,14332.39231,14296.95385,14306.58462
536.8573313,14113.98462,14266.81538,14192,14193.45385,14198.33077,14225.80769,14211.84615,14170.79231,14160.05385,14191.08462
537.0581135,14007.68462,14162.11538,14174.1,14096.15385,14136.63077,14103.60769,14083.74615,14133.39231,14087.35385,14050.78462
537.2588824,14218.58462,14322.51538,14275.6,14254.15385,14220.53077,14231.30769,14265.64615,14299.99231,14210.95385,14183.78462
537.4596379,14182.58462,14269.91538,14229.6,14238.75385,14203.83077,14162.80769,14225.34615,14176.59231,14155.95385,14135.18462
537.66038,14120.88462,14262.11538,14227.7,14215.75385,14151.03077,14200.90769,14180.84615,14166.59231,14149.65385,14151.88462
537.8611088,14120.48462,14246.81538,14203.6,14185.85385,14187.63077,14129.20769,14139.74615,14141.19231,14147.35385,14127.58462
538.0618242,14078.58462,14087.51538,14181.1,14142.35385,14125.53077,14127.20769,14071.64615,14086.09231,14093.05385,14095.48462
538.2625262,14131.38462,14279.11538,14285,14237.15385,14249.13077,14156.00769,14177.04615,14214.19231,14151.65385,14251.08462
538.4632149,14043.08462,14192.21538,14148.3,14092.85385,14079.63077,14108.80769,14045.34615,14108.69231,14081.95385,14077.88462
538.6638902,14018.48462,14119.41538,14087.3,14102.85385,14059.33077,14103.70769,14039.24615,14063.69231,14042.05385,14069.08462
538.8645522,14117.68462,14171.61538,14155.9,14149.35385,14142.83077,14118.30769,14123.34615,14106.89231,14044.15385,14115.08462
539.0652007,14199.68462,14230.11538,14251.8,14249.55385,14233.73077,14228.20769,14197.24615,14204.49231,14176.95385,14135.68462
539.2658359,13982.98462,14024.01538,14056,14066.55385,14036.63077,14003.10769,13944.24615,13961.09231,13972.45385,13958.18462
539.4664577,14123.78462,14253.11538,14224.4,14200.95385,14198.13077,14199.80769,14208.44615,14134.09231,14134.25385,14131.38462
539.6670661,13927.28462,13999.71538,14012.9,13951.35385,13962.33077,13986.50769,13913.34615,13975.49231,13969.95385,13930.98462
539.8676611,14155.18462,14227.31538,14161.3,14167.05385,14194.83077,14143.50769,14158.74615,14186.89231,14125.85385,14116.58462
540.0682428,14018.78462,14077.11538,14105.2,14040.25385,14098.73077,14093.40769,14073.94615,14057.59231,14059.75385,14024.38462
540.268811,14007.48462,14067.11538,14038.5,14077.35385,14016.83077,14060.70769,14044.74615,13990.09231,13989.55385,13937.08462
540.4693659,14120.48462,14190.21538,14184.6,14146.95385,14174.63077,14139.30769,14151.84615,14102.49231,14132.75385,14111.28462
540.6699074,13950.08462,14035.31538,14027.6,13978.95385,13987.83077,13980.40769,13990.44615,13981.89231,13984.75385,13970.48462
540.8704355,14030.88462,14043.41538,14066.5,13976.05385,14030.73077,14028.40769,13979.74615,13948.99231,13998.85385,13990.38462
541.0709501,13971.58462,14090.51538,14010.2,14010.95385,13997.43077,14003.30769,14010.04615,14037.39231,13975.95385,13991.28462
541.2714514,14007.28462,14103.21538,14094.2,14026.15385,14076.03077,14084.40769,14050.34615,14024.79231,14020.25385,14003.28462
541.4719393,13976.68462,14078.31538,14063.9,14031.65385,14014.93077,14017.30769,14018.24615,14016.19231,14033.55385,13988.48462
541.6724137,13923.08462,14005.61538,13992.6,13915.95385,13956.43077,13909.70769,13958.04615,13963.89231,13912.05385,13933.18462
541.8728748,13912.68462,13978.51538,14013.8,14011.65385,13957.53077,13969.80769,13966.94615,13949.09231,13949.75385,13884.58462
542.0733224,13797.58462,13955.31538,13819.4,13835.25385,13799.73077,13832.70769,13834.54615,13816.69231,13794.55385,13785.18462
542.2737567,14018.28462,14134.91538,14136.2,14059.55385,14076.63077,14109.00769,14034.74615,14122.29231,14063.85385,14046.78462
542.4741775,13985.38462,14004.31538,14007,14012.15385,13950.53077,13927.50769,13952.74615,13957.09231,13915.75385,13953.58462
542.6745849,13786.98462,13913.51538,13944.2,13895.45385,13893.93077,13886.00769,13831.74615,13871.89231,13870.85385,13871.48462
542.8749788,14086.88462,14094.11538,14136.6,14116.65385,14107.63077,14105.10769,14128.34615,14103.29231,14101.25385,14050.38462
543.0753594,13878.08462,14008.61538,13986.5,13983.55385,13992.43077,13969.20769,13994.84615,13950.89231,13894.75385,13920.78462
543.2757265,13806.98462,13850.51538,13874.4,13827.75385,13838.03077,13843.70769,13827.44615,13806.19231,13839.15385,13850.48462
543.4760802,14062.18462,14083.11538,14068.4,14080.55385,14040.53077,14088.00769,14042.34615,14041.79231,14048.75385,14009.28462
543.6764205,13887.08462,14012.81538,13954.6,13957.85385,13983.43077,13989.00769,13888.94615,13930.39231,13918.05385,13913.08462
543.8767473,13974.38462,14068.91538,13993.5,14042.55385,14016.23077,14053.90769,14007.04615,14001.19231,13987.65385,13963.68462
544.0770607,13925.88462,14058.31538,13989.5,14006.85385,13963.43077,13947.10769,13980.84615,13956.79231,13917.35385,13927.08462
544.2773607,13869.48462,13967.51538,13956.8,13965.75385,13967.73077,13953.40769,13909.74615,13898.09231,13903.55385,13936.48462
544.4776472,13951.98462,13966.21538,13947,13996.05385,13953.73077,13957.90769,13932.14615,13922.19231,13952.65385,13907.58462
544.6779203,13971.18462,14008.01538,14013.1,14014.35385,13981.43077,14001.90769,13993.64615,14025.29231,13955.35385,13953.18462
544.8781799,13947.98462,14015.71538,14001.5,13997.15385,13973.43077,13994.00769,14028.34615,13963.19231,13951.25385,13957.98462
545.0784261,13900.98462,14039.51538,13966.1,13955.45385,13909.53077,13988.50769,13921.54615,13970.99231,13902.15385,13900.88462
545.2786588,13870.88462,13964.71538,13979.5,13960.75385,13987.13077,13909.50769,13910.84615,13918.29231,13932.15385,13921.68462
545.4788781,13841.18462,13927.41538,13886.4,13909.05385,13881.53077,13846.00769,13874.34615,13872.79231,13876.65385,13816.78462
545.6790839,13955.48462,14031.71538,14024,14011.85385,14026.73077,13964.70769,13950.64615,14018.59231,13963.85385,13939.28462
545.8792763,13941.68462,13981.21538,13959.6,13963.65385,13958.13077,13946.50769,13898.24615,13923.79231,13930.45385,13923.88462
546.0794552,13917.58462,13987.11538,14005.9,13981.35385,13982.53077,13976.60769,13959.64615,13967.69231,13949.75385,13962.48462
546.2796207,13879.28462,13923.71538,13928.4,13904.45385,13920.93077,13910.80769,13953.54615,13925.99231,13897.45385,13915.58462
546.4797726,13854.88462,13879.01538,13909,13876.15385,13815.23077,13867.90769,13837.44615,13845.39231,13821.65385,13866.68462
546.6799112,13960.28462,14022.71538,14052.3,13964.65385,14012.13077,13992.00769,13980.04615,13964.29231,13951.15385,13992.48462
546.8800362,13984.98462,14049.91538,14051.7,14000.55385,14071.63077,13991.00769,14045.74615,13991.59231,13974.85385,13989.58462
547.0801478,13902.68462,13998.31538,13996.8,13928.85385,13891.73077,13906.90769,13967.34615,13902.89231,13883.65385,13903.38462
547.2802459,13946.88462,14010.61538,13958.9,13966.15385,13973.63077,13952.00769,13927.84615,13955.49231,13929.95385,14004.38462
547.4803305,13791.68462,13881.21538,13868.6,13855.35385,13822.03077,13809.20769,13781.94615,13810.39231,13823.75385,13823.48462
547.6804016,13965.08462,14020.91538,13978.5,13961.15385,14032.23077,13940.90769,13942.94615,13903.79231,13945.35385,13931.48462
547.8804593,13812.48462,13946.71538,13859.4,13873.05385,13881.93077,13823.20769,13899.04615,13834.19231,13810.45385,13868.68462
548.0805035,13976.98462,14063.71538,14027.8,14039.45385,14041.13077,13990.30769,14026.64615,14022.39231,13987.05385,14038.98462
548.2805342,13930.98462,14033.01538,13991.1,14018.25385,13931.53077,13970.40769,13969.04615,13937.69231,13927.05385,13972.88462
548.4805514,13896.68462,13908.61538,13924.3,13923.65385,13943.13077,13901.00769,13899.14615,13857.59231,13862.25385,13885.68462
548.6805551,13981.18462,14055.91538,14047,14031.45385,14072.93077,14030.00769,14026.34615,14013.39231,14040.15385,14019.18462
548.8805453,13913.48462,14008.31538,13980.5,13988.05385,13990.73077,13955.60769,13912.34615,13917.09231,13916.55385,13968.38462
549.080522,13968.18462,14003.31538,13992.1,14013.15385,13991.73077,13997.10769,13994.74615,14021.89231,14008.35385,13980.08462
549.2804853,13867.18462,13950.41538,13993.4,13930.25385,13968.13077,13891.20769,13943.74615,13880.29231,13925.15385,13913.98462
549.480435,14016.18462,14079.31538,14128.9,14085.85385,14096.23077,14093.30769,14097.34615,14055.59231,14052.55385,13983.48462
549.6803712,13923.78462,14043.71538,14004.9,13975.55385,13996.93077,13988.90769,13946.84615,13926.19231,13932.95385,13949.88462
549.8802939,14090.48462,14163.31538,14145.7,14130.65385,14112.83077,14137.70769,14158.74615,14107.99231,14112.15385,14071.38462
550.0802032,13920.58462,13984.31538,13997.8,14018.35385,13947.43077,13930.40769,13941.24615,13941.89231,13873.25385,13988.28462
550.2800989,13971.58462,14070.61538,14051.5,14037.85385,14019.73077,14029.90769,13979.54615,13989.19231,14009.45385,13989.88462
550.479981,13956.38462,13999.51538,14006.7,13980.05385,13969.43077,13932.70769,13951.54615,13938.29231,13957.55385,13968.18462
550.6798497,14108.18462,14142.51538,14175,14147.05385,14117.63077,14073.40769,14148.14615,14105.79231,14098.35385,14080.98462
550.8797049,13950.08462,14025.51538,14030.9,14054.25385,13978.53077,13968.50769,13972.94615,13968.09231,13955.25385,13948.68462
551.0795465,13929.08462,14071.81538,14012.5,14070.95385,14029.53077,13995.60769,13968.34615,13988.19231,13968.65385,13954.08462
551.2793746,13985.58462,14081.71538,14080,14008.15385,14060.83077,14051.80769,14054.44615,14039.69231,14046.15385,13989.18462
551.4791892,13953.78462,14016.81538,14031.6,13956.65385,13988.73077,13965.00769,14005.94615,13931.29231,13966.35385,13955.38462
551.6789902,14044.38462,14095.11538,14054.9,14039.75385,14095.73077,13975.20769,14053.54615,14010.89231,14024.85385,13949.28462
551.8787778,13957.58462,14076.11538,14051.3,14000.25385,14051.43077,14000.80769,14003.44615,14053.09231,13991.65385,13971.08462
552.0785518,14112.68462,14149.81538,14151.4,14099.05385,14131.53077,14144.30769,14117.74615,14164.99231,14122.65385,14162.88462
552.2783122,13990.58462,14044.91538,14061.5,14008.75385,14039.03077,13997.20769,14011.64615,13999.59231,13978.75385,13998.28462
552.4780592,14038.58462,14082.41538,14078.2,14068.85385,14110.83077,14063.40769,14018.64615,14052.09231,14018.05385,14054.58462
552.6777925,14001.68462,14074.31538,14032,14050.55385,14045.63077,14098.60769,14054.94615,14046.69231,14018.65385,14010.08462
552.8775124,14112.08462,14160.31538,14149.2,14151.55385,14185.43077,14118.40769,14134.04615,14139.69231,14175.75385,14088.38462
553.0772187,14002.38462,14103.91538,14109.5,14053.05385,14090.83077,14044.10769,14077.74615,14077.59231,14031.45385,14028.38462
553.2769114,13975.78462,14051.41538,14032.8,14046.55385,14021.53077,14037.70769,14020.64615,14000.99231,13999.85385,13940.08462
553.4765906,14164.38462,14221.41538,14202.7,14211.45385,14216.13077,14236.10769,14239.04615,14200.39231,14162.85385,14188.08462
553.6762563,14085.38462,14169.71538,14192.6,14199.65385,14149.13077,14115.40769,14103.34615,14066.59231,14095.85385,14081.48462
553.8759084,14083.48462,14119.51538,14172.1,14160.75385,14165.13077,14121.70769,14091.34615,14122.39231,14163.55385,14125.08462
554.0755469,14104.08462,14151.21538,14190.4,14192.75385,14147.23077,14133.00769,14135.44615,14127.99231,14107.15385,14056.58462
554.2751719,14058.28462,14134.01538,14068.9,14063.85385,14149.93077,14078.80769,14079.64615,14095.09231,14020.35385,14074.88462
554.4747833,14047.48462,14113.51538,14065.3,14067.25385,14084.23077,14026.80769,14047.14615,14022.49231,13957.25385,14003.18462
554.6743812,14133.98462,14236.11538,14187.2,14190.05385,14208.53077,14156.50769,14181.54615,14144.39231,14173.95385,14148.28462
554.8739655,14170.28462,14198.51538,14219.7,14216.25385,14162.53077,14196.50769,14187.54615,14190.49231,14139.55385,14159.08462
555.0735362,14098.18462,14165.21538,14154.8,14174.45385,14155.23077,14148.50769,14184.24615,14172.29231,14103.45385,14105.78462
555.2730934,14180.68462,14285.41538,14288.6,14215.75385,14212.63077,14201.20769,14179.54615,14158.99231,14206.15385,14223.28462
555.4726369,14164.78462,14310.61538,14241.8,14231.05385,14220.23077,14229.90769,14201.74615,14244.49231,14225.15385,14223.68462
555.672167,14118.38462,14193.41538,14135.8,14196.15385,14164.63077,14136.40769,14125.94615,14107.79231,14122.05385,14092.98462
555.8716834,14155.78462,14181.21538,14232.8,14197.25385,14221.13077,14166.90769,14147.84615,14168.89231,14157.15385,14141.38462
556.0711862,14214.78462,14226.11538,14309,14242.75385,14240.43077,14209.30769,14235.44615,14230.09231,14219.95385,14286.28462
556.2706755,14303.28462,14261.61538,14339.7,14316.05385,14341.43077,14347.90769,14323.34615,14286.79231,14313.85385,14290.98462
556.4701512,14192.68462,14247.11538,14243.6,14157.95385,14176.53077,14242.60769,14201.44615,14214.19231,14198.35385,14255.28462
556.6696133,14111.88462,14243.71538,14210.3,14201.35385,14163.73077,14167.00769,14115.54615,14130.99231,14138.25385,14147.18462
556.8690618,14206.78462,14249.81538,14196.1,14223.15385,14196.03077,14190.10769,14177.54615,14143.29231,14198.75385,14202.78462
557.0684967,14268.68462,14355.71538,14324,14302.25385,14294.63077,14260.20769,14286.34615,14271.99231,14283.95385,14264.08462
557.267918,14221.68462,14228.01538,14210.3,14266.25385,14219.73077,14170.50769,14236.64615,14235.89231,14209.85385,14238.88462
557.4673257,14239.08462,14263.41538,14302.8,14296.15385,14291.13077,14270.40769,14220.34615,14273.89231,14241.45385,14231.58462
557.6667198,14247.58462,14344.21538,14307,14335.75385,14316.03077,14262.60769,14304.74615,14269.69231,14281.95385,14267.88462
557.8661003,14272.98462,14245.51538,14310.5,14237.65385,14245.33077,14224.90769,14243.34615,14236.79231,14274.55385,14205.88462
558.0654672,14377.18462,14356.41538,14308.9,14310.25385,14347.73077,14291.40769,14356.84615,14336.99231,14317.95385,14278.08462
558.2648205,14237.38462,14306.01538,14348.7,14246.65385,14217.93077,14216.90769,14251.44615,14233.19231,14272.25385,14169.48462
558.4641602,14189.58462,14281.81538,14269.9,14262.85385,14246.73077,14253.00769,14247.94615,14283.79231,14262.95385,14224.48462
558.6634863,14380.18462,14461.21538,14423.2,14446.45385,14413.33077,14450.10769,14423.04615,14384.99231,14384.65385,14380.28462
558.8627987,14240.28462,14195.21538,14195.5,14253.75385,14276.03077,14231.90769,14222.14615,14221.89231,14205.95385,14211.28462
559.0620976,14433.88462,14578.11538,14570.1,14505.75385,14529.93077,14501.10769,14490.74615,14505.19231,14479.15385,14481.88462
559.2613828,14221.48462,14304.11538,14340.6,14288.55385,14327.83077,14264.50769,14273.44615,14271.69231,14260.75385,14292.68462
559.4606544,14481.08462,14456.01538,14491.5,14474.75385,14510.03077,14495.30769,14427.54615,14421.99231,14424.75385,14410.28462
559.6599124,14284.18462,14368.31538,14335.4,14269.75385,14346.33077,14312.70769,14338.04615,14299.79231,14302.85385,14251.78462
559.8591568,14345.58462,14375.51538,14411.2,14421.45385,14340.83077,14377.40769,14383.74615,14361.49231,14338.65385,14310.18462
560.0583875,14302.28462,14397.41538,14394.3,14410.65385,14351.93077,14377.10769,14293.34615,14317.79231,14303.35385,14334.58462
560.2576046,14424.98462,14499.41538,14463,14466.55385,14420.03077,14452.50769,14429.14615,14417.89231,14437.05385,14415.38462
560.456808,14264.88462,14362.81538,14337.4,14334.75385,14277.03077,14317.00769,14260.54615,14311.59231,14289.95385,14251.28462
560.6559979,14458.08462,14476.01538,14459.9,14518.05385,14440.33077,14466.70769,14486.54615,14479.99231,14488.75385,14432.18462
560.8551741,14412.18462,14441.61538,14458.9,14447.15385,14435.53077,14434.80769,14422.84615,14413.19231,14419.25385,14383.28462
561.0543366,14439.78462,14518.91538,14473.7,14467.25385,14471.63077,14546.50769,14533.74615,14455.29231,14476.15385,14434.78462
561.2534855,14339.68462,14408.61538,14394.7,14394.95385,14377.43077,14394.30769,14378.94615,14374.79231,14369.15385,14368.18462
561.4526208,14455.78462,14529.71538,14528.5,14509.05385,14503.43077,14516.60769,14483.84615,14490.49231,14471.95385,14474.98462
561.6517424,14507.78462,14559.71538,14483.3,14547.55385,14510.03077,14477.60769,14485.84615,14522.49231,14463.25385,14503.78462
561.8508503,14535.68462,14587.71538,14575.3,14633.65385,14587.03077,14546.70769,14554.54615,14602.99231,14559.15385,14541.28462
562.0499446,14497.78462,14527.41538,14510.3,14554.35385,14510.03077,14497.70769,14502.84615,14498.79231,14421.05385,14500.68462
562.2490253,14421.18462,14456.41538,14471.7,14471.25385,14484.53077,14461.00769,14448.34615,14409.09231,14385.85385,14450.58462
562.4480923,14621.38462,14706.41538,14644.5,14651.65385,14671.73077,14674.00769,14653.44615,14629.59231,14627.55385,14558.88462
562.6471456,14519.98462,14662.91538,14627.1,14587.95385,14637.93077,14605.00769,14543.34615,14596.39231,14611.15385,14544.88462
562.8461853,14526.08462,14630.91538,14587.6,14584.15385,14579.13077,14577.00769,14605.84615,14528.79231,14540.65385,14520.88462
563.0452113,14557.88462,14579.61538,14575.1,14573.65385,14577.33077,14564.50769,14596.24615,14658.99231,14563.45385,14561.88462
563.2442236,14477.38462,14549.31538,14536.4,14470.35385,14527.23077,14488.50769,14496.74615,14511.59231,14499.35385,14432.98462
563.4432223,14642.08462,14685.61538,14699.3,14646.25385,14676.33077,14743.90769,14653.04615,14693.89231,14660.45385,14639.38462
563.6422073,14496.28462,14502.61538,14464.7,14461.05385,14456.93077,14496.30769,14466.74615,14454.79231,14496.55385,14468.18462
563.8411786,14638.78462,14656.11538,14592,14601.95385,14632.13077,14629.80769,14632.94615,14624.09231,14554.85385,14635.18462
564.0401362,14535.68462,14601.41538,14602.2,14621.85385,14578.93077,14577.50769,14576.24615,14596.79231,14605.95385,14542.48462
564.2390802,14611.08462,14741.31538,14718.8,14689.15385,14738.03077,14704.80769,14678.54615,14636.89231,14674.55385,14680.38462
564.4380105,14565.38462,14669.61538,14579.2,14600.25385,14595.23077,14605.30769,14575.14615,14519.49231,14569.85385,14532.78462
564.6369271,14715.98462,14770.01538,14726.6,14738.45385,14724.63077,14728.40769,14714.44615,14655.69231,14657.35385,14664.08462
564.83583,14706.78462,14810.91538,14726.5,14769.25385,14684.33077,14736.30769,14725.04615,14743.99231,14710.55385,14717.18462
565.0347192,14532.38462,14550.81538,14572.9,14600.85385,14568.13077,14557.00769,14555.04615,14614.99231,14520.25385,14552.58462
565.2335947,14715.18462,14718.81538,14757.6,14785.05385,14738.43077,14785.80769,14715.34615,14700.79231,14692.55385,14709.18462
565.4324566,14684.28462,14721.31538,14681.7,14684.05385,14699.23077,14683.20769,14653.84615,14668.19231,14679.15385,14657.98462
565.6313047,14639.48462,14766.91538,14671.9,14657.95385,14666.73077,14655.50769,14654.74615,14682.29231,14614.05385,14639.68462
565.8301391,14755.18462,14849.51538,14801.6,14759.95385,14812.33077,14814.10769,14769.84615,14762.39231,14748.45385,14736.78462
566.0289599,14645.28462,14808.01538,14739.3,14693.45385,14733.73077,14660.50769,14707.34615,14699.39231,14646.55385,14667.98462
566.2277669,14723.08462,14749.51538,14791.6,14697.75385,14722.33077,14782.20769,14742.64615,14690.09231,14752.35385,14684.38462
566.4265602,14715.18462,14834.31538,14786.8,14772.95385,14775.23077,14724.80769,14710.94615,14734.89231,14765.45385,14703.18462
566.6253398,14697.18462,14793.21538,14770.4,14760.95385,14748.53077,14746.30769,14746.84615,14727.99231,14731.15385,14695.98462
566.8241057,14584.98462,14683.61538,14703.1,14670.85385,14646.33077,14641.70769,14635.54615,14617.79231,14628.25385,14594.38462
567.0228579,14816.18462,14914.91538,14906.7,14854.15385,14853.73077,14833.80769,14841.54615,14838.09231,14799.05385,14828.58462
567.2215964,14597.88462,14704.81538,14734.1,14682.35385,14622.73077,14647.00769,14622.94615,14607.09231,14620.05385,14606.18462
567.4203212,14889.48462,14924.61538,14928.6,14916.35385,14913.73077,14896.70769,14908.04615,14866.09231,14845.55385,14849.38462
567.6190322,14834.18462,14871.41538,14870,14802.55385,14841.93077,14815.90769,14862.44615,14801.39231,14778.95385,14859.68462
567.8177295,14767.48462,14877.91538,14842.4,14814.15385,14792.83077,14800.10769,14827.24615,14769.79231,14766.25385,14741.38462
568.0164131,14819.48462,14939.11538,14869.8,14846.65385,14884.43077,14829.30769,14828.34615,14842.19231,14855.25385,14835.28462
568.215083,14867.58462,14928.31538,14928.4,14930.35385,14908.33077,14906.40769,14909.54615,14907.99231,14858.85385,14888.18462
568.4137391,14830.28462,14913.71538,14888.8,14828.85385,14842.73077,14866.60769,14947.84615,14867.09231,14865.05385,14825.08462
568.6123815,14914.08462,14984.61538,14987.8,14968.95385,14971.93077,14964.80769,14958.94615,14971.19231,14974.85385,14988.18462
568.8110101,14835.98462,14887.61538,14911.7,14898.95385,14887.33077,14905.50769,14843.64615,14832.19231,14908.45385,14845.78462
569.0096251,14900.38462,14918.61538,14952.6,14974.25385,14934.63077,14933.50769,14934.24615,14941.59231,14911.35385,14905.08462
569.2082263,14804.98462,14821.81538,14847.8,14818.45385,14851.73077,14800.40769,14788.34615,14823.89231,14802.65385,14777.28462
569.4068137,14978.68462,15020.01538,14933.8,14929.65385,14982.03077,14984.70769,14957.54615,14918.19231,14927.45385,14957.28462
569.6053874,14813.28462,14880.01538,14882.9,14840.05385,14846.13077,14826.80769,14868.14615,14810.19231,14847.15385,14832.98462
569.8039473,14978.88462,15122.11538,15122.5,15021.75385,15041.53077,15059.00769,15076.14615,14994.99231,15005.85385,15009.08462
570.0024935,14874.58462,14945.51538,14916.7,14923.15385,14933.33077,14876.00769,14919.64615,14883.99231,14883.35385,14904.58462
570.201026,14945.38462,15050.31538,15059.6,15020.85385,15036.23077,15007.20769,15006.54615,14990.89231,15039.25385,14991.98462
570.3995447,14881.98462,14935.61538,14889.5,14872.55385,14893.93077,14941.90769,14923.24615,14883.19231,14865.05385,14855.88462
570.5980496,14906.88462,14979.11538,14964,14999.85385,14953.63077,14942.50769,14952.94615,14954.79231,14894.75385,14940.38462
570.7965408,14904.88462,14953.01538,14949.4,14995.45385,14938.63077,14909.10769,14970.04615,14919.19231,14904.45385,14876.88462
570.9950182,14990.28462,15073.01538,15057.1,15018.45385,15074.93077,15085.40769,15056.34615,15003.19231,14980.95385,15013.08462
571.1934818,14860.68462,14977.61538,14994.8,14931.65385,14913.53077,14957.50769,14913.94615,14906.79231,14915.85385,14956.68462
571.3919317,15053.08462,15116.61538,15132.2,15083.65385,15114.03077,15064.10769,15101.84615,15081.19231,15038.75385,15043.68462
571.5903678,14940.08462,15032.61538,15030.5,14966.55385,14998.93077,15008.80769,15007.64615,14938.59231,14947.65385,14947.98462
571.7887902,15041.58462,15005.31538,15048.4,14976.75385,15019.03077,15034.00769,14925.44615,14997.29231,14978.65385,15017.18462
571.9871988,15032.88462,15050.61538,15049,15069.85385,15071.53077,15054.10769,15095.74615,15068.69231,15041.95385,15021.88462
572.1855935,15073.68462,15077.91538,15093.8,15043.85385,15030.53077,15044.60769,15067.44615,15032.99231,15026.25385,15029.98462
572.3839746,15079.48462,15089.31538,15072.7,15070.15385,15076.13077,15061.60769,15039.64615,15008.29231,15039.15385,15065.68462
572.5823418,15083.38462,15122.61538,15112.1,15124.55385,15131.23077,15085.50769,15089.24615,15032.99231,15072.55385,15026.98462
572.7806952,15121.68462,15157.31538,15153.2,15185.95385,15131.53077,15173.30769,15144.74615,15202.09231,15123.45385,15144.28462
572.9790349,14975.78462,15039.11538,14991.1,15014.95385,15023.33077,14975.70769,14987.44615,14945.99231,14975.45385,14970.18462
573.1773608,15121.68462,15129.01538,15178.5,15149.85385,15138.13077,15172.60769,15126.14615,15159.09231,15136.65385,15106.28462
573.3756729,15155.38462,15187.61538,15235.8,15175.25385,15170.63077,15200.50769,15173.64615,15178.99231,15159.55385,15178.38462
573.5739711,14984.48462,15071.61538,15052.4,14984.95385,15037.33077,15006.50769,15051.64615,15009.09231,15036.25385,14997.98462
573.7722556,15106.38462,15237.81538,15185.9,15201.05385,15208.83077,15209.40769,15181.64615,15198.69231,15187.05385,15217.38462
573.9705263,15079.58462,15171.91538,15151.6,15096.25385,15107.63077,15156.40769,15098.64615,15105.59231,15104.65385,15069.48462
574.1687832,15068.58462,15164.21538,15159.3,15129.95385,15134.03077,15098.20769,15117.84615,15072.29231,15087.55385,15116.08462
574.3670263,15057.18462,15100.21538,15137,15136.05385,15038.83077,15098.90769,15097.54615,15094.09231,15029.05385,15032.78462
574.5652556,15225.08462,15195.81538,15213.5,15208.95385,15261.23077,15259.00769,15194.24615,15224.59231,15161.05385,15246.48462
574.7634711,15065.98462,15135.81538,15184,15122.65385,15122.63077,15126.50769,15133.14615,15106.19231,15112.85385,15100.18462
574.9616727,15136.48462,15213.31538,15185.9,15153.05385,15187.43077,15194.80769,15085.24615,15199.69231,15132.45385,15149.88462
575.1598606,15089.08462,15085.21538,15103.5,15101.15385,15130.83077,15123.60769,15108.24615,15057.29231,15088.25385,15040.88462
575.3580346,15217.68462,15251.51538,15257.8,15249.55385,15235.63077,15248.90769,15209.54615,15255.39231,15175.85385,15218.78462
575.5561949,14989.98462,15125.41538,15142.6,15095.25385,15091.33077,15088.80769,15056.04615,15025.59231,15066.35385,15031.08462
575.7543413,15319.18462,15375.31538,15330.3,15355.65385,15382.53077,15347.20769,15290.54615,15322.29231,15347.85385,15278.18462
575.9524738,15079.78462,15138.71538,15068.9,15091.35385,15140.63077,15077.90769,15103.34615,15102.19231,15066.35385,15037.38462
576.1505926,15278.38462,15331.01538,15329.2,15331.65385,15292.03077,15283.20769,15305.14615,15260.39231,15281.85385,15263.78462
576.3486975,15078.98462,15147.41538,15117.2,15135.65385,15195.43077,15119.00769,15146.04615,15101.39231,15076.85385,15120.38462
576.5467886,15193.18462,15231.01538,15189.6,15192.35385,15199.93077,15179.50769,15176.64615,15139.99231,15159.95385,15176.38462
576.7448659,15216.18462,15278.11538,15286.6,15265.95385,15258.83077,15283.60769,15233.24615,15232.19231,15218.95385,15238.98462
576.9429293,15207.78462,15244.61538,15255.5,15252.95385,15264.83077,15204.00769,15209.94615,15211.99231,15240.65385,15233.78462
577.1409789,15284.08462,15369.01538,15313.4,15282.85385,15298.83077,15284.00769,15330.34615,15244.99231,15283.35385,15282.98462
577.3390147,15285.18462,15333.81538,15343.5,15318.75385,15334.73077,15298.60769,15336.44615,15273.39231,15289.65385,15276.08462
577.5370366,15288.48462,15312.51538,15285.9,15282.05385,15302.23077,15239.80769,15284.34615,15257.49231,15300.65385,15277.48462
577.7350447,15221.48462,15300.51538,15292.5,15304.35385,15245.13077,15261.70769,15309.64615,15205.49231,15194.65385,15216.28462
577.9330389,15136.88462,15183.71538,15236.9,15199.15385,15218.93077,15216.60769,15191.94615,15132.89231,15176.65385,15217.38462
578.1310193,15287.58462,15308.31538,15334.5,15330.85385,15296.63077,15316.00769,15302.94615,15285.19231,15295.15385,15303.08462
578.3289858,15245.48462,15250.01538,15309.2,15246.85385,15291.23077,15285.40769,15259.34615,15221.19231,15190.65385,15246.28462
578.5269384,15151.88462,15206.81538,15205.5,15191.25385,15253.33077,15227.00769,15223.34615,15208.39231,15161.55385,15218.28462
578.7248773,15269.48462,15270.31538,15285.6,15320.65385,15287.73077,15274.10769,15264.04615,15234.99231,15246.15385,15274.38462
578.9228022,15313.88462,15429.71538,15334.5,15351.75385,15340.53077,15316.90769,15367.64615,15346.69231,15349.25385,15280.48462
579.1207133,15234.08462,15301.21538,15270.1,15311.95385,15303.03077,15278.30769,15230.84615,15294.69231,15315.25385,15282.18462
579.3186105,15234.48462,15341.31538,15328,15270.55385,15278.73077,15250.30769,15242.74615,15231.79231,15252.55385,15219.58462
579.5164939,15321.48462,15471.51538,15412.2,15375.85385,15429.13077,15439.10769,15369.34615,15381.39231,15381.55385,15393.28462
579.7143634,15285.48462,15342.21538,15330.9,15328.15385,15338.63077,15305.80769,15273.94615,15305.09231,15304.45385,15279.28462
579.912219,15301.38462,15385.91538,15413,15350.25385,15341.83077,15303.30769,15271.54615,15328.69231,15360.25385,15349.08462
580.1100608,15268.88462,15302.01538,15277.9,15280.95385,15295.93077,15259.40769,15215.54615,15289.69231,15269.45385,15228.58462
580.3078887,15375.28462,15371.11538,15366.3,15410.35385,15374.63077,15367.40769,15397.94615,15374.39231,15399.25385,15357.78462
580.5057026,15274.08462,15342.51538,15356.2,15359.25385,15331.53077,15318.20769,15294.04615,15295.29231,15316.85385,15310.68462
580.7035028,15129.38462,15208.01538,15215.5,15174.25385,15191.23077,15176.80769,15170.54615,15156.59231,15151.35385,15166.28462
580.901289,15283.68462,15396.01538,15351.8,15376.65385,15353.63077,15379.60769,15343.44615,15369.69231,15326.55385,15277.48462
581.0990614,15379.58462,15457.41538,15389.2,15431.75385,15449.13077,15430.80769,15424.04615,15403.39231,15409.25385,15377.98462
581.2968198,15355.68462,15365.81538,15324,15299.95385,15301.53077,15333.50769,15372.24615,15241.49231,15331.25385,15272.38462
581.4945644,15315.38462,15366.41538,15311.3,15321.85385,15233.23077,15336.70769,15308.74615,15299.49231,15306.45385,15305.98462
581.6922951,15460.08462,15431.71538,15455.5,15483.95385,15411.23077,15469.10769,15423.94615,15382.29231,15343.35385,15338.48462
581.8900119,15244.98462,15356.41538,15283.6,15301.95385,15248.83077,15251.90769,15276.24615,15215.89231,15268.35385,15222.08462
582.0877147,15377.78462,15462.91538,15514.3,15451.85385,15456.23077,15426.60769,15444.84615,15457.39231,15482.05385,15424.08462
582.2854037,15282.78462,15340.31538,15333,15377.75385,15370.33077,15315.90769,15276.94615,15333.79231,15338.05385,15311.08462
582.4830788,15387.38462,15469.21538,15452.2,15406.55385,15467.63077,15431.50769,15424.24615,15431.79231,15402.55385,15394.98462
582.68074,15344.98462,15475.51538,15455.7,15396.85385,15411.33077,15398.50769,15361.84615,15391.39231,15385.05385,15354.18462
582.8783873,15311.98462,15326.51538,15342.8,15293.55385,15300.43077,15313.50769,15293.14615,15305.39231,15254.25385,15274.98462
583.0760206,15247.38462,15363.81538,15336.4,15351.65385,15308.33077,15250.80769,15259.84615,15258.49231,15277.15385,15250.48462
583.2736401,15411.78462,15465.61538,15492.6,15482.35385,15493.03077,15412.20769,15469.84615,15440.19231,15432.35385,15395.08462
583.4712456,15184.98462,15277.31538,15282.5,15214.55385,15242.43077,15237.10769,15314.94615,15265.79231,15252.65385,15242.48462
583.6688372,15291.58462,15383.31538,15394.3,15380.45385,15353.93077,15326.20769,15357.44615,15329.29231,15340.25385,15280.88462
583.866415,15265.88462,15354.61538,15311.2,15282.55385,15356.63077,15300.10769,15307.64615,15281.29231,15266.05385,15247.58462
584.0639787,15421.88462,15446.91538,15441.9,15420.05385,15468.83077,15419.20769,15437.34615,15438.09231,15407.65385,15394.08462
584.2615286,15288.68462,15309.61538,15312.6,15284.55385,15316.93077,15280.60769,15258.44615,15287.59231,15188.95385,15260.08462
584.4590645,15425.98462,15428.61538,15457.6,15479.15385,15415.83077,15402.30769,15424.64615,15381.19231,15409.35385,15366.38462
584.6565865,15355.38462,15427.71538,15323.2,15388.15385,15347.23077,15363.30769,15331.84615,15328.89231,15351.35385,15344.48462
584.8540946,15366.08462,15467.31538,15461.7,15482.45385,15429.23077,15418.00769,15435.54615,15408.69231,15376.35385,15400.08462
585.0515887,15169.68462,15215.91538,15256.8,15235.85385,15244.23077,15138.10769,15194.24615,15164.19231,15209.05385,15192.58462
585.2490689,15369.98462,15460.21538,15480.3,15501.95385,15486.13077,15386.00769,15426.94615,15379.89231,15414.45385,15423.58462
585.4465352,15363.38462,15439.71538,15447.2,15421.95385,15434.23077,15422.60769,15382.94615,15416.59231,15373.65385,15397.78462
585.6439875,15214.98462,15318.61538,15295.6,15284.35385,15325.23077,15281.50769,15280.04615,15269.29231,15255.95385,15304.48462
585.8414259,15361.68462,15418.41538,15328.7,15376.05385,15363.83077,15366.50769,15350.34615,15321.79231,15329.05385,15373.18462
586.0388503,15445.98462,15509.31538,15502.1,15503.45385,15460.33077,15508.80769,15473.24615,15466.89231,15502.65385,15440.08462
586.2362608,15248.38462,15280.81538,15306.1,15281.45385,15299.53077,15322.70769,15285.44615,15299.19231,15175.75385,15244.38462
586.4336574,15253.68462,15291.71538,15311.8,15284.85385,15276.53077,15303.00769,15310.24615,15267.89231,15294.95385,15260.18462
586.6310399,15271.48462,15378.21538,15351.9,15359.55385,15304.43077,15269.90769,15300.44615,15309.59231,15300.75385,15299.18462
586.8284086,15331.78462,15414.21538,15405,15354.35385,15409.93077,15356.70769,15332.44615,15328.19231,15386.95385,15378.48462
587.0257632,15357.38462,15367.81538,15366.8,15369.95385,15354.73077,15341.80769,15410.94615,15325.09231,15390.85385,15391.98462
587.2231039,15341.48462,15430.81538,15382.2,15429.25385,15371.73077,15374.50769,15382.84615,15376.79231,15378.55385,15315.88462
587.4204307,15297.68462,15372.91538,15328.8,15310.15385,15360.33077,15309.30769,15292.74615,15278.89231,15251.25385,15322.28462
587.6177435,15321.98462,15412.71538,15367.4,15417.85385,15339.83077,15383.00769,15333.24615,15408.39231,15351.75385,15326.78462
587.8150423,15208.18462,15243.91538,15266.1,15233.05385,15203.73077,15239.40769,15199.24615,15222.19231,15243.75385,15219.18462
588.0123271,15209.58462,15297.01538,15325.3,15272.75385,15255.63077,15214.30769,15277.64615,15241.69231,15264.55385,15216.88462
588.209598,15229.48462,15278.11538,15261.4,15257.85385,15311.83077,15292.90769,15278.84615,15288.79231,15256.15385,15249.78462
588.4068549,15348.88462,15457.21538,15398.9,15417.75385,15379.73077,15401.50769,15394.94615,15447.09231,15392.35385,15438.88462
588.6040978,15334.48462,15346.01538,15375.9,15358.25385,15293.73077,15313.30769,15339.14615,15282.19231,15332.65385,15213.08462
588.8013268,15258.48462,15292.91538,15301.9,15277.55385,15207.73077,15212.10769,15213.34615,15193.89231,15260.75385,15200.88462
588.9985417,15277.08462,15333.81538,15303.9,15305.15385,15323.03077,15314.80769,15333.64615,15288.09231,15290.05385,15271.98462
589.1957427,15227.88462,15282.71538,15319.3,15289.75385,15314.53077,15277.10769,15256.74615,15222.29231,15235.25385,15249.48462
589.3929297,15253.18462,15378.71538,15337.4,15347.75385,15317.73077,15274.70769,15338.84615,15289.19231,15302.75385,15327.88462
589.5901027,15227.78462,15242.81538,15317.8,15333.75385,15276.93077,15274.90769,15248.04615,15299.09231,15270.05385,15204.98462
589.7872617,15218.68462,15298.31538,15239.6,15293.35385,15265.33077,15230.20769,15217.94615,15233.69231,15219.15385,15226.18462
589.9844067,15173.08462,15300.81538,15235.1,15248.45385,15226.53077,15195.70769,15215.24615,15202.79231,15254.85385,15234.88462
590.1815377,15201.18462,15198.51538,15219.7,15180.15385,15184.53077,15190.90769,15148.14615,15083.89231,15155.85385,15137.08462
590.3786547,15290.78462,15344.21538,15348.3,15339.25385,15343.73077,15315.20769,15307.84615,15290.39231,15299.75385,15304.28462
590.5757577,15202.88462,15253.61538,15240.2,15250.85385,15256.33077,15269.50769,15189.54615,15266.29231,15221.65385,15173.38462
590.7728467,15186.38462,15253.71538,15299.1,15225.35385,15260.53077,15240.30769,15273.24615,15248.09231,15178.65385,15202.48462
590.9699218,15147.48462,15258.21538,15242.1,15186.15385,15224.53077,15211.10769,15179.44615,15208.89231,15226.65385,15140.58462
591.1669827,15304.28462,15285.81538,15362.9,15312.85385,15313.33077,15272.70769,15296.14615,15314.59231,15256.85385,15264.48462
591.3640297,15070.18462,15152.51538,15100.7,15077.55385,15116.53077,15080.30769,15110.54615,15098.19231,15088.85385,15085.48462
591.5610627,15209.68462,15295.81538,15220.7,15261.75385,15214.13077,15262.00769,15232.14615,15270.99231,15229.55385,15187.88462
591.7580817,15061.68462,15122.11538,15129.1,15132.85385,15120.53077,15128.50769,15131.84615,15035.49231,15099.15385,15083.38462
591.9550866,15151.68462,15180.81538,15165.4,15158.85385,15106.63077,15134.60769,15155.04615,15185.29231,15130.75385,15096.78462
592.1520775,15257.28462,15275.61538,15344.4,15290.15385,15277.73077,15294.90769,15257.84615,15272.79231,15281.95385,15227.28462
592.3490544,15126.98462,15221.61538,15224.9,15096.55385,15144.43077,15114.60769,15146.84615,15146.09231,15089.25385,15147.38462
592.5460173,15186.38462,15200.31538,15244.6,15242.55385,15213.83077,15201.40769,15258.94615,15221.09231,15225.95385,15192.78462
592.7429661,15172.58462,15196.11538,15212.4,15210.75385,15244.53077,15145.50769,15181.24615,15186.79231,15151.05385,15122.48462
592.9399009,15011.78462,15044.51538,15079.1,15024.65385,15052.83077,15050.90769,15020.84615,14989.29231,14957.65385,14964.78462
593.1368217,15113.58462,15179.71538,15164.6,15239.45385,15216.43077,15178.10769,15149.04615,15185.69231,15158.05385,15109.38462
593.3337285,15157.48462,15231.31538,15210.5,15218.45385,15141.63077,15219.90769,15196.34615,15197.39231,15177.55385,15192.88462
593.5306212,14989.58462,15031.91538,15101.5,15042.85385,15058.03077,14994.90769,15003.84615,15021.79231,14972.75385,14989.18462
593.7274998,15076.08462,15128.41538,15174.7,15119.95385,15149.83077,15166.70769,15137.74615,15176.79231,15100.55385,15133.28462
593.9243645,15088.08462,15171.91538,15146.7,15210.55385,15155.93077,15132.30769,15126.74615,15119.29231,15123.15385,15096.68462
594.121215,15040.48462,15080.61538,15107.1,15088.75385,15060.63077,15055.50769,15055.94615,15047.79231,15019.45385,14986.08462
594.3180516,15122.28462,15215.41538,15183,15198.65385,15217.13077,15161.50769,15156.74615,15134.89231,15191.45385,15127.38462
594.514874,14946.48462,14961.21538,14958.1,14964.35385,14970.63077,14956.00769,14937.54615,14937.49231,14959.75385,14971.38462
594.7116825,15108.18462,15161.81538,15151.5,15134.25385,15182.83077,15157.00769,15123.44615,15103.79231,15096.25385,15078.68462
594.9084769,15013.88462,15031.81538,15036.3,15029.55385,15055.23077,15018.80769,14969.34615,15010.19231,14998.85385,14982.28462
595.1052572,15132.58462,15160.91538,15112.7,15114.25385,15144.43077,15143.30769,15132.74615,15109.39231,15160.75385,15152.08462
595.3020234,14987.28462,14993.71538,15026.4,15004.05385,15011.33077,14992.50769,14998.14615,14971.59231,14973.45385,14964.98462
595.4987756,15012.68462,15067.61538,15095,15043.25385,15101.33077,15084.10769,15065.94615,15008.79231,15021.25385,15030.78462
595.6955138,14988.48462,15011.31538,15003.4,14998.35385,15005.93077,14979.50769,15016.74615,14989.19231,14990.35385,14960.28462
595.8922378,14894.38462,15020.61538,14959.1,14943.65385,14937.83077,14983.00769,14906.44615,14883.99231,14988.35385,14919.28462
596.0889478,14998.78462,15074.91538,15099.4,15064.95385,15031.63077,15064.90769,15007.14615,15044.29231,15026.75385,14968.28462
596.2856437,14981.58462,15070.61538,15088.8,14996.35385,15019.23077,15025.10769,15021.14615,15038.19231,15013.55385,15000.68462
596.4823256,14974.68462,14950.01538,15001.5,14984.95385,14980.43077,14982.00769,14972.74615,14925.89231,14960.15385,14930.18462
596.6789934,14891.38462,14976.71538,14994.7,14920.75385,14951.53077,14943.30769,14946.24615,14953.69231,14919.15385,14924.08462
596.8756471,14937.68462,15028.71538,15037.5,14998.65385,15046.43077,14994.70769,14977.04615,15033.69231,14996.95385,14947.38462
597.0722867,14809.18462,14856.61538,14898,14949.25385,14881.43077,14928.20769,14892.34615,14849.69231,14891.55385,14907.68462
597.2689122,14931.98462,15013.51538,15005.2,14975.55385,14978.03077,14983.90769,14939.44615,14940.99231,14914.95385,14935.98462
597.4655237,14776.78462,14881.71538,14857.8,14843.85385,14772.83077,14790.80769,14771.24615,14772.09231,14769.05385,14767.38462
597.662121,14841.78462,14875.61538,14921.6,14885.45385,14824.33077,14891.40769,14898.64615,14829.79231,14901.45385,14825.08462
597.8587043,14828.78462,14893.71538,14872.8,14884.35385,14877.53077,14882.60769,14859.54615,14859.09231,14866.95385,14867.28462
598.0552735,14874.88462,14888.91538,14927.9,14898.45385,14950.83077,14893.60769,14854.04615,14855.59231,14847.75385,14891.28462
598.2518285,14827.38462,14915.31538,14858.6,14817.65385,14801.53077,14787.70769,14775.84615,14847.49231,14837.25385,14746.98462
598.4483695,14854.98462,14884.11538,14905.5,14894.55385,14860.33077,14871.30769,14841.24615,14833.59231,14841.35385,14871.88462
598.6448964,14769.88462,14835.41538,14831.2,14842.65385,14844.43077,14774.60769,14805.64615,14780.49231,14799.55385,14783.68462
598.8414092,14689.78462,14752.21538,14732.6,14743.35385,14750.43077,14773.50769,14746.64615,14713.09231,14706.65385,14674.88462
599.0379079,14752.28462,14804.61538,14790.2,14767.35385,14766.23077,14796.50769,14743.54615,14758.89231,14749.35385,14727.78462
599.2343924,14782.98462,14873.91538,14822.5,14856.35385,14820.53077,14801.20769,14832.54615,14813.59231,14789.95385,14778.58462
599.4308629,14587.78462,14725.51538,14678,14673.35385,14662.53077,14653.00769,14629.74615,14659.99231,14640.45385,14573.08462
599.6273192,14665.08462,14726.41538,14700,14754.45385,14720.33077,14676.30769,14687.04615,14717.09231,14655.15385,14735.28462
599.8237614,14722.08462,14801.41538,14766.9,14795.95385,14803.63077,14788.10769,14731.64615,14755.59231,14743.45385,14710.78462
600.0201896,14640.28462,14731.31538,14681,14667.05385,14700.63077,14714.50769,14682.44615,14685.59231,14628.75385,14603.68462
600.2166035,14666.98462,14723.01538,14753.6,14713.85385,14735.03077,14757.70769,14670.04615,14692.59231,14696.75385,14677.78462
600.4130034,14582.58462,14676.71538,14658.4,14633.85385,14615.43077,14631.10769,14598.04615,14616.49231,14638.95385,14623.88462
600.6093892,14589.38462,14628.91538,14617,14628.15385,14640.83077,14622.00769,14603.44615,14618.29231,14606.55385,14568.78462
600.8057608,14495.18462,14562.31538,14592.6,14551.55385,14609.63077,14531.60769,14582.14615,14534.39231,14492.45385,14485.88462
601.0021183,14650.38462,14712.21538,14704.6,14691.35385,14626.63077,14652.40769,14665.84615,14628.59231,14587.45385,14618.08462
601.1984616,14539.58462,14618.11538,14585.5,14566.85385,14616.33077,14595.70769,14606.44615,14562.29231,14586.75385,14548.18462
601.3947908,14463.38462,14474.71538,14538.7,14518.45385,14494.73077,14460.00769,14508.54615,14406.99231,14502.85385,14481.98462
601.5911059,14564.38462,14585.01538,14555.3,14580.85385,14582.43077,14565.30769,14556.44615,14585.59231,14515.05385,14534.78462
601.7874069,14522.98462,14614.01538,14601,14581.05385,14552.03077,14611.10769,14567.24615,14556.49231,14595.15385,14540.58462
601.9836937,14471.78462,14544.81538,14515.9,14486.15385,14494.03077,14450.90769,14478.04615,14467.59231,14477.45385,14475.48462
602.1799663,14569.78462,14697.21538,14673.3,14685.05385,14653.33077,14609.20769,14621.64615,14618.79231,14553.45385,14595.38462
602.3762248,14473.68462,14555.91538,14524,14493.55385,14550.63077,14481.10769,14446.44615,14459.69231,14451.05385,14469.58462
602.5724692,14424.58462,14485.71538,14484.4,14413.05385,14443.83077,14431.30769,14455.14615,14415.59231,14438.15385,14430.58462
602.7686994,14471.58462,14524.41538,14475.3,14464.85385,14506.03077,14493.00769,14472.54615,14472.09231,14446.75385,14407.38462
602.9649155,14317.38462,14411.91538,14408.1,14387.85385,14409.53077,14306.10769,14363.24615,14358.49231,14372.75385,14343.68462
603.1611174,14386.38462,14477.11538,14498,14474.45385,14499.43077,14466.00769,14453.64615,14437.39231,14432.75385,14410.98462
603.3573051,14292.08462,14304.21538,14333.4,14345.75385,14266.43077,14374.40769,14339.04615,14314.79231,14310.25385,14297.38462
603.5534787,14392.38462,14417.51538,14425,14406.95385,14363.43077,14365.50769,14343.64615,14363.39231,14296.45385,14336.78462
603.7496381,14363.58462,14455.71538,14418,14400.15385,14390.93077,14422.40769,14397.14615,14416.99231,14376.95385,14376.18462
603.9457834,14295.78462,14329.21538,14289.4,14346.15385,14364.73077,14326.80769,14287.14615,14282.29231,14264.75385,14263.68462
604.1419145,14346.88462,14440.81538,14428.5,14373.05385,14365.13077,14397.60769,14366.84615,14372.69231,14380.65385,14350.98462
604.3380314,14171.48462,14274.61538,14237.5,14210.45385,14198.13077,14226.00769,14218.24615,14247.29231,14200.75385,14227.98462
604.5341341,14339.48462,14421.91538,14399.4,14349.05385,14379.63077,14395.50769,14362.44615,14409.59231,14339.55385,14360.28462
604.7302227,14177.88462,14239.21538,14245.3,14205.35385,14232.73077,14172.40769,14189.84615,14211.89231,14190.05385,14183.48462
604.9262971,14122.08462,14240.41538,14276.3,14262.65385,14236.03077,14227.40769,14213.94615,14213.29231,14182.35385,14187.68462
605.1223573,14320.08462,14353.91538,14313.1,14309.95385,14308.33077,14293.60769,14338.04615,14293.49231,14249.45385,14260.28462
605.3184033,14153.58462,14195.61538,14191,14237.25385,14173.73077,14154.10769,14144.24615,14178.19231,14176.45385,14150.58462
605.5144352,14051.48462,14203.01538,14120,14162.95385,14164.83077,14133.50769,14134.84615,14125.69231,14140.15385,14078.18462
605.7104528,14060.78462,14151.11538,14133.2,14146.95385,14119.33077,14145.60769,14125.54615,14110.79231,14167.35385,14101.88462
605.9064563,14156.88462,14242.11538,14256.5,14192.45385,14230.33077,14193.20769,14170.34615,14155.79231,14187.35385,14157.38462
606.1024455,14158.78462,14177.51538,14177.8,14203.65385,14148.73077,14112.30769,14146.74615,14162.69231,14133.45385,14125.88462
606.2984206,14165.08462,14261.41538,14229.9,14254.45385,14231.03077,14176.70769,14176.94615,14203.89231,14169.15385,14145.88462
606.4943815,14076.68462,14125.71538,14139,14139.75385,14151.83077,14122.00769,14052.04615,14069.49231,14082.15385,14108.98462
606.6903282,14145.68462,14215.31538,14180.3,14219.85385,14213.23077,14180.60769,14178.44615,14168.79231,14182.45385,14119.28462
606.8862607,14089.48462,14198.01538,14182.4,14183.65385,14174.63077,14155.50769,14126.54615,14147.19231,14114.95385,14095.38462
607.0821789,13972.28462,14077.91538,14061,14012.55385,14039.63077,13974.00769,13971.64615,13943.99231,13982.45385,13967.58462
607.278083,14120.28462,14165.81538,14165.6,14191.25385,14149.93077,14185.50769,14145.74615,14129.09231,14154.05385,14145.98462
607.4739729,13939.58462,14000.71538,13971.7,13895.75385,13954.23077,13938.60769,13921.94615,13932.39231,13913.25385,13943.88462
607.6698485,14095.48462,14145.61538,14115.9,14174.75385,14073.03077,14109.30769,14140.64615,14097.39231,14105.75385,14092.58462
607.8657099,13877.08462,13994.81538,13969.8,13937.35385,13961.73077,13959.40769,13927.14615,13921.59231,13888.35385,13873.48462
608.0615571,14086.08462,14155.61538,14139.3,14201.75385,14119.83077,14165.40769,14130.24615,14048.39231,14115.55385,14085.58462
608.2573901,13980.68462,14112.91538,14025.1,14076.65385,14034.23077,14012.30769,14067.74615,14023.79231,14006.75385,14021.38462
608.4532089,14000.58462,14033.61538,14048.2,14010.05385,14034.53077,14040.40769,14001.54615,14020.59231,14020.35385,14029.28462
608.6490135,14044.08462,14090.71538,14109.6,14072.65385,14112.93077,14050.60769,14048.04615,14056.49231,14017.15385,14080.08462
608.8448038,13942.08462,13951.91538,14057.1,13960.55385,13980.33077,13993.20769,13939.74615,13954.69231,13963.25385,13973.18462
609.0405799,13921.28462,14012.31538,14014.2,14010.75385,14053.33077,13965.00769,14022.34615,13975.59231,14027.45385,13972.28462
609.2363418,13993.48462,14070.71538,14072.7,13995.65385,14060.53077,14004.70769,14030.24615,14026.89231,13995.25385,14005.68462
609.4320894,13969.58462,14007.91538,14051.7,13995.35385,14014.13077,13975.20769,13954.94615,14000.79231,13990.05385,13931.58462
609.6278228,13930.58462,13958.91538,13946.4,13988.55385,13970.13077,13927.00769,13911.34615,13904.19231,13893.15385,13951.38462
609.8235419,13917.38462,14000.41538,14034.5,13986.65385,13951.13077,13991.10769,13965.64615,13926.89231,13965.15385,13988.78462
610.0192469,13817.68462,13923.51538,13914.5,13940.65385,13912.83077,13922.30769,13894.44615,13864.69231,13868.95385,13850.68462
610.2149375,13880.58462,13982.01538,13942.1,13923.55385,13963.23077,13941.90769,13901.54615,13928.39231,13884.55385,13912.78462
610.410614,13960.48462,14065.81538,14014.8,14028.75385,14025.03077,14005.60769,13970.34615,13991.19231,13947.95385,13983.08462
610.6062761,13831.78462,13891.71538,13895.4,13873.25385,13844.13077,13831.60769,13819.04615,13795.19231,13792.55385,13808.08462
610.8019241,13933.08462,14006.11538,14006.2,13921.15385,13965.93077,13969.60769,13895.64615,13943.79231,13960.35385,13919.88462
610.9975578,13865.18462,13871.81538,13931.5,13901.55385,13925.03077,13866.10769,13871.64615,13862.09231,13857.35385,13863.08462
611.1931772,13838.18462,13917.01538,13882,13916.25385,13910.93077,13921.20769,13935.44615,13854.99231,13845.45385,13856.98462
611.3887823,13860.78462,13913.81538,13906.1,13855.65385,13873.93077,13878.20769,13849.24615,13875.49231,13841.55385,13839.08462
611.5843732,13744.48462,13851.71538,13837.2,13798.55385,13835.73077,13829.50769,13843.04615,13813.19231,13796.35385,13792.08462
611.7799499,13791.88462,13802.21538,13814.6,13826.65385,13786.33077,13799.60769,13852.64615,13759.39231,13773.65385,13726.38462
611.9755123,13860.08462,13907.71538,13925.1,13889.65385,13926.23077,13880.10769,13848.54615,13905.39231,13836.55385,13867.08462
612.1710604,13807.38462,13839.71538,13882.4,13868.55385,13879.53077,13809.60769,13806.74615,13821.39231,13836.65385,13815.88462
612.3665942,13826.58462,13791.01538,13805.4,13826.55385,13816.13077,13760.80769,13765.64615,13783.39231,13829.25385,13798.08462
612.5621138,13745.68462,13797.91538,13752.6,13781.35385,13809.63077,13755.00769,13782.44615,13777.19231,13790.85385,13742.88462
612.7576191,13590.58462,13684.31538,13681.2,13682.75385,13668.23077,13616.00769,13663.54615,13624.99231,13625.15385,13607.38462
612.9531101,13682.28462,13717.21538,13717.4,13698.85385,13753.73077,13721.50769,13679.24615,13682.29231,13698.65385,13668.88462
613.1485868,13776.98462,13834.91538,13877.7,13887.05385,13876.93077,13904.10769,13877.74615,13849.19231,13866.55385,13813.18462
613.3440493,13719.68462,13731.71538,13760.2,13740.25385,13742.53077,13755.80769,13734.34615,13753.09231,13659.45385,13705.18462
613.5394975,13853.58462,13981.61538,13930.5,13950.15385,13904.73077,13918.00769,13937.34615,13872.19231,13858.65385,13856.78462
613.7349313,13747.58462,13857.31538,13846.2,13819.65385,13799.33077,13785.50769,13783.04615,13787.19231,13744.95385,13809.08462
613.9303509,13722.58462,13833.61538,13829.2,13821.95385,13856.93077,13852.60769,13817.94615,13784.99231,13795.05385,13744.48462
614.1257562,13729.08462,13767.81538,13784.2,13765.85385,13748.73077,13730.30769,13694.14615,13709.79231,13717.55385,13687.48462
614.3211472,13819.28462,13824.51538,13878.1,13815.65385,13808.73077,13864.40769,13780.74615,13832.29231,13812.35385,13804.08462
614.516524,13731.58462,13766.81538,13798.3,13760.05385,13764.43077,13792.60769,13763.04615,13738.99231,13779.05385,13747.78462
614.7118864,13647.88462,13732.41538,13730.1,13737.05385,13746.73077,13713.50769,13678.44615,13718.89231,13703.05385,13699.08462
614.9072345,13604.18462,13690.51538,13640.4,13666.55385,13677.93077,13663.70769,13660.34615,13683.29231,13645.25385,13587.38462
615.1025683,13719.38462,13819.31538,13830.2,13754.35385,13736.03077,13757.10769,13765.64615,13764.89231,13737.15385,13741.38462
615.2978878,13629.38462,13666.81538,13672.8,13706.25385,13647.33077,13649.60769,13610.14615,13594.19231,13597.65385,13599.88462
615.493193,13780.88462,13810.51538,13851.1,13823.25385,13813.63077,13760.70769,13792.44615,13788.59231,13736.65385,13800.98462
615.6884839,13503.48462,13622.31538,13646.1,13604.55385,13585.73077,13534.60769,13531.74615,13509.29231,13499.75385,13549.78462
615.8837605,13735.28462,13859.51538,13795.5,13826.35385,13817.13077,13785.90769,13825.44615,13787.69231,13768.85385,13786.88462
616.0790227,13476.58462,13550.61538,13580.4,13530.65385,13568.03077,13562.70769,13501.94615,13523.59231,13544.45385,13506.98462
616.2742707,13670.88462,13777.01538,13755.5,13692.05385,13769.43077,13701.90769,13689.34615,13702.39231,13725.15385,13656.48462
616.4695043,13527.78462,13618.31538,13631.2,13591.55385,13633.53077,13584.80769,13588.24615,13568.59231,13561.35385,13568.38462
616.6647236,13590.68462,13658.51538,13688.3,13664.95385,13688.23077,13647.50769,13623.54615,13646.09231,13623.85385,13597.28462
616.8599285,13540.78462,13608.01538,13618.8,13614.25385,13568.23077,13576.90769,13577.64615,13562.79231,13589.55385,13522.88462
617.0551192,13500.68462,13580.11538,13561.5,13556.65385,13548.73077,13547.40769,13557.54615,13557.49231,13527.85385,13492.98462
617.2502955,13477.68462,13562.31538,13542.4,13523.95385,13525.33077,13504.20769,13513.44615,13445.79231,13500.45385,13487.08462
617.4454575,13543.48462,13679.11538,13705,13606.35385,13684.13077,13616.10769,13654.94615,13600.09231,13603.85385,13640.08462
617.6406051,13339.78462,13374.41538,13407.7,13324.35385,13364.93077,13368.60769,13360.14615,13343.89231,13345.85385,13338.38462
617.8357384,13550.08462,13584.81538,13571.1,13591.25385,13537.13077,13566.00769,13530.04615,13528.69231,13545.25385,13524.98462
618.0308574,13375.98462,13348.01538,13397.9,13363.55385,13383.93077,13346.90769,13325.74615,13365.39231,13314.65385,13291.98462
618.225962,13449.18462,13477.91538,13534.8,13551.55385,13528.73077,13445.60769,13543.94615,13459.79231,13512.75385,13467.58462
618.4210523,13344.88462,13413.01538,13439.3,13374.15385,13420.83077,13369.50769,13362.24615,13362.19231,13346.05385,13306.88462
618.6161282,13452.78462,13529.41538,13522.4,13534.55385,13505.03077,13471.80769,13471.64615,13511.89231,13435.55385,13446.68462
618.8111898,13243.38462,13303.31538,13328.6,13249.95385,13298.33077,13284.20769,13251.54615,13242.99231,13215.65385,13254.98462
619.006237,13422.58462,13463.71538,13487.8,13409.55385,13439.53077,13414.10769,13454.64615,13468.39231,13434.35385,13375.68462
619.2012699,13144.88462,13196.21538,13188.3,13180.05385,13202.83077,13182.30769,13140.04615,13114.69231,13158.95385,13145.88462
619.3962884,13233.78462,13310.91538,13329.8,13326.65385,13281.73077,13271.80769,13274.14615,13234.99231,13241.95385,13239.98462
619.5912926,13034.88462,13107.71538,13115.9,13085.45385,13076.93077,13044.10769,13080.74615,13058.39231,13003.35385,13065.28462
619.7862824,13195.28462,13275.41538,13264.6,13267.95385,13292.93077,13235.70769,13245.14615,13183.19231,13232.85385,13204.78462
619.9812578,13007.58462,13021.71538,13050.2,12987.95385,13064.53077,13005.10769,12996.74615,12975.39231,12970.55385,12992.98462
620.1762189,13190.08462,13231.11538,13199.2,13161.45385,13203.03077,13162.10769,13187.74615,13178.79231,13155.75385,13148.68462
620.3711656,12945.18462,12989.31538,12979.1,12978.15385,12950.33077,12939.00769,12948.34615,12961.49231,12939.75385,12924.68462
620.5660979,13048.08462,13055.41538,13035.5,13053.55385,13090.43077,13054.80769,13053.64615,13030.19231,13022.35385,13023.68462
620.7610159,12911.28462,12998.61538,12959.6,12946.45385,12952.13077,12950.00769,12927.74615,12951.39231,12903.05385,12909.68462
620.9559195,12964.48462,13054.91538,13060.8,13058.85385,13009.83077,13012.50769,12982.74615,13010.09231,12977.55385,12987.68462
621.1508087,12780.28462,12858.61538,12850.2,12787.35385,12803.43077,12825.30769,12792.94615,12767.19231,12796.65385,12770.28462
621.3456835,12823.18462,12916.51538,12920.6,12902.25385,12861.03077,12913.30769,12910.44615,12861.89231,12842.45385,12864.78462
621.5405439,12665.38462,12697.01538,12718.7,12706.25385,12728.03077,12722.60769,12716.44615,12737.69231,12701.65385,12692.48462
621.73539,12771.58462,12859.61538,12847.8,12852.05385,12834.33077,12803.60769,12781.14615,12790.49231,12783.45385,12784.98462
621.9302216,12510.08462,12616.61538,12641.5,12621.55385,12591.43077,12596.70769,12581.74615,12544.49231,12563.05385,12523.88462
622.1250389,12639.28462,12740.01538,12716.5,12694.15385,12672.23077,12680.90769,12700.04615,12666.49231,12645.55385,12646.88462
622.3198418,12426.48462,12487.51538,12523.5,12491.65385,12507.73077,12437.80769,12476.64615,12488.69231,12457.35385,12401.88462
622.5146303,12565.98462,12624.01538,12640.4,12631.55385,12605.73077,12590.90769,12619.94615,12549.59231,12575.35385,12560.38462
622.7094043,12437.58462,12513.61538,12453.4,12490.35385,12475.43077,12432.10769,12460.44615,12421.79231,12496.25385,12435.48462
622.904164,12391.78462,12440.41538,12472.9,12459.95385,12481.53077,12443.00769,12420.34615,12413.99231,12451.25385,12433.88462
623.0989093,12354.78462,12383.11538,12441.9,12423.95385,12431.43077,12402.70769,12381.04615,12369.49231,12395.25385,12309.28462
623.2936402,12353.58462,12418.41538,12431.3,12412.85385,12388.93077,12418.20769,12341.14615,12379.69231,12402.45385,12337.38462
623.4883567,12187.98462,12261.91538,12277.7,12218.45385,12239.23077,12184.30769,12240.34615,12248.69231,12208.25385,12206.38462
623.6830587,12234.18462,12338.81538,12313.8,12323.15385,12273.33077,12300.40769,12282.94615,12248.99231,12259.45385,12258.88462
623.8777464,12032.58462,12107.01538,12113.8,12097.35385,12113.63077,12111.20769,12102.64615,12052.79231,12073.85385,12060.28462
624.0724196,12095.68462,12184.71538,12201.6,12142.95385,12210.93077,12124.50769,12162.44615,12119.09231,12136.15385,12172.68462
624.2670784,12085.08462,12156.01538,12145.2,12067.15385,12137.53077,12107.00769,12130.24615,12095.09231,12119.75385,12076.58462
624.4617228,12005.68462,12084.41538,11991.6,12010.75385,12043.63077,12036.50769,12002.74615,11965.29231,11969.85385,11954.18462
624.6563528,11889.88462,11947.81538,11957.6,11973.85385,11927.53077,11893.70769,11945.14615,11908.49231,11920.75385,11872.38462
624.8509683,11911.18462,11989.11538,11960,11947.55385,11992.93077,11946.70769,11956.64615,11905.39231,11932.35385,11893.88462
625.0455695,11798.88462,11923.71538,11883.9,11872.15385,11889.03077,11853.00769,11876.44615,11840.29231,11822.35385,11790.68462
625.2401561,11742.38462,11832.01538,11812,11788.35385,11805.33077,11782.20769,11782.04615,11777.49231,11803.95385,11812.58462
625.4347284,11685.58462,11738.71538,11715.9,11722.25385,11725.03077,11720.50769,11689.94615,11636.09231,11644.55385,11700.48462
625.6292862,11669.78462,11718.51538,11707.4,11747.35385,11694.93077,11698.70769,11650.84615,11706.09231,11637.85385,11665.48462
625.8238296,11551.08462,11627.11538,11676.6,11638.45385,11621.23077,11599.30769,11646.54615,11574.09231,11576.65385,11606.18462
626.0183586,11588.28462,11615.91538,11619.4,11570.15385,11548.53077,11622.80769,11607.64615,11557.79231,11578.35385,11591.68462
626.2128731,11332.38462,11435.61538,11417.3,11403.15385,11383.73077,11367.70769,11338.14615,11407.09231,11352.45385,11360.98462
626.4073731,11459.88462,11497.51538,11493.3,11522.25385,11472.73077,11456.70769,11454.74615,11448.79231,11470.55385,11493.78462
626.6018588,11318.38462,11347.81538,11334.8,11382.95385,11328.43077,11366.90769,11350.04615,11336.79231,11366.35385,11337.48462
626.7963299,11347.48462,11428.51538,11427.2,11425.55385,11388.23077,11406.80769,11391.54615,11357.09231,11396.15385,11407.28462
626.9907867,11263.58462,11377.31538,11388.6,11332.25385,11362.53077,11346.80769,11329.54615,11335.59231,11283.15385,11292.28462
627.1852289,11217.18462,11270.71538,11284.3,11316.55385,11307.33077,11219.90769,11281.74615,11241.49231,11211.55385,11203.78462
627.3796567,11141.28462,11245.71538,11193.2,11167.75385,11199.33077,11145.60769,11171.84615,11161.79231,11149.15385,11140.68462
627.5740701,11075.28462,11138.91538,11139.9,11119.75385,11117.23077,11110.90769,11113.54615,11064.69231,11101.05385,11036.98462
627.768469,11013.48462,11103.81538,11079.6,11096.35385,11076.83077,11037.30769,11046.34615,11016.19231,11014.25385,11072.88462
627.9628534,10996.08462,11065.41538,11053.4,11084.45385,11014.33077,11026.60769,11030.94615,11029.59231,11003.35385,11017.78462
628.1572234,10837.18462,10920.01538,10921.4,10922.25385,10905.53077,10926.30769,10888.44615,10894.99231,10897.45385,10902.08462
628.3515789,10952.18462,11020.11538,11004.9,10981.95385,11013.43077,11011.70769,10950.24615,10946.99231,10967.95385,10950.68462
628.5459199,10806.78462,10815.71538,10856.3,10855.65385,10846.83077,10791.30769,10789.54615,10857.49231,10764.25385,10797.28462
628.7402464,10835.88462,10944.31538,10905.4,10890.95385,10930.13077,10920.00769,10860.34615,10865.49231,10893.95385,10879.88462
628.9345585,10702.08462,10746.91538,10746.4,10740.35385,10740.93077,10727.40769,10693.54615,10702.09231,10736.15385,10706.98462
629.1288561,10691.18462,10785.31538,10745.4,10722.35385,10773.23077,10743.60769,10749.14615,10707.79231,10731.35385,10738.08462
629.3231392,10594.98462,10653.11538,10673.3,10608.15385,10614.53077,10604.00769,10623.14615,10581.79231,10607.25385,10600.88462
629.5174079,10549.58462,10608.51538,10593.5,10591.25385,10594.63077,10569.80769,10589.34615,10572.49231,10563.35385,10568.08462
629.711662,10506.98462,10596.81538,10612.1,10551.95385,10596.03077,10588.50769,10550.34615,10602.59231,10590.05385,10557.48462
629.9059017,10465.98462,10564.81538,10504.8,10550.35385,10518.33077,10532.70769,10510.64615,10552.59231,10497.35385,10550.18462
630.1001269,10308.38462,10365.01538,10359.7,10377.35385,10386.43077,10347.10769,10306.64615,10329.59231,10354.65385,10329.98462
630.2943375,10370.08462,10421.61538,10439,10442.55385,10405.83077,10433.60769,10459.24615,10415.09231,10450.45385,10388.98462
630.4885337,10283.18462,10382.71538,10364.9,10352.85385,10326.53077,10346.40769,10355.44615,10354.69231,10323.55385,10333.48462
630.6827154,10376.98462,10360.21538,10383.6,10368.05385,10364.83077,10342.40769,10336.64615,10330.19231,10329.15385,10352.68462
630.8768826,10155.58462,10202.01538,10224.3,10191.65385,10210.93077,10171.20769,10175.34615,10174.89231,10166.25385,10134.38462
631.0710353,10105.98462,10144.51538,10216.8,10190.25385,10166.13077,10137.20769,10130.04615,10100.09231,10178.75385,10117.78462
631.2651735,10161.78462,10276.31538,10243.1,10180.15385,10237.23077,10212.40769,10189.74615,10168.99231,10175.15385,10170.68462
631.4592972,10065.08462,10164.11538,10114.2,10174.95385,10104.63077,10099.30769,10078.14615,10089.59231,10084.95385,10078.68462
631.6534063,10003.88462,10091.91538,10044.3,9984.853846,10076.03077,10052.30769,10082.14615,10033.99231,10067.35385,10024.98462
631.847501,9990.484615,10023.31538,10045.4,10038.75385,10033.63077,9994.307692,9999.746154,10040.49231,9991.353846,9948.784615
632.0415811,9922.484615,9963.015385,9988.4,9915.553846,9950.030769,9980.907692,9905.546154,9903.792308,9882.553846,9903.284615
632.2356468,9953.484615,9985.215385,10005.8,9916.553846,9997.030769,9930.507692,9958.446154,9931.692308,9913.753846,9962.584615
632.4296979,9792.984615,9845.515385,9843.1,9791.153846,9863.830769,9830.307692,9796.946154,9811.492308,9784.053846,9758.484615
632.6237345,9832.484615,9912.115385,9870.1,9896.253846,9869.230769,9879.407692,9865.746154,9818.592308,9846.053846,9850.284615
632.8177565,9765.084615,9811.815385,9795.6,9817.153846,9784.330769,9752.207692,9804.446154,9764.992308,9764.253846,9734.184615
633.0117641,9635.884615,9672.215385,9706.3,9699.153846,9669.730769,9704.007692,9664.046154,9668.492308,9642.853846,9644.284615
633.2057571,9647.184615,9678.415385,9692.3,9726.153846,9691.230769,9652.807692,9661.446154,9646.892308,9654.153846,9655.584615
633.3997355,9646.384615,9718.115385,9693.1,9663.353846,9692.330769,9625.807692,9692.446154,9630.592308,9627.253846,9622.584615
633.5936995,9493.184615,9557.715385,9606.4,9569.753846,9560.330769,9560.807692,9579.246154,9554.992308,9555.853846,9517.684615
633.7876489,9511.684615,9578.815385,9583.1,9553.153846,9540.630769,9554.307692,9535.546154,9503.692308,9508.853846,9514.684615
633.9815838,9470.084615,9622.315385,9500.3,9527.053846,9533.530769,9494.307692,9482.546154,9493.992308,9508.953846,9471.184615
634.1755041,9430.984615,9445.115385,9485.8,9514.753846,9440.330769,9464.407692,9473.246154,9438.792308,9431.853846,9433.484615
634.3694099,9387.584615,9437.815385,9404.8,9409.053846,9408.830769,9380.607692,9385.346154,9380.092308,9378.353846,9344.684615
634.5633011,9341.884615,9421.615385,9395.5,9388.453846,9415.830769,9342.407692,9370.346154,9370.592308,9310.353846,9389.784615
634.7571778,9287.684615,9317.115385,9328.2,9313.053846,9320.530769,9293.407692,9307.846154,9292.392308,9304.153846,9289.884615
634.95104,9251.884615,9307.915385,9311.9,9310.553846,9308.630769,9255.607692,9278.046154,9299.792308,9295.853846,9299.384615
635.1448876,9208.884615,9254.615385,9268.1,9273.553846,9240.230769,9244.807692,9236.246154,9210.392308,9243.053846,9235.984615
635.3387206,9238.384615,9248.515385,9244.5,9280.253846,9267.930769,9241.507692,9247.046154,9207.592308,9247.453846,9237.184615
635.5325391,9086.384615,9145.315385,9131,9124.553846,9116.230769,9091.307692,9105.646154,9100.992308,9090.453846,9100.984615
635.726343,9111.884615,9120.215385,9152,9110.953846,9120.730769,9124.007692,9125.146154,9105.292308,9079.553846,9117.384615
635.9201323,8923.684615,8994.915385,9006.1,8995.553846,8975.430769,8994.507692,8972.446154,8974.192308,9001.753846,8948.984615
636.1139071,9015.384615,9063.115385,9074.3,9055.253846,9030.830769,9029.607692,8993.946154,9045.892308,9008.553846,8988.884615
636.3076674,8947.084615,8965.315385,8997.1,8954.453846,8990.530769,8977.407692,8951.546154,8948.292308,8933.353846,8903.784615
636.501413,8878.184615,8934.115385,8938.2,8957.853846,8907.330769,8951.107692,8910.846154,8901.992308,8881.353846,8906.384615
636.6951441,8874.284615,8888.015385,8921.9,8890.853846,8885.330769,8914.307692,8932.846154,8891.692308,8827.053846,8858.784615
636.8888606,8779.684615,8807.015385,8787.5,8818.053846,8850.930769,8816.607692,8822.346154,8829.392308,8804.153846,8796.684615
637.0825625,8751.384615,8770.715385,8778.8,8776.853846,8762.830769,8753.707692,8786.646154,8773.792308,8760.453846,8758.584615
637.2762499,8653.584615,8769.615385,8721.3,8743.253846,8723.630769,8713.207692,8700.446154,8702.192308,8739.253846,8706.884615
637.4699227,8673.784615,8704.215385,8689.6,8735.853846,8675.430769,8696.907692,8670.246154,8692.192308,8667.853846,8696.784615
637.6635808,8623.284615,8650.415385,8694.4,8742.253846,8680.830769,8651.007692,8644.646154,8631.092308,8660.053846,8636.484615
637.8572244,8589.884615,8647.615385,8660,8651.253846,8632.530769,8643.107692,8650.346154,8642.492308,8599.153846,8594.084615
638.0508535,8556.684615,8602.115385,8600.9,8593.853846,8586.430769,8562.107692,8573.746154,8549.092308,8573.053846,8591.684615
638.2444679,8467.484615,8535.115385,8529.9,8533.653846,8501.830769,8491.507692,8493.046154,8492.092308,8488.753846,8495.184615
638.4380677,8500.184615,8526.015385,8506.9,8510.653846,8542.030769,8509.207692,8476.046154,8502.892308,8498.353846,8441.584615
638.6316529,8394.984615,8475.315385,8435.3,8453.453846,8452.430769,8412.407692,8455.946154,8405.192308,8417.153846,8386.384615
638.8252236,8332.084615,8375.015385,8363.5,8380.553846,8393.430769,8361.007692,8377.846154,8319.992308,8352.253846,8340.784615
639.0187796,8284.984615,8356.415385,8350.8,8403.653846,8346.230769,8378.307692,8334.446154,8340.292308,8382.453846,8307.984615
639.212321,8267.584615,8291.415385,8291.4,8304.353846,8290.830769,8234.107692,8253.746154,8276.592308,8248.453846,8262.184615
639.4058478,8251.884615,8312.715385,8315.6,8290.153846,8291.730769,8257.507692,8253.446154,8265.892308,8286.553846,8279.884615
639.5993601,8192.084615,8249.715385,8270.9,8186.853846,8240.930769,8241.507692,8241.946154,8214.192308,8247.953846,8225.584615
639.7928577,8246.484615,8245.815385,8241.6,8221.353846,8242.730769,8198.007692,8202.546154,8194.992308,8167.753846,8275.384615
639.9863407,8032.684615,8093.215385,8116.3,8061.953846,8098.930769,8074.007692,8084.946154,8041.592308,8036.553846,8029.984615
640.179809,8123.484615,8140.915385,8131.8,8125.753846,8109.730769,8152.307692,8133.946154,8126.792308,8091.453846,8138.284615
640.3732628,8073.284615,8088.415385,8107.9,8086.653846,8108.830769,8087.307692,8110.546154,8082.792308,8082.153846,8071.184615
640.5667019,7914.884615,8000.415385,7973.7,7972.653846,7983.430769,7969.907692,7965.246154,7965.392308,7924.353846,7963.884615
640.7601264,7968.284615,8043.815385,7981.5,7988.353846,7958.730769,7996.007692,7984.246154,7986.092308,7995.553846,7965.684615
640.9535363,7896.484615,7913.815385,7928.4,7920.353846,7942.530769,7905.007692,7895.146154,7887.292308,7888.453846,7871.284615
641.1469316,7836.784615,7873.415385,7898.4,7862.353846,7835.130769,7862.707692,7848.046154,7840.292308,7843.653846,7832.684615
641.3403122,7784.884615,7866.315385,7864.3,7831.853846,7833.630769,7837.007692,7845.646154,7838.892308,7797.853846,7794.084615
641.5336782,7809.384615,7863.115385,7807.1,7802.053846,7848.530769,7808.807692,7817.046154,7792.892308,7810.853846,7809.384615
641.7270296,7760.984615,7766.915385,7802.8,7784.753846,7793.230769,7752.007692,7735.246154,7763.792308,7746.853846,7763.984615
641.9203663,7727.784615,7737.215385,7751.5,7773.253846,7751.830769,7735.707692,7728.146154,7714.492308,7735.053846,7757.784615
642.1136884,7638.784615,7689.215385,7690.9,7712.853846,7690.030769,7691.107692,7667.046154,7661.892308,7693.953846,7663.084615
642.3069958,7610.584615,7665.015385,7693.8,7679.553846,7652.730769,7657.807692,7649.746154,7672.092308,7628.453846,7662.784615
642.5002886,7588.684615,7609.015385,7641.5,7635.153846,7647.930769,7603.207692,7592.146154,7625.792308,7602.953846,7609.084615
642.6935668,7487.284615,7511.415385,7536.6,7496.753846,7486.930769,7509.007692,7492.746154,7492.192308,7533.053846,7471.284615
642.8868303,7475.584615,7531.515385,7472.8,7478.153846,7523.230769,7527.407692,7485.446154,7459.292308,7491.153846,7481.984615
643.0800791,7485.984615,7536.115385,7556.9,7544.553846,7560.530769,7545.007692,7531.246154,7514.792308,7495.953846,7519.484615
643.2733133,7436.684615,7484.015385,7494.3,7463.853846,7468.530769,7447.007692,7458.046154,7429.092308,7448.553846,7391.784615
643.4665329,7396.284615,7424.015385,7437.1,7431.853846,7442.230769,7422.407692,7403.646154,7388.092308,7391.653846,7381.284615
643.6597377,7358.184615,7349.415385,7358,7366.353846,7334.430769,7335.907692,7309.446154,7378.592308,7356.753846,7364.884615
643.852928,7308.684615,7327.715385,7314.9,7311.553846,7308.230769,7306.607692,7314.746154,7308.492308,7336.353846,7305.284615
644.0461035,7208.384615,7268.515385,7295,7247.953846,7244.330769,7257.107692,7257.846154,7242.792308,7248.853846,7222.184615
644.2392644,7247.784615,7289.415385,7327,7287.853846,7280.030769,7287.407692,7280.546154,7240.492308,7265.053846,7276.584615
644.4324106,7221.684615,7235.915385,7218.5,7247.653846,7224.230769,7239.807692,7227.546154,7187.792308,7163.653846,7204.384615
644.6255422,7142.484615,7195.315385,7195.2,7167.453846,7198.230769,7175.507692,7174.046154,7132.292308,7178.353846,7159.784615
644.8186591,7082.284615,7135.415385,7196.5,7148.153846,7125.430769,7107.607692,7123.246154,7124.692308,7109.753846,7130.084615
645.0117613,7084.784615,7151.615385,7127.7,7106.553846,7120.530769,7122.407692,7113.346154,7101.692308,7100.453846,7090.284615
645.2048488,7039.684615,7092.015385,7127.9,7067.353846,7084.130769,7065.007692,7073.946154,7082.992308,7063.553846,7065.584615
645.3979216,7006.984615,7092.715385,7017.6,7029.253846,7050.030769,7024.507692,7051.546154,6994.192308,7033.953846,7031.884615
645.5909798,6954.984615,7004.815385,6986,6962.753846,7015.630769,6959.907692,6962.046154,6953.892308,6971.853846,6962.884615
645.7840232,6953.284615,7011.415385,6986.7,6967.753846,6955.630769,6992.007692,6944.646154,6987.992308,6998.653846,6934.184615
645.977052,6863.884615,6906.615385,6874.6,6894.353846,6906.830769,6893.607692,6865.946154,6891.492308,6862.553846,6871.184615
646.1700661,6863.384615,6907.015385,6884.7,6893.053846,6881.930769,6885.007692,6875.746154,6863.792308,6858.153846,6887.484615
646.3630655,6775.484615,6812.815385,6801.4,6820.553846,6833.530769,6813.807692,6833.246154,6822.592308,6787.953846,6799.784615
646.5560502,6717.684615,6757.215385,6783.3,6747.853846,6741.630769,6748.507692,6701.346154,6728.892308,6717.353846,6739.884615
646.7490202,6780.284615,6796.415385,6809.4,6803.253846,6785.530769,6774.507692,6763.246154,6753.992308,6770.053846,6765.884615
646.9419755,6668.484615,6754.115385,6765.4,6759.753846,6753.730769,6811.907692,6761.746154,6735.692308,6745.953846,6730.384615
647.1349162,6623.684615,6698.015385,6682.3,6669.753846,6686.330769,6700.107692,6671.746154,6695.492308,6676.453846,6652.484615
647.3278421,6617.284615,6709.715385,6682.1,6661.253846,6633.830769,6675.507692,6646.346154,6639.092308,6641.353846,6644.984615
647.5207532,6608.984615,6625.615385,6670.8,6644.253846,6640.430769,6612.507692,6650.246154,6626.892308,6601.353846,6620.584615
647.7136497,6461.884615,6524.815385,6539,6540.853846,6505.130769,6546.007692,6479.446154,6505.192308,6488.953846,6524.884615
647.9065315,6530.184615,6540.315385,6578.5,6562.953846,6556.430769,6535.207692,6575.946154,6554.392308,6527.453846,6511.784615
648.0993986,6484.284615,6535.215385,6491.7,6511.353846,6527.930769,6524.207692,6469.846154,6483.092308,6469.853846,6517.184615
648.2922509,6445.784615,6519.115385,6495.9,6475.053846,6491.730769,6491.507692,6473.546154,6494.092308,6449.353846,6454.084615
648.4850885,6411.784615,6449.515385,6433.2,6460.553846,6432.330769,6451.207692,6408.146154,6410.392308,6419.753846,6457.584615
648.6779114,6350.484615,6398.315385,6399.9,6357.653846,6359.330769,6350.607692,6356.446154,6361.792308,6369.653846,6357.284615
648.8707196,6302.584615,6368.015385,6397.9,6363.453846,6350.330769,6308.507692,6357.246154,6351.692308,6344.353846,6358.884615
649.063513,6317.984615,6295.715385,6315.8,6302.053846,6297.930769,6280.107692,6294.046154,6297.192308,6296.853846,6296.584615
649.2562917,6330.284615,6352.315385,6357.1,6355.253846,6338.930769,6350.907692,6332.246154,6302.292308,6335.353846,6333.384615
649.4490557,6243.784615,6263.915385,6257.9,6239.553846,6280.230769,6263.907692,6270.146154,6242.892308,6221.953846,6242.684615
649.641805,6195.484615,6264.015385,6226.1,6229.053846,6230.430769,6195.507692,6218.646154,6209.092308,6233.753846,6248.984615
649.8345395,6122.684615,6192.715385,6171,6195.753846,6178.030769,6174.707692,6125.546154,6150.392308,6156.953846,6124.684615
650.0272593,6143.384615,6182.315385,6118,6147.753846,6130.030769,6142.607692,6104.646154,6146.792308,6155.753846,6137.084615
650.2199643,6045.784615,6099.215385,6086.8,6076.453846,6099.830769,6076.407692,6102.946154,6060.492308,6050.153846,6050.784615
650.4126546,6060.084615,6091.915385,6038.8,6044.653846,6085.530769,6047.307692,6064.246154,6061.692308,6090.853846,6038.984615
650.6053301,6006.484615,6051.115385,6055.9,6000.653846,6009.930769,6073.107692,6028.246154,6023.792308,6052.453846,6004.184615
650.7979909,6023.284615,6002.515385,6060.1,6038.953846,6015.230769,5997.107692,6023.546154,6005.492308,6015.653846,6011.184615
650.990637,5926.284615,5946.615385,5945.8,5945.053846,5917.130769,5925.107692,5942.046154,5956.492308,5916.053846,5930.884615
651.1832683,5941.284615,5944.815385,5964.9,5933.253846,5968.730769,5924.607692,5939.946154,5969.292308,5921.253846,5928.984615
651.3758848,5877.684615,5881.115385,5876.7,5873.353846,5873.830769,5887.807692,5869.746154,5871.992308,5873.953846,5873.884615
651.5684866,5844.784615,5903.415385,5850.4,5872.653846,5896.230769,5882.107692,5862.946154,5833.792308,5869.153846,5843.984615
651.7610736,5803.184615,5853.415385,5832.9,5795.653846,5824.430769,5833.007692,5849.346154,5848.392308,5831.353846,5820.084615
651.9536459,5797.784615,5814.115385,5821.6,5822.553846,5815.130769,5810.607692,5818.746154,5786.592308,5782.953846,5774.084615
652.1462034,5743.684615,5780.715385,5756.1,5740.853846,5785.230769,5780.007692,5743.446154,5732.392308,5742.153846,5747.984615
652.3387461,5717.584615,5729.915385,5739.6,5711.053846,5732.430769,5697.607692,5736.546154,5749.392308,5712.553846,5728.984615
652.531274,5679.784615,5685.015385,5716.5,5689.953846,5688.330769,5747.007692,5694.146154,5672.392308,5691.953846,5693.784615
652.7237872,5640.084615,5659.415385,5674.7,5621.653846,5648.630769,5641.807692,5651.946154,5628.092308,5635.153846,5650.184615
652.9162856,5528.384615,5584.715385,5563.1,5532.953846,5577.430769,5557.007692,5536.746154,5566.692308,5575.353846,5530.784615
653.1087692,5606.584615,5623.215385,5615.8,5589.953846,5605.630769,5622.507692,5614.546154,5553.992308,5593.653846,5583.584615
653.3012381,5523.584615,5576.315385,5590.8,5573.353846,5558.030769,5572.907692,5567.246154,5526.392308,5553.953846,5543.184615
653.4936922,5515.184615,5553.215385,5544.9,5564.853846,5545.230769,5525.107692,5526.846154,5520.092308,5546.153846,5529.984615
653.6861314,5428.084615,5424.715385,5443.6,5417.253846,5441.330769,5422.907692,5460.646154,5447.992308,5416.853846,5414.984615
653.8785559,5475.784615,5516.915385,5467.9,5489.953846,5494.730769,5490.007692,5491.546154,5480.392308,5503.953846,5454.584615
654.0709656,5413.784615,5453.515385,5403.6,5386.853846,5456.030769,5402.807692,5433.546154,5415.392308,5393.853846,5391.184615
654.2633605,5367.284615,5385.515385,5382.3,5376.753846,5379.730769,5342.507692,5381.446154,5313.292308,5347.353846,5341.384615
654.4557406,5352.384615,5388.215385,5393.5,5411.653846,5395.330769,5354.907692,5378.246154,5363.392308,5373.053846,5356.684615
654.648106,5334.084615,5338.615385,5369.2,5333.653846,5354.830769,5354.007692,5328.046154,5325.892308,5343.553846,5320.884615
654.8404565,5236.384615,5279.715385,5232.2,5248.353846,5243.030769,5253.607692,5283.546154,5228.392308,5248.353846,5237.184615
655.0327922,5278.184615,5250.015385,5274.1,5257.953846,5233.530769,5259.907692,5234.746154,5265.292308,5277.353846,5261.884615
655.2251131,5229.484615,5226.015385,5249.1,5197.353846,5205.530769,5227.507692,5226.546154,5227.892308,5246.053846,5211.984615
655.4174192,5173.984615,5189.115385,5227.6,5224.453846,5203.930769,5221.807692,5216.046154,5208.592308,5171.853846,5173.484615
655.6097105,5188.384615,5188.015385,5212.8,5167.953846,5166.330769,5183.307692,5177.546154,5163.192308,5180.353846,5166.684615
655.801987,5142.384615,5157.315385,5181.5,5154.753846,5151.630769,5164.207692,5176.646154,5166.392308,5118.553846,5139.984615
655.9942487,5082.784615,5093.615385,5109.9,5087.453846,5074.130769,5078.207692,5118.046154,5081.692308,5047.253846,5059.684615
656.1864955,5087.384615,5130.115385,5117.8,5095.953846,5116.330769,5102.707692,5094.646154,5090.492308,5106.453846,5094.884615
656.3787276,5030.584615,5051.215385,5020.1,5037.453846,5039.230769,5040.107692,5064.346154,5014.992308,5021.953846,5020.184615
656.5709448,5010.084615,5020.315385,5055.5,5034.453846,5036.930769,5035.607692,5053.246154,5039.992308,5005.253846,5035.584615
656.7631472,4990.884615,4990.815385,4968.6,4967.253846,4984.330769,4986.707692,4953.446154,4981.092308,4986.353846,4961.184615
656.9553348,4894.584615,4949.915385,4943.5,4912.753846,4952.130769,4954.607692,4928.446154,4933.592308,4960.153846,4957.584615
657.1475075,4954.084615,4952.715385,4955.4,4952.053846,4928.730769,4937.407692,4969.246154,4935.292308,4931.653846,4938.084615
657.3396654,4893.984615,4908.115385,4881.7,4898.453846,4888.430769,4887.407692,4874.246154,4870.692308,4878.053846,4889.284615
657.5318085,4840.084615,4816.915385,4833.1,4840.553846,4841.530769,4846.907692,4818.146154,4832.892308,4820.653846,4823.384615
657.7239367,4793.284615,4816.115385,4825.6,4805.853846,4826.230769,4834.807692,4806.846154,4807.092308,4798.253846,4815.284615
657.9160501,4786.684615,4829.915385,4811.3,4820.653846,4846.430769,4800.707692,4792.546154,4780.892308,4810.953846,4836.584615
658.1081487,4741.584615,4795.915385,4790.5,4751.053846,4801.330769,4762.607692,4788.146154,4781.592308,4729.653846,4750.084615
658.3002324,4725.484615,4736.415385,4741.4,4747.953846,4743.230769,4739.107692,4720.446154,4718.392308,4713.453846,4731.284615
658.4923013,4716.084615,4725.815385,4731.9,4710.753846,4693.130769,4714.507692,4730.746154,4726.592308,4731.653846,4727.184615
658.6843553,4643.284615,4661.315385,4668.1,4638.653846,4657.630769,4673.807692,4664.546154,4655.392308,4642.453846,4639.084615
658.8763945,4628.984615,4686.315385,4664.9,4646.253846,4660.430769,4681.407692,4641.746154,4617.492308,4651.853846,4657.184615
659.0684188,4607.684615,4640.715385,4625.4,4610.553846,4597.530769,4638.707692,4627.946154,4653.192308,4629.553846,4599.984615
659.2604283,4594.684615,4604.515385,4598,4584.453846,4569.830769,4581.807692,4598.646154,4603.292308,4628.053846,4577.884615
659.4524229,4565.084615,4594.615385,4578.7,4578.153846,4586.630769,4600.107692,4566.446154,4571.792308,4573.053846,4556.284615
659.6444026,4536.184615,4564.415385,4550.1,4567.153846,4550.030769,4567.507692,4558.646154,4544.092308,4564.153846,4545.284615
659.8363675,4486.084615,4494.115385,4496.2,4521.353846,4532.630769,4478.307692,4499.346154,4494.192308,4465.053846,4477.584615
660.0283175,4497.484615,4496.615385,4519.6,4525.553846,4516.530769,4498.607692,4501.046154,4489.692308,4500.853846,4498.084615
660.2202527,4412.384615,4450.315385,4442.6,4434.053846,4422.030769,4439.707692,4416.246154,4407.492308,4409.253846,4418.684615
660.412173,4423.284615,4439.015385,4412.5,4431.953846,4416.330769,4420.207692,4404.146154,4409.992308,4412.353846,4432.584615
660.6040784,4365.684615,4378.615385,4384.6,4402.953846,4379.830769,4393.707692,4377.946154,4388.192308,4389.153846,4370.284615
660.7959689,4385.384615,4388.815385,4360,4387.353846,4396.930769,4381.107692,4382.646154,4371.892308,4381.053846,4389.184615
660.9878446,4359.284615,4354.615385,4343.3,4333.453846,4363.530769,4331.507692,4327.146154,4331.992308,4330.153846,4341.484615
661.1797054,4303.084615,4283.015385,4313.3,4279.953846,4311.330769,4291.507692,4285.046154,4330.392308,4275.253846,4250.684615
661.3715513,4283.284615,4273.315385,4248.3,4289.353846,4257.930769,4263.307692,4275.546154,4235.992308,4272.853846,4257.484615
661.5633823,4276.384615,4289.715385,4272,4297.253846,4297.330769,4314.907692,4291.746154,4291.892308,4269.753846,4304.384615
661.7551985,4212.984615,4200.515385,4211.5,4209.253846,4208.130769,4208.507692,4233.946154,4212.892308,4207.453846,4206.284615
661.9469997,4233.384615,4245.415385,4231.3,4257.753846,4235.430769,4219.207692,4230.246154,4206.692308,4240.353846,4224.384615
662.1387861,4174.284615,4194.515385,4186.7,4189.653846,4200.730769,4187.807692,4153.546154,4177.792308,4158.853846,4162.984615
662.3305575,4140.384615,4143.115385,4143.1,4146.953846,4156.530769,4163.107692,4138.346154,4140.792308,4142.353846,4143.184615
662.5223141,4080.484615,4118.515385,4111.1,4095.753846,4110.030769,4132.607692,4099.146154,4104.592308,4075.153846,4068.584615
662.7140558,4083.084615,4110.015385,4113.5,4096.453846,4085.630769,4089.407692,4107.446154,4074.892308,4093.053846,4094.884615
662.9057825,4058.884615,4079.415385,4079.1,4046.453846,4045.830769,4080.207692,4071.246154,4046.992308,4061.553846,4054.484615
663.0974944,4049.484615,4082.315385,4063.6,4062.053846,4054.730769,4049.807692,4052.146154,4081.792308,4052.353846,4048.784615
663.2891913,4004.484615,4023.515385,4020.1,4004.853846,3999.630769,4021.507692,4001.546154,3986.892308,3983.453846,3991.184615
663.4808734,3989.284615,3985.815385,3990.5,4010.353846,3997.430769,3992.307692,3983.446154,3988.192308,3994.353846,3953.284615
663.6725405,3956.284615,3986.415385,3985.1,3971.153846,3987.030769,3975.107692,4014.646154,3986.492308,3959.153846,3963.184615
663.8641927,3895.984615,3941.715385,3945.7,3939.553846,3912.230769,3921.207692,3926.046154,3906.892308,3920.853846,3942.084615
664.0558301,3898.184615,3902.115385,3927.4,3895.053846,3905.230769,3897.807692,3880.546154,3896.692308,3905.953846,3886.984615
664.2474525,3877.484615,3919.415385,3937.2,3890.553846,3891.430769,3910.407692,3926.546154,3896.292308,3891.353846,3876.384615
664.4390599,3807.384615,3823.315385,3798.1,3818.153846,3819.330769,3825.207692,3834.246154,3809.492308,3814.653846,3804.584615
664.6306525,3838.284615,3858.615385,3868,3873.453846,3846.930769,3865.307692,3842.246154,3823.492308,3834.453846,3844.684615
664.8222301,3810.984615,3832.015385,3834.1,3795.453846,3839.330769,3820.507692,3819.446154,3842.892308,3794.153846,3804.784615
665.0137928,3799.084615,3798.115385,3805.5,3794.653846,3833.330769,3818.307692,3830.546154,3809.492308,3766.053846,3789.684615
665.2053406,3772.184615,3770.015385,3796.3,3793.953846,3796.730769,3777.207692,3775.046154,3757.892308,3765.953846,3752.884615
665.3968734,3712.884615,3749.315385,3734.4,3735.453846,3751.530769,3717.707692,3740.646154,3716.592308,3747.453846,3738.484615
665.5883913,3717.984615,3735.515385,3720.3,3741.953846,3738.630769,3700.407692,3721.946154,3735.392308,3723.653846,3734.184615
665.7798943,3675.584615,3702.715385,3693.4,3699.653846,3678.230769,3688.207692,3686.346154,3695.392308,3685.353846,3681.684615
665.9713823,3648.084615,3668.915385,3655.9,3650.053846,3663.130769,3651.407692,3647.346154,3670.792308,3622.953846,3665.784615
666.1628554,3652.284615,3661.215385,3665.3,3658.453846,3655.630769,3663.207692,3669.546154,3661.392308,3637.753846,3656.784615
666.3543135,3593.984615,3643.415385,3615.4,3605.853846,3639.230769,3643.507692,3627.046154,3647.192308,3607.953846,3619.184615
666.5457567,3605.484615,3591.515385,3570.1,3613.753846,3595.630769,3592.407692,3618.746154,3603.092308,3615.053846,3592.984615
666.7371849,3542.184615,3587.315385,3604,3535.853846,3546.430769,3573.107692,3553.046154,3584.692308,3573.153846,3554.684615
666.9285982,3545.084615,3541.515385,3547.1,3538.753846,3563.130769,3561.407692,3560.046154,3545.992308,3541.953846,3552.284615
667.1199966,3554.984615,3575.615385,3570.4,3568.953846,3563.530769,3563.007692,3558.646154,3550.692308,3589.653846,3547.584615
667.3113799,3502.984615,3500.515385,3510.9,3510.853846,3522.330769,3518.207692,3511.746154,3524.292308,3493.953846,3484.884615
667.5027484,3479.884615,3474.415385,3454.5,3438.653846,3465.830769,3452.507692,3488.446154,3465.192308,3461.453846,3476.984615
667.6941018,3462.584615,3469.915385,3495.1,3460.053846,3449.730769,3471.707692,3459.446154,3439.792308,3465.453846,3489.184615
667.8854403,3427.484615,3446.115385,3419.5,3423.053846,3440.030769,3423.207692,3408.746154,3434.792308,3400.353846,3391.784615
668.0767638,3412.084615,3409.015385,3428.8,3435.353846,3424.130769,3436.307692,3428.646154,3403.592308,3425.653846,3404.784615
668.2680724,3392.984615,3385.815385,3410.3,3392.453846,3426.730769,3365.807692,3393.046154,3396.092308,3392.053846,3384.984615
668.459366,3360.084615,3392.915385,3351.1,3374.953846,3373.130769,3354.307692,3388.146154,3345.292308,3377.353846,3350.484615
668.6506446,3332.684615,3378.715385,3353.9,3331.653846,3322.930769,3334.407692,3361.546154,3326.092308,3327.853846,3318.684615
668.8419082,3323.484615,3346.515385,3314.1,3342.153846,3341.930769,3330.307692,3330.546154,3298.892308,3338.153846,3331.284615
669.0331569,3307.384615,3299.615385,3300.9,3292.153846,3303.430769,3297.407692,3300.646154,3313.292308,3285.853846,3322.484615
669.2243906,3254.084615,3284.815385,3283.8,3267.253846,3304.930769,3260.407692,3289.446154,3275.992308,3275.153846,3243.884615
669.4156093,3262.384615,3271.515385,3274.3,3291.653846,3270.330769,3252.907692,3276.546154,3271.192308,3250.653846,3268.884615
669.606813,3229.384615,3249.415385,3262.6,3237.953846,3245.030769,3257.707692,3245.046154,3246.992308,3229.653846,3245.384615
669.7980017,3191.784615,3218.415385,3220.4,3202.153846,3223.330769,3219.807692,3225.046154,3216.392308,3190.453846,3208.984615
669.9891754,3204.884615,3220.715385,3218.5,3202.153846,3217.030769,3217.307692,3212.246154,3210.892308,3191.653846,3196.984615
670.1803342,3160.284615,3157.415385,3183.5,3173.953846,3196.730769,3167.707692,3182.546154,3175.592308,3164.753846,3172.084615
670.3714779,3129.984615,3151.215385,3152.3,3153.153846,3149.530769,3152.007692,3149.046154,3138.392308,3145.453846,3167.684615
670.5626067,3111.784615,3121.215385,3134.8,3125.253846,3129.730769,3139.807692,3116.646154,3130.592308,3144.353846,3151.784615
670.7537204,3108.284615,3129.215385,3104.7,3112.953846,3140.130769,3122.907692,3109.746154,3150.692308,3106.353846,3098.384615
670.9448192,3069.884615,3082.815385,3072.3,3069.853846,3103.130769,3076.507692,3096.346154,3080.792308,3058.553846,3058.884615
671.1359029,3072.584615,3061.515385,3066.8,3064.553846,3066.430769,3072.707692,3086.846154,3069.692308,3055.753846,3056.984615
671.3269717,3063.684615,3059.715385,3047.5,3056.553846,3044.330769,3039.107692,3056.546154,3048.592308,3055.553846,3031.484615
671.5180254,3015.784615,3025.315385,3026.1,3008.753846,3022.430769,3000.207692,3014.246154,2997.692308,3023.853846,3001.184615
671.7090641,2991.084615,2999.015385,3016,3004.553846,3002.330769,3028.207692,2994.046154,3020.192308,3002.353846,3026.784615
671.9000878,3024.684615,3015.615385,3017.8,3012.053846,3019.430769,3018.807692,3000.646154,3008.392308,3010.153846,3010.684615
672.0910965,2975.284615,2951.015385,2972.7,2964.253846,2948.930769,2969.507692,2975.846154,2961.092308,2958.353846,2961.784615
672.2820901,2967.884615,2960.015385,2930.1,2938.553846,2961.930769,2954.807692,2939.446154,2943.292308,2961.853846,2943.284615
672.4730688,2911.484615,2935.115385,2932.6,2953.553846,2930.630769,2925.907692,2943.646154,2919.192308,2915.353846,2909.984615
672.6640324,2929.684615,2927.815385,2931.9,2943.353846,2951.630769,2946.907692,2934.246154,2935.592308,2924.753846,2928.384615
672.854981,2877.984615,2904.115385,2892.2,2905.153846,2884.730769,2906.707692,2883.346154,2893.192308,2902.853846,2887.584615
673.0459145,2893.284615,2885.215385,2895.9,2906.453846,2862.830769,2887.507692,2885.246154,2876.792308,2884.053846,2872.784615
673.2368331,2886.284615,2901.415385,2883.9,2881.353846,2870.030769,2882.607692,2886.846154,2893.292308,2878.253846,2882.484615
673.4277366,2826.584615,2837.015385,2874.7,2827.153846,2874.930769,2846.007692,2852.346154,2828.592308,2857.453846,2838.284615
673.618625,2828.784615,2821.215385,2821.2,2846.553846,2835.630769,2825.307692,2832.046154,2824.892308,2819.553846,2835.184615
673.8094984,2803.884615,2806.115385,2778.8,2787.553846,2798.930769,2810.307692,2799.846154,2758.792308,2795.053846,2775.484615
674.0003568,2776.884615,2780.315385,2763.1,2776.153846,2751.330769,2763.907692,2766.446154,2773.792308,2747.553846,2797.684615
674.1912001,2771.984615,2755.315385,2773.3,2764.453846,2767.330769,2756.307692,2782.046154,2755.192308,2744.753846,2777.684615
674.3820284,2729.084615,2755.715385,2747.8,2719.153846,2748.530769,2752.007692,2752.546154,2713.892308,2741.053846,2743.784615
674.5728417,2746.584615,2730.115385,2730,2728.353846,2762.730769,2747.507692,2743.446154,2739.392308,2732.453846,2735.184615
674.7636399,2708.184615,2728.915385,2702.9,2710.553846,2674.430769,2720.207692,2730.246154,2709.392308,2680.753846,2722.384615
674.954423,2681.484615,2707.515385,2735.4,2717.553846,2715.430769,2704.107692,2716.546154,2684.092308,2700.953846,2697.984615
675.1451911,2672.084615,2651.615385,2672.3,2682.853846,2680.730769,2698.107692,2682.546154,2670.392308,2671.053846,2675.284615
675.3359441,2645.084615,2682.315385,2652.4,2653.553846,2672.530769,2666.607692,2668.146154,2653.992308,2646.353846,2665.184615
675.5266821,2639.284615,2639.715385,2656.7,2641.053846,2637.730769,2652.107692,2636.746154,2645.192308,2628.453846,2597.284615
675.717405,2637.784615,2636.115385,2627.7,2663.453846,2631.330769,2648.007692,2634.146154,2648.092308,2666.653846,2622.284615
675.9081128,2578.784615,2596.215385,2590.9,2596.753846,2572.830769,2584.307692,2594.346154,2610.192308,2592.853846,2587.784615
676.0988056,2578.884615,2598.215385,2573.4,2569.253846,2602.730769,2594.707692,2593.446154,2593.592308,2580.353846,2590.484615
676.2894833,2595.884615,2586.915385,2577.9,2532.653846,2567.530769,2574.007692,2588.546154,2577.192308,2580.153846,2566.884615
676.4801459,2529.784615,2552.115385,2579.2,2550.153846,2564.630769,2576.407692,2546.946154,2528.092308,2565.253846,2566.784615
676.6707934,2519.684615,2546.015385,2552.2,2514.253846,2522.330769,2525.507692,2546.046154,2512.292308,2507.953846,2518.484615
676.8614259,2532.084615,2538.015385,2532.1,2520.853846,2538.330769,2534.207692,2550.146154,2543.192308,2545.053846,2522.584615
677.0520433,2486.784615,2502.115385,2489.6,2503.953846,2489.930769,2472.107692,2500.846154,2483.392308,2492.053846,2482.684615
677.2426456,2458.284615,2469.215385,2455.4,2477.653846,2467.830769,2469.107692,2470.646154,2458.592308,2479.253846,2472.384615
677.4332328,2489.384615,2471.415385,2462.9,2450.253846,2463.130769,2488.507692,2467.646154,2458.392308,2475.553846,2470.484615
677.623805,2452.184615,2453.615385,2470.9,2465.653846,2468.930769,2479.207692,2454.146154,2458.892308,2458.053846,2454.184615
677.814362,2446.284615,2441.715385,2419.7,2435.953846,2431.730769,2437.107692,2450.246154,2444.392308,2445.153846,2441.684615
678.004904,2442.884615,2430.915385,2453.7,2441.453846,2451.930769,2433.507692,2431.246154,2428.892308,2414.153846,2446.784615
678.1954308,2384.684615,2406.815385,2407,2430.153846,2401.430769,2390.307692,2404.146154,2386.192308,2372.653846,2393.484615
678.3859426,2382.284615,2388.815385,2402,2399.953846,2389.730769,2403.207692,2392.546154,2382.692308,2389.853846,2386.784615
678.5764393,2359.884615,2384.715385,2368.2,2375.653846,2371.330769,2363.207692,2367.746154,2348.392308,2340.653846,2366.584615
678.7669208,2358.884615,2345.115385,2371.1,2361.153846,2364.030769,2363.207692,2371.446154,2363.092308,2355.653846,2371.484615
678.9573873,2333.484615,2323.115385,2332.5,2333.653846,2351.930769,2348.907692,2348.446154,2336.092308,2325.753846,2321.084615
679.1478387,2344.884615,2333.115385,2339.5,2346.953846,2352.830769,2354.907692,2334.946154,2320.492308,2335.953846,2335.084615
679.3382749,2320.884615,2318.615385,2298.6,2331.953846,2316.330769,2307.807692,2299.146154,2310.392308,2304.853846,2313.784615
679.528696,2309.384615,2288.215385,2305.3,2276.753846,2308.830769,2315.007692,2299.346154,2306.392308,2294.953846,2300.284615
679.7191021,2285.884615,2268.315385,2289,2268.753846,2291.130769,2269.307692,2304.646154,2278.292308,2281.153846,2270.484615
679.909493,2277.184615,2277.015385,2294.5,2274.553846,2274.330769,2277.107692,2299.246154,2293.292308,2266.853846,2290.384615
680.0998688,2245.484615,2261.815385,2246.9,2237.753846,2233.130769,2246.707692,2252.746154,2260.692308,2245.653846,2254.484615
680.2902294,2250.784615,2238.215385,2241.5,2250.053846,2240.630769,2247.507692,2255.546154,2222.892308,2231.053846,2239.384615
680.480575,2230.984615,2234.915385,2222.8,2233.653846,2229.430769,2217.707692,2239.446154,2244.292308,2235.153846,2235.584615
680.6709054,2215.384615,2230.815385,2211.9,2219.353846,2222.830769,2216.307692,2215.146154,2192.392308,2210.753846,2215.184615
680.8612207,2191.884615,2179.115385,2195.4,2189.753846,2172.530769,2197.007692,2180.646154,2191.892308,2188.953846,2188.184615
681.0515208,2166.484615,2190.915385,2188.9,2211.253846,2179.630769,2179.607692,2176.846154,2167.292308,2176.653846,2174.484615
681.2418058,2145.584615,2150.515385,2164,2181.953846,2167.930769,2156.807692,2174.046154,2151.092308,2159.953846,2148.184615
681.4320757,2156.884615,2152.015385,2165.5,2184.653846,2151.830769,2154.407692,2188.646154,2153.592308,2169.253846,2159.984615
681.6223305,2108.984615,2115.115385,2126.6,2103.153846,2129.730769,2125.407692,2119.446154,2102.492308,2138.253846,2122.484615
681.8125701,2124.684615,2100.715385,2107.7,2113.953846,2123.730769,2129.507692,2121.746154,2104.692308,2106.153846,2118.884615
682.0027946,2101.684615,2106.115385,2108.8,2107.653846,2102.730769,2099.007692,2136.446154,2117.592308,2106.553846,2116.284615
682.1930039,2084.084615,2077.915385,2081.7,2078.453846,2091.330769,2093.107692,2076.946154,2077.992308,2058.153846,2089.384615
682.3831981,2106.884615,2084.015385,2084.8,2086.753846,2092.030769,2080.607692,2093.346154,2077.792308,2097.453846,2083.884615
682.5733771,2074.684615,2075.915385,2053.9,2070.753846,2075.430769,2074.607692,2086.946154,2057.292308,2075.753846,2052.284615
682.763541,2044.884615,2052.215385,2041.2,2015.453846,2058.530769,2053.007692,2037.446154,2029.592308,2042.053846,2034.684615
682.9536897,2046.984615,2040.015385,2032.5,2058.653846,2043.430769,2034.907692,2023.646154,2049.092308,2055.553846,2051.184615
683.1438232,2036.584615,2039.715385,2020.8,2023.253846,2058.430769,2015.307692,2045.146154,2020.492308,2046.353846,2024.384615
683.3339416,2037.584615,2013.615385,1994.1,2019.953846,2016.230769,2000.907692,2025.746154,2017.892308,2004.653846,2006.684615
683.5240449,1990.284615,1999.415385,2004.7,2000.853846,1985.730769,2007.807692,1996.646154,1983.792308,1997.053846,1986.884615
683.714133,1987.284615,1991.415385,1989.5,1978.953846,1976.030769,2000.507692,1983.046154,1970.692308,1994.753846,1992.584615
683.9042059,1948.684615,1966.915385,1944.3,1966.553846,1954.130769,1968.307692,1961.846154,1963.492308,1970.553846,1976.584615
684.0942636,1956.684615,1954.615385,1976.8,1978.453846,1967.630769,1969.307692,1959.246154,1969.392308,1956.853846,1978.084615
684.2843062,1964.884615,1944.315385,1945.7,1947.153846,1933.430769,1954.307692,1948.046154,1942.892308,1960.453846,1955.484615
684.4743336,1944.684615,1941.115385,1921.7,1937.453846,1954.930769,1942.307692,1929.946154,1948.292308,1939.253846,1951.184615
684.6643458,1940.284615,1924.015385,1926,1920.253846,1926.830769,1904.207692,1942.346154,1914.392308,1938.453846,1906.284615
684.8543428,1907.684615,1912.115385,1919.9,1898.153846,1909.030769,1935.807692,1926.646154,1916.392308,1890.053846,1909.884615
685.0443247,1888.284615,1902.315385,1916.9,1916.553846,1897.430769,1895.207692,1884.646154,1894.692308,1897.853846,1884.484615
685.2342914,1877.384615,1873.515385,1878.9,1873.653846,1898.630769,1877.207692,1870.646154,1869.192308,1877.753846,1881.384615
685.4242428,1867.084615,1878.915385,1863.5,1852.053846,1867.430769,1865.707692,1894.346154,1872.792308,1870.153846,1875.484615
685.6141791,1843.584615,1859.815385,1875.9,1846.853846,1848.930769,1859.707692,1858.046154,1853.492308,1868.053846,1875.384615
685.8041003,1840.284615,1833.615385,1867.4,1819.653846,1833.130769,1828.607692,1836.546154,1850.492308,1837.753846,1818.084615
685.9940062,1818.784615,1813.715385,1846.1,1827.253846,1835.630769,1837.207692,1836.246154,1837.792308,1821.953846,1817.784615
686.1838969,1844.884615,1834.115385,1816.2,1828.953846,1849.630769,1829.107692,1871.846154,1846.192308,1836.453846,1850.184615
686.3737724,1818.584615,1824.315385,1810.8,1795.653846,1826.130769,1816.907692,1833.046154,1809.792308,1794.053846,1814.484615
686.5636327,1776.484615,1804.715385,1794.9,1787.553846,1797.430769,1799.007692,1800.946154,1790.092308,1783.953846,1802.284615
686.7534778,1787.884615,1776.815385,1784,1796.953846,1798.830769,1787.207692,1780.446154,1786.492308,1775.953846,1787.084615
686.9433077,1771.684615,1768.815385,1785.1,1765.353846,1768.530769,1763.007692,1777.346154,1757.192308,1767.353846,1752.384615
687.1331224,1780.184615,1772.015385,1747.3,1761.553846,1749.330769,1758.707692,1769.246154,1763.692308,1749.353846,1763.484615
687.3229219,1739.384615,1743.915385,1762.2,1746.353846,1739.430769,1745.807692,1767.746154,1748.492308,1744.953846,1746.784615
687.5127062,1729.584615,1740.115385,1736.3,1741.253846,1745.030769,1721.107692,1740.946154,1736.992308,1751.553846,1740.584615
687.7024753,1728.684615,1735.515385,1721.6,1726.053846,1708.730769,1717.107692,1733.746154,1725.092308,1719.353846,1701.584615
687.8922291,1710.484615,1715.515385,1702.1,1705.853846,1710.330769,1721.407692,1693.546154,1690.292308,1718.453846,1702.684615
688.0819678,1712.284615,1709.615385,1706.6,1700.953846,1686.830769,1705.907692,1689.346154,1706.992308,1697.153846,1673.984615
688.2716912,1680.184615,1691.015385,1697,1695.153846,1694.530769,1697.407692,1682.846154,1702.392308,1688.153846,1679.984615
688.4613993,1672.884615,1682.015385,1695.1,1661.353846,1680.030769,1693.607692,1687.246154,1682.292308,1688.753846,1665.184615
688.6510923,1653.184615,1672.015385,1670.8,1664.753846,1668.130769,1668.107692,1671.246154,1660.892308,1658.953846,1683.284615
688.84077,1647.384615,1643.615385,1649.1,1636.153846,1646.930769,1648.307692,1661.846154,1639.992308,1640.153846,1638.184615
689.0304325,1655.384615,1658.215385,1640.8,1641.153846,1644.630769,1648.007692,1651.946154,1626.992308,1651.153846,1646.684615
689.2200798,1614.784615,1633.415385,1623.8,1623.053846,1631.330769,1632.807692,1637.246154,1609.492308,1618.553846,1631.684615
689.4097118,1629.784615,1614.915385,1629.1,1620.253846,1611.930769,1605.007692,1637.746154,1598.492308,1610.453846,1620.884615
689.5993286,1569.184615,1638.315385,1622.3,1598.653846,1610.430769,1616.707692,1616.046154,1626.392308,1616.453846,1638.384615
689.7889301,1620.484615,1611.315385,1606.3,1595.553846,1608.530769,1601.507692,1607.646154,1600.892308,1618.053846,1612.684615
689.9785164,1565.884615,1580.115385,1596.7,1582.353846,1579.230769,1581.107692,1587.346154,1581.192308,1573.253846,1576.484615
690.1680874,1581.884615,1586.815385,1573.5,1579.953846,1582.630769,1590.107692,1593.546154,1568.592308,1577.653846,1574.284615
690.3576432,1563.584615,1555.015385,1562.3,1536.253846,1577.830769,1538.007692,1553.146154,1542.392308,1566.153846,1568.684615
690.5471838,1548.284615,1534.815385,1561,1560.253846,1558.230769,1555.307692,1553.946154,1560.092308,1571.753846,1552.484615
690.7367091,1559.084615,1548.415385,1563,1546.753846,1540.730769,1533.107692,1550.446154,1554.092308,1561.153846,1556.184615
690.9262191,1550.784615,1539.115385,1533.5,1536.353846,1528.330769,1544.207692,1540.246154,1538.392308,1551.453846,1542.584615
691.1157139,1514.584615,1505.315385,1533.9,1514.153846,1515.730769,1519.207692,1517.646154,1521.392308,1507.353846,1494.484615
691.3051934,1532.884615,1547.215385,1525.6,1535.853846,1524.930769,1535.107692,1525.446154,1496.792308,1549.353846,1530.384615
691.4946576,1495.384615,1492.615385,1497.2,1505.653846,1518.830769,1512.207692,1494.246154,1496.492308,1491.853846,1490.984615
691.6841066,1494.884615,1495.515385,1490,1494.953846,1477.130769,1503.407692,1508.246154,1498.292308,1488.553846,1493.584615
691.8735403,1505.984615,1486.415385,1474.6,1494.753846,1487.430769,1489.207692,1492.646154,1486.392308,1510.153846,1489.584615
692.0629588,1475.884615,1476.615385,1473.9,1488.953846,1483.830769,1490.607692,1480.646154,1486.492308,1478.153846,1484.184615
692.252362,1471.584615,1462.315385,1464.4,1459.653846,1475.430769,1473.607692,1474.846154,1462.692308,1465.853846,1459.584615
692.4417499,1450.484615,1472.315385,1468.1,1453.953846,1492.930769,1455.807692,1463.746154,1447.592308,1451.553846,1478.484615
692.6311225,1434.484615,1465.415385,1434.8,1455.553846,1420.230769,1448.107692,1446.646154,1438.992308,1438.353846,1453.384615
692.8204798,1442.184615,1433.215385,1433.2,1435.353846,1435.330769,1444.007692,1433.646154,1428.792308,1425.753846,1440.984615
693.0098219,1421.484615,1407.715385,1424,1435.253846,1417.330769,1421.107692,1412.746154,1409.192308,1417.853846,1430.884615
693.1991486,1405.784615,1419.215385,1431.7,1407.553846,1423.930769,1422.907692,1427.446154,1417.492308,1414.153846,1412.784615
693.3884601,1398.284615,1410.515385,1398.4,1391.853846,1388.430769,1396.607692,1400.846154,1384.192308,1396.653846,1383.884615
693.5777563,1382.584615,1403.515385,1388.7,1386.553846,1394.830769,1402.207692,1387.146154,1383.192308,1387.153846,1399.484615
693.7670372,1382.284615,1396.515385,1397.1,1384.753846,1394.030769,1387.807692,1389.846154,1384.792308,1394.753846,1410.684615
693.9563028,1366.184615,1374.215385,1356.2,1379.753846,1384.930769,1374.307692,1355.546154,1363.192308,1369.053846,1372.784615
694.1455531,1349.384615,1358.515385,1359.6,1379.653846,1359.430769,1379.007692,1364.046154,1352.392308,1352.953846,1376.684615
694.3347881,1356.384615,1343.715385,1331.5,1362.053846,1359.230769,1345.607692,1357.046154,1339.292308,1340.353846,1354.384615
694.5240078,1360.484615,1337.715385,1334.2,1344.853846,1343.930769,1338.807692,1350.846154,1338.992308,1329.053846,1347.084615
694.7132122,1331.484615,1352.815385,1343.7,1344.253846,1342.630769,1344.707692,1342.546154,1330.692308,1344.353846,1336.384615
694.9024013,1337.184615,1354.115385,1333,1335.053846,1330.630769,1356.507692,1333.546154,1326.292308,1327.753846,1336.884615
695.0915751,1336.484615,1314.415385,1328.7,1331.353846,1330.030769,1337.907692,1335.246154,1318.392308,1338.653846,1331.184615
695.2807336,1302.284615,1307.515385,1304.8,1300.153846,1316.730769,1304.807692,1304.346154,1302.392308,1302.153846,1317.284615
695.4698768,1308.184615,1321.915385,1286.1,1292.453846,1317.830769,1309.607692,1309.746154,1292.692308,1313.053846,1296.884615
695.6590046,1295.784615,1292.315385,1290.2,1294.953846,1287.830769,1313.307692,1291.746154,1270.792308,1284.053846,1303.784615
695.8481171,1278.884615,1272.415385,1272.2,1273.853846,1291.930769,1269.407692,1266.946154,1273.892308,1289.953846,1280.884615
696.0372143,1288.884615,1273.315385,1279.7,1280.353846,1292.430769,1269.507692,1285.946154,1268.592308,1276.553846,1286.384615
696.2262962,1268.484615,1270.815385,1263.4,1268.253846,1269.430769,1253.607692,1262.046154,1260.292308,1259.553846,1274.384615
696.4153627,1269.884615,1266.715385,1271.2,1242.653846,1254.730769,1247.907692,1262.946154,1258.092308,1254.853846,1256.584615
696.604414,1254.384615,1250.315385,1245,1259.853846,1238.530769,1253.507692,1269.246154,1252.892308,1244.653846,1252.084615
696.7934499,1241.084615,1256.115385,1244.4,1245.653846,1236.930769,1255.307692,1230.946154,1222.292308,1235.953846,1235.084615
696.9824704,1245.184615,1239.515385,1232.4,1240.853846,1214.530769,1248.307692,1242.346154,1220.792308,1220.953846,1236.584615
697.1714756,1221.384615,1223.915385,1223.5,1225.053846,1215.630769,1200.707692,1227.546154,1227.492308,1214.753846,1220.284615
697.3604655,1212.484615,1208.715385,1233.8,1200.453846,1236.330769,1211.007692,1228.046154,1222.892308,1220.153846,1241.384615
697.5494401,1200.084615,1203.115385,1191.6,1206.853846,1209.630769,1213.107692,1197.646154,1185.092308,1193.153846,1199.784615
697.7383993,1196.184615,1194.015385,1197.1,1189.153846,1196.630769,1213.407692,1204.346154,1186.192308,1202.853846,1204.584615
697.9273431,1172.284615,1182.515385,1175.9,1169.753846,1198.830769,1184.907692,1193.646154,1166.392308,1177.853846,1191.984615
698.1162716,1195.584615,1170.815385,1182.5,1180.353846,1185.230769,1185.407692,1194.546154,1183.392308,1193.653846,1207.584615
698.3051848,1177.484615,1175.115385,1158,1174.853846,1168.830769,1160.807692,1183.646154,1159.392308,1151.753846,1173.784615
698.4940826,1168.584615,1166.715385,1166.3,1166.253846,1159.630769,1164.107692,1167.846154,1164.292308,1168.653846,1165.484615
698.682965,1161.684615,1145.515385,1162.2,1135.253846,1161.730769,1162.707692,1168.146154,1155.792308,1163.353846,1158.184615
698.8718321,1138.584615,1144.515385,1136.3,1156.053846,1153.430769,1146.807692,1139.746154,1146.292308,1161.553846,1153.284615
699.0606838,1132.284615,1142.815385,1143.1,1140.953846,1131.930769,1129.407692,1152.146154,1138.492308,1137.953846,1136.284615
699.2495202,1126.784615,1147.315385,1130.4,1114.253846,1127.230769,1134.907692,1123.546154,1137.492308,1124.653846,1122.984615
699.4383412,1122.484615,1137.315385,1125.8,1128.953846,1131.930769,1130.807692,1121.346154,1121.592308,1129.653846,1130.484615
699.6271468,1124.684615,1126.815385,1115.7,1105.753846,1124.330769,1129.207692,1128.346154,1139.092308,1124.653846,1102.184615
699.8159371,1103.984615,1119.715385,1107.2,1095.253846,1107.830769,1105.207692,1109.246154,1109.792308,1104.253846,1104.084615
700.004712,1109.084615,1112.315385,1098.3,1105.053846,1089.330769,1100.207692,1096.246154,1108.392308,1106.253846,1097.484615
700.1934715,1096.384615,1097.815385,1087.9,1083.353846,1082.230769,1110.007692,1095.646154,1104.992308,1090.953846,1091.884615
700.3822156,1098.584615,1072.815385,1074.3,1081.653846,1090.230769,1099.007692,1091.746154,1085.992308,1079.653846,1092.084615
700.5709444,1070.884615,1064.215385,1065.8,1078.253846,1066.930769,1064.407692,1072.146154,1082.692308,1068.753846,1071.084615
700.7596577,1063.284615,1055.415385,1072.6,1061.553846,1074.430769,1049.707692,1072.546154,1051.292308,1061.553846,1075.584615
700.9483557,1070.784615,1064.715385,1070.8,1058.253846,1079.830769,1051.107692,1055.846154,1062.792308,1054.153846,1067.384615
701.1370383,1054.384615,1041.615385,1047.9,1041.253846,1066.630769,1053.207692,1067.546154,1063.692308,1045.353846,1043.284615
701.3257055,1038.984615,1046.915385,1047,1042.453846,1055.830769,1042.707692,1069.246154,1040.892308,1043.153846,1042.284615
701.5143574,1025.184615,1031.515385,1040.6,1022.953846,1023.130769,1049.407692,1043.846154,1026.792308,1035.553846,1036.984615
701.7029938,1024.184615,1028.615385,1027.1,1045.653846,1041.430769,1033.807692,1028.146154,1031.692308,1028.553846,1031.184615
701.8916148,1010.884615,1019.015385,1012.4,1006.053846,1007.730769,1023.407692,1014.146154,1013.392308,1013.053846,1020.084615
702.0802204,1019.884615,1019.815385,1014.3,1029.653846,1017.430769,1027.107692,1017.246154,1024.592308,1021.253846,1033.484615
702.2688107,998.6846154,1012.715385,1006.8,1007.253846,1009.530769,1004.807692,1003.946154,1021.192308,1005.453846,1012.384615
702.4573855,1007.984615,993.9153846,995.9,993.1538462,985.7307692,1004.707692,1001.446154,988.2923077,998.4538462,997.0846154
702.6459449,979.1846154,979.2153846,996.3,985.1538462,988.9307692,989.0076923,985.2461538,993.3923077,991.2538462,984.2846154
702.8344889,971.9846154,963.5153846,982.5,986.5538462,979.8307692,981.9076923,976.0461538,968.4923077,974.2538462,973.5846154
703.0230175,965.5846154,979.3153846,967.5,968.1538462,974.0307692,963.2076923,984.6461538,943.8923077,967.1538462,977.2846154
703.2115307,980.8846154,986.1153846,975.4,978.2538462,980.0307692,987.9076923,983.0461538,955.8923077,967.3538462,978.5846154
703.4000285,961.1846154,976.8153846,979.2,958.9538462,968.2307692,958.2076923,959.7461538,969.0923077,953.8538462,964.1846154
703.5885108,967.1846154,945.8153846,957.4,957.7538462,945.2307692,946.7076923,962.8461538,964.5923077,958.0538462,952.1846154
703.7769778,976.6846154,967.1153846,949.2,965.3538462,952.6307692,960.3076923,958.2461538,951.7923077,957.3538462,969.3846154
703.9654293,953.7846154,920.7153846,937.9,942.4538462,948.3307692,932.7076923,942.4461538,923.6923077,949.7538462,938.5846154
704.1538654,926.4846154,948.1153846,947.8,943.3538462,950.8307692,942.8076923,938.7461538,950.5923077,939.4538462,929.8846154
704.342286,920.8846154,921.3153846,919.2,941.0538462,936.7307692,945.9076923,943.4461538,945.3923077,938.4538462,930.9846154
704.5306913,925.3846154,914.3153846,931.2,902.4538462,927.2307692,911.7076923,938.4461538,909.7923077,909.4538462,926.0846154
704.719081,914.5846154,907.2153846,886.9,884.9538462,907.6307692,906.8076923,915.4461538,918.5923077,907.3538462,914.5846154
704.9074554,917.6846154,918.6153846,907.7,916.8538462,924.6307692,912.6076923,922.1461538,896.1923077,914.0538462,907.6846154
705.0958143,902.2846154,902.6153846,903.7,893.1538462,904.8307692,882.2076923,906.9461538,920.3923077,905.2538462,902.6846154
705.2841578,883.5846154,881.5153846,875.7,895.2538462,883.9307692,905.6076923,882.3461538,883.4923077,891.3538462,888.2846154
705.4724858,899.9846154,903.3153846,879.2,882.3538462,892.8307692,900.6076923,892.9461538,895.5923077,883.2538462,904.4846154
705.6607984,870.0846154,872.3153846,860.8,872.0538462,869.9307692,873.2076923,891.1461538,871.2923077,885.6538462,890.3846154
705.8490956,895.0846154,894.5153846,885.3,882.8538462,886.7307692,887.2076923,880.2461538,873.8923077,881.0538462,864.5846154
706.0373773,878.6846154,882.6153846,877.7,857.4538462,863.2307692,859.6076923,868.4461538,865.8923077,861.1538462,866.8846154
706.2256435,857.5846154,868.4153846,852.5,873.8538462,859.0307692,880.6076923,867.4461538,864.2923077,876.3538462,863.9846154
706.4138943,868.5846154,859.4153846,861.8,855.8538462,859.6307692,849.8076923,843.6461538,862.0923077,842.1538462,848.8846154
706.6021296,857.5846154,853.8153846,832.2,848.0538462,844.2307692,847.5076923,844.6461538,855.6923077,847.8538462,847.1846154
706.7903495,856.4846154,838.9153846,857.2,843.2538462,834.6307692,842.2076923,844.4461538,842.3923077,832.6538462,828.4846154
706.9785539,850.2846154,844.1153846,827.8,840.6538462,832.3307692,834.9076923,848.0461538,839.6923077,828.1538462,841.2846154
707.1667429,841.8846154,825.6153846,837.7,827.4538462,817.8307692,833.5076923,839.1461538,832.5923077,833.0538462,830.2846154
707.3549163,834.6846154,822.8153846,821.3,815.5538462,832.2307692,826.7076923,822.9461538,807.6923077,819.2538462,821.2846154
707.5430743,817.1846154,821.5153846,819.3,818.9538462,824.9307692,832.0076923,825.1461538,818.1923077,810.1538462,828.9846154
707.7312169,836.1846154,807.2153846,831.1,822.1538462,832.6307692,810.1076923,820.9461538,826.9923077,832.4538462,827.6846154
707.9193439,822.9846154,817.0153846,798.1,823.1538462,798.0307692,803.3076923,804.9461538,799.9923077,810.1538462,821.1846154
708.1074555,800.8846154,800.8153846,783.1,790.7538462,805.6307692,810.1076923,804.3461538,790.6923077,799.2538462,803.6846154
708.2955516,793.5846154,783.3153846,798.2,791.8538462,801.4307692,803.5076923,789.5461538,789.5923077,780.5538462,803.7846154
708.4836323,789.5846154,782.4153846,778.4,794.4538462,788.3307692,798.1076923,788.3461538,790.7923077,798.6538462,781.6846154
708.6716974,796.0846154,783.5153846,793.2,773.6538462,776.6307692,774.8076923,791.6461538,781.5923077,790.7538462,799.5846154
708.8597471,777.1846154,777.0153846,777,769.4538462,773.8307692,764.0076923,785.3461538,776.9923077,790.3538462,779.3846154
709.0477812,771.0846154,773.8153846,769.6,787.7538462,763.2307692,790.0076923,778.6461538,774.5923077,761.7538462,755.4846154
709.2357999,782.7846154,771.4153846,758.6,769.3538462,776.3307692,776.2076923,771.9461538,758.8923077,764.8538462,764.0846154
709.4238031,748.7846154,760.2153846,760.8,764.0538462,752.0307692,753.3076923,765.6461538,763.0923077,757.7538462,772.6846154
709.6117908,767.5846154,750.7153846,762.9,759.3538462,763.1307692,764.7076923,751.5461538,755.7923077,760.0538462,747.5846154
709.799763,752.1846154,758.5153846,744.6,738.7538462,754.3307692,732.8076923,754.7461538,743.3923077,755.4538462,748.6846154
709.9877197,749.5846154,752.3153846,735,745.8538462,758.7307692,737.9076923,744.0461538,738.9923077,739.6538462,744.3846154
710.1756609,749.5846154,720.5153846,741.2,723.9538462,751.5307692,737.7076923,726.8461538,736.7923077,742.4538462,729.4846154
710.3635865,733.9846154,729.8153846,740.7,725.0538462,743.2307692,731.1076923,740.8461538,741.5923077,736.9538462,759.5846154
710.5514967,722.9846154,727.7153846,722.6,711.0538462,731.0307692,729.0076923,715.1461538,724.1923077,725.4538462,727.4846154
710.7393914,719.9846154,723.7153846,729,745.1538462,720.6307692,717.1076923,719.5461538,719.8923077,724.1538462,721.8846154
710.9272705,716.1846154,713.6153846,705.4,719.6538462,722.1307692,713.4076923,701.0461538,709.6923077,713.9538462,704.2846154
711.1151342,715.9846154,700.4153846,717.8,704.6538462,716.7307692,713.6076923,713.2461538,719.2923077,723.1538462,704.3846154
711.3029823,710.4846154,706.3153846,710.3,699.4538462,710.8307692,710.3076923,709.5461538,713.7923077,699.6538462,719.2846154
711.4908149,685.3846154,691.7153846,699.7,699.3538462,706.6307692,707.5076923,686.5461538,688.1923077,706.5538462,696.8846154
711.678632,681.0846154,686.7153846,682.4,675.7538462,696.2307692,700.9076923,704.0461538,685.2923077,697.2538462,697.1846154
711.8664335,701.0846154,684.7153846,688.5,689.4538462,696.1307692,696.2076923,696.3461538,680.5923077,694.5538462,677.1846154
712.0542195,697.9846154,690.7153846,687.8,672.2538462,695.2307692,693.6076923,696.1461538,676.2923077,681.2538462,685.7846154
712.24199,677.4846154,684.3153846,680.9,677.2538462,672.5307692,680.7076923,682.0461538,676.0923077,670.9538462,674.4846154
712.429745,666.4846154,673.5153846,668.7,673.5538462,659.7307692,674.0076923,675.3461538,674.4923077,670.5538462,689.9846154
712.6174844,683.4846154,664.1153846,668.7,682.2538462,677.7307692,682.5076923,669.2461538,671.0923077,689.8538462,671.0846154
712.8052083,657.1846154,660.9153846,642.7,675.4538462,667.8307692,659.8076923,667.4461538,643.8923077,655.2538462,654.7846154
712.9929167,682.7846154,666.3153846,667.5,664.6538462,656.1307692,665.0076923,660.4461538,657.6923077,656.8538462,650.7846154
713.1806095,635.7846154,634.8153846,646.3,641.8538462,634.7307692,652.1076923,653.2461538,640.7923077,646.9538462,651.1846154
713.3682867,640.1846154,649.3153846,642.6,642.2538462,647.0307692,650.3076923,650.1461538,652.7923077,654.1538462,633.2846154
713.5559485,650.8846154,645.1153846,645.4,637.7538462,643.5307692,654.4076923,659.5461538,626.1923077,640.9538462,642.9846154
713.7435946,644.0846154,643.3153846,635.7,637.7538462,636.8307692,644.4076923,638.3461538,636.4923077,641.8538462,617.9846154
713.9312253,628.7846154,621.2153846,624.8,624.1538462,623.1307692,633.9076923,657.5461538,633.5923077,639.0538462,629.0846154
714.1188403,626.8846154,625.9153846,619.4,628.9538462,636.0307692,622.1076923,636.3461538,625.2923077,622.7538462,627.1846154
714.3064398,624.3846154,614.3153846,619.8,613.8538462,624.6307692,620.9076923,628.1461538,625.1923077,625.4538462,600.0846154
714.4940238,619.5846154,633.0153846,616.1,605.8538462,624.7307692,625.3076923,631.3461538,620.9923077,605.7538462,623.2846154
714.6815922,610.2846154,607.8153846,603.7,604.5538462,612.0307692,613.3076923,605.7461538,611.1923077,622.1538462,621.7846154
714.869145,601.0846154,605.2153846,587.7,612.2538462,591.8307692,608.6076923,607.8461538,610.9923077,601.4538462,587.0846154
715.0566823,603.3846154,603.0153846,596.2,600.8538462,595.5307692,609.6076923,603.8461538,603.7923077,613.5538462,601.9846154
715.244204,600.5846154,590.4153846,601.3,584.6538462,593.6307692,592.1076923,588.0461538,614.3923077,593.4538462,602.9846154
715.4317101,594.8846154,586.3153846,593.4,591.0538462,602.5307692,593.4076923,582.9461538,605.0923077,593.6538462,590.0846154
715.6192006,595.3846154,586.4153846,591,590.3538462,589.9307692,579.7076923,582.4461538,583.0923077,583.8538462,598.5846154
715.8066756,585.2846154,576.7153846,567.4,588.2538462,591.5307692,588.5076923,597.0461538,567.6923077,575.1538462,584.1846154
715.994135,579.0846154,581.9153846,570.8,574.1538462,589.7307692,591.5076923,569.7461538,581.7923077,584.3538462,579.2846154
716.1815788,573.9846154,573.7153846,571.5,568.9538462,573.9307692,569.8076923,565.0461538,576.4923077,568.6538462,564.7846154
716.369007,559.6846154,554.0153846,555.2,562.9538462,568.3307692,571.1076923,567.4461538,571.8923077,580.6538462,558.6846154
716.5564197,561.1846154,572.3153846,551.7,547.7538462,563.4307692,564.0076923,569.0461538,565.2923077,556.8538462,569.6846154
716.7438167,567.9846154,570.9153846,559.7,560.3538462,564.0307692,571.4076923,574.9461538,552.1923077,556.6538462,558.6846154
716.9311982,546.7846154,553.1153846,546.7,556.2538462,562.6307692,546.8076923,550.6461538,549.1923077,538.5538462,557.3846154
717.1185641,564.1846154,555.9153846,565.3,546.6538462,550.8307692,557.9076923,554.8461538,549.4923077,561.5538462,543.9846154
717.3059144,544.5846154,558.9153846,541,550.9538462,540.2307692,552.0076923,545.7461538,535.1923077,563.5538462,552.3846154
717.4932491,532.8846154,535.6153846,527.7,542.1538462,555.9307692,534.2076923,538.8461538,538.6923077,539.9538462,555.6846154
717.6805681,542.5846154,532.1153846,533.8,543.0538462,538.6307692,534.3076923,545.0461538,533.0923077,545.7538462,535.0846154
717.8678716,531.9846154,530.8153846,534.9,526.0538462,541.8307692,537.3076923,531.8461538,530.8923077,525.1538462,545.7846154
718.0551595,520.6846154,525.9153846,530.7,511.2538462,519.1307692,526.5076923,525.1461538,529.0923077,530.8538462,520.0846154
718.2424318,536.0846154,528.7153846,530.4,525.3538462,523.5307692,540.3076923,545.1461538,528.3923077,520.5538462,535.6846154
718.4296884,517.5846154,514.2153846,508,507.2538462,520.4307692,525.5076923,522.8461538,510.2923077,522.1538462,519.6846154
718.6169295,520.9846154,517.5153846,501.5,500.4538462,525.4307692,514.3076923,511.1461538,509.8923077,515.1538462,526.6846154
718.8041549,503.7846154,501.5153846,493.6,508.8538462,498.4307692,513.6076923,508.1461538,506.2923077,501.4538462,500.8846154
718.9913648,507.8846154,500.5153846,502.3,496.6538462,512.7307692,509.6076923,505.2461538,511.5923077,515.9538462,506.8846154
719.178559,494.9846154,501.7153846,494.9,504.7538462,504.5307692,507.4076923,521.0461538,504.5923077,497.8538462,497.0846154
719.3657375,505.3846154,499.9153846,486.4,501.6538462,486.5307692,492.4076923,510.8461538,497.3923077,508.1538462,489.0846154
719.5529005,499.7846154,490.9153846,490.5,492.5538462,488.4307692,502.2076923,503.5461538,487.6923077,499.6538462,493.4846154
719.7400478,487.5846154,495.1153846,497.1,489.3538462,497.9307692,487.8076923,478.1461538,491.3923077,492.3538462,486.4846154
719.9271795,501.3846154,482.6153846,483.9,476.7538462,487.9307692,498.7076923,494.7461538,481.2923077,477.2538462,473.4846154
720.1142956,491.5846154,479.7153846,479.8,483.8538462,480.9307692,482.3076923,478.6461538,476.8923077,470.2538462,488.0846154
720.301396,468.7846154,486.2153846,462.1,466.0538462,484.8307692,477.8076923,480.2461538,470.2923077,474.2538462,469.3846154
720.4884808,469.9846154,483.5153846,466.4,462.1538462,475.4307692,468.5076923,480.7461538,472.8923077,466.2538462,474.6846154
720.67555,450.3846154,472.2153846,464.8,471.2538462,460.0307692,466.0076923,463.1461538,454.8923077,462.2538462,467.2846154
720.8626035,469.3846154,463.0153846,466.3,460.3538462,464.8307692,470.1076923,466.8461538,456.7923077,467.7538462,456.5846154
721.0496414,457.5846154,451.3153846,458.1,442.3538462,459.0307692,456.6076923,472.7461538,466.4923077,470.8538462,456.1846154
721.2366636,448.6846154,451.5153846,455.2,451.4538462,456.3307692,466.9076923,457.1461538,451.5923077,457.5538462,448.8846154
721.4236702,460.5846154,457.9153846,442.9,458.2538462,441.9307692,447.3076923,446.2461538,452.3923077,453.6538462,457.2846154
721.6106611,465.7846154,457.1153846,454.3,441.7538462,460.6307692,442.3076923,462.1461538,449.6923077,448.3538462,452.7846154
721.7976364,439.0846154,435.5153846,439.6,446.2538462,439.5307692,447.4076923,436.9461538,442.4923077,429.5538462,451.0846154
721.984596,441.0846154,443.0153846,436.4,437.9538462,426.3307692,440.3076923,454.2461538,439.2923077,441.0538462,451.6846154
722.17154,438.7846154,433.7153846,429.1,432.6538462,441.0307692,426.7076923,431.6461538,425.8923077,436.2538462,433.4846154
722.3584683,440.6846154,440.3153846,432.3,427.9538462,434.7307692,426.7076923,419.2461538,438.9923077,432.2538462,429.0846154
722.5453809,437.3846154,424.4153846,434.5,427.3538462,436.0307692,447.7076923,422.1461538,426.0923077,421.7538462,409.4846154
722.7322779,423.0846154,430.7153846,423.2,427.0538462,428.6307692,417.3076923,421.8461538,427.9923077,428.9538462,427.7846154
722.9191592,429.0846154,425.6153846,418,425.4538462,415.6307692,425.1076923,425.8461538,414.1923077,415.5538462,436.4846154
723.1060249,432.9846154,418.6153846,417.2,426.4538462,417.7307692,431.1076923,427.2461538,425.0923077,403.7538462,420.8846154
723.2928749,416.3846154,405.8153846,395.6,414.7538462,411.7307692,406.0076923,412.1461538,407.8923077,413.5538462,408.4846154
723.4797091,417.2846154,409.5153846,407.9,420.0538462,409.9307692,424.6076923,419.5461538,412.0923077,416.9538462,419.8846154
723.6665278,411.4846154,400.5153846,414,388.6538462,402.0307692,411.4076923,407.2461538,401.5923077,398.4538462,410.3846154
723.8533307,408.0846154,404.3153846,404.3,398.2538462,419.4307692,402.0076923,396.2461538,403.1923077,387.7538462,392.4846154
724.040118,394.3846154,408.8153846,382.5,393.3538462,407.6307692,397.0076923,397.8461538,378.7923077,394.0538462,400.6846154
724.2268895,409.7846154,400.8153846,397.5,404.4538462,397.3307692,397.3076923,402.4461538,403.9923077,395.5538462,395.5846154
724.4136454,394.5846154,389.1153846,389.5,399.3538462,386.3307692,385.2076923,392.7461538,383.0923077,383.1538462,381.1846154
724.6003856,396.7846154,399.9153846,392.6,378.2538462,401.6307692,390.0076923,384.1461538,386.0923077,381.0538462,388.0846154
724.7871101,381.5846154,378.3153846,383.9,384.4538462,393.6307692,386.8076923,395.3461538,384.4923077,372.4538462,388.6846154
724.9738189,379.1846154,379.0153846,384.8,383.3538462,395.5307692,388.7076923,397.2461538,385.7923077,388.7538462,396.2846154
725.160512,382.9846154,387.7153846,375.9,390.4538462,382.7307692,383.1076923,381.2461538,373.6923077,386.6538462,393.5846154
725.3471895,381.2846154,372.6153846,381,373.4538462,377.6307692,390.7076923,386.0461538,382.6923077,387.1538462,388.1846154
725.5338512,395.8846154,376.7153846,367.5,380.7538462,378.4307692,376.3076923,383.2461538,373.6923077,372.6538462,365.8846154
725.7204972,388.7846154,370.1153846,364.5,374.2538462,385.7307692,373.5076923,367.8461538,377.9923077,374.0538462,371.9846154
725.9071275,356.7846154,371.2153846,360.7,382.5538462,374.9307692,367.7076923,363.1461538,371.0923077,379.4538462,369.4846154
726.0937421,379.8846154,376.6153846,375.3,368.7538462,383.3307692,365.5076923,372.9461538,370.5923077,366.9538462,370.9846154
726.280341,346.8846154,354.1153846,353.1,353.9538462,365.2307692,374.1076923,352.8461538,372.5923077,354.1538462,370.5846154
726.4669241,359.6846154,362.4153846,361.9,369.0538462,356.1307692,364.5076923,365.3461538,359.1923077,366.6538462,361.6846154
726.6534916,356.7846154,350.0153846,362.3,352.8538462,363.7307692,361.9076923,350.9461538,347.2923077,347.8538462,362.7846154
726.8400433,346.4846154,346.2153846,338.3,342.9538462,346.5307692,347.5076923,348.3461538,360.9923077,350.1538462,364.5846154
727.0265794,354.1846154,355.3153846,346.6,356.0538462,358.6307692,370.2076923,370.7461538,368.9923077,362.7538462,359.4846154
727.2130996,354.1846154,348.5153846,348,345.2538462,351.0307692,353.6076923,343.8461538,348.8923077,341.7538462,358.4846154
727.3996042,340.6846154,356.5153846,343.7,351.6538462,339.6307692,361.4076923,352.6461538,348.8923077,349.0538462,351.2846154
727.5860931,351.9846154,345.7153846,343.5,345.3538462,353.5307692,355.6076923,352.0461538,337.8923077,340.3538462,347.5846154
727.7725662,327.9846154,338.3153846,329.6,331.5538462,341.6307692,348.2076923,354.0461538,347.0923077,340.2538462,339.0846154
727.9590235,334.3846154,336.1153846,336.9,326.7538462,336.0307692,334.1076923,339.4461538,346.3923077,346.0538462,341.6846154
728.1454652,335.2846154,333.1153846,330.1,331.3538462,332.5307692,341.6076923,340.3461538,336.1923077,338.7538462,341.9846154
728.3318911,343.9846154,327.9153846,328.8,333.3538462,330.3307692,331.5076923,331.5461538,330.9923077,342.8538462,337.0846154
728.5183013,336.0846154,317.9153846,331.7,333.2538462,328.6307692,332.0076923,326.2461538,324.3923077,330.7538462,320.7846154
728.7046957,327.8846154,341.9153846,330.1,328.2538462,334.2307692,326.8076923,325.8461538,318.4923077,322.5538462,326.7846154
728.8910744,320.1846154,328.5153846,323.7,316.4538462,322.5307692,326.3076923,325.6461538,304.4923077,315.0538462,330.1846154
729.0774373,323.6846154,314.5153846,327.2,326.6538462,325.6307692,323.6076923,323.1461538,326.4923077,314.7538462,328.9846154
729.2637845,313.0846154,319.0153846,324.4,304.2538462,315.6307692,322.8076923,333.0461538,316.9923077,327.3538462,333.9846154
729.4501159,320.4846154,323.8153846,315.3,317.0538462,319.2307692,323.6076923,324.5461538,323.2923077,327.1538462,316.2846154
729.6364316,318.0846154,318.3153846,310.8,314.0538462,313.2307692,315.6076923,319.0461538,311.7923077,317.2538462,316.1846154
729.8227315,319.6846154,296.6153846,310.3,307.2538462,308.5307692,312.6076923,316.0461538,304.4923077,317.5538462,325.0846154
730.0090156,311.1846154,297.9153846,304.3,295.3538462,307.3307692,294.9076923,315.3461538,308.1923077,305.3538462,317.5846154
730.195284,305.3846154,308.6153846,310.4,296.0538462,309.0307692,307.5076923,319.6461538,299.0923077,307.4538462,311.6846154
730.3815367,302.6846154,312.3153846,312.9,310.6538462,309.2307692,298.1076923,314.4461538,297.0923077,305.7538462,291.6846154
730.5677735,290.6846154,297.5153846,293.7,300.2538462,303.3307692,305.8076923,303.0461538,309.0923077,299.1538462,306.1846154
730.7539946,291.7846154,291.8153846,305.8,299.5538462,294.9307692,300.4076923,305.9461538,296.0923077,302.4538462,299.2846154
730.9402,310.5846154,306.8153846,285.7,305.8538462,302.2307692,304.6076923,308.3461538,290.0923077,295.4538462,299.2846154
731.1263895,294.6846154,300.0153846,285.5,301.3538462,282.3307692,295.5076923,310.2461538,298.0923077,298.8538462,293.1846154
731.3125633,308.2846154,289.1153846,290.1,298.8538462,290.4307692,288.8076923,302.0461538,295.1923077,299.3538462,317.2846154
731.4987213,291.1846154,287.7153846,286.2,282.3538462,290.8307692,285.3076923,294.5461538,281.7923077,297.7538462,293.7846154
731.6848635,294.8846154,297.4153846,298.2,286.3538462,296.3307692,292.6076923,300.7461538,289.6923077,289.7538462,300.3846154
731.8709899,278.1846154,295.4153846,285.6,284.0538462,291.3307692,283.6076923,286.3461538,279.8923077,274.0538462,285.3846154
732.0571006,290.6846154,289.5153846,283.2,294.3538462,282.6307692,288.5076923,294.8461538,305.9923077,296.9538462,292.4846154
732.2431954,294.2846154,283.2153846,276.3,276.7538462,282.4307692,281.6076923,288.1461538,274.7923077,286.4538462,286.6846154
732.4292745,282.1846154,282.1153846,276.5,275.6538462,294.2307692,292.6076923,296.2461538,286.6923077,289.1538462,277.9846154
732.6153378,281.0846154,274.8153846,285.8,274.6538462,279.2307692,286.9076923,271.5461538,262.4923077,284.6538462,274.7846154
732.8013853,278.8846154,274.0153846,280.6,279.5538462,285.0307692,278.7076923,279.1461538,275.7923077,278.5538462,293.0846154
732.9874169,283.3846154,270.0153846,266.9,271.4538462,277.7307692,270.2076923,272.4461538,266.0923077,270.5538462,277.5846154
733.1734328,270.4846154,268.1153846,275.4,266.1538462,276.9307692,278.9076923,282.1461538,263.2923077,272.7538462,258.1846154
733.3594329,279.1846154,267.1153846,280.2,263.4538462,271.3307692,281.9076923,264.7461538,258.8923077,269.2538462,277.8846154
733.5454172,279.9846154,278.8153846,275.7,269.1538462,266.5307692,273.6076923,259.8461538,275.6923077,270.4538462,266.4846154
733.7313856,278.3846154,243.4153846,261.5,262.1538462,256.8307692,274.1076923,257.9461538,272.6923077,260.0538462,280.9846154
733.9173383,270.3846154,267.1153846,282.1,259.5538462,272.0307692,273.3076923,268.6461538,262.5923077,272.2538462,271.9846154
734.1032751,260.9846154,253.5153846,264.3,261.1538462,266.9307692,261.5076923,270.0461538,259.4923077,247.8538462,274.4846154
734.2891962,272.3846154,264.5153846,268.7,269.4538462,270.4307692,271.1076923,280.4461538,271.0923077,257.7538462,265.8846154
734.4751014,254.6846154,251.5153846,253.3,255.4538462,253.9307692,259.8076923,254.5461538,257.3923077,251.3538462,266.5846154
734.6609908,262.8846154,250.8153846,261,267.1538462,272.9307692,271.7076923,255.6461538,251.5923077,260.3538462,273.1846154
734.8468643,258.3846154,249.0153846,243.9,254.0538462,257.3307692,253.4076923,264.6461538,267.4923077,249.3538462,254.3846154
735.0327221,248.8846154,262.5153846,253.9,263.3538462,258.0307692,253.2076923,249.9461538,250.8923077,256.1538462,257.4846154
735.218564,251.5846154,251.8153846,244.5,244.8538462,247.5307692,246.7076923,250.1461538,242.5923077,249.4538462,244.2846154
735.4043901,247.0846154,253.8153846,248.5,249.3538462,262.5307692,253.9076923,258.7461538,258.6923077,249.1538462,251.3846154
735.5902003,240.9846154,237.1153846,251.1,246.7538462,252.2307692,244.8076923,235.5461538,245.2923077,250.5538462,245.7846154
735.7759947,252.2846154,244.5153846,256.3,236.4538462,243.3307692,236.6076923,247.3461538,250.0923077,245.5538462,246.3846154
735.9617733,237.1846154,244.5153846,254.8,239.4538462,239.7307692,253.4076923,248.0461538,248.9923077,247.9538462,259.5846154
736.1475361,242.0846154,251.1153846,239.6,241.0538462,249.1307692,241.4076923,259.3461538,255.6923077,251.6538462,247.7846154
736.333283,251.2846154,237.6153846,238.9,238.4538462,249.1307692,237.6076923,237.3461538,246.6923077,242.7538462,247.6846154
736.519014,250.1846154,235.1153846,242.7,246.9538462,236.8307692,252.4076923,235.6461538,237.8923077,233.8538462,238.8846154
736.7047293,244.6846154,250.0153846,245.3,237.1538462,230.6307692,238.1076923,237.2461538,233.4923077,231.0538462,235.8846154
736.8904286,240.9846154,236.8153846,235.8,244.9538462,223.5307692,249.5076923,238.5461538,234.7923077,234.0538462,238.4846154
737.0761121,235.7846154,234.5153846,226,228.9538462,227.9307692,244.0076923,220.8461538,234.4923077,230.2538462,240.1846154
737.2617798,242.3846154,233.2153846,229.8,228.8538462,241.5307692,235.2076923,237.9461538,242.7923077,234.3538462,248.0846154
737.4474316,227.3846154,229.3153846,228.8,225.3538462,221.0307692,232.5076923,217.5461538,225.6923077,220.8538462,234.1846154
737.6330675,233.9846154,222.3153846,241,233.7538462,234.1307692,228.0076923,231.5461538,234.4923077,224.8538462,222.7846154
737.8186876,230.5846154,217.8153846,229.1,222.5538462,227.0307692,229.9076923,225.5461538,227.0923077,225.0538462,222.5846154
738.0042918,222.1846154,231.1153846,229.6,229.7538462,223.7307692,233.2076923,244.2461538,221.2923077,218.1538462,234.0846154
738.1898802,215.9846154,230.3153846,229.3,227.9538462,222.9307692,229.4076923,226.5461538,221.3923077,220.5538462,231.5846154
738.3754527,215.0846154,234.4153846,227.1,226.0538462,220.9307692,229.0076923,232.5461538,230.9923077,227.5538462,228.8846154
738.5610093,214.0846154,221.2153846,232.7,225.3538462,224.9307692,232.8076923,216.1461538,232.8923077,219.2538462,230.2846154
738.74655,227.7846154,218.2153846,224.8,219.4538462,221.3307692,239.8076923,236.7461538,214.1923077,216.9538462,217.4846154
738.9320749,210.7846154,221.9153846,210.7,211.9538462,212.6307692,218.7076923,227.8461538,205.7923077,221.2538462,220.7846154
739.1175839,225.4846154,219.5153846,216.1,217.5538462,227.4307692,226.3076923,225.8461538,226.1923077,228.8538462,225.2846154
739.303077,225.8846154,206.2153846,203.9,212.9538462,218.6307692,207.3076923,215.4461538,216.2923077,218.0538462,223.3846154
739.4885542,231.7846154,211.2153846,216.6,214.6538462,225.8307692,222.3076923,229.2461538,218.0923077,205.1538462,216.9846154
739.6740156,217.5846154,208.6153846,213.8,206.9538462,205.2307692,210.7076923,220.7461538,218.2923077,212.1538462,205.8846154
739.859461,213.4846154,217.6153846,208.7,211.2538462,212.6307692,205.6076923,207.8461538,221.8923077,205.0538462,215.5846154
740.0448906,222.2846154,204.1153846,198.8,209.3538462,208.5307692,214.2076923,208.0461538,214.6923077,210.5538462,205.2846154
740.2303043,217.0846154,212.4153846,209.4,219.4538462,196.4307692,210.6076923,198.0461538,213.7923077,205.7538462,210.4846154
740.4157021,215.0846154,203.7153846,203.3,194.0538462,201.0307692,208.9076923,198.6461538,198.9923077,204.7538462,205.4846154
740.6010839,207.7846154,203.5153846,201.1,201.2538462,214.6307692,212.1076923,213.5461538,208.9923077,212.5538462,205.9846154
740.7864499,208.4846154,195.2153846,197.9,215.4538462,203.9307692,202.7076923,193.7461538,186.3923077,208.9538462,204.5846154
740.9718,205.4846154,206.9153846,210.7,194.9538462,220.9307692,203.5076923,203.5461538,194.1923077,210.3538462,207.5846154
741.1571342,201.7846154,196.8153846,191.7,197.0538462,184.6307692,211.0076923,192.8461538,196.1923077,187.2538462,200.5846154
741.3424524,198.2846154,199.0153846,206.1,205.6538462,208.9307692,189.8076923,206.2461538,198.2923077,198.6538462,199.0846154
741.5277548,207.7846154,199.8153846,192,190.3538462,209.1307692,193.4076923,202.5461538,181.6923077,202.5538462,191.1846154
741.7130412,196.8846154,199.3153846,204,200.3538462,204.9307692,209.0076923,207.9461538,201.3923077,193.3538462,189.3846154
741.8983118,192.7846154,198.4153846,195.1,195.2538462,193.2307692,190.6076923,191.5461538,191.8923077,196.4538462,196.7846154
742.0835664,202.6846154,201.9153846,208.1,205.4538462,192.4307692,198.4076923,191.8461538,199.2923077,190.5538462,194.4846154
742.2688051,184.4846154,188.5153846,176,183.5538462,190.1307692,187.5076923,202.7461538,193.8923077,189.6538462,190.3846154
742.4540279,200.8846154,187.6153846,191.8,203.0538462,196.2307692,193.1076923,193.0461538,195.4923077,191.5538462,188.3846154
742.6392347,190.4846154,195.2153846,191,197.8538462,189.3307692,194.1076923,198.0461538,179.4923077,198.1538462,196.4846154
742.8244256,194.2846154,188.8153846,179,183.8538462,207.9307692,197.3076923,206.9461538,176.4923077,193.8538462,187.6846154
743.0096006,191.9846154,175.6153846,180.7,178.2538462,172.3307692,178.2076923,188.4461538,186.8923077,190.9538462,174.2846154
743.1947597,199.1846154,185.5153846,186,194.3538462,188.3307692,181.6076923,193.6461538,196.4923077,182.5538462,195.4846154
743.3799028,182.6846154,181.6153846,185.6,183.3538462,186.1307692,205.8076923,175.4461538,183.8923077,185.5538462,190.2846154
743.56503,196.2846154,173.5153846,185,187.6538462,185.7307692,193.6076923,186.4461538,194.5923077,178.0538462,187.9846154
743.7501413,187.2846154,187.6153846,189.7,180.3538462,194.5307692,180.1076923,184.7461538,184.1923077,184.8538462,183.5846154
743.9352366,193.7846154,180.9153846,183.1,171.5538462,172.4307692,183.5076923,188.7461538,181.9923077,185.3538462,181.3846154
744.120316,190.1846154,189.2153846,171,176.9538462,182.2307692,175.8076923,184.6461538,186.2923077,182.1538462,187.4846154
744.3053794,192.2846154,186.9153846,184.2,181.7538462,183.0307692,186.4076923,180.1461538,184.1923077,186.8538462,189.9846154
744.4904269,187.1846154,179.5153846,174.7,175.2538462,180.8307692,177.7076923,180.1461538,187.4923077,166.5538462,180.1846154
744.6754584,183.0846154,183.7153846,181,179.3538462,181.9307692,172.4076923,178.9461538,186.5923077,178.5538462,172.4846154
744.860474,179.4846154,164.6153846,171.8,187.5538462,181.5307692,173.9076923,181.6461538,158.8923077,179.5538462,174.3846154
745.0454736,195.9846154,177.9153846,189.1,182.7538462,179.7307692,189.4076923,175.8461538,170.5923077,162.0538462,173.2846154
745.2304573,168.7846154,164.3153846,169.8,176.1538462,172.1307692,170.0076923,177.7461538,170.2923077,172.1538462,170.0846154
745.415425,178.0846154,181.3153846,174.2,172.8538462,168.6307692,173.0076923,181.4461538,176.8923077,177.9538462,184.8846154
745.6003768,164.2846154,173.2153846,168.4,159.3538462,177.2307692,167.7076923,174.3461538,175.3923077,166.4538462,173.5846154
745.7853125,170.7846154,168.2153846,169,166.3538462,179.4307692,169.8076923,169.3461538,168.3923077,184.6538462,175.0846154
745.9702323,166.2846154,166.7153846,179.2,166.1538462,171.8307692,164.0076923,171.4461538,169.6923077,169.6538462,161.0846154
746.1551362,172.8846154,175.1153846,173.5,167.8538462,171.6307692,171.8076923,171.7461538,169.2923077,181.3538462,171.0846154
746.3400241,171.3846154,156.3153846,167.3,170.6538462,170.5307692,150.9076923,170.0461538,170.0923077,172.7538462,167.1846154
746.524896,168.7846154,176.2153846,168.7,158.3538462,174.4307692,173.2076923,166.1461538,142.9923077,166.9538462,167.0846154
746.7097519,165.7846154,182.3153846,167.8,158.2538462,157.9307692,161.4076923,165.3461538,181.5923077,178.7538462,167.7846154
746.8945918,153.9846154,166.0153846,178.4,159.3538462,170.0307692,167.3076923,178.5461538,160.9923077,151.6538462,162.0846154
747.0794158,174.7846154,158.8153846,156.9,159.6538462,160.7307692,157.7076923,162.6461538,156.7923077,163.1538462,153.1846154
747.2642237,170.8846154,175.5153846,159.8,147.9538462,173.6307692,158.7076923,171.7461538,161.3923077,166.4538462,163.8846154
747.4490157,166.1846154,160.9153846,151.6,158.6538462,161.2307692,164.8076923,161.0461538,159.1923077,151.8538462,161.3846154
747.6337917,158.3846154,162.6153846,167.3,149.4538462,176.8307692,164.4076923,161.7461538,165.4923077,160.2538462,159.0846154
747.8185517,158.4846154,150.8153846,153.7,164.3538462,156.3307692,160.6076923,155.5461538,166.9923077,146.7538462,159.2846154
748.0032957,161.2846154,155.6153846,149.7,153.6538462,173.9307692,159.0076923,144.6461538,161.2923077,160.2538462,158.0846154
748.1880238,142.5846154,165.3153846,158.5,146.2538462,149.2307692,167.1076923,158.3461538,152.0923077,153.7538462,151.4846154
748.3727358,164.5846154,153.3153846,155.8,149.4538462,159.2307692,151.9076923,162.0461538,154.0923077,157.5538462,163.4846154
748.5574318,144.7846154,151.4153846,157.6,153.7538462,150.0307692,156.8076923,157.0461538,155.2923077,147.5538462,141.1846154
748.7421118,160.4846154,164.9153846,159.1,160.6538462,160.4307692,149.1076923,160.8461538,152.7923077,155.6538462,155.3846154
748.9267758,156.6846154,153.7153846,143.7,142.8538462,147.0307692,153.2076923,164.6461538,144.3923077,155.6538462,154.4846154
749.1114238,158.7846154,151.9153846,150.2,140.9538462,152.8307692,153.0076923,149.2461538,145.5923077,153.7538462,158.8846154
749.2960558,153.5846154,155.3153846,161,136.2538462,151.9307692,155.2076923,149.1461538,143.3923077,153.4538462,141.7846154
749.4806718,159.3846154,148.3153846,156,146.7538462,152.7307692,160.7076923,158.1461538,149.9923077,159.7538462,156.9846154
749.6652717,153.5846154,148.9153846,144.5,137.4538462,150.8307692,159.5076923,154.3461538,136.1923077,148.1538462,153.9846154
749.8498557,154.0846154,139.6153846,155.2,144.7538462,145.3307692,157.0076923,153.3461538,140.4923077,155.8538462,136.6846154
750.0344236,151.4846154,141.2153846,139.2,148.6538462,141.8307692,142.4076923,145.1461538,145.4923077,135.4538462,154.2846154
750.2189755,145.3846154,150.4153846,142.2,142.6538462,134.2307692,140.0076923,153.6461538,137.0923077,153.8538462,148.2846154
750.4035114,137.7846154,148.0153846,142.1,144.7538462,144.1307692,136.6076923,151.7461538,130.5923077,146.4538462,147.2846154
750.5880312,164.7846154,150.4153846,144.9,150.9538462,146.9307692,144.3076923,157.1461538,138.8923077,140.3538462,141.2846154
750.772535,138.0846154,141.5153846,133.7,136.2538462,145.2307692,140.4076923,139.9461538,131.2923077,137.7538462,147.6846154
750.9570228,153.0846154,143.3153846,140.4,141.9538462,145.0307692,146.3076923,146.2461538,144.5923077,137.2538462,136.5846154
751.1414946,158.9846154,136.0153846,137.9,132.7538462,138.9307692,140.1076923,131.9461538,126.1923077,143.1538462,137.5846154
751.3259503,142.5846154,129.9153846,141.3,137.8538462,143.7307692,141.9076923,138.3461538,138.2923077,138.0538462,141.0846154
751.5103899,136.7846154,131.1153846,132.4,126.1538462,136.0307692,147.2076923,147.7461538,127.1923077,128.4538462,133.0846154
751.6948136,139.7846154,130.3153846,133.9,135.4538462,138.6307692,145.0076923,149.2461538,132.5923077,140.6538462,141.3846154
751.8792211,140.5846154,135.3153846,136.8,128.6538462,129.2307692,125.8076923,135.0461538,130.2923077,124.1538462,139.7846154
752.0636127,143.4846154,138.1153846,137.6,149.1538462,135.4307692,137.5076923,152.4461538,133.0923077,147.1538462,143.3846154
752.2479882,131.9846154,127.0153846,127.2,132.3538462,134.7307692,134.7076923,118.6461538,128.4923077,140.3538462,141.2846154
752.4323476,142.0846154,134.7153846,136.2,139.6538462,141.0307692,122.3076923,132.6461538,147.9923077,130.1538462,141.6846154
752.616691,126.6846154,118.4153846,133.1,131.7538462,129.1307692,123.8076923,133.3461538,123.3923077,125.4538462,131.8846154
752.8010183,139.1846154,140.6153846,127.6,132.7538462,142.2307692,138.1076923,139.1461538,126.2923077,131.5538462,132.0846154
752.9853296,130.5846154,136.3153846,136.8,124.6538462,120.7307692,123.4076923,124.1461538,131.7923077,133.7538462,123.7846154
753.1696248,118.7846154,133.8153846,126,132.8538462,135.7307692,133.0076923,127.4461538,130.6923077,115.8538462,135.0846154
753.3539039,125.9846154,132.6153846,120.9,126.3538462,122.5307692,135.2076923,129.7461538,131.6923077,137.5538462,125.0846154
753.538167,126.4846154,139.0153846,135,130.4538462,132.7307692,131.9076923,126.6461538,138.6923077,138.4538462,129.0846154
753.722414,124.9846154,126.6153846,123.9,124.8538462,123.6307692,126.6076923,116.4461538,126.6923077,122.5538462,127.0846154
753.9066449,124.2846154,115.9153846,115.9,123.0538462,121.3307692,126.8076923,126.3461538,123.8923077,114.5538462,127.5846154
754.0908598,121.7846154,116.8153846,128,129.1538462,125.4307692,129.8076923,124.1461538,122.8923077,114.6538462,124.5846154
754.2750586,134.2846154,129.1153846,122,123.6538462,123.2307692,141.4076923,122.4461538,133.2923077,130.6538462,132.2846154
754.4592413,123.4846154,119.8153846,125.5,129.4538462,128.0307692,114.8076923,122.0461538,113.2923077,126.8538462,128.9846154
754.6434079,124.2846154,125.3153846,120.5,125.0538462,133.9307692,124.5076923,120.3461538,125.1923077,121.1538462,129.9846154
754.8275584,120.9846154,121.1153846,116.8,113.9538462,123.6307692,124.8076923,128.8461538,118.5923077,123.7538462,117.8846154
755.0116929,131.3846154,120.4153846,117.2,127.5538462,126.2307692,128.6076923,125.0461538,122.9923077,121.4538462,124.0846154
755.1958112,130.4846154,113.8153846,119.7,103.6538462,123.9307692,110.5076923,129.2461538,107.3923077,121.0538462,120.7846154
755.3799135,117.3846154,126.7153846,123.3,127.2538462,120.4307692,121.0076923,113.1461538,123.8923077,124.7538462,123.5846154
755.5639997,122.0846154,113.2153846,128.5,116.3538462,115.3307692,118.6076923,114.1461538,110.5923077,111.9538462,114.9846154
755.7480698,130.2846154,131.4153846,119.7,113.9538462,121.2307692,126.0076923,120.3461538,123.0923077,128.7538462,121.4846154
755.9321238,119.1846154,121.5153846,120.9,117.0538462,121.1307692,126.5076923,119.6461538,116.9923077,120.9538462,113.0846154
756.1161617,131.2846154,127.6153846,122.7,130.4538462,114.2307692,118.2076923,130.8461538,114.0923077,111.5538462,130.1846154
756.3001834,125.6846154,110.0153846,114.8,118.3538462,114.4307692,106.6076923,115.3461538,105.1923077,108.4538462,99.88461538
756.4841891,112.2846154,116.9153846,105.2,115.1538462,116.6307692,123.5076923,115.9461538,118.7923077,121.6538462,123.4846154
756.6681787,113.4846154,98.91538462,116.8,110.1538462,108.0307692,116.5076923,111.5461538,109.0923077,120.7538462,120.1846154
756.8521522,114.9846154,105.8153846,117.5,111.3538462,110.8307692,105.1076923,116.5461538,112.5923077,102.5538462,112.5846154
757.0361095,116.1846154,115.0153846,102.7,117.1538462,114.5307692,99.60769231,110.3461538,101.3923077,117.3538462,116.1846154
757.2200507,118.0846154,113.7153846,104,109.0538462,109.5307692,118.1076923,121.7461538,116.8923077,115.4538462,106.6846154
757.4039759,119.7846154,117.8153846,113.3,114.5538462,118.7307692,110.5076923,95.74615385,115.2923077,109.3538462,108.1846154
757.5878849,105.4846154,105.6153846,117.4,96.65384615,123.6307692,116.6076923,119.3461538,115.1923077,119.9538462,119.4846154
757.7717777,110.1846154,104.4153846,106.2,95.75384615,111.5307692,103.5076923,108.8461538,109.0923077,112.2538462,104.8846154
757.9556545,119.8846154,103.2153846,109.9,104.4538462,119.5307692,106.4076923,109.1461538,102.6923077,114.0538462,108.1846154
758.1395151,111.9846154,115.5153846,99.2,104.8538462,100.7307692,114.6076923,116.5461538,105.6923077,112.3538462,109.0846154
758.3233596,103.2846154,102.0153846,106.6,108.2538462,117.2307692,106.5076923,117.4461538,121.1923077,111.3538462,121.4846154
758.507188,109.2846154,106.8153846,103,106.5538462,101.3307692,115.4076923,115.6461538,104.3923077,107.7538462,102.3846154
758.6910002,107.5846154,100.7153846,116.6,92.85384615,102.0307692,110.3076923,113.0461538,102.3923077,107.7538462,106.3846154
758.8747963,109.3846154,97.21538462,98.6,96.95384615,102.9307692,112.4076923,110.3461538,96.19230769,104.2538462,111.4846154
759.0585763,105.1846154,105.3153846,113,107.9538462,105.8307692,119.3076923,113.6461538,102.4923077,108.3538462,120.6846154
759.2423401,102.9846154,100.3153846,114.6,108.9538462,104.1307692,108.1076923,106.6461538,91.59230769,92.65384615,108.8846154
759.4260877,112.7846154,102.8153846,107.3,99.55384615,88.73076923,105.8076923,98.44615385,109.9923077,99.95384615,106.8846154
759.6098193,110.0846154,99.31538462,113.1,100.1538462,98.23076923,95.70769231,103.2461538,109.9923077,97.85384615,113.2846154
759.7935346,107.2846154,102.8153846,98.7,101.9538462,99.73076923,109.1076923,87.24615385,98.69230769,112.0538462,110.1846154
759.9772339,110.7846154,92.01538462,112.7,94.45384615,106.1307692,99.80769231,103.5461538,95.39230769,91.85384615,98.08461538
760.1609169,111.4846154,103.4153846,100.5,105.8538462,109.9307692,114.3076923,112.5461538,113.1923077,105.7538462,98.28461538
760.3445838,95.88461538,111.5153846,96.3,92.75384615,91.73076923,95.40769231,104.3461538,104.5923077,93.15384615,101.0846154
760.5282346,98.08461538,104.0153846,92.8,93.65384615,104.6307692,110.3076923,103.2461538,107.2923077,105.3538462,104.4846154
760.7118692,98.98461538,101.7153846,99.4,85.95384615,101.3307692,99.20769231,98.14615385,93.99230769,97.35384615,90.88461538
760.8954876,113.3846154,103.4153846,105,105.0538462,106.2307692,101.7076923,104.2461538,109.3923077,104.9538462,104.9846154
761.0790899,110.1846154,94.01538462,91.8,97.05384615,94.33076923,97.60769231,101.7461538,92.69230769,89.65384615,98.88461538
761.262676,98.68461538,106.4153846,106.9,102.9538462,103.0307692,93.70769231,92.14615385,92.19230769,93.25384615,94.08461538
761.4462459,95.68461538,95.01538462,92.4,89.45384615,97.53076923,100.5076923,106.3461538,103.5923077,91.95384615,97.58461538
761.6297997,100.9846154,95.21538462,86.9,91.95384615,101.2307692,99.70769231,101.7461538,96.59230769,88.15384615,93.18461538
761.8133373,103.0846154,96.11538462,95.4,97.65384615,92.33076923,92.00769231,95.14615385,91.39230769,91.45384615,98.08461538
761.9968587,103.7846154,99.01538462,93.3,97.35384615,99.53076923,105.6076923,93.84615385,105.5923077,89.15384615,97.18461538
762.1803639,81.18461538,88.11538462,90.8,96.35384615,85.03076923,90.80769231,83.04615385,92.19230769,82.85384615,92.78461538
762.3638529,94.18461538,104.2153846,100.4,102.2538462,95.13076923,101.1076923,102.5461538,98.49230769,100.2538462,98.98461538
762.5473258,82.28461538,87.71538462,92.4,88.65384615,81.53076923,83.20769231,96.54615385,92.19230769,99.25384615,91.48461538
762.7307825,97.18461538,92.21538462,98.6,99.05384615,98.13076923,97.80769231,86.14615385,94.09230769,92.85384615,98.18461538
762.9142229,89.88461538,78.31538462,93.2,96.45384615,105.2307692,89.40769231,96.94615385,92.69230769,82.95384615,89.08461538
763.0976472,102.8846154,106.4153846,87.7,89.85384615,101.3307692,97.30769231,99.44615385,94.09230769,96.25384615,99.28461538
763.2810553,85.28461538,96.81538462,96.1,91.85384615,90.43076923,99.40769231,80.14615385,90.69230769,91.95384615,90.68461538
763.4644472,93.68461538,95.11538462,92.8,91.45384615,85.83076923,98.10769231,97.64615385,88.89230769,95.65384615,106.5846154
763.6478229,82.88461538,84.61538462,87.7,84.95384615,89.13076923,93.50769231,98.04615385,84.59230769,86.85384615,85.48461538
763.8311824,104.7846154,95.51538462,87.9,87.85384615,92.23076923,87.50769231,95.84615385,97.09230769,98.65384615,82.58461538
764.0145257,81.18461538,87.51538462,86,78.05384615,88.43076923,86.40769231,90.04615385,82.49230769,85.95384615,87.58461538
764.1978528,84.98461538,105.4153846,89,90.65384615,92.43076923,93.70769231,90.84615385,91.19230769,101.0538462,101.8846154
764.3811636,86.18461538,85.01538462,91.7,96.25384615,90.53076923,89.40769231,87.84615385,93.99230769,96.05384615,94.88461538
764.5644583,102.7846154,94.51538462,94,85.45384615,97.03076923,85.60769231,96.34615385,94.79230769,92.15384615,77.98461538
764.7477367,92.38461538,90.01538462,91.2,96.45384615,82.43076923,89.80769231,84.64615385,88.59230769,84.95384615,89.28461538
764.930999,100.9846154,94.81538462,90.7,82.25384615,96.03076923,88.70769231,92.04615385,90.09230769,98.75384615,95.68461538
765.114245,92.68461538,93.81538462,77.6,88.75384615,83.33076923,84.20769231,88.94615385,80.69230769,85.35384615,92.28461538
765.2974748,97.48461538,85.91538462,105.9,79.55384615,84.13076923,88.10769231,94.14615385,87.89230769,96.15384615,77.48461538
765.4806884,81.68461538,82.31538462,80.5,76.65384615,93.13076923,86.00769231,87.74615385,87.29230769,72.35384615,79.28461538
765.6638857,86.78461538,96.01538462,85.8,88.35384615,91.63076923,91.60769231,100.6461538,91.09230769,85.15384615,99.78461538
765.8470668,88.58461538,86.61538462,86.8,87.35384615,86.63076923,74.40769231,85.04615385,87.69230769,92.45384615,79.88461538
766.0302317,96.98461538,90.51538462,88.6,85.35384615,91.03076923,103.8076923,87.14615385,74.69230769,91.25384615,101.3846154
766.2133803,87.88461538,82.61538462,75,86.05384615,85.33076923,81.90769231,85.34615385,85.09230769,83.95384615,84.38461538
766.3965128,88.18461538,83.01538462,89.6,95.35384615,89.83076923,103.0076923,88.14615385,70.99230769,100.8538462,95.78461538
766.5796289,90.58461538,80.71538462,84.2,83.25384615,88.83076923,87.10769231,77.84615385,82.19230769,83.35384615,79.98461538
766.7627289,88.68461538,101.6153846,94.1,85.25384615,90.33076923,78.00769231,90.64615385,95.99230769,93.75384615,88.28461538
766.9458126,90.98461538,84.61538462,82.8,83.25384615,78.33076923,82.40769231,80.14615385,83.49230769,80.95384615,93.98461538
767.12888,90.18461538,86.31538462,91.7,93.75384615,102.3307692,79.90769231,84.84615385,80.89230769,86.05384615,91.88461538
767.3119312,85.18461538,81.71538462,88,81.65384615,72.23076923,76.90769231,87.34615385,85.29230769,74.45384615,79.58461538
767.4949662,79.38461538,87.31538462,79.3,88.15384615,90.93076923,91.70769231,88.24615385,90.19230769,83.25384615,89.68461538
767.6779849,83.38461538,76.01538462,74,84.95384615,86.53076923,98.00769231,64.74615385,77.09230769,81.55384615,79.68461538
767.8609873,82.98461538,94.41538462,76.2,90.65384615,88.23076923,77.70769231,94.74615385,77.79230769,85.35384615,94.28461538
768.0439735,83.08461538,89.01538462,78.8,80.25384615,84.73076923,86.70769231,82.64615385,99.29230769,74.45384615,73.38461538
768.2269434,97.68461538,94.51538462,96.6,84.85384615,90.03076923,83.60769231,78.94615385,87.49230769,89.55384615,78.98461538
768.4098971,79.48461538,74.51538462,71,87.55384615,80.33076923,73.80769231,89.54615385,76.99230769,86.05384615,85.18461538
768.5928345,90.98461538,88.11538462,65.6,83.35384615,79.33076923,93.30769231,85.24615385,81.49230769,89.65384615,86.08461538
768.7757556,81.18461538,72.31538462,78.6,84.35384615,77.83076923,91.60769231,92.94615385,80.09230769,77.25384615,88.58461538
768.9586605,83.08461538,73.41538462,82.9,81.35384615,86.23076923,91.50769231,96.24615385,82.59230769,82.15384615,80.88461538
769.141549,79.98461538,82.61538462,90.8,85.15384615,78.03076923,85.40769231,78.34615385,84.89230769,83.15384615,83.48461538
769.3244214,80.78461538,86.11538462,83.6,81.65384615,86.63076923,83.00769231,88.94615385,70.79230769,76.75384615,83.58461538
769.5072774,70.68461538,82.81538462,87.7,75.35384615,80.33076923,76.30769231,88.14615385,67.59230769,84.55384615,81.68461538
769.6901172,80.18461538,74.21538462,79.5,74.15384615,81.23076923,83.70769231,93.14615385,81.49230769,79.95384615,79.18461538
769.8729406,80.38461538,80.81538462,76.6,71.45384615,75.83076923,83.60769231,85.54615385,82.19230769,75.85384615,78.98461538
770.0557478,76.08461538,81.61538462,89.1,92.25384615,89.33076923,83.50769231,81.94615385,90.99230769,85.75384615,97.28461538
770.2385387,75.38461538,80.91538462,81.9,71.05384615,82.43076923,100.2076923,87.74615385,87.09230769,90.15384615,82.68461538
770.4213133,78.98461538,87.01538462,85.3,87.05384615,90.93076923,76.90769231,88.74615385,86.99230769,83.75384615,87.38461538
770.6040717,89.58461538,78.91538462,81,71.95384615,72.33076923,74.20769231,78.04615385,65.39230769,76.25384615,72.68461538
770.7868137,92.28461538,70.21538462,82.9,85.95384615,79.63076923,72.60769231,77.74615385,74.39230769,79.45384615,73.28461538
770.9695394,81.18461538,64.61538462,79.5,77.45384615,88.33076923,83.90769231,79.14615385,74.39230769,72.95384615,79.18461538
771.1522489,76.28461538,71.31538462,71.4,75.25384615,77.03076923,80.60769231,79.04615385,87.39230769,78.35384615,73.18461538
771.334942,79.48461538,84.21538462,73.9,75.05384615,72.53076923,76.50769231,89.94615385,75.49230769,72.75384615,79.28461538
771.5176188,78.58461538,71.21538462,80.4,84.45384615,82.13076923,79.70769231,81.44615385,72.69230769,70.05384615,84.28461538
771.7002794,71.58461538,74.11538462,72.3,79.95384615,76.93076923,72.50769231,73.14615385,80.19230769,71.95384615,82.48461538
771.8829236,81.98461538,80.91538462,87.5,74.65384615,82.33076923,83.40769231,80.24615385,78.09230769,88.55384615,90.28461538
772.0655515,82.38461538,68.71538462,78.6,66.95384615,70.33076923,78.70769231,83.44615385,80.09230769,76.45384615,76.88461538
772.2481631,82.98461538,85.01538462,88.1,74.15384615,79.93076923,83.10769231,87.04615385,80.09230769,76.05384615,73.58461538
772.4307584,81.98461538,69.11538462,80.5,86.85384615,65.03076923,82.00769231,73.74615385,66.39230769,69.85384615,76.68461538
772.6133373,69.58461538,87.81538462,75.5,82.65384615,75.43076923,80.80769231,84.54615385,75.09230769,75.75384615,74.18461538
772.7959,73.18461538,75.91538462,65.5,76.35384615,71.43076923,80.60769231,72.74615385,74.19230769,70.65384615,78.58461538
772.9784463,81.98461538,71.41538462,72.6,67.45384615,74.43076923,74.40769231,78.54615385,80.19230769,68.25384615,68.98461538
773.1609763,70.48461538,88.81538462,63.4,68.55384615,72.13076923,75.00769231,77.74615385,72.19230769,75.25384615,79.38461538
773.34349,85.98461538,72.81538462,71.8,79.75384615,75.23076923,80.90769231,75.84615385,81.09230769,70.65384615,77.68461538
773.5259873,73.68461538,62.31538462,67.5,74.35384615,66.93076923,70.70769231,72.64615385,58.09230769,74.25384615,64.48461538
773.7084683,78.68461538,72.21538462,71.1,71.65384615,69.23076923,74.20769231,72.44615385,65.09230769,66.95384615,76.48461538
773.890933,71.08461538,65.71538462,69.5,73.85384615,68.03076923,60.20769231,74.64615385,59.89230769,70.25384615,72.68461538
774.0733813,73.08461538,76.01538462,65.3,81.05384615,68.03076923,67.10769231,77.94615385,63.79230769,78.45384615,76.68461538
774.2558133,64.78461538,72.31538462,69.8,59.95384615,76.03076923,66.80769231,71.24615385,65.89230769,60.45384615,64.98461538
774.4382289,86.18461538,77.91538462,82.6,87.95384615,67.63076923,74.20769231,81.94615385,68.59230769,70.05384615,70.18461538
774.6206282,68.38461538,61.51538462,64.7,64.45384615,79.13076923,66.80769231,62.84615385,72.19230769,69.05384615,65.38461538
774.8030112,75.78461538,82.41538462,62.4,69.45384615,85.63076923,91.10769231,66.74615385,73.29230769,70.35384615,79.78461538
774.9853778,71.98461538,69.91538462,66,74.75384615,73.83076923,62.80769231,74.64615385,66.69230769,72.35384615,68.08461538
775.1677281,72.38461538,69.71538462,67.2,69.35384615,79.23076923,68.20769231,81.34615385,73.49230769,69.45384615,72.68461538
775.350062,69.08461538,71.71538462,70.9,73.45384615,67.63076923,58.40769231,58.94615385,64.89230769,61.05384615,68.08461538
775.5323795,68.98461538,71.11538462,55.9,70.75384615,75.23076923,73.60769231,70.34615385,69.19230769,69.45384615,85.78461538
775.7146807,67.58461538,72.51538462,57.5,63.85384615,60.43076923,54.90769231,67.54615385,67.99230769,68.55384615,65.38461538
775.8969655,63.28461538,75.41538462,72.1,66.65384615,69.03076923,72.30769231,70.04615385,75.49230769,61.45384615,82.08461538
776.079234,65.98461538,68.51538462,69.2,62.95384615,70.23076923,65.10769231,55.24615385,65.79230769,71.55384615,76.28461538
776.2614861,74.58461538,62.81538462,66.2,77.35384615,77.13076923,71.60769231,65.64615385,58.59230769,66.35384615,69.98461538
776.4437218,71.08461538,58.21538462,60.7,58.65384615,65.43076923,68.40769231,70.14615385,72.59230769,68.15384615,62.28461538
776.6259412,72.88461538,62.31538462,64.3,79.85384615,74.93076923,66.00769231,74.44615385,69.49230769,68.95384615,65.78461538
776.8081442,67.78461538,68.11538462,69.2,53.45384615,65.03076923,67.80769231,67.74615385,67.99230769,59.55384615,59.58461538
776.9903308,68.68461538,63.61538462,62.6,63.55384615,66.83076923,64.10769231,73.64615385,66.49230769,64.55384615,77.38461538
777.172501,72.28461538,70.71538462,61.7,60.45384615,56.03076923,70.60769231,58.74615385,55.99230769,64.65384615,69.78461538
777.3546548,68.28461538,64.91538462,72.4,55.75384615,72.63076923,66.30769231,64.24615385,58.39230769,58.15384615,62.28461538
777.5367923,55.58461538,64.51538462,58.5,48.65384615,54.63076923,66.80769231,59.14615385,68.29230769,65.95384615,58.08461538
777.7189134,69.58461538,61.61538462,71.3,63.55384615,75.53076923,70.90769231,72.64615385,67.29230769,72.45384615,61.38461538
777.9010181,59.48461538,51.31538462,61.4,58.15384615,63.43076923,65.30769231,72.14615385,50.79230769,56.85384615,61.38461538
778.0831064,67.98461538,63.41538462,59.1,63.35384615,64.33076923,65.80769231,64.04615385,70.39230769,67.85384615,61.68461538
778.2651783,56.18461538,58.81538462,60.8,58.85384615,67.83076923,51.60769231,65.94615385,63.09230769,58.55384615,67.48461538
778.4472338,67.68461538,65.41538462,63.7,62.75384615,61.73076923,66.40769231,52.24615385,70.89230769,62.55384615,63.88461538
778.6292729,53.48461538,61.91538462,61.3,59.25384615,69.83076923,67.90769231,54.24615385,64.49230769,60.75384615,61.48461538
778.8112956,64.58461538,60.51538462,62.7,67.85384615,62.13076923,60.50769231,64.14615385,52.59230769,60.15384615,70.98461538
778.9933019,55.68461538,52.81538462,60.2,60.85384615,55.53076923,67.80769231,64.14615385,47.09230769,52.95384615,69.28461538
779.1752918,63.38461538,66.21538462,70.6,64.75384615,66.43076923,59.40769231,58.24615385,60.99230769,62.05384615,54.98461538
779.3572653,65.68461538,49.11538462,55.9,57.25384615,57.13076923,67.30769231,62.94615385,52.49230769,60.15384615,47.98461538
779.5392224,55.68461538,51.51538462,63.7,54.45384615,48.23076923,61.20769231,60.34615385,58.79230769,54.65384615,56.78461538
779.7211631,53.98461538,48.91538462,59.9,58.75384615,51.53076923,54.70769231,65.94615385,53.29230769,56.25384615,59.08461538
779.9030874,63.18461538,61.81538462,66.9,61.95384615,70.63076923,61.40769231,52.04615385,63.39230769,63.65384615,62.38461538
780.0849952,59.18461538,53.41538462,44.4,57.45384615,58.53076923,55.60769231,51.84615385,46.79230769,61.15384615,55.58461538
780.2668866,57.18461538,58.11538462,63.8,50.65384615,61.53076923,69.70769231,58.04615385,50.79230769,59.45384615,48.28461538
780.4487617,59.88461538,47.01538462,57.6,49.25384615,51.23076923,60.10769231,64.64615385,51.39230769,58.15384615,53.48461538
780.6306202,59.48461538,54.21538462,55.4,53.65384615,65.43076923,61.50769231,58.24615385,49.89230769,43.65384615,54.88461538
780.8124624,64.60769231,54.51538462,55.5,44.05384615,64.53076923,50.40769231,62.64615385,49.69230769,54.95384615,60.88461538
780.9942881,64.08461538,61.31538462,56,48.45384615,56.53076923,58.50769231,61.84615385,59.19230769,57.35384615,55.48461538
781.1760974,53.28461538,55.21538462,50.4,43.65384615,57.73076923,56.20769231,44.74615385,47.89230769,58.55384615,54.08461538
781.3578903,72.18461538,65.81538462,51.8,51.75384615,64.83076923,54.10769231,62.14615385,59.89230769,50.05384615,60.48461538
781.5396667,56.28461538,56.61538462,52.2,45.75384615,48.73076923,60.00769231,56.64615385,52.99230769,44.95384615,45.86153846
781.7214267,60.88461538,57.71538462,54,50.45384615,60.73076923,62.30769231,61.24615385,64.39230769,48.75384615,57.58461538
781.9031702,57.28461538,56.31538462,50.8,52.45384615,59.83076923,54.70769231,55.24615385,38.09230769,53.55384615,47.68461538
782.0848973,58.48461538,62.91538462,53.3,50.75384615,54.23076923,59.30769231,54.04615385,56.39230769,54.05384615,48.38461538
782.266608,59.68461538,52.51538462,52.7,49.45384615,56.03076923,54.90769231,60.24615385,38.69230769,56.05384615,55.98461538
782.4483022,51.48461538,53.51538462,47.7,51.85384615,51.33076923,44.50769231,62.94615385,57.29230769,49.25384615,60.48461538
782.6299799,48.28461538,57.31538462,57.6,48.05384615,49.73076923,58.50769231,45.14615385,43.09230769,48.55384615,47.98461538
782.8116412,51.78461538,62.21538462,44.7,40.25384615,56.73076923,60.60769231,59.54615385,56.39230769,48.15384615,52.58461538
782.9932861,58.58461538,49.11538462,51.2,61.45384615,50.33076923,52.50769231,52.14615385,48.09230769,47.55384615,53.58461538
783.1749145,63.88461538,58.41538462,47,54.65384615,50.43076923,56.80769231,70.64615385,52.59230769,51.65384615,46.2
783.3565264,45.38461538,41.41538462,43.7,42.65384615,51.13076923,44.20769231,48.44615385,47.89230769,44.65384615,50.18461538
783.5381218,55.38461538,55.41538462,60.2,57.25384615,61.23076923,54.50769231,60.44615385,37.99230769,43.05384615,54.38461538
783.7197008,42.18461538,47.01538462,47.7,44.25384615,46.53076923,51.70769231,55.44615385,43.89230769,49.65384615,56.08461538
783.9012634,42.78461538,51.41538462,55.3,46.65384615,45.23076923,57.30769231,66.64615385,45.89230769,52.35384615,56.38461538
784.0828094,53.88461538,44.71538462,53.7,51.85384615,41.43076923,51.70769231,45.34615385,46.79230769,34.06923077,47.58461538
784.264339,46.38461538,54.11538462,50.9,55.45384615,53.63076923,45.60769231,59.04615385,45.09230769,50.85384615,47.38461538
784.4458521,41.18461538,43.8,42.8,35.85384615,33.13076923,39.90769231,52.74615385,41.06923077,42.15384615,36.98461538
784.6273488,43.98461538,39.01538462,45.3,56.05384615,49.43076923,51.30769231,50.74615385,42.69230769,60.75384615,49.38461538
784.8088289,40.58461538,41.91538462,52.7,38.45384615,53.63076923,42.50769231,49.14615385,38.99230769,52.05384615,42.28461538
784.9902926,40.58461538,39.91538462,50.8,37.29230769,43.83076923,46.50769231,55.54615385,44.39230769,44.95384615,49.08461538
785.1717398,47.18461538,47.91538462,41.2,49.65384615,47.23076923,42.80769231,45.14615385,51.09230769,45.1,50.38461538
785.3531705,54.68461538,49.01538462,53.5,55.85384615,45.43076923,52.20769231,61.84615385,45.79230769,45.55384615,54.08461538
785.5345847,35.58461538,43.51538462,40.1,35.82307692,44.23076923,44.00769231,42.74615385,46.79230769,44.55384615,39.88461538
785.7159824,60.48461538,56.11538462,43.5,43.05384615,46.63076923,52.30769231,46.14615385,52.29230769,46.65384615,43.18461538
785.8973636,38.28461538,48.81538462,31.68461538,39.85384615,40.63076923,42.20769231,40.94615385,38.29230769,46.55384615,39.18461538
786.0787284,49.78461538,47.41538462,45.1,50.75384615,39.63076923,46.50769231,51.04615385,53.99230769,51.95384615,42.58461538
786.2600766,48.68461538,45.31538462,43.97692308,39.15384615,38.03076923,48.40769231,45.64615385,41.79230769,50.55384615,38.38461538
786.4414083,53.58461538,41.31538462,44.4,42.85384615,48.13076923,40.10769231,51.04615385,57.19230769,46.45384615,42.18461538
786.6227235,43.38461538,41.91538462,45,39.85384615,34.55384615,39.40769231,39.94615385,45.59230769,24.45384615,40.58461538
786.8040222,42.48461538,44.4,49.1,42.55384615,56.33076923,35.80769231,40.64615385,39.19230769,37.25384615,33.83846154
786.9853044,43.68461538,41.21538462,39.5,38.75384615,37.63076923,52.20769231,40.84615385,29.10769231,35.35384615,42.98461538
787.1665701,46.48461538,52.41538462,47.9,38.65384615,54.93076923,37.90769231,45.94615385,48.29230769,31.95384615,31.79230769
787.3478193,47.18461538,45.41538462,41.9,39.85384615,33.23076923,36.60769231,35.44615385,44.69230769,41.95384615,31.78461538
787.529052,50.58461538,44.01538462,52.9,47.95384615,41.73076923,46.50769231,47.64615385,44.99230769,37.85384615,43.58461538
787.7102681,30.10769231,41.91538462,52.6,36.75384615,41.93076923,37.20769231,45.04615385,30.49230769,46.75384615,50.38461538
787.8914678,52.48461538,41.41538462,34,46.75384615,43.33076923,42.20769231,42.74615385,46.69230769,44.05384615,42.48461538
788.0726509,40.88461538,43.81538462,45.2,20.73076923,41.63076923,47.50769231,32.74615385,35.99230769,42.30769231,42.98461538
788.2538174,44.88461538,30.12307692,50.15384615,51.05384615,24.99230769,39.70769231,48.74615385,34.79230769,33.05384615,49.18461538
788.4349675,39.48461538,36.21538462,37.5,32.05384615,49.23076923,46.80769231,30.74615385,31.20769231,44.15384615,36.28461538
788.616101,40.98461538,48.71538462,34.5,31.15384615,45.73076923,38.40769231,36.14615385,36.76923077,34.85384615,41.11538462
788.797218,34.9,45.31538462,32.76153846,37.55384615,28.35384615,27.40769231,37.07692308,34.59230769,40.35384615,31.78461538
788.9783184,43.78461538,31.30769231,40.60769231,34.35384615,36.83076923,34.80769231,42.24615385,37.19230769,34.04615385,42.08461538
789.1594023,37.15384615,35.92307692,33.7,37.55384615,40.53076923,37.80769231,33.87692308,37.19230769,32.55384615,29.71538462
789.3404697,33.38461538,38.31538462,38.3,34.95384615,50.13076923,32.07692308,32.90769231,37.79230769,34.65384615,41.88461538
789.5215205,27.38461538,34.71538462,29.58461538,42.05384615,27.83076923,44.80769231,46.24615385,28.3,35.95384615,37.48461538
789.7025548,38.58461538,36.01538462,36,33.15384615,34.43076923,34.03846154,45.14615385,43.29230769,33.05384615,45.73846154
789.8835726,26.39230769,27.71538462,32.53076923,36.39230769,47.93076923,38.00769231,42.34615385,43.59230769,35.85384615,35.38461538
790.0645737,33.58461538,29.91538462,38.2,30.25384615,31.63076923,35.00769231,46.24615385,42.59230769,46.95384615,37.08461538
790.2455584,39.18461538,35.41538462,35.7,32.85384615,42.23076923,40.20769231,36.84615385,26.19230769,37.56923077,31.68461538
790.4265265,38.78461538,47.71538462,41.1,36.35384615,26.13076923,40.60769231,27.00769231,41.79230769,30.95384615,35.28461538
790.607478,32.38461538,45.81538462,34.3,31.05384615,35.93076923,43.00769231,36.74615385,39.09230769,33.25384615,43.78461538
790.7884129,45.68461538,33.71538462,39.8,25.55384615,35.03076923,43.70769231,35.84615385,36.89230769,39.45384615,41.48461538
790.9693313,33.88461538,36.91538462,36.9,29.65384615,32.99230769,47.30769231,27.62307692,36.09230769,21.05384615,38.68461538
791.1502332,38.98461538,30.91538462,39.4,28.15384615,35.43076923,40.40769231,37.37692308,37.19230769,29.95384615,39.93846154
791.3311184,29.21538462,39.81538462,39.1,34.15384615,34.83076923,31.73076923,32.94615385,32.59230769,29.55384615,23.11538462
791.5119871,38.38461538,38.71538462,37.6,34.05384615,42.33076923,30.80769231,30.64615385,36.99230769,34.65384615,39.43846154
791.6928393,30.28461538,24.06153846,32.4,25.45384615,24.03076923,37.10769231,25.14615385,32.89230769,34.25384615,37.09230769
791.8736748,38.48461538,31.31538462,38.2,25.82307692,37.53076923,28.00769231,42.94615385,36.29230769,41.9,42.78461538
792.0544938,22.40769231,29.61538462,20.7,30.9,34.03076923,37.90769231,41.94615385,29.29230769,37.35384615,35.78461538
792.2352962,40.20769231,36.31538462,41.6,28.39230769,33.73076923,26.97692308,35.44615385,33.29230769,38.85384615,33.68461538
792.416082,38.18461538,33.01538462,32.50769231,29.66153846,34.53076923,40.90769231,41.64615385,36.69230769,30.84615385,29.88461538
792.5968512,33.49230769,29.91538462,30.8,32.95384615,37.63076923,33.89230769,41.74615385,40.29230769,32.54615385,40.18461538
792.7776039,32.48461538,29.29230769,18.76153846,28.68461538,31.23076923,35.40769231,33.84615385,31.09230769,34.05384615,28.68461538
792.9583399,44.70769231,23.7,51.5,35.65384615,39.03076923,46.10769231,31.49230769,37.59230769,19.13846154,39.00769231
793.1390594,30.86153846,29.81538462,21.5,21.58461538,23.37692308,33.00769231,19.53846154,30.74615385,13.66153846,22.68461538
793.3197623,31.58461538,34.91538462,26,30.69230769,40.83076923,40.80769231,37.84615385,28.19230769,35.25384615,35.38461538
793.5004485,40.18461538,37.21538462,26.18461538,37.25384615,25.93076923,29.80769231,30.54615385,28.49230769,25.15384615,27.58461538
793.6811182,34.08461538,36.11538462,28.25384615,30.85384615,43.03076923,45.40769231,32.26153846,34.99230769,38.15384615,29.53846154
793.8617713,34.48461538,31.91538462,24.85384615,28.25384615,32.33846154,28.70769231,34.54615385,33.69230769,21.86923077,18.08461538
794.0424078,46.38461538,42.31538462,31,35.85384615,23.52307692,23.50769231,41.14615385,30.69230769,45.95384615,30.60769231
794.2230276,29.94615385,31.61538462,31.37692308,25.45384615,31.38461538,25.19230769,19.07692308,19.16923077,26.45384615,28.18461538
794.4036309,30.08461538,39.75384615,28.25384615,28.62307692,28.63076923,27.56153846,36.24615385,28.9,40.95384615,36.68461538
794.5842175,39.38461538,33.61538462,25.17692308,32.75384615,28.83076923,36.50769231,16.58461538,28.39230769,27.7,34.98461538
794.7647876,31.81538462,28.00769231,32.00769231,33.65384615,26.93076923,35.20769231,33.74615385,23.69230769,23.80769231,28.08461538
794.945341,27.02307692,26.83076923,31.55384615,22.62307692,32.98461538,32.00769231,32.94615385,30.01538462,24.05384615,25.98461538
795.1258778,28.9,36.61538462,26.2,42.35384615,35.53076923,31.70769231,34.54615385,28.16923077,39.62307692,22.23076923
795.306398,37.98461538,24.2,22.95384615,24.83076923,26.23076923,26.10769231,24.76923077,30.99230769,37.25384615,26.80769231
795.4869015,31.38461538,31.85384615,39.4,28.85384615,34.63076923,30.46153846,35.46153846,30.59230769,27.4,36.78461538
795.6673885,23.91538462,27.2,37.2,28.36153846,28.63076923,23.90769231,30.44615385,25.16923077,27.85384615,29.43846154
795.8478588,41.78461538,24.29230769,36.7,33.75384615,26.65384615,31.23846154,33.24615385,33.19230769,34.15384615,26.78461538
796.0283124,20.20769231,28.31538462,25.38461538,27.95384615,36.23076923,25.83846154,28.24615385,25.43846154,25.04615385,25.91538462
796.2087495,33.98461538,34.71538462,25,32.25384615,37.33076923,29.13846154,35.30769231,35.79230769,31.75384615,29.96153846
796.3891699,31.94615385,24.3,26.6,37.65384615,29.18461538,31.50769231,32.94615385,26.29230769,25.14615385,21.01538462
796.5695737,41.48461538,31.85384615,27,18.43076923,33.23076923,26.40769231,39.14615385,24.00769231,37.15384615,36.48461538
796.7499608,19.31538462,24.33846154,21.2,24.55384615,26.23076923,30.17692308,17.31538462,21.28461538,23.15384615,20.41538462
796.9303313,33.58461538,38.11538462,28.58461538,20.2,30.73076923,31.90769231,28.54615385,22.49230769,36.60769231,35.98461538
797.1106851,31.68461538,32.11538462,27.7,23.55384615,27.01538462,28.63846154,24.94615385,21.55384615,40.45384615,21.22307692
797.2910223,28.38461538,30.91538462,21.3,17.49230769,29.43076923,26.50769231,27.14615385,25.99230769,28.15384615,39.98461538
797.4713429,28.38461538,38.25384615,29.3,20.56153846,26.23846154,23.30769231,25.84615385,26.96923077,31.05384615,21.33076923
797.6516468,38.48461538,29.32307692,26.5,27.25384615,27.2,28.80769231,35.84615385,30.69230769,34.85384615,38.18461538
797.831934,39.78461538,25.22307692,22.23076923,23.33076923,18,23.93846154,28.86153846,16.11538462,23.45384615,29.31538462
798.0122046,37.18461538,33.92307692,36.4,36.35384615,28.95384615,37.70769231,37.54615385,27.44615385,26.6,37.36153846
798.1924585,24.18461538,24,20.83076923,24.85384615,23.73076923,18.47692308,29.84615385,24.50769231,20.15384615,26
798.3726958,34.88461538,25.57692308,24.9,28.59230769,19.93076923,34.60769231,39.24615385,20.31538462,30.20769231,40.58461538
798.5529164,30.67692308,17.02307692,26,20.15384615,30.58461538,24.70769231,32.34615385,15.12307692,31.55384615,26.78461538
798.7331204,24.41538462,27.41538462,31.67692308,34.95384615,39.13076923,28.10769231,34.34615385,28.29230769,41.85384615,28.51538462
798.9133076,37.19230769,28.41538462,23.80769231,20.52307692,31.83076923,23.50769231,33.77692308,16.6,25.55384615,27.80769231
799.0934782,30,27.31538462,35.00769231,24.69230769,20.23076923,31.20769231,42.14615385,30.36923077,35.15384615,30.68461538
799.2736322,20.38461538,28.14615385,27.8,24.4,17.83076923,32.50769231,28.34615385,15.89230769,27.46923077,32.68461538
799.4537694,17.31538462,26.5,25.2,20.16153846,26.59230769,32.97692308,35.19230769,23.86923077,23.68461538,28.41538462
799.63389,29.39230769,33.21538462,27.98461538,36.85384615,21.37692308,32.30769231,33.49230769,15.29230769,34.25384615,19.68461538
799.8139939,42.08461538,25.62307692,25.87692308,30.9,30.93076923,26.90769231,26.91538462,28.64615385,20.93846154,28.83846154
799.9940811,23.31538462,27.6,27.4,19.35384615,24.73846154,28.93846154,20.80769231,17.29230769,20.97692308,31.18461538
800.1741516,25.08461538,22.44615385,18.7,23.25384615,27.17692308,24.10769231,35.64615385,26.41538462,22.72307692,24.08461538
800.3542054,29.69230769,27.53846154,17.67692308,20.42307692,19.43846154,17.59230769,25.49230769,23.92307692,22.75384615,27.38461538
800.5342426,37.54615385,31.6,21.97692308,29.39230769,20.28461538,17.37692308,24.44615385,20.49230769,27.91538462,19.78461538
800.714263,27.18461538,34.02307692,12.71538462,19.36153846,23.81538462,20.43846154,33.24615385,23.53846154,23.85384615,32.33846154
800.8942668,29.20769231,23.11538462,22.20769231,23.63076923,18.23846154,35.30769231,19.14615385,32.19230769,30.35384615,25.56153846
801.0742538,23.8,25.3,25.6,11.9,12.2,21.63846154,20.74615385,20.51538462,29.24615385,15.73846154
801.2542242,34.28461538,21.44615385,19,25.95384615,15.63846154,26.20769231,27.04615385,28.39230769,18.85384615,17.53846154
801.4341779,33.08461538,25.11538462,29.8,17.46153846,26.33846154,28.00769231,19.47692308,24.13846154,23.7,30.66153846
801.6141148,27.08461538,21.85384615,18.78461538,23.66153846,34.93846154,24.07692308,33.14615385,22.15384615,24.45384615,23.11538462
801.7940351,18.63076923,19.48461538,20.63846154,15.76923077,24.73076923,22.37692308,19.84615385,19.19230769,17.43846154,22.56923077
801.9739386,69.98461538,75.51538462,64.8,67.95384615,53.93076923,62.70769231,67.74615385,53.39230769,59.35384615,67.78461538
802.1538254,18.5,17.44615385,19.48461538,22.35384615,15.93076923,18.47692308,17.59230769,25.20769231,22.59230769,24
802.3336955,36.3,23.27692308,17.88461538,25.43076923,27.03076923,30.57692308,30.30769231,15.90769231,25.25384615,28.38461538
802.5135489,20.30769231,19.65384615,25.35384615,22.2,21.24615385,18.97692308,29.84615385,27.39230769,20.95384615,16.93846154
802.6933856,29.18461538,25.10769231,21.7,18.82307692,25.03076923,36.10769231,31.94615385,13.39230769,21.25384615,19.08461538
802.8732055,19.27692308,15.43076923,24.20769231,26.78461538,10.38461538,24.83846154,23.16923077,17.44615385,16.06153846,25.31538462
803.0530088,25.28461538,24.11538462,21.55384615,19.21538462,30.51538462,38.40769231,22.08461538,20.2,22.55384615,28.68461538
803.2327953,19.27692308,22.96153846,23.10769231,22.28461538,19.98461538,18.43846154,25.64615385,17.39230769,16.64615385,12.76923077
803.412565,34.68461538,13.66153846,29.60769231,23.05384615,24.53846154,31.60769231,26.24615385,18.99230769,21.7,33.18461538
803.5923181,37.37692308,32.01538462,36.50769231,17.59230769,19.35384615,25.10769231,20.26153846,21.54615385,17.18461538,17.63846154
803.7720544,23.8,26.21538462,20.23076923,17.63076923,23.43076923,22.27692308,28.72307692,19.4,22.73846154,27.71538462
803.951774,19.43846154,16.9,27.7,20.15384615,17.49230769,19.00769231,23.79230769,34.31538462,21.71538462,28.78461538
804.1314768,27.38461538,22.73846154,26.60769231,19.42307692,16.01538462,17.00769231,27.99230769,26.49230769,25.36153846,25.98461538
804.3111629,27.88461538,26.20769231,24.10769231,24.82307692,17.32307692,23.90769231,25.84615385,12.32307692,22.55384615,26.81538462
804.4908322,22.44615385,28.55384615,25.2,15.66153846,13.63076923,29.27692308,25.43846154,23.90769231,21.70769231,21.29230769
804.6704848,24.48461538,19.73076923,23.7,17.32307692,16.92307692,24.53846154,22.80769231,21.42307692,14.26923077,13.89230769
804.8501207,27.98461538,30.01538462,26.89230769,33.05384615,20.63076923,30.40769231,22.36153846,14.1,23.75384615,25.88461538
805.0297398,24.4,11.33846154,18.73846154,16.4,26.03076923,28.40769231,18.56153846,17.33846154,28.95384615,23.88461538
805.2093421,14.48461538,24.51538462,23.1,29.76153846,28.83076923,21.10769231,23.93076923,26.57692308,20.70769231,27.66923077
805.3889277,23.1,20.7,25.45384615,18.99230769,13.09230769,16.17692308,22.53846154,21.3,21.03846154,19.66923077
805.5684965,21.43846154,23.1,24.70769231,21.42307692,25.13846154,14.98461538,24.36153846,19.09230769,30.75384615,19.88461538
805.7480486,16.13076923,12.04615385,14.34615385,17.15384615,27.51538462,17.27692308,24.64615385,12.23076923,11.32307692,23.91538462
805.9275839,33.58461538,25.8,19.63076923,28.23846154,28.59230769,26.20769231,18.56153846,19.01538462,23.45384615,14.78461538
806.1071025,21.21538462,19.90769231,14.60769231,19.66923077,29.53846154,19.27692308,21,21.07692308,16.54615385,28.08461538
806.2866043,24.16923077,23.33076923,19.66153846,25.39230769,22.43076923,24.96153846,19.85384615,25.23846154,21.85384615,23.39230769
806.4660893,28.38461538,26.20769231,22.03846154,22.19230769,16.23846154,24.70769231,16.06153846,16.11538462,18.46153846,23.08461538
806.6455575,33.98461538,20.21538462,22.8,18.85384615,26.83076923,25.51538462,32.04615385,28.89230769,29.14615385,24.64615385
806.825009,20.91538462,19.28461538,15.85384615,10.93846154,12.07692308,11.45384615,21.85384615,22.19230769,16.53846154,15.63846154
807.0044436,22.76153846,21.21538462,20.9,24.42307692,22.03076923,19.77692308,24.16153846,21.26923077,12.80769231,14.10769231
807.1838615,25.71538462,22.93846154,18.05384615,21.55384615,32.53076923,28.63846154,17.56923077,18.52307692,13.15384615,19.23846154
807.3632627,16.7,19.94615385,24.73846154,17.83846154,32.13076923,14.1,21.65384615,19.63076923,24.05384615,19.59230769
807.542647,12.7,32.12307692,18.70769231,16.08461538,20.01538462,20.92307692,19.04615385,16.26923077,13.49230769,18.46923077
807.7220146,31.91538462,14.83846154,20.56153846,23.42307692,18.62307692,15.43846154,20.13076923,26.36923077,26.25384615,22.83846154
807.9013653,19.70769231,15.84615385,16.2,23.45384615,12.53846154,18.37692308,25.92307692,25.99230769,16.19230769,12.17692308
808.0806993,20.27692308,20.41538462,26.88461538,27.23076923,20.53076923,29.70769231,26.23846154,17.29230769,20.50769231,21.38461538
808.2600165,16.55384615,10.75384615,14.14615385,25.39230769,16.47692308,10.35384615,22.38461538,13.38461538,21.76923077,18.01538462
808.4393168,29.88461538,17.03076923,20.65384615,20.63076923,29.53846154,18.44615385,24.37692308,20.07692308,16.1,17.31538462
808.6186004,30.57692308,10.11538462,17.53076923,12.15384615,15.63846154,10.35384615,17.67692308,20.86923077,6.546153846,20.85384615
808.7978672,25.78461538,28.31538462,19,27.86153846,16.11538462,23.22307692,21.84615385,22.10769231,30.05384615,14.56153846
808.9771172,22.98461538,14.91538462,19.1,16.96153846,23.99230769,20.17692308,23.69230769,20.59230769,31.85384615,16.65384615
809.1563503,23.94615385,23.51538462,18.7,19.7,25.99230769,19.40769231,22.26153846,14.38461538,12.58461538,18.60769231
809.3355667,15.24615385,18.25384615,16.78461538,18.4,17.16153846,22.90769231,10.32307692,11.96923077,11.2,27.58461538
809.5147662,12.22307692,17.1,23.73076923,17.16153846,27.75384615,23.28461538,24.06153846,20.67692308,35.35384615,22.88461538
809.693949,23.10769231,23.20769231,14.79230769,15.63076923,17.09230769,16.64615385,24.04615385,17.55384615,17.12307692,25.13846154
809.8731149,23.34615385,28.2,22.65384615,17.88461538,17.53846154,19.02307692,21.16923077,20.93846154,17.23846154,21.20769231
810.052264,15.58461538,27.71538462,12.93846154,11.86923077,33.93846154,30.49230769,25.34615385,16.36923077,15.36153846,21.78461538
810.2313963,19.81538462,18.99230769,15.97692308,22.96153846,21.43076923,21.30769231,23.48461538,18.42307692,30.32307692,27.38461538
810.4105117,22.74615385,12.05384615,12.5,7.976923077,19.99230769,14.47692308,29.35384615,15.06153846,24.23846154,24.41538462
810.5896103,16.26153846,24.65384615,21.18461538,24.86153846,22.39230769,16.23846154,23.33846154,16.46923077,23.45384615,22.76153846
810.7686921,22.98461538,20.9,10.63846154,13.70769231,29.23846154,23.00769231,18.83846154,21.02307692,16.50769231,15.63076923
810.9477571,19.49230769,29.24615385,21.47692308,17.13846154,33.13076923,21.87692308,20.34615385,21.86923077,20.22307692,17.91538462
811.1268052,15.17692308,13.41538462,19.3,10.00769231,12.79230769,12.74615385,11.94615385,6.915384615,11.21538462,17.19230769
811.3058365,25.2,19.73846154,27.7,10.24615385,27.91538462,16.83076923,22.64615385,15.49230769,24.15384615,14.60769231
811.484851,13.73846154,12.89230769,14.52307692,8.446153846,17.13076923,23.80769231,14.63076923,23.03846154,16.56153846,20.06153846
811.6638486,26.38461538,18.29230769,25.7,18.56923077,27.83076923,28.53846154,19.55384615,30.19230769,16.67692308,18.94615385
811.8428294,18.06153846,14.30769231,17.35384615,8.938461538,18.03076923,19.37692308,15.08461538,16.76923077,15.50769231,13.75384615
812.0217934,15.45384615,20.73846154,6.415384615,28.18461538,20.91538462,19.83846154,19.04615385,33.19230769,22.83846154,19.43846154
812.2007404,11.07692308,17.65384615,18.29230769,12.18461538,15.49230769,16.44615385,19.72307692,15.97692308,7.869230769,16.99230769
812.3796707,18.88461538,22.61538462,13.40769231,24.58461538,20.63846154,25.60769231,30.76153846,14.23846154,16.92307692,10.81538462
812.5585841,12.92307692,7.115384615,12.98461538,16.22307692,16.14615385,21.30769231,22.38461538,24.84615385,22.83846154,14.81538462
812.7374806,22.14615385,19.81538462,19.25384615,17.9,19.74615385,19.56923077,22.63846154,20.29230769,20.09230769,15.80769231
812.9163603,9.807692308,19.89230769,34.60769231,9.646153846,16.25384615,14.19230769,21.83076923,15.96923077,12.92307692,20.69230769
813.0952231,28.38461538,27.61538462,23.8,14.6,15.58461538,20.30769231,22.36153846,17.19230769,17.40769231,25.13846154
813.274069,19.56153846,25.35384615,21,7.315384615,14.70769231,15.16153846,14,17.39230769,14.9,20.13846154
813.4528981,24.28461538,18.13076923,21.03076923,12.56923077,26.29230769,22.53846154,22.83846154,23.66923077,24.02307692,27.98461538
813.6317103,18.56153846,17.12307692,17.85384615,13.12307692,18.53076923,15.80769231,18.66153846,15.35384615,17.76923077,17.05384615
813.8105057,16.1,21.43076923,18.04615385,26.15384615,21.73076923,20.23846154,19.16153846,19.1,15.42307692,19.76923077
813.9892842,16.13846154,17.95384615,12.33846154,12.81538462,15.99230769,12.03076923,19.46153846,12.87692308,11.53076923,15.72307692
814.1680458,12.85384615,15.73846154,21.13846154,24.36153846,16.89230769,20.86153846,19.84615385,20.06153846,15.06153846,16.03846154
814.3467905,18.5,12.87692308,10.86153846,9.676923077,3.123076923,14.06153846,16.92307692,9.084615385,11.10769231,15.44615385
814.5255184,19.91538462,21.71538462,18.66153846,16.98461538,16.73846154,20.13846154,26.77692308,14.89230769,22.39230769,15.86153846
814.7042293,12.39230769,15.76153846,9.269230769,19.66153846,13.85384615,16.36153846,15.14615385,16.03846154,9.392307692,8.753846154
814.8829234,17.21538462,26.41538462,21.10769231,8.892307692,21.33076923,14.47692308,17.66153846,17.90769231,25.04615385,19.11538462
815.0616006,16.77692308,14.57692308,21.57692308,16.59230769,11.19230769,12.83846154,11.53076923,9.315384615,16.16153846,18.73076923
815.2402609,26.6,20.49230769,17.69230769,16.26153846,30.53076923,25.27692308,27.74615385,9.884615385,24.50769231,18.87692308
815.4189044,8.769230769,10.23846154,12.44615385,13.12307692,20.81538462,16.60769231,15.43076923,16.99230769,3.861538462,15.00769231
815.5975309,15.92307692,19.91538462,21.68461538,15.19230769,19.93076923,16.30769231,22.63846154,26.06923077,21.10769231,26.58461538
815.7761405,17.88461538,14.60769231,17.03076923,15.46923077,18.33846154,14.91538462,13.74615385,11.15384615,24.45384615,15.26153846
815.9547332,10.76923077,22.63076923,24.8,9.4,25.63076923,28.60769231,15.11538462,19.46923077,13.31538462,22.16153846
816.1333091,12.07692308,15.86153846,8.523076923,9.8,11.43076923,9.592307692,15.90769231,12.47692308,7.176923077,21.56153846
816.311868,16.24615385,21.86153846,16.66923077,17.3,15.95384615,24.40769231,20.27692308,20.46923077,21.10769231,22.13846154
816.49041,18.83076923,18.73076923,15.37692308,11.16923077,15.49230769,19.26923077,15.62307692,9.592307692,14.27692308,14.50769231
816.6689351,21.76153846,13.35384615,15.37692308,20.33076923,27.67692308,18.82307692,20.73846154,22.89230769,16.04615385,19.39230769
816.8474433,21.48461538,26.70769231,12.99230769,11.12307692,23.10769231,9.930769231,14.21538462,13.22307692,9.261538462,13.99230769
817.0259346,15.85384615,22.79230769,13.69230769,11.03846154,23.83846154,16.18461538,15.55384615,18.83846154,21.7,18.86153846
817.204409,8.361538462,15.85384615,15.68461538,15.06153846,13.2,12.84615385,16.06923077,8.353846154,10.02307692,17.70769231
817.3828665,18.89230769,26.14615385,17.06153846,18.19230769,14.72307692,16.24615385,18.77692308,25.19230769,15.11538462,12.33846154
817.561307,14.6,20.01538462,11.89230769,6.338461538,23.22307692,22.17692308,15.15384615,19.48461538,14.2,9.269230769
817.7397306,20.11538462,30.13846154,16.58461538,21.36153846,16.1,20.10769231,16.29230769,9.515384615,9.715384615,23.56153846
817.9181373,27.5,14.35384615,6.807692308,12.90769231,18.53076923,9.661538462,18.96923077,11.92307692,13.35384615,7.615384615
818.0965271,13.18461538,22.60769231,13.59230769,17.09230769,14.9,21.40769231,22.63846154,10.89230769,13.86153846,26.06153846
818.2748999,7.830769231,15.32307692,15.74615385,10.43076923,15.89230769,13.16153846,15.34615385,9.392307692,11.7,13.77692308
818.4532558,16.96923077,11.76153846,13.91538462,12.50769231,10.85384615,9.961538462,26.76923077,25.42307692,15.14615385,18.49230769
818.6315948,13.25384615,10.61538462,15.9,15.33846154,16.69230769,19.25384615,19.19230769,18.21538462,13.51538462,13.04615385
818.8099168,17.01538462,13.03076923,18.73076923,12.6,15.43846154,17.27692308,17.26153846,10.80769231,7.592307692,16.1
818.9882219,13.97692308,15.63846154,10.76923077,11.83846154,16.80769231,17.67692308,14.82307692,17.68461538,14.13846154,8.846153846
819.1665101,22.73076923,12.06153846,20.08461538,13.53076923,20.23076923,11.60769231,17.96153846,12.12307692,19.11538462,16.16153846
819.3447813,18.25384615,5.661538462,9.784615385,10.1,13.98461538,12.69230769,17.08461538,9.115384615,7.169230769,19.44615385
819.5230355,18.15384615,15.30769231,10.30769231,18.22307692,19.8,17.14615385,28.97692308,21.45384615,13.05384615,13.21538462
819.7012728,13.50769231,12.50769231,17.37692308,15.63846154,17.32307692,14.30769231,16.90769231,8.807692308,9.138461538,15.43846154
819.8794932,17.71538462,23.01538462,14.55384615,14.53846154,12.29230769,17.43846154,28.46153846,13.87692308,22.14615385,18.61538462
820.0576966,12.47692308,15.80769231,11.68461538,11.13076923,12.83846154,12.66153846,22.17692308,13.29230769,14.93846154,21.81538462
820.2358831,18.8,15.54615385,19.78461538,14.73846154,18.36153846,27.03846154,17.26923077,7.692307692,14.64615385,15.73846154
820.4140525,13.22307692,15.87692308,10.05384615,12.73846154,20.47692308,18.76923077,25.07692308,13.62307692,12.44615385,7.138461538
820.5922051,9.661538462,18.37692308,19.06923077,15.15384615,20.19230769,11.38461538,16.52307692,9.230769231,14,28.48461538
820.7703406,17.94615385,13.88461538,15.43846154,9.630769231,11.77692308,17.36153846,15.93846154,21.55384615,4.576923077,8.438461538
820.9484592,13.30769231,24.62307692,14.76923077,17.99230769,24.46153846,13.63846154,12.15384615,13.40769231,13.85384615,15.41538462
821.1265609,14.96923077,12.17692308,12.43846154,11.14615385,7.7,16.97692308,17.51538462,9.276923077,12.18461538,7.976923077
821.3046455,19.82307692,9.023076923,25.5,10.70769231,9.253846154,15.33846154,18.12307692,15.57692308,11.90769231,19.13846154
821.4827132,20.31538462,16.42307692,13.97692308,16.05384615,15.30769231,13.80769231,10.85384615,4,12.49230769,10.88461538
821.6607639,15.66153846,17.22307692,15.40769231,16.07692308,15.03076923,18.90769231,16.32307692,17.56923077,12.63846154,13.40769231
821.8387977,16.16153846,9.238461538,13.16923077,11.94615385,12.36153846,17.53846154,9.730769231,7.138461538,8.261538462,10.65384615
822.0168144,16.82307692,8.584615385,20.2,13.43076923,18.39230769,18.63846154,15.01538462,14.27692308,15.60769231,19.75384615
822.1948142,10.50769231,15.19230769,14.22307692,8.792307692,16.43076923,17.19230769,13.39230769,7.438461538,12.90769231,17.11538462
822.372797,20.13076923,15.91538462,14.83846154,24.16923077,18.63076923,17.52307692,27.33846154,13.40769231,19.54615385,21.41538462
822.5507628,9.476923077,19.54615385,17.29230769,11.7,19.84615385,19.33076923,12.01538462,14.59230769,6.269230769,13.03076923
822.7287116,20.28461538,16.59230769,13.79230769,17.46153846,21.93076923,18.95384615,20.15384615,13.59230769,18.81538462,21.08461538
822.9066434,14.85384615,17.02307692,15.05384615,11.93846154,16.21538462,10.27692308,12.33846154,10.86153846,12.5,15.32307692
823.0845582,17.96923077,19.91538462,12.16153846,12.33846154,16.76923077,15.07692308,24.37692308,17.33076923,21.56153846,16.34615385
823.262456,15.94615385,16.77692308,11.16923077,12.73076923,15.59230769,14.79230769,18.24615385,25.19230769,7.584615385,12.30769231
823.4403369,9.615384615,16.6,10.24615385,22.55384615,11.97692308,12.37692308,20.10769231,11.61538462,17.88461538,9.323076923
823.6182007,20.54615385,7.107692308,15.26153846,13.63846154,10.82307692,11.27692308,15.9,10.11538462,15.86923077,15.09230769
823.7960475,15.21538462,15.76923077,9.007692308,12.73846154,18.05384615,21.20769231,15.83076923,17.16923077,16.39230769,11.7
823.9738773,13.10769231,9.392307692,20.58461538,8.707692308,15.5,10.43846154,13.58461538,6.846153846,7.269230769,15.63076923
824.1516901,20.95384615,12.06923077,9.646153846,16.79230769,9.938461538,15.2,16.97692308,10.16923077,15.30769231,13.00769231
824.3294859,15.9,14.20769231,6.969230769,14.96153846,15.37692308,16.68461538,21.91538462,8.530769231,7.330769231,14.4
824.5072647,21.74615385,22.31538462,15.01538462,16.36153846,15.13846154,12.86923077,22.19230769,15.06923077,9.184615385,12.35384615
824.6850264,11.53846154,14.13076923,9.123076923,13.16923077,12.47692308,7.923076923,20.55384615,10.59230769,9.515384615,15.52307692
824.8627711,22.73846154,21.2,9.953846154,8.592307692,25.83846154,10.64615385,12.66923077,15.01538462,14.87692308,14.73846154
825.0404989,18.35384615,8.584615385,12.93076923,16.90769231,20.53846154,19.07692308,16.65384615,12.24615385,10.26923077,13.8
825.2182095,27.16153846,8.115384615,10.70769231,11.41538462,15.72307692,22.16153846,19.34615385,12.54615385,5.192307692,14.47692308
825.3959032,22.91538462,4.253846154,5.469230769,3.207692308,9.384615385,8.392307692,15.35384615,13.49230769,14.17692308,23.18461538
825.5735798,11.1,14.92307692,9.692307692,10.33846154,17.83076923,18.19230769,16.1,6.615384615,13.71538462,10.50769231
825.7512395,17.16153846,11.12307692,7.207692308,9.123076923,26.03846154,13.46923077,10.89230769,12.10769231,8.838461538,12.18461538
825.928882,16.31538462,27.63846154,18.00769231,13.46153846,9.084615385,16.05384615,19.10769231,15.36923077,7.461538462,26.48461538
826.1065076,21.14615385,11.03846154,4.730769231,6.907692308,10.06923077,10.18461538,16.25384615,8.323076923,10.39230769,9.469230769
826.2841161,12.28461538,18.25384615,9.138461538,22.1,19.93076923,18.74615385,10.44615385,11.73076923,6.553846154,11.81538462
826.4617075,9.623076923,11.06923077,8.046153846,7.807692308,14.86923077,10.56153846,14.06923077,13.89230769,9.715384615,13.66153846
826.6392819,17.31538462,19.25384615,6.846153846,13.57692308,16.83076923,15.70769231,14.87692308,15.80769231,15.4,22.53076923
826.8168393,9.715384615,7.561538462,7.330769231,9.584615385,5.861538462,5.907692308,23.59230769,6.876923077,8.530769231,12.43076923
826.9943796,14.43076923,19.84615385,17.23846154,16.33076923,15.33076923,18.90769231,16.85384615,9.076923077,23.04615385,20.16923077
827.1719029,7.553846154,13.37692308,6.753846154,8.007692308,9.646153846,15.96923077,20.72307692,20.89230769,6.692307692,14.40769231
827.3494091,25.43076923,22.93076923,21.98461538,16.49230769,17.51538462,17.47692308,24.27692308,16.33846154,25.44615385,17.04615385
827.5268982,13.59230769,15.45384615,11.63846154,20.5,8.3,14.01538462,6.830769231,12.22307692,8.738461538,17.27692308
827.7043703,16.8,25.50769231,15.64615385,10.19230769,11.44615385,15.63846154,17.81538462,16.33846154,11.46923077,17.6
827.8818254,12.63076923,21.15384615,11.71538462,10.23846154,21.81538462,11.55384615,14,16.28461538,17.25384615,14.04615385
828.0592634,7,18.06153846,11.42307692,13.20769231,16.52307692,14.90769231,16.19230769,17.74615385,17.52307692,12.63076923
828.2366843,12.55384615,7.523076923,10.02307692,8.830769231,8.269230769,18.20769231,12.11538462,8.192307692,14.52307692,11.98461538
828.4140881,16.47692308,13.66153846,15.86923077,9.646153846,13.23846154,15.75384615,22.40769231,15.97692308,16.26923077,17.61538462
828.5914749,22.3,6.776923077,5.546153846,8.515384615,3.846153846,8.469230769,12.89230769,6.815384615,9.738461538,14.57692308
828.7688446,18.34615385,24.73846154,16.10769231,19.16923077,13.34615385,16.02307692,17.96153846,8.730769231,7.669230769,9.269230769
828.9461972,11.66153846,10.58461538,15.26153846,12.67692308,18.99230769,11.59230769,11.11538462,8.630769231,14.52307692,14.4
829.1235328,19.59230769,20.86153846,11.29230769,17.25384615,14.11538462,22.03846154,19.58461538,10.53846154,7.730769231,16.04615385
829.3008513,10.43846154,13.05384615,11.54615385,15.1,17.5,20.22307692,21.19230769,5.069230769,8.753846154,14.06153846
829.4781526,14.16923077,21.09230769,17.29230769,11.68461538,18.52307692,22.87692308,18.36153846,11.19230769,13.2,15.40769231
829.6554369,18.52307692,9.892307692,10.82307692,10.61538462,13.36153846,8.630769231,6.661538462,8.661538462,17.84615385,8.053846154
829.8327042,16.74615385,17.03076923,9.946153846,8.569230769,15.55384615,17.70769231,15.78461538,13.94615385,18.12307692,11.31538462
830.0099543,5.107692308,7.523076923,1.207692308,11.54615385,13.50769231,10.43076923,10.89230769,5.938461538,10.36153846,14.57692308
830.1871873,20.89230769,14.4,18.99230769,19.75384615,18.23846154,18.10769231,23.64615385,9.746153846,17.4,18.63846154
830.3644033,10.82307692,13.74615385,7.146153846,6.415384615,8.869230769,11.87692308,14.01538462,21.84615385,16.36923077,8.661538462
830.5416021,15.96923077,21.62307692,11.06153846,16.4,19.66153846,7.446153846,13.91538462,10.41538462,17.55384615,7.430769231
830.7187839,15.83076923,6.7,19.60769231,7.815384615,7.092307692,21.51538462,13.48461538,11.11538462,12.25384615,8.446153846
830.8959485,12.66153846,9.669230769,16.39230769,19.18461538,15.68461538,17.33846154,13.85384615,13.39230769,16.56923077,8.953846154
831.0730961,15.66923077,15.05384615,10.19230769,12.06153846,14.27692308,7.223076923,16.8,14.21538462,11.36923077,10.52307692
831.2502265,19.31538462,20.79230769,13.88461538,20.96153846,8.846153846,21.36153846,18.26153846,10.69230769,19.53846154,3.846153846
831.4273398,9.646153846,15.73076923,11.70769231,10.03076923,12.70769231,7.507692308,10.17692308,10.10769231,14.81538462,7.876923077
831.604436,18.16923077,13.68461538,11.64615385,9.869230769,14.23076923,14.50769231,9.984615385,19.06923077,16.62307692,19.84615385
831.7815151,10.39230769,7.376923077,4.230769231,7.638461538,14.62307692,22.60769231,8.946153846,2.023076923,11.04615385,16.89230769
831.9585771,15.11538462,15.51538462,16.66153846,5.076923077,17.53846154,12.63076923,22.07692308,14.83846154,11.59230769,14.05384615
832.135622,18.16923077,9.392307692,12.57692308,11.56923077,12.35384615,10.87692308,9.776923077,10.56153846,14.02307692,15.49230769
832.3126497,16.9,15.25384615,16.35384615,10.22307692,16.83846154,17.70769231,11.56153846,18.93846154,8.846153846,15.52307692
832.4896604,13.65384615,4.384615385,5.569230769,11.07692308,9.607692308,10.76153846,7.7,9.2,6.769230769,6.292307692
832.6666539,20.87692308,12.54615385,16.45384615,14.50769231,7.6,11.37692308,26.44615385,11.81538462,6.992307692,26.29230769
832.8436302,14.05384615,3.938461538,11.83076923,7.576923077,9.2,4.238461538,6.738461538,9.315384615,4.446153846,11.16153846
833.0205895,13.92307692,17.62307692,16.82307692,14.63076923,9.869230769,13.50769231,15.36153846,4.538461538,11.09230769,19.86923077
833.1975316,12.43076923,18.90769231,11,10.74615385,6.907692308,23.43076923,17.87692308,8.453846154,14.64615385,11.05384615
833.3744566,15.70769231,21.34615385,16.20769231,12,14.85384615,14.53846154,20.65384615,21.08461538,7.953846154,18.76923077
833.5513644,8.615384615,19.20769231,10.78461538,7.646153846,15.33076923,15.80769231,10.88461538,15.03076923,15.28461538,11.3
833.7282551,21.50769231,14.66923077,16.66923077,12.67692308,20.35384615,22.23846154,12.17692308,12.2,21.35384615,9.661538462
833.9051286,8.615384615,17.84615385,6.830769231,9.969230769,11.05384615,15.60769231,18.79230769,10.8,16.61538462,7.161538462
834.081985,8.7,10.80769231,22.78461538,15.72307692,13.56153846,6.915384615,9.530769231,6.184615385,10.81538462,13.54615385
834.2588243,5.384615385,8.815384615,20.06153846,12.52307692,7.676923077,14.33846154,16.93846154,10.39230769,9.115384615,15.80769231
834.4356464,13.27692308,13.4,18.4,21.53076923,18.88461538,13.53846154,21.58461538,14.33076923,10.86923077,12.43076923
834.6124514,9.515384615,7.961538462,17.36153846,8.746153846,7.861538462,10.35384615,20.62307692,11.56923077,18.06923077,8.184615385
834.7892392,16.26153846,21.62307692,7.246153846,4.230769231,8.861538462,22.20769231,20.56153846,11.56153846,17.35384615,8.669230769
834.9660098,7.661538462,13.1,8.707692308,12.99230769,11.06923077,10.00769231,17.43846154,7.2,15.3,16.81538462
835.1427633,12.62307692,16.86923077,20.07692308,7.869230769,16.13846154,19.63846154,14.25384615,9.384615385,22.87692308,18.44615385
835.3194996,14.06153846,10.00769231,15.09230769,10.40769231,9.338461538,13.84615385,7.623076923,10.71538462,7.923076923,10.23076923
835.4962188,17.45384615,12.42307692,20.27692308,9.869230769,19.35384615,12.00769231,15.88461538,14.04615385,11.63846154,21.88461538
835.6729208,9.323076923,16.32307692,6.523076923,9.869230769,11.25384615,18.04615385,12.6,11.36923077,9.761538462,15.58461538
835.8496056,19.44615385,20.4,21.61538462,13.06153846,10.72307692,15.66923077,17.13846154,7.969230769,16.65384615,13.8
836.0262733,8.230769231,11.5,15.48461538,9.830769231,10.96153846,14.23076923,14.7,11.20769231,7.592307692,7.338461538
836.2029237,24.19230769,10.19230769,18.65384615,15.56923077,18.17692308,22.77692308,12.38461538,8.538461538,15.6,16.73076923
836.379557,17.68461538,5.276923077,10.46923077,5.807692308,6.330769231,16.29230769,10.4,17.64615385,3.915384615,18.06153846
836.5561732,14.17692308,16.13076923,9.538461538,7.369230769,12.52307692,15.77692308,17.55384615,20.28461538,9.876923077,12.23846154
836.7327721,18.48461538,16.06923077,9.976923077,11.49230769,14.93846154,10.60769231,8.376923077,13.12307692,10.97692308,11.59230769
836.9093539,14.63076923,13.55384615,9.669230769,13.2,17.65384615,15.89230769,18.06923077,14.27692308,19.62307692,12.44615385
837.0859185,9.561538462,11.67692308,8.8,5.961538462,10.86153846,8.8,14.52307692,6.069230769,16.99230769,3.907692308
837.2624658,13.31538462,5.023076923,12.71538462,5.8,16.43076923,20.03846154,14.76923077,13.61538462,9.192307692,17.73846154
837.438996,9.7,11.16923077,11.48461538,5.407692308,9.730769231,10.80769231,7.761538462,13.48461538,15.11538462,13.32307692
837.615509,14.30769231,13.00769231,17.49230769,5.823076923,20.23076923,11.75384615,14.78461538,9.446153846,15.46923077,16.06153846
837.7920048,12.14615385,11.02307692,8.984615385,6.630769231,7.069230769,3.992307692,16.14615385,10.83076923,7.984615385,17.86923077
837.9684834,12.92307692,17.14615385,19.28461538,15.93076923,9.207692308,18.66153846,17.25384615,14.73076923,14.06923077,10.3
838.1449449,6.053846154,6.092307692,10.98461538,10.86923077,14.59230769,12.30769231,9.246153846,10.78461538,7.938461538,13.43076923
838.3213891,23.3,19.20769231,10.78461538,19.66153846,11.65384615,12.62307692,9.776923077,12.65384615,10.27692308,12.98461538
838.4978161,14.30769231,16.11538462,19.39230769,5.623076923,7.538461538,12.97692308,17.48461538,13.17692308,7.353846154,17.93076923
838.6742258,9.661538462,18.54615385,17.70769231,11.86153846,14.84615385,14.20769231,14.3,12.97692308,17.45384615,22.01538462
838.8506184,15.13076923,15.63076923,7.3,8.192307692,6.107692308,16.91538462,16.12307692,11.40769231,8.5,20.04615385
839.0269938,14.11538462,10.25384615,7.584615385,20.25384615,15.43076923,15.55384615,27.77692308,7.376923077,17.18461538,20.48461538
839.2033519,14.46153846,15.05384615,7.446153846,3.038461538,5.092307692,17.32307692,9.307692308,11.66923077,14.77692308,7.915384615
839.3796929,15.66153846,19.95384615,12.21538462,9.961538462,12.67692308,10.96153846,18.03846154,10.23076923,13.68461538,12.93076923
839.5560166,8.738461538,8.446153846,7.553846154,6.123076923,13.45384615,14.42307692,10.21538462,15.55384615,3.353846154,9.492307692
839.7323231,17.4,4.638461538,7.969230769,18.89230769,16.59230769,14.93076923,17.96153846,15.12307692,19.06923077,17.68461538
839.9086124,9.7,11.33846154,4.869230769,7.307692308,15.93076923,7.361538462,15.70769231,10.60769231,6.646153846,10.82307692
840.0848844,21.22307692,14.43846154,11.23846154,12.43076923,13.54615385,20.39230769,16.72307692,18.48461538,20.43846154,20.83846154
840.2611392,6.2,7.853846154,14.16153846,11.61538462,7.784615385,20.27692308,9.638461538,14.72307692,10.25384615,5.453846154
840.4373768,12.42307692,10.74615385,14.43846154,9.461538462,11.72307692,14.96153846,17.50769231,13.7,17.64615385,11.98461538
840.6135971,7.515384615,4.069230769,16.98461538,7.084615385,11.52307692,13.93076923,7.461538462,5.107692308,22.59230769,10.16923077
840.7898002,15.14615385,20.41538462,16.00769231,12.39230769,14.29230769,5.107692308,18.83846154,11.57692308,24.25384615,11.78461538
840.9659861,12.33846154,4.438461538,11.06153846,7.784615385,10.2,9.907692308,11.10769231,2.730769231,8.584615385,11.96153846
841.1421547,9.407692308,11.23076923,9.146153846,13.59230769,17.03076923,15.30769231,8.753846154,9.007692308,7.3,17.26923077
841.3183061,12.86153846,13.4,4.969230769,4.692307692,7.684615385,16.33846154,10.43076923,9,8.276923077,7.807692308
841.4944403,15.36923077,12.76923077,11.50769231,13.14615385,11.35384615,13.79230769,14.16923077,15.77692308,14.85384615,13.63846154
841.6705572,16.86923077,10.02307692,13.29230769,7.961538462,9.730769231,5.723076923,17.81538462,14.82307692,10.92307692,8.369230769
841.8466568,11.01538462,16.56153846,7.892307692,12.76923077,10.53846154,12.96153846,11.44615385,10.72307692,10.19230769,18.21538462
842.0227392,13.02307692,2.076923077,6.453846154,9.338461538,9.169230769,10.84615385,16.3,7.353846154,7.476923077,13.39230769
842.1988043,10.93076923,8.661538462,10.03846154,12.65384615,12.7,10.92307692,8.907692308,20.70769231,8.6,12.03076923
842.3748522,17.19230769,5.446153846,13.86153846,7.153846154,13.94615385,10.99230769,8.969230769,9.492307692,6.507692308,13.68461538
842.5508828,9.692307692,18.81538462,7.8,12.44615385,7.638461538,12.30769231,9.384615385,15.04615385,6.884615385,15.60769231
842.7268961,10.22307692,7.076923077,13.36153846,2.615384615,13.24615385,20.96153846,8.476923077,8.707692308,8.161538462,14.03846154
842.9028922,15.10769231,7.861538462,15.03846154,5.653846154,20.83076923,13.8,10.26923077,6.469230769,22.75384615,17.43846154
843.078871,9.930769231,12.93846154,9.4,9.930769231,5.315384615,10.96153846,7.4,10.57692308,10.31538462,6.846153846
843.2548326,16.26153846,20.12307692,15.64615385,10.82307692,16.26923077,15.10769231,13.6,9.407692308,5.023076923,23.11538462
843.4307768,7.269230769,9.9,9.376923077,5.484615385,16.54615385,16.43846154,13.48461538,12.53076923,9.930769231,16.26923077
843.6067038,15.01538462,8.130769231,11.81538462,10.56923077,18.03076923,22.23846154,13.73846154,6.092307692,8.7,9.4
843.7826135,9.376923077,6.892307692,2.784615385,8.676923077,4.623076923,14.67692308,10.33846154,12.23076923,2.176923077,0.530769231
843.958506,12.25384615,13.47692308,19.23076923,13.86153846,17.11538462,14.78461538,17.56153846,15.29230769,16.53846154,8.730769231
844.1343811,9.884615385,9.876923077,10.29230769,16.01538462,7.361538462,6.623076923,6.976923077,8.869230769,4.761538462,9.330769231
844.310239,12.34615385,14.47692308,14.28461538,8.569230769,20.01538462,17.01538462,15.03846154,14.56923077,13.59230769,12.5
844.4860795,10.52307692,8.953846154,5.123076923,12,6.038461538,12.62307692,12.29230769,10.39230769,3.353846154,8.730769231
844.6619028,18.46923077,7.592307692,7.369230769,10.03076923,17.85384615,5.892307692,24.64615385,13.77692308,9.061538462,13.16923077
844.8377088,21.10769231,8.538461538,12.81538462,10.93076923,13.52307692,11.73076923,16.45384615,6.061538462,7.469230769,16.97692308
845.0134975,12.93076923,19.61538462,16.4,3.115384615,15.8,20.47692308,12.14615385,11.47692308,12.68461538,10.25384615
845.1892689,9.630769231,6.792307692,4.638461538,12.73846154,8.792307692,10.73846154,14.79230769,1.276923077,5.161538462,8.2
845.365023,13.08461538,10.84615385,8.415384615,10.52307692,16.43076923,12.19230769,14.07692308,18.5,12.85384615,17.09230769
845.5407598,3.723076923,4.530769231,13.46923077,3.553846154,7.884615385,8.376923077,12.88461538,6.023076923,4.776923077,7.076923077
845.7164793,6.938461538,20.32307692,8.469230769,14.76153846,10.59230769,18.43846154,12.90769231,11.60769231,13.56923077,12.7
845.8921815,15.38461538,4.369230769,10.66923077,6.884615385,7.223076923,15.72307692,13.4,9.330769231,7.469230769,5.246153846
846.0678664,8.961538462,7.761538462,12.73076923,11.74615385,8.246153846,14.13076923,13.10769231,10.16923077,3.692307692,13.69230769
846.243534,6.307692308,6.553846154,2.576923077,12.63076923,15.42307692,12.98461538,15.35384615,10.87692308,11.04615385,11.75384615
846.4191842,16.81538462,9.546153846,12.23846154,20.44615385,10.2,27.70769231,17.17692308,10.09230769,18.36923077,10.08461538
846.5948172,8.461538462,11.12307692,8.853846154,5.376923077,7.215384615,12.86153846,15.26923077,9.623076923,5.223076923,10.28461538
846.7704328,17.17692308,14.34615385,9.1,15.32307692,11.5,16.55384615,20.09230769,12.33846154,4.323076923,16.15384615
846.9460311,9.976923077,10.26923077,4.361538462,5.6,5.707692308,10.11538462,16.83846154,11.99230769,11.67692308,6.546153846
847.1216121,13.48461538,13.10769231,7.676923077,7.338461538,11.73076923,10.53076923,13.93846154,11.06153846,8.038461538,15.27692308
847.2971757,7.830769231,7.238461538,10.56923077,6.484615385,14.9,6.769230769,12.35384615,4.7,7.876923077,7.2
847.472722,8.769230769,17.6,10.51538462,18.23076923,14.91538462,15.80769231,8.807692308,12.13846154,10.31538462,13.64615385
847.648251,14.4,7.084615385,12.08461538,7.030769231,3.761538462,12.45384615,12.64615385,4.830769231,9.569230769,8.561538462
847.8237627,11.97692308,20.13846154,15.09230769,7.9,14.20769231,18.96923077,14.87692308,15.06923077,20.00769231,11.11538462
847.999257,17.99230769,15.84615385,8.561538462,6.807692308,8.446153846,9.807692308,6.823076923,5.215384615,4.607692308,10.9
848.174734,10.20769231,18.32307692,10.2,10.33076923,10.86923077,5.8,8.130769231,7.169230769,11.39230769,10.43076923
848.3501936,5.123076923,4.076923077,8.261538462,13.00769231,7,8.223076923,16.18461538,11.33076923,7.492307692,9.361538462
848.5256359,16.49230769,17.21538462,13.86923077,8.207692308,18.93076923,17.53846154,11.82307692,15.82307692,15.95384615,13.95384615
848.7010608,6.915384615,12.16923077,14.91538462,10.2,9.938461538,8.884615385,15.8,2.930769231,11.63076923,7.392307692
848.8764684,11.26923077,13.81538462,10.39230769,10.5,11.06923077,10.16153846,9.292307692,5.753846154,3.515384615,11.28461538
849.0518587,13.26923077,11.14615385,9.384615385,11.98461538,6.076923077,9.623076923,9.123076923,8.938461538,4.276923077,12.17692308
849.2272316,19.27692308,9.269230769,12.73846154,12.15384615,13.22307692,16.59230769,14.16923077,7.230769231,5.861538462,21.51538462
849.4025871,12.25384615,5.223076923,5.138461538,4.676923077,10.17692308,14.62307692,11.51538462,7.692307692,6.9,18.28461538
849.5779253,12.03846154,13.32307692,15.96153846,10.62307692,14.63846154,13.35384615,9.476923077,9.469230769,9.461538462,9.623076923
849.7532461,15.54615385,9.192307692,17.36153846,6.969230769,5.284615385,9.753846154,16.9,7.930769231,7.530769231,9.807692308
849.9285496,24.36923077,14.75384615,8.253846154,4.692307692,15.93076923,17.30769231,10.19230769,12.05384615,17.06923077,10.90769231
850.1038357,10.41538462,12.93846154,7.323076923,3.284615385,14.78461538,15.76153846,7.330769231,10.45384615,9.153846154,14.69230769
850.2791044,15.35384615,10.84615385,18.9,5.276923077,16.80769231,13.35384615,8.976923077,9.192307692,16.76923077,7.246153846
850.4543558,11.26923077,11.53076923,12.66153846,7.669230769,8.769230769,9.838461538,17.26923077,7.776923077,2.4,10.36153846
850.6295898,16.62307692,19.42307692,8.523076923,9.769230769,16.49230769,20.30769231,18.73846154,13.48461538,9.153846154,11.36153846
850.8048064,12.14615385,4.907692308,4.476923077,21.26153846,11.25384615,11.53076923,9.938461538,10.31538462,8.723076923,10.66923077
850.9800056,17.59230769,16.11538462,14.28461538,17.31538462,10.66153846,16.20769231,8.769230769,6.946153846,11.26153846,14.24615385
851.1551875,11.26923077,5.9,10.11538462,12.1,10.06153846,19.87692308,3.384615385,9.438461538,4.507692308,6.515384615
851.330352,12.3,22.09230769,11.02307692,10.01538462,8.253846154,5.892307692,22.46153846,11.43846154,8.930769231,10.28461538
851.5054991,8.861538462,11.79230769,2.738461538,10.07692308,4.861538462,8.992307692,10.87692308,12.69230769,5.307692308,8.492307692
851.6806288,12.15384615,13.84615385,13.6,7.569230769,22.46153846,21.40769231,15.43846154,12.56923077,15.58461538,10.38461538
851.8557411,8.030769231,7.776923077,6.3,8.830769231,5.353846154,6.076923077,6.869230769,6.892307692,7.869230769,11.20769231
852.030836,14.32307692,15.40769231,25.40769231,1.576923077,10.37692308,23.10769231,15.56923077,15.57692308,4.892307692,19.51538462
852.2059135,13.85384615,10.28461538,11.66153846,5.646153846,7.730769231,10.52307692,16.26923077,2.315384615,10.63076923,13.64615385
852.3809737,15.01538462,5.915384615,8.469230769,6.384615385,14.73076923,12.53846154,10.23846154,10.2,6.453846154,13.6
852.5560164,9.438461538,10.36153846,10.06923077,8.146153846,8.046153846,3.176923077,8.107692308,2.369230769,7.915384615,9.538461538
852.7310417,12.00769231,11.87692308,9.7,10,16.71538462,19.27692308,9.453846154,17.13846154,6.015384615,14.73076923
852.9060497,11.19230769,6.853846154,11.15384615,10.06923077,12.04615385,7.369230769,6.292307692,11.5,15.46923077,18.77692308
853.0810402,16.43076923,10.84615385,9.992307692,11.02307692,14.86153846,11.94615385,11.43076923,10.63076923,14.13846154,10.95384615
853.2560133,15.97692308,12.39230769,11.68461538,7.8,6.684615385,8.515384615,9.084615385,13.10769231,14.58461538,12.68461538
853.430969,16.33076923,6.961538462,3.438461538,8.730769231,13.24615385,12.73846154,22.72307692,7.392307692,13.39230769,10.50769231
853.6059073,6.869230769,10.31538462,3.261538462,8.046153846,10.82307692,11.17692308,11.79230769,5.792307692,14.11538462,12.56153846
853.7808282,14.32307692,21.91538462,6.130769231,15.28461538,13.74615385,12.66153846,9.507692308,12.03846154,20.55384615,15.03846154
853.9557316,13.19230769,5.461538462,8.923076923,6.915384615,11.15384615,6.046153846,9.892307692,5.5,6.169230769,15.63076923
854.1306177,10.97692308,12.90769231,12.53846154,9.246153846,6.584615385,14.60769231,13.60769231,8.730769231,14.89230769,12.9
854.3054863,8.692307692,5.407692308,9.276923077,5.769230769,6.869230769,4.846153846,9.3,10.17692308,10.48461538,11.73076923
854.4803375,17.49230769,8.561538462,8.5,17.72307692,9.830769231,14.35384615,12.94615385,8.3,5.876923077,9.061538462
854.6551712,7.830769231,13.36923077,8.4,4.869230769,4.876923077,14.43846154,9.346153846,6.284615385,11.86923077,8.8
854.8299876,10.06153846,16.05384615,12.77692308,23.55384615,15.63846154,18.56923077,8.769230769,9.715384615,5.138461538,9.823076923
855.0047865,5.784615385,9.984615385,8.030769231,0.692307692,2.807692308,10.26923077,14.62307692,3.215384615,5.153846154,4.115384615
855.1795679,19.53846154,6.315384615,11.2,11.59230769,13.33846154,21.46153846,18.96153846,8.584615385,9.115384615,15.00769231
855.3543319,7.430769231,11.15384615,9.538461538,5.5,8.230769231,4.938461538,15.63846154,9.361538462,2.184615385,5.392307692
855.5290785,18.29230769,11.94615385,7.292307692,5.976923077,10.74615385,11.12307692,15.8,10.61538462,14.16153846,11.40769231
855.7038077,7.769230769,13.35384615,4.115384615,7.376923077,7.023076923,13.60769231,4.292307692,8.953846154,10.15384615,4.546153846
855.8785194,23.08461538,11.75384615,13.18461538,15.42307692,8.292307692,13.89230769,18.63846154,16.36923077,8.038461538,4.715384615
856.0532136,16.27692308,13.83846154,5.192307692,0.384615385,8.984615385,6.515384615,5.9,12.29230769,6.769230769,11.93846154
856.2278904,20.18461538,10.70769231,23.75384615,11.21538462,9.792307692,15.35384615,16.66153846,7.492307692,9.515384615,17.46923077
856.4025498,6.346153846,16.93076923,9.253846154,6.038461538,9.546153846,15.38461538,13.24615385,6.223076923,6.676923077,7.030769231
856.5771917,7.338461538,9.530769231,14.31538462,13.13846154,10.68461538,8.407692308,16.93076923,11.92307692,9.076923077,13.04615385
856.7518161,4.884615385,4.861538462,4.9,4.853846154,15.00769231,10.03846154,12.64615385,11.70769231,5.269230769,6.107692308
856.9264231,8.953846154,11.88461538,11.63846154,11.50769231,9.630769231,18.10769231,13.83076923,9.384615385,9.615384615,10.33846154
857.1010126,12.88461538,13.83846154,8.438461538,8.692307692,7.630769231,11.28461538,9.269230769,16.63076923,13.46153846,10.43846154
857.2755846,8.915384615,11.10769231,5.676923077,5.684615385,21.56153846,14.74615385,12.26923077,9.307692308,10.43076923,12.01538462
857.4501392,11.11538462,6.423076923,15.87692308,3.715384615,15.74615385,17.60769231,17.6,10.97692308,9.923076923,7.861538462
857.6246763,23.33076923,9.053846154,8.284615385,8.415384615,16.83846154,12.13846154,14.03846154,12.42307692,14.72307692,12.78461538
857.799196,13.71538462,19.32307692,4.507692308,8.823076923,8.607692308,10.50769231,10.34615385,8.738461538,5.323076923,13.18461538
857.9736982,18.74615385,16.84615385,20.64615385,10.13076923,22.13846154,10.85384615,8.907692308,4.538461538,7.5,11.16153846
858.1481829,9.330769231,9.407692308,11,6.253846154,11.91538462,9.046153846,11.87692308,11.42307692,2.984615385,4.707692308
858.3226501,4.684615385,17.54615385,16.76153846,10.5,18.23846154,17.57692308,9.530769231,13.29230769,15.62307692,17.34615385
858.4970998,9.130769231,3.884615385,5.192307692,5.553846154,8.307692308,7.507692308,13.96923077,10.76153846,4.523076923,17.62307692
858.6715321,12.27692308,10.42307692,11.22307692,12.39230769,21.78461538,5.246153846,9.030769231,9.638461538,8.207692308,14.53846154
858.8459468,16.11538462,7.576923077,6.653846154,3.253846154,6.961538462,7.7,11.11538462,6.730769231,5.838461538,9.669230769
859.0203441,14.58461538,17.33846154,15.14615385,14.53076923,8.730769231,15.32307692,7.592307692,9.415384615,8.946153846,10.89230769
859.1947239,6.115384615,7.392307692,8.615384615,9.4,9.4,4.207692308,10.48461538,4.084615385,7.223076923,12.54615385
859.3690862,15.96153846,8.376923077,18.35384615,9.846153846,7.292307692,13.39230769,8.592307692,7.792307692,16.16923077,9.738461538
859.543431,9.123076923,10.74615385,5.984615385,4.953846154,6.369230769,7.392307692,8.246153846,10.03076923,13.19230769,9.253846154
859.7177583,10.28461538,8.407692308,21.11538462,7.053846154,12.93846154,11.05384615,14.91538462,11.09230769,12.87692308,6.707692308
859.8920681,13.63846154,13.40769231,8.261538462,9.892307692,10.18461538,16.36153846,14.65384615,9.115384615,8.046153846,12.16923077
860.0663604,17.47692308,20.71538462,13.65384615,7.584615385,19.13076923,12.33846154,8.107692308,7.753846154,5.046153846,12.66153846
860.2406352,5.7,3.969230769,1.892307692,3.684615385,6.023076923,8.676923077,7.6,11.26153846,7.2,15.38461538
860.4148925,22.50769231,11.13076923,11.72307692,10.66923077,6.446153846,10.60769231,14.26923077,7.330769231,13.33846154,15.82307692
860.5891322,14.66153846,11.70769231,4.953846154,15.73846154,5.961538462,7.592307692,7.407692308,2.692307692,3.523076923,6.361538462
860.7633545,20.11538462,24.57692308,16.89230769,8.707692308,11.01538462,14.71538462,7.476923077,8.476923077,11.8,16.41538462
860.9375592,7.492307692,9.592307692,11.13076923,5.792307692,5.823076923,11.32307692,9.153846154,8.053846154,6.523076923,8.4
861.1117465,21.00769231,7.661538462,14.76153846,17.06153846,8.553846154,10.38461538,9.607692308,18.91538462,8.153846154,13.23846154
861.2859162,10.77692308,4.176923077,5.346153846,7.907692308,12.13076923,10.39230769,3.992307692,8.084615385,12.56153846,6.153846154
861.4600684,10.93846154,3.330769231,6.538461538,4.684615385,8.161538462,15.5,17.64615385,17.13846154,9.130769231,13.81538462
861.634203,20.50769231,7.415384615,7.476923077,4.8,10.00769231,9.046153846,18.74615385,7.153846154,9.053846154,6.646153846
861.8083202,12.7,11.85384615,9.423076923,8.469230769,13.94615385,10.03846154,20.10769231,17.09230769,5.976923077,16.08461538
861.9824198,5.961538462,8.046153846,8.938461538,9.592307692,13.99230769,12.04615385,12.3,11.16153846,15.26923077,3.169230769
862.1565019,12.4,12.44615385,11.13846154,5.169230769,10.84615385,11.36153846,20.70769231,16.59230769,12.02307692,8.138461538
862.3305664,7.307692308,11.96153846,9.769230769,3.507692308,9.523076923,15.06153846,16.06923077,9.992307692,4.776923077,12.49230769
862.5046134,13.16923077,10.36153846,7.046153846,11.86923077,7.3,9.715384615,5.069230769,5.323076923,13.01538462,20.34615385
862.6786429,10.26153846,10.29230769,10.2,5.976923077,5.115384615,7.884615385,7.484615385,11.15384615,7.138461538,3.284615385
862.8526548,15.38461538,11.93846154,10.38461538,9.607692308,14.1,15.80769231,8.469230769,8.069230769,9.6,10.83076923
863.0266492,6.123076923,6.715384615,4.953846154,8.992307692,2.853846154,8.623076923,9.3,6.592307692,4.630769231,2.069230769
863.200626,10,9.938461538,11.83076923,11.63846154,18.27692308,19.77692308,13.24615385,8.892307692,15.88461538,14.63846154
863.3745853,9.961538462,15.8,7.207692308,11.78461538,7.053846154,4.784615385,13.36153846,9.561538462,10.43846154,9.776923077
863.548527,7.953846154,14.18461538,2.607692308,10.51538462,13.69230769,14.43846154,8.769230769,20.76153846,9.2,18.39230769
863.7224512,16.67692308,5.053846154,7.753846154,7.761538462,7.353846154,11.80769231,13.02307692,11.47692308,6.184615385,6.015384615
863.8963578,20.36923077,10.02307692,6.323076923,18.48461538,10.53846154,24.63846154,20.03846154,8.761538462,10.47692308,9.092307692
864.0702469,5.676923077,3.8,7.7,7.292307692,7.369230769,7.692307692,19.30769231,2.415384615,8.938461538,1.876923077
864.2441184,13.22307692,7.246153846,10.73846154,13.94615385,11.53846154,13.89230769,8.546153846,12.66923077,8.430769231,12.00769231
864.4179723,5.076923077,12.08461538,5.438461538,9.338461538,9.330769231,16.13846154,15.26923077,14.86923077,11.01538462,8.738461538
864.5918087,11.86923077,9.061538462,5.238461538,9.515384615,7.723076923,15.26923077,11.56923077,17.40769231,9.5,13.06923077
864.7656275,8.4,3.792307692,4.630769231,6.646153846,4.938461538,4.530769231,13.10769231,7.830769231,10.26153846,14.20769231
864.9394288,15.98461538,8.623076923,11.66153846,12.63076923,12.30769231,6.7,10.26153846,8.946153846,6.207692308,13.93076923
865.1132124,14.8,6.215384615,8.038461538,8.046153846,11.95384615,9.007692308,13.23846154,10.02307692,4.969230769,9.661538462
865.2869785,11.03846154,12.72307692,13.24615385,15.07692308,8.869230769,11.14615385,12.43846154,12.75384615,19.01538462,5.692307692
865.460727,12.87692308,5.846153846,6.9,8.2,12.07692308,10.29230769,8.053846154,4.523076923,7.423076923,9.653846154
865.6344579,8.576923077,5.438461538,13.99230769,12.39230769,6.292307692,8.676923077,22.39230769,12.96923077,6.353846154,11.90769231
865.8081713,10.64615385,13.10769231,8.438461538,11.46923077,16.49230769,5.646153846,10.7,5.384615385,7.884615385,8.530769231
865.9818671,12.97692308,11.45384615,7.346153846,8.176923077,14.67692308,16.27692308,23.11538462,8.7,11.91538462,17.19230769
866.1555452,9.023076923,8.576923077,3.623076923,6.1,13.09230769,6.723076923,1.476923077,10.03846154,7.753846154,13.61538462
866.3292058,6.884615385,2.915384615,18.50769231,5.676923077,14.14615385,7.669230769,12.56153846,4.669230769,8.546153846,6.469230769
866.5028488,7.661538462,13.05384615,12.88461538,2.461538462,8.469230769,7.230769231,15.71538462,7.653846154,15.66153846,10.1
866.6764742,15.88461538,11.07692308,9.207692308,16.06923077,11.83846154,11.28461538,23.93846154,9.238461538,5.784615385,17.13846154
866.850082,15.36923077,3.376923077,12.9,10.1,5.769230769,2.730769231,8.138461538,4.869230769,5.546153846,12.11538462
867.0236722,17.56923077,15.94615385,12.93846154,7.238461538,10.73076923,9.684615385,12.88461538,7.276923077,6.453846154,9.684615385
867.1972448,8.676923077,6.453846154,2.876923077,6.507692308,17.36153846,13.00769231,15.73076923,7.5,8.753846154,7.361538462
867.3707998,6.692307692,6.115384615,6.507692308,12.30769231,15.13076923,12.34615385,13.09230769,8.861538462,11.36923077,12.06923077
867.5443372,9.892307692,5.107692308,3.053846154,7.584615385,11.11538462,11.71538462,10.93846154,3.123076923,8.284615385,15.17692308
867.717857,15.68461538,11.45384615,8.415384615,9.284615385,12.22307692,7.276923077,8.576923077,9.284615385,7.784615385,14.12307692
867.8913592,4.769230769,10.86923077,11.14615385,13.66923077,7.9,13.98461538,7.569230769,5,10.81538462,5.146153846
868.0648437,16.79230769,3.569230769,8.569230769,6.023076923,12.39230769,12.07692308,5.092307692,8.7,18.13846154,11.95384615
868.2383106,8.507692308,8.315384615,7.076923077,10.41538462,11.38461538,9.169230769,14.91538462,8.461538462,3.592307692,4.330769231
868.41176,8.292307692,14.85384615,9.284615385,10.23846154,12.39230769,10.32307692,13.94615385,4.323076923,12.85384615,12.36153846
868.5851917,19.81538462,8.984615385,7.376923077,16.43076923,15.11538462,7.592307692,12.62307692,5.976923077,13.73846154,11.02307692
868.7586057,17.66153846,21.51538462,3.053846154,12.80769231,5.269230769,11.99230769,12.74615385,5.138461538,18.35384615,8.876923077
868.9320022,6.584615385,9.769230769,11.27692308,9.692307692,5.807692308,11.91538462,16.46923077,6.046153846,8.046153846,0.446153846
869.105381,4.738461538,7.676923077,7.646153846,10.20769231,10.20769231,7.9,11.3,12.06153846,10.88461538,17.26923077
869.2787422,11.43076923,7.3,7.369230769,5.553846154,4.4,9.069230769,5.753846154,8.915384615,4.830769231,6.653846154
869.4520858,13.13076923,14.33076923,11.9,4.323076923,14.15384615,7.861538462,19.47692308,4.576923077,6.738461538,11.00769231
869.6254117,6.661538462,4.415384615,4.753846154,8.830769231,7.815384615,9.061538462,10.87692308,7.276923077,8.515384615,5.276923077
869.79872,4.761538462,14.32307692,7.946153846,4.2,12.92307692,16.33846154,14.89230769,8.776923077,15.06153846,15.27692308
869.9720106,6.323076923,7.638461538,5.776923077,1.576923077,5.7,9.646153846,3.176923077,7.984615385,6.976923077,14.86153846
870.1452836,12.4,13.72307692,6.123076923,5.876923077,17.33076923,6.730769231,20.64615385,6.515384615,6.315384615,13.66153846
870.3185389,9.438461538,9.246153846,7,3.069230769,5.907692308,5.015384615,9.476923077,5.430769231,6.484615385,7.553846154
870.4917766,14.21538462,10.05384615,7.992307692,9.069230769,13.29230769,13.37692308,16.96923077,12.20769231,5.930769231,13.67692308
870.6649967,5.153846154,10.46153846,9.184615385,3.676923077,13.07692308,9.307692308,10.37692308,4.9,6.630769231,11.06153846
870.8381991,8.976923077,9.769230769,7.030769231,12.9,15.09230769,13.70769231,13.03846154,16.74615385,13.82307692,11.32307692
871.0113838,12.76153846,3.323076923,1.246153846,0.592307692,8.546153846,5.907692308,10.32307692,4.938461538,5.253846154,9.376923077
871.1845509,8.730769231,13.26923077,11.99230769,4.684615385,9.907692308,11.26153846,6.553846154,4.676923077,6.430769231,12.42307692
871.3577004,9.976923077,9.769230769,0.761538462,7.176923077,12.78461538,13.17692308,13.99230769,9.953846154,10.75384615,7.707692308
871.5308321,14.99230769,11.15384615,5.607692308,3.215384615,3.046153846,14.11538462,10.63076923,6.730769231,13.9,10.37692308
871.7039462,8.092307692,7.646153846,7.261538462,6.553846154,16.43846154,10.53076923,9.876923077,3.607692308,9.092307692,7.569230769
871.8770427,15.59230769,7.984615385,7.915384615,13.17692308,19.95384615,10.40769231,11.30769231,16.41538462,7.469230769,7.838461538
872.0501214,9.953846154,13.42307692,5.823076923,5.823076923,5.8,10.33846154,4.892307692,5.392307692,11.29230769,11.08461538
872.2231825,13.35384615,8.461538462,11.1,13.05384615,9.1,7.207692308,12.34615385,9.907692308,12.4,11.96923077
872.3962259,13.25384615,8.492307692,11.43846154,6.6,13.06153846,8.146153846,10.36923077,10.17692308,14.43076923,12.36923077
872.5692517,16.99230769,12.61538462,11.88461538,22.82307692,14.61538462,17.86153846,16.46923077,7.369230769,7.846153846,10.46153846
872.7422597,4.807692308,10.79230769,2.5,5.861538462,9.361538462,10.46153846,13.19230769,4.153846154,6.707692308,12.40769231
872.9152501,11.65384615,9.092307692,14.63846154,15.2,8.584615385,11.33846154,14.2,9.315384615,16.3,9.846153846
873.0882228,13.86923077,5.546153846,6.438461538,10.87692308,9.646153846,8.438461538,11.02307692,6.938461538,3.723076923,17.14615385
873.2611778,10.09230769,7.130769231,5.515384615,9.969230769,19.35384615,12.48461538,14.44615385,8.092307692,5.569230769,13.54615385
873.4341151,12.56153846,8.761538462,8.892307692,12.46153846,1.246153846,5.638461538,5.192307692,6.738461538,12.09230769,11.76923077
873.6070348,14.5,14.66923077,10.9,9.184615385,8.446153846,10.43846154,14.02307692,23.68461538,7.076923077,9.238461538
873.7799367,19.16153846,10.73846154,10.44615385,11.20769231,8.553846154,10.29230769,12.81538462,3.484615385,4.538461538,13.46923077
873.9528209,8.461538462,12.16923077,5.838461538,8.007692308,7.276923077,16.05384615,13.31538462,11.17692308,13.08461538,12
874.1256875,12.5,14.15384615,5.584615385,3.223076923,15.36923077,14.90769231,11.61538462,8.469230769,4.884615385,6.284615385
874.2985363,18.18461538,9.361538462,13.47692308,9.407692308,9.269230769,19.40769231,7.538461538,3.961538462,11.01538462,6.907692308
874.4713675,7.392307692,5.407692308,8.869230769,6.215384615,13.28461538,9.692307692,12.86923077,1.976923077,7.553846154,9.661538462
874.6441809,9.792307692,4.246153846,9.415384615,8.6,7.969230769,11.96153846,6.461538462,8.769230769,14.18461538,15.80769231
874.8169766,11.35384615,14.97692308,9.030769231,7.4,2.423076923,14.03846154,16.06923077,6.330769231,0.715384615,11.89230769
874.9897546,12.23076923,16.00769231,12.85384615,9.484615385,10.96153846,13.68461538,23.16153846,13.83846154,6.046153846,8.276923077
875.1625149,12.54615385,9.823076923,12.86923077,7.853846154,12.12307692,10.53076923,16.5,9.507692308,8.084615385,5.984615385
875.3352575,10.46153846,9.915384615,2.692307692,11.13846154,8.153846154,13.39230769,10.94615385,3.961538462,5.553846154,8.423076923
875.5079824,17.53846154,7.684615385,10.64615385,7.607692308,3.307692308,12.17692308,5.138461538,4.623076923,12.04615385,11.65384615
875.6806895,13.56923077,7.823076923,15.93846154,13.23846154,12.72307692,13.47692308,11.83846154,6.7,13.26153846,11.85384615
875.8533789,6.153846154,10.40769231,10.23846154,3.192307692,5.123076923,5.546153846,9.092307692,5.761538462,4.407692308,10.80769231
876.0260506,5.984615385,6.584615385,11.10769231,7.792307692,8.746153846,14.48461538,13.15384615,12.86923077,13.58461538,21.29230769
876.1987046,16.25384615,3.246153846,7.592307692,3.715384615,12.08461538,7.876923077,8.538461538,10.66923077,13.55384615,11.40769231
876.3713408,19.77692308,7.869230769,7.915384615,8.615384615,6.538461538,5.076923077,18.13846154,12.47692308,12.92307692,11.30769231
876.5439593,9.430769231,9.5,4.492307692,8.484615385,5.307692308,6.876923077,11.58461538,8.330769231,22.20769231,10.22307692
876.7165601,10.61538462,11.16923077,8.546153846,12.7,6.776923077,12.27692308,19.79230769,10.13846154,12.18461538,10.74615385
876.8891431,9.692307692,9.315384615,3.461538462,7.815384615,10.10769231,5.392307692,13.06923077,5.146153846,6.4,7.461538462
877.0617084,13.56153846,9.992307692,9.438461538,9.669230769,17.13076923,11.73076923,8.046153846,4.507692308,6.738461538,14.14615385
877.234256,12.29230769,8.530769231,6.423076923,12.8,9.507692308,4.838461538,9.230769231,6.453846154,8.569230769,9.3
877.4067858,15.64615385,10.08461538,7.338461538,6.923076923,15.27692308,10.53846154,9.407692308,8.007692308,4.692307692,7.907692308
877.5792978,4.746153846,12.12307692,5.923076923,6.046153846,8.3,6.976923077,6.4,3.984615385,7.692307692,6.853846154
877.7517921,14.6,8.630769231,11.51538462,7.615384615,6.346153846,12.19230769,8.330769231,6.115384615,11.1,17.04615385
877.9242687,14.80769231,5.523076923,14.16153846,5.807692308,13.49230769,6.576923077,12.73846154,10.41538462,8.153846154,6.4
878.0967275,13.08461538,16.53846154,11.23846154,6.638461538,9.784615385,10.87692308,9.723076923,11.59230769,10.31538462,13.79230769
878.2691686,13.16153846,11.76153846,7.961538462,8.676923077,6.269230769,5.276923077,4.676923077,7.723076923,12.96923077,11.53846154
878.4415918,9.423076923,14.45384615,13.1,7.253846154,12.92307692,7.815384615,10.36153846,15.03846154,13.09230769,9.561538462
878.6139974,9.738461538,6.938461538,16.26923077,5.876923077,7.238461538,9.676923077,15.16923077,5.753846154,10.03846154,2.461538462
878.7863851,14.60769231,12.76153846,4.323076923,5.961538462,7.115384615,9.753846154,14.69230769,7.453846154,13.78461538,7.169230769
878.9587551,12.23846154,8.330769231,0,9.861538462,6.192307692,5.9,7.907692308,2.715384615,3.561538462,8.369230769
879.1311073,18.47692308,7.369230769,10.29230769,2.853846154,10.9,18.35384615,10.80769231,12.19230769,6.715384615,11.20769231
879.3034418,4.676923077,2.569230769,6.469230769,12.16153846,4.930769231,14.58461538,9.038461538,6.392307692,6.776923077,5.723076923
879.4757585,8.723076923,8.638461538,11.64615385,10.52307692,9.2,9.507692308,13.48461538,12.36923077,9.392307692,4.830769231
879.6480574,9.876923077,3.792307692,6.069230769,9.1,10.45384615,6.823076923,15.80769231,6.315384615,5.269230769,8.369230769
879.8203385,12.86153846,12.02307692,15.06923077,5.5,5.646153846,18.45384615,8.561538462,11.02307692,14.05384615,5.369230769
879.9926019,6.415384615,3.5,4.153846154,4.753846154,12.78461538,14.56153846,10.53846154,3.223076923,3.276923077,5.223076923
880.1648474,13.3,10.86923077,9.838461538,6.346153846,9.646153846,7.515384615,7.061538462,10.71538462,9.076923077,7.292307692
880.3370752,4.907692308,6.861538462,9.938461538,5.153846154,15.76153846,9.092307692,6.930769231,12.39230769,5.561538462,10.55384615
880.5092852,17.15384615,11.06923077,8.515384615,7.9,19.29230769,6.284615385,14.60769231,9.3,17,11.05384615
880.6814774,5.576923077,4.253846154,4.515384615,6.015384615,8.015384615,11.24615385,10.22307692,4.753846154,7.384615385,3.092307692
880.8536518,12.30769231,12.46153846,8.330769231,3.523076923,9.169230769,12.29230769,21.54615385,14.13846154,4.715384615,7.923076923
881.0258084,7.453846154,5.953846154,4.961538462,8.484615385,2.1,6.192307692,4,2.815384615,5.184615385,14.48461538
881.1979472,10.98461538,14.23076923,11.03076923,9.176923077,8.3,7.192307692,7.507692308,6.730769231,11.19230769,22.06153846
881.3700682,6.638461538,2.792307692,8.315384615,8.623076923,10.14615385,9.561538462,11.54615385,1.969230769,9.384615385,9.938461538
881.5421714,21.30769231,10.56923077,2.992307692,8.230769231,13.03846154,5.992307692,10.67692308,2.361538462,13.82307692,13.94615385
881.7142568,8.8,6.753846154,13.22307692,3.138461538,6.253846154,8.138461538,10.43846154,3.215384615,8.492307692,7.1
881.8863244,10.23076923,11.96923077,6.330769231,8.323076923,13.73846154,15.57692308,8.853846154,7.869230769,10.53846154,3.438461538
882.0583742,11.64615385,4.238461538,7.230769231,6.353846154,9.2,3.176923077,2.569230769,4.915384615,8.530769231,6.638461538
882.2304062,15.01538462,11.96923077,8.392307692,4.546153846,4.584615385,12.70769231,11.80769231,15.96923077,3.892307692,4.707692308
882.4024204,8.361538462,8.938461538,1.961538462,8.346153846,9.869230769,6.923076923,10.72307692,2.061538462,5.523076923,11.46923077
882.5744167,14.26153846,11.94615385,11.66153846,3.346153846,21.23076923,8.369230769,7.684615385,14.5,12.79230769,8.853846154
882.7463952,10.27692308,3.669230769,3.807692308,6.153846154,13.00769231,4.738461538,5,12.13076923,6.115384615,2.923076923
882.9183559,14.13846154,13.03076923,15.93846154,15.89230769,15.07692308,18.97692308,11.20769231,9.907692308,9.738461538,7.253846154
883.0902988,7.192307692,12.94615385,2.769230769,13.86923077,5.415384615,18.40769231,13.83076923,5.861538462,6.3,11.83846154
883.2622239,11.33846154,14.47692308,12.13076923,17.28461538,13.32307692,12.33846154,16.56923077,12.86923077,3.584615385,19.34615385
883.4341311,7.676923077,8.961538462,10.42307692,9.607692308,4.323076923,9.084615385,14.15384615,9.692307692,8.315384615,8.823076923
883.6060205,10.83076923,14.13846154,8.976923077,8.553846154,9.646153846,8.376923077,16.53076923,4.338461538,7.892307692,9.984615385
883.777892,6.438461538,6.307692308,5.023076923,4.115384615,10.50769231,10.66923077,2.523076923,2.692307692,10.73846154,8.561538462
883.9497457,18.72307692,8.315384615,14.39230769,10.66153846,15.39230769,14.39230769,13.90769231,16.71538462,10.93846154,5.192307692
884.1215816,4.823076923,9.4,7.530769231,5.707692308,12.19230769,6.292307692,4.476923077,5.038461538,4.507692308,13.04615385
884.2933997,8.876923077,11.91538462,13.39230769,3.392307692,8.884615385,14.50769231,13.31538462,7.392307692,8.246153846,9.838461538
884.4651998,4.661538462,6.569230769,6.607692308,0.153846154,11.73076923,13.98461538,1.761538462,9.815384615,3.469230769,5.576923077
884.6369822,15.00769231,9.292307692,9.6,16.59230769,12.60769231,8.007692308,16.54615385,14.41538462,7.853846154,16.77692308
884.8087467,17.13076923,7.069230769,6.053846154,8.015384615,6.669230769,5.492307692,11.66153846,10.29230769,10.38461538,11.93076923
884.9804933,9.930769231,11.86153846,1.061538462,7.576923077,12.41538462,7.992307692,10.46923077,11.59230769,13.69230769,9.446153846
885.1522221,9.476923077,7.961538462,5.707692308,12.73846154,9.838461538,12.49230769,9.161538462,7.984615385,3.723076923,9.430769231
885.3239331,12.68461538,9.746153846,8.123076923,13.78461538,7.923076923,11.19230769,15.19230769,8.884615385,18.23076923,5.846153846
885.4956262,14.82307692,3.753846154,7.869230769,7.123076923,13.49230769,7.838461538,3.407692308,8.507692308,8.353846154,12.6
885.6673014,17.42307692,10.81538462,10.33076923,5.315384615,10.15384615,15.43076923,10,10.03076923,4.338461538,6.976923077
885.8389587,12.45384615,3.561538462,6.723076923,4.892307692,11.88461538,2.230769231,14.52307692,9.215384615,4.869230769,10.26923077
886.0105982,13.10769231,11.94615385,13.76153846,4.869230769,11.70769231,7.2,16.62307692,13.54615385,7.415384615,9.746153846
886.1822198,8.576923077,11.59230769,9.376923077,10.44615385,10.6,11.09230769,7.792307692,8.176923077,6.869230769,2.207692308
886.3538236,5.223076923,3.638461538,6.253846154,14.14615385,10.49230769,9.546153846,3.361538462,3.615384615,6.038461538,12.99230769
886.5254095,7.892307692,10.67692308,5.007692308,8.146153846,6.753846154,12.34615385,15.15384615,8.207692308,5.761538462,3.207692308
886.6969775,10.32307692,15.53846154,6.769230769,11.52307692,9.015384615,15.83846154,7.015384615,11.69230769,7.723076923,13.67692308
886.8685276,1.515384615,6.092307692,4.146153846,9.2,15.02307692,7.930769231,9.215384615,9.184615385,3.307692308,11.83846154
887.0400599,10.36153846,14.26153846,3.730769231,5.507692308,14.66153846,9.207692308,10.7,6.569230769,10.92307692,8.492307692
887.2115742,5.846153846,11.86153846,9.876923077,2.876923077,7.146153846,6.838461538,6.923076923,7.507692308,5.653846154,9.292307692
887.3830707,11.81538462,6.6,8.015384615,9.4,12.21538462,13.67692308,13.05384615,16.74615385,13.34615385,14.99230769
887.5545493,8.838461538,8.123076923,5.061538462,2.515384615,12.03846154,12.83076923,10.85384615,2.369230769,9.315384615,8.369230769
887.72601,9,11.65384615,12.56153846,10.46923077,10.86153846,9.153846154,13.59230769,6.169230769,5.092307692,10.36923077
887.8974528,0.746153846,7.684615385,3.146153846,1.523076923,6.1,6.276923077,4.084615385,8.076923077,14.71538462,12.06153846
888.0688777,20.33076923,12.54615385,5.507692308,7.676923077,9.8,14.40769231,7.161538462,10.67692308,6.476923077,15.07692308
888.2402848,6.015384615,9.476923077,8,13.30769231,6.353846154,9.269230769,5.584615385,9.076923077,6.7,4.023076923
888.4116739,8.638461538,9.1,5.153846154,11.38461538,13.48461538,9.284615385,10,8.4,3.453846154,6.207692308
888.5830451,10.77692308,5.038461538,10.52307692,8.3,10.96923077,4.915384615,9,9.330769231,1.638461538,6.638461538
888.7543984,18.93846154,12.93076923,12.36923077,9.915384615,6.430769231,9.523076923,14.06923077,3.523076923,5.069230769,15.01538462
888.9257338,7.553846154,0.207692308,6.984615385,4.661538462,4.761538462,5.307692308,11.14615385,13.13846154,14.83846154,8.215384615
889.0970513,4.176923077,15.23846154,12.64615385,7.207692308,10.98461538,4.238461538,13.07692308,8.907692308,9.030769231,5.484615385
889.2683509,13.66153846,7.661538462,9.738461538,2.046153846,6.769230769,8.169230769,16.31538462,5.553846154,8.738461538,12.86923077
889.4396326,15.78461538,7.553846154,7.8,9.223076923,8.823076923,10.59230769,12.73076923,6.207692308,9.230769231,10.04615385
889.6108963,12.64615385,13.93846154,9.853846154,6.053846154,9.384615385,10.39230769,9.938461538,10.95384615,2.946153846,7.276923077
889.7821422,10.72307692,7.338461538,18.29230769,4.784615385,12.03846154,6.315384615,10.58461538,6.053846154,10.26923077,11.68461538
889.9533701,7.238461538,3.253846154,7.523076923,2.976923077,5.269230769,7.930769231,7.061538462,9.261538462,10.25384615,6.038461538
890.1245801,12.63076923,7.938461538,8.038461538,9.453846154,14.49230769,19.70769231,4.276923077,7.907692308,10.01538462,17.04615385
890.2957721,7.153846154,9.553846154,8.446153846,8.869230769,10.22307692,14.05384615,4.807692308,4.846153846,2.130769231,4.907692308
890.4669463,6.561538462,9.892307692,3.276923077,11.48461538,14.60769231,12.13846154,5.215384615,10.10769231,13.33076923,12.61538462
890.6381025,8.346153846,2.653846154,3.338461538,4.076923077,5.761538462,13.75384615,8.907692308,7.546153846,7.776923077,6.984615385
890.8092408,6.430769231,11.98461538,7.169230769,5.184615385,13.50769231,10.36153846,14.18461538,2.684615385,11.6,5.407692308
890.9803611,11.2,5.615384615,5.992307692,4.376923077,6.638461538,8.792307692,3.646153846,2.992307692,7.715384615,3.784615385
891.1514635,7.438461538,5.261538462,12.56923077,8.038461538,10.56153846,12.70769231,9.876923077,6.453846154,11.36153846,7.038461538
891.322548,4.938461538,17.06153846,7.515384615,6.384615385,13.6,9.130769231,15.09230769,12.40769231,7.546153846,13.76153846
891.4936145,9.823076923,8.4,13.66923077,8.646153846,16.38461538,6.976923077,12.63076923,12.34615385,9.430769231,10.08461538
891.6646631,8.415384615,6.638461538,4.330769231,9.846153846,12.06153846,11.29230769,9.307692308,2.392307692,2.492307692,9.576923077
891.8356937,6.230769231,17.60769231,8.292307692,11.64615385,8.238461538,12.77692308,13.28461538,9.476923077,6.869230769,13.36923077
892.0067064,13.53846154,8.776923077,2.038461538,2.538461538,7.361538462,18.20769231,15.07692308,13.14615385,13.28461538,3.838461538
892.1777011,9.653846154,15.66153846,12.07692308,9.376923077,6.8,14.94615385,7.353846154,18.19230769,8.553846154,13.66153846
892.3486778,6.584615385,2.715384615,8.3,3.876923077,6.3,6.284615385,3.061538462,4.184615385,7.761538462,5.123076923
892.5196367,9.730769231,12.53076923,12.87692308,14.64615385,5.646153846,10.18461538,14.03846154,9.207692308,13.39230769,10.82307692
892.6905775,6.961538462,9.846153846,6.123076923,9.846153846,9.438461538,22.16923077,11.98461538,17.49230769,9.346153846,4.507692308
892.8615004,25.86923077,11.26153846,8.053846154,5.515384615,17.89230769,7.146153846,12.41538462,4.415384615,10.96923077,7.638461538
893.0324053,9.069230769,6.684615385,4.107692308,3.261538462,9.830769231,6.446153846,6.061538462,6.892307692,5.838461538,4.546153846
893.2032923,11.51538462,6.484615385,13.49230769,11.19230769,7.284615385,8.776923077,13.4,7.123076923,5.923076923,6.130769231
893.3741613,11.12307692,10.88461538,8.569230769,3.861538462,17.9,10.70769231,10.85384615,5.515384615,5.830769231,13.75384615
893.5450123,13.46923077,10.87692308,10.38461538,14.42307692,9.753846154,21.43846154,15.39230769,11.42307692,9.330769231,8.076923077
893.7158453,8.661538462,4.569230769,6.276923077,5.253846154,8.015384615,4.746153846,6.4,10.55384615,6.138461538,7.3
893.8866604,4.030769231,17.74615385,9.515384615,12.82307692,9.715384615,9.923076923,13.85384615,21.21538462,12.19230769,12.06153846
894.0574575,11.18461538,7.638461538,7.492307692,5.169230769,5.976923077,10.86923077,15.43076923,5.646153846,2.369230769,8.715384615
894.2282366,12.94615385,6.976923077,8.507692308,8.576923077,6.723076923,7.253846154,10.40769231,11.60769231,10.15384615,12.91538462
894.3989977,7.315384615,9.953846154,14.02307692,3.861538462,2.661538462,7.515384615,12.54615385,2.292307692,6.192307692,8.476923077
894.5697408,6.046153846,7.676923077,11.61538462,12.04615385,10.89230769,11.24615385,14.4,9.046153846,11.33076923,6.276923077
894.740466,11.80769231,4.415384615,6.646153846,9.869230769,2.746153846,12.62307692,4.2,4.523076923,11.89230769,9.4
894.9111731,15.02307692,20.52307692,8.776923077,15.69230769,10.59230769,9.984615385,16.4,8.607692308,7.276923077,5.453846154
895.0818623,13.65384615,8.461538462,2.9,4.992307692,9.092307692,10.27692308,6.123076923,8.9,5.5,4.476923077
895.2525334,13.93076923,13.33846154,8.746153846,13.3,9.815384615,10.03846154,9.861538462,10.93076923,8.376923077,7.538461538
895.4231866,5.176923077,3.253846154,3.453846154,1.084615385,3.761538462,15.33846154,11.59230769,6.4,5,3.607692308
895.5938218,7.838461538,9.784615385,11.21538462,4.138461538,8.569230769,6.292307692,10.53846154,8.030769231,7.007692308,6.569230769
895.7644389,13.04615385,11.48461538,8.192307692,3.538461538,16.11538462,10.08461538,4.530769231,0,10.6,6.561538462
895.9350381,8.184615385,7.738461538,8.484615385,10.86923077,12.01538462,7.876923077,14.36153846,10.62307692,4.607692308,11.33076923
896.1056192,11.23076923,7.592307692,3.592307692,2.7,10.8,15.31538462,7.369230769,9.561538462,8.130769231,4.961538462
896.2761823,15.73846154,12.99230769,3.392307692,9.569230769,10.70769231,2.930769231,9.307692308,20.36923077,4.584615385,8.192307692
896.4467275,8.723076923,6.538461538,1.707692308,4.269230769,4.846153846,2.776923077,10.91538462,9.2,5.2,0.538461538
896.6172546,8.8,13.75384615,5.030769231,11.03076923,6.484615385,11.37692308,6.223076923,3.638461538,7.638461538,23.37692308
896.7877637,1.815384615,7.761538462,8.4,11.26153846,7.915384615,11.67692308,7.315384615,7.238461538,4.5,5.984615385
896.9582547,18.93846154,9.192307692,12.7,6.869230769,11.23846154,10.80769231,10.4,17.44615385,8.392307692,12.46153846
897.1287278,6.984615385,4.261538462,5.153846154,5.484615385,11.66923077,11.00769231,7.746153846,3.6,8.869230769,9.446153846
897.2991828,11.2,13.96923077,9.138461538,12.30769231,13.17692308,4.446153846,9.946153846,8.969230769,5.823076923,12.04615385
897.4696198,7.215384615,12.66153846,1.553846154,7.507692308,5.661538462,4.430769231,5.446153846,4.923076923,13.47692308,7.5
897.6400387,8.192307692,11.65384615,8.230769231,12.52307692,15.55384615,13.80769231,7.853846154,4.869230769,9.884615385,9.076923077
897.8104397,1.5,20.01538462,10.50769231,8.038461538,4.638461538,7.138461538,14.56153846,2.353846154,6.438461538,8.892307692
897.9808226,12.48461538,8.761538462,10.66923077,11.5,10.1,4.315384615,10.06153846,14.7,11.68461538,15.96923077
898.1511874,9.792307692,10.82307692,9.753846154,3.946153846,10.4,6.192307692,15.33846154,5.961538462,8.207692308,6.776923077
898.3215343,11.93076923,18.60769231,9.823076923,2.538461538,19.03846154,5.338461538,9.1,9.484615385,7.630769231,8.869230769
898.491863,5.346153846,14.54615385,11.19230769,7.992307692,3.923076923,5.246153846,8.061538462,10.78461538,3.992307692,5.838461538
898.6621738,4.123076923,13.13846154,9.153846154,3.246153846,7.053846154,10.30769231,9,9.115384615,10.64615385,7.261538462
898.8324664,6.753846154,9.669230769,8.107692308,5.569230769,4.207692308,12.73076923,4.107692308,10.34615385,6.423076923,7.530769231
899.0027411,18.50769231,6.684615385,7.576923077,1.038461538,16.73076923,13.00769231,5.923076923,4.876923077,11.99230769,13.44615385
899.1729977,9.6,7.484615385,5.615384615,6.523076923,11.27692308,6.707692308,6.915384615,10.12307692,10.17692308,6.969230769
899.3432362,12.82307692,9.407692308,9.576923077,8.730769231,15.36153846,11.20769231,6.876923077,10.89230769,17.63846154,9.723076923
899.5134567,9.076923077,7.746153846,8.553846154,1.215384615,6.253846154,5.346153846,10.86923077,3.607692308,6.3,18.36153846
899.6836591,12.65384615,14.23076923,3.723076923,7.392307692,7.569230769,12.87692308,16.69230769,8.092307692,7.553846154,10.80769231
899.8538434,2.738461538,12.04615385,3.8,6.476923077,10.32307692,1.992307692,7.153846154,3.723076923,5.615384615,13.34615385
900.0240097,4.4,11.77692308,7.192307692,7.376923077,9.838461538,11.32307692,10.79230769,14.11538462,2.869230769,7.430769231
900.1941579,7.153846154,5.346153846,5.046153846,6.076923077,6.153846154,7.553846154,10.67692308,1.846153846,7.269230769,11.79230769
900.3642881,12.28461538,6.092307692,13.74615385,6.707692308,11.11538462,8.830769231,10.17692308,5.046153846,3.292307692,21.26923077
900.5344002,3.746153846,4.415384615,4.030769231,3.4,6.676923077,2.223076923,14.79230769,11.56153846,14.13846154,18.09230769
900.7044942,12.71538462,7.376923077,6.3,10.7,9.307692308,7.638461538,12.7,8.346153846,6.646153846,7.238461538
900.8745701,15.33076923,7.069230769,7.323076923,11.13846154,3.761538462,13.89230769,9.630769231,5.269230769,16.05384615,3.138461538
901.044628,10.51538462,16.95384615,6.446153846,7.138461538,9.876923077,14.99230769,6.984615385,13.09230769,7.123076923,7.792307692
901.2146678,7.176923077,10.89230769,8.484615385,4.576923077,5.407692308,9.230769231,6.161538462,5.092307692,6.515384615,5.584615385
901.3846895,12.05384615,7.823076923,14.43846154,10.30769231,7.615384615,16.79230769,6.715384615,7.030769231,4.569230769,12.99230769
901.5546931,9.815384615,6.669230769,3.330769231,5.530769231,5.938461538,11.92307692,3.961538462,4.207692308,3.6,11.10769231
901.7246786,11.28461538,10.23076923,9.792307692,6.4,12.52307692,18.46153846,9.046153846,4.676923077,3.284615385,8.976923077
901.894646,8.676923077,1.623076923,2.761538462,2.230769231,14,6.830769231,10.03076923,4.076923077,13.30769231,8.846153846
902.0645953,12.81538462,13.93846154,14.18461538,16.2,8.461538462,14.07692308,18.11538462,15.83076923,11.53076923,15.94615385
902.2345266,8.669230769,8.1,9.169230769,7.023076923,8.992307692,4.192307692,8.361538462,0.492307692,9.215384615,2.961538462
902.4044397,10.95384615,13.04615385,6.030769231,10.17692308,2.007692308,8.592307692,15.75384615,7.346153846,11.95384615,8.961538462
902.5743348,8.615384615,9.630769231,2.861538462,2.423076923,5.223076923,8.176923077,9.807692308,5.523076923,4.184615385,6.907692308
902.7442117,11.76923077,6.8,9.623076923,5.369230769,12.94615385,7.784615385,8.461538462,8.992307692,6.646153846,11.46923077
902.9140705,13.62307692,3.253846154,6.838461538,12.98461538,10.46153846,9.061538462,6.923076923,7.830769231,6.276923077,14.15384615
903.0839113,8.938461538,12.83846154,11.36153846,7.9,6.153846154,9.538461538,10.72307692,5.653846154,3.646153846,8.461538462
903.2537339,8.938461538,12.83846154,11.36153846,7.9,6.153846154,9.538461538,10.72307692,5.653846154,3.646153846,8.461538462
903.4235384,8.938461538,12.83846154,11.36153846,7.9,6.153846154,9.538461538,10.72307692,5.653846154,3.646153846,8.461538462
903.5933248,8.938461538,12.83846154,11.36153846,7.9,6.153846154,9.538461538,10.72307692,5.653846154,3.646153846,8.461538462
903.763093,8.938461538,12.83846154,11.36153846,7.9,6.153846154,9.538461538,10.72307692,5.653846154,3.646153846,8.461538462
903.9328432,8.938461538,12.83846154,11.36153846,7.9,6.153846154,9.538461538,10.72307692,5.653846154,3.646153846,8.461538462
904.1025752,8.938461538,12.83846154,11.36153846,7.9,6.153846154,9.538461538,10.72307692,5.653846154,3.646153846,8.461538462
904.2722891,8.938461538,12.83846154,11.36153846,7.9,6.153846154,9.538461538,10.72307692,5.653846154,3.646153846,8.461538462
904.4419849,8.938461538,12.83846154,11.36153846,7.9,6.153846154,9.538461538,10.72307692,5.653846154,3.646153846,8.461538462
904.6116626,8.938461538,12.83846154,11.36153846,7.9,6.153846154,9.538461538,10.72307692,5.653846154,3.646153846,8.461538462
904.7813221,8.938461538,12.83846154,11.36153846,7.9,6.153846154,9.538461538,10.72307692,5.653846154,3.646153846,8.461538462
904.9509635,8.938461538,12.83846154,11.36153846,7.9,6.153846154,9.538461538,10.72307692,5.653846154,3.646153846,8.461538462
905.1205867,8.938461538,12.83846154,11.36153846,7.9,6.153846154,9.538461538,10.72307692,5.653846154,3.646153846,8.461538462
905.2901918,8.938461538,12.83846154,11.36153846,7.9,6.153846154,9.538461538,10.72307692,5.653846154,3.646153846,8.461538462
905.4597788,8.938461538,12.83846154,11.36153846,7.9,6.153846154,9.538461538,10.72307692,5.653846154,3.646153846,8.461538462
905.6293476,8.938461538,12.83846154,11.36153846,7.9,6.153846154,9.538461538,10.72307692,5.653846154,3.646153846,8.461538462
905.7988983,8.938461538,12.83846154,11.36153846,7.9,6.153846154,9.538461538,10.72307692,5.653846154,3.646153846,8.461538462
905.9684309,8.938461538,12.83846154,11.36153846,7.9,6.153846154,9.538461538,10.72307692,5.653846154,3.646153846,8.461538462
906.1379452,8.938461538,12.83846154,11.36153846,7.9,6.153846154,9.538461538,10.72307692,5.653846154,3.646153846,8.461538462
906.3074415,8.938461538,12.83846154,11.36153846,7.9,6.153846154,9.538461538,10.72307692,5.653846154,3.646153846,8.461538462
906.4769195,8.938461538,12.83846154,11.36153846,7.9,6.153846154,9.538461538,10.72307692,5.653846154,3.646153846,8.461538462
906.6463794,8.938461538,12.83846154,11.36153846,7.9,6.153846154,9.538461538,10.72307692,5.653846154,3.646153846,8.461538462
906.8158212,8.938461538,12.83846154,11.36153846,7.9,6.153846154,9.538461538,10.72307692,5.653846154,3.646153846,8.461538462
906.9852448,8.938461538,12.83846154,11.36153846,7.9,6.153846154,9.538461538,10.72307692,5.653846154,3.646153846,8.461538462
907.1546502,8.938461538,12.83846154,11.36153846,7.9,6.153846154,9.538461538,10.72307692,5.653846154,3.646153846,8.461538462
907.3240375,8.938461538,12.83846154,11.36153846,7.9,6.153846154,9.538461538,10.72307692,5.653846154,3.646153846,8.461538462
907.4934066,8.938461538,12.83846154,11.36153846,7.9,6.153846154,9.538461538,10.72307692,5.653846154,3.646153846,8.461538462
907.6627575,8.938461538,12.83846154,11.36153846,7.9,6.153846154,9.538461538,10.72307692,5.653846154,3.646153846,8.461538462
907.8320902,8.938461538,12.83846154,11.36153846,7.9,6.153846154,9.538461538,10.72307692,5.653846154,3.646153846,8.461538462
908.0014048,8.938461538,12.83846154,11.36153846,7.9,6.153846154,9.538461538,10.72307692,5.653846154,3.646153846,8.461538462
908.1707012,8.938461538,12.83846154,11.36153846,7.9,6.153846154,9.538461538,10.72307692,5.653846154,3.646153846,8.461538462
908.3399794,8.938461538,12.83846154,11.36153846,7.9,6.153846154,9.538461538,10.72307692,5.653846154,3.646153846,8.461538462
908.5092394,8.938461538,12.83846154,11.36153846,7.9,6.153846154,9.538461538,10.72307692,5.653846154,3.646153846,8.461538462
908.6784812,8.938461538,12.83846154,11.36153846,7.9,6.153846154,9.538461538,10.72307692,5.653846154,3.646153846,8.461538462
908.8477048,8.938461538,12.83846154,11.36153846,7.9,6.153846154,9.538461538,10.72307692,5.653846154,3.646153846,8.461538462
909.0169103,8.938461538,12.83846154,11.36153846,7.9,6.153846154,9.538461538,10.72307692,5.653846154,3.646153846,8.461538462
909.1860975,8.938461538,12.83846154,11.36153846,7.9,6.153846154,9.538461538,10.72307692,5.653846154,3.646153846,8.461538462
909.3552666,8.938461538,12.83846154,11.36153846,7.9,6.153846154,9.538461538,10.72307692,5.653846154,3.646153846,8.461538462
909.5244175,8.938461538,12.83846154,11.36153846,7.9,6.153846154,9.538461538,10.72307692,5.653846154,3.646153846,8.461538462
909.6935501,8.938461538,12.83846154,11.36153846,7.9,6.153846154,9.538461538,10.72307692,5.653846154,3.646153846,8.461538462
909.8626646,8.938461538,12.83846154,11.36153846,7.9,6.153846154,9.538461538,10.72307692,5.653846154,3.646153846,8.461538462
910.0317608,8.938461538,12.83846154,11.36153846,7.9,6.153846154,9.538461538,10.72307692,5.653846154,3.646153846,8.461538462
910.2008388,8.938461538,12.83846154,11.36153846,7.9,6.153846154,9.538461538,10.72307692,5.653846154,3.646153846,8.461538462
910.3698987,8.938461538,12.83846154,11.36153846,7.9,6.153846154,9.538461538,10.72307692,5.653846154,3.646153846,8.461538462
910.5389403,8.938461538,12.83846154,11.36153846,7.9,6.153846154,9.538461538,10.72307692,5.653846154,3.646153846,8.461538462
910.7079637,8.938461538,12.83846154,11.36153846,7.9,6.153846154,9.538461538,10.72307692,5.653846154,3.646153846,8.461538462
910.8769688,8.938461538,12.83846154,11.36153846,7.9,6.153846154,9.538461538,10.72307692,5.653846154,3.646153846,8.461538462
911.0459558,8.938461538,12.83846154,11.36153846,7.9,6.153846154,9.538461538,10.72307692,5.653846154,3.646153846,8.461538462
911.2149245,8.938461538,12.83846154,11.36153846,7.9,6.153846154,9.538461538,10.72307692,5.653846154,3.646153846,8.461538462
911.383875,8.938461538,12.83846154,11.36153846,7.9,6.153846154,9.538461538,10.72307692,5.653846154,3.646153846,8.461538462
911.5528073,8.938461538,12.83846154,11.36153846,7.9,6.153846154,9.538461538,10.72307692,5.653846154,3.646153846,8.461538462
911.7217214,8.938461538,12.83846154,11.36153846,7.9,6.153846154,9.538461538,10.72307692,5.653846154,3.646153846,8.461538462
911.8906172,8.938461538,12.83846154,11.36153846,7.9,6.153846154,9.538461538,10.72307692,5.653846154,3.646153846,8.461538462
912.0594947,8.938461538,12.83846154,11.36153846,7.9,6.153846154,9.538461538,10.72307692,5.653846154,3.646153846,8.461538462
912.2283541,8.938461538,12.83846154,11.36153846,7.9,6.153846154,9.538461538,10.72307692,5.653846154,3.646153846,8.461538462
912.3971952,8.938461538,12.83846154,11.36153846,7.9,6.153846154,9.538461538,10.72307692,5.653846154,3.646153846,8.461538462
912.566018,8.938461538,12.83846154,11.36153846,7.9,6.153846154,9.538461538,10.72307692,5.653846154,3.646153846,8.461538462
912.7348226,8.938461538,12.83846154,11.36153846,7.9,6.153846154,9.538461538,10.72307692,5.653846154,3.646153846,8.461538462
912.903609,8.938461538,12.83846154,11.36153846,7.9,6.153846154,9.538461538,10.72307692,5.653846154,3.646153846,8.461538462
913.0723771,8.938461538,12.83846154,11.36153846,7.9,6.153846154,9.538461538,10.72307692,5.653846154,3.646153846,8.461538462
913.241127,8.938461538,12.83846154,11.36153846,7.9,6.153846154,9.538461538,10.72307692,5.653846154,3.646153846,8.461538462
913.4098586,8.938461538,12.83846154,11.36153846,7.9,6.153846154,9.538461538,10.72307692,5.653846154,3.646153846,8.461538462
913.5785719,8.938461538,12.83846154,11.36153846,7.9,6.153846154,9.538461538,10.72307692,5.653846154,3.646153846,8.461538462
913.747267,8.938461538,12.83846154,11.36153846,7.9,6.153846154,9.538461538,10.72307692,5.653846154,3.646153846,8.461538462
913.9159439,8.938461538,12.83846154,11.36153846,7.9,6.153846154,9.538461538,10.72307692,5.653846154,3.646153846,8.461538462
914.0846024,8.938461538,12.83846154,11.36153846,7.9,6.153846154,9.538461538,10.72307692,5.653846154,3.646153846,8.461538462
914.2532427,8.938461538,12.83846154,11.36153846,7.9,6.153846154,9.538461538,10.72307692,5.653846154,3.646153846,8.461538462
914.4218647,8.938461538,12.83846154,11.36153846,7.9,6.153846154,9.538461538,10.72307692,5.653846154,3.646153846,8.461538462
914.5904685,8.938461538,12.83846154,11.36153846,7.9,6.153846154,9.538461538,10.72307692,5.653846154,3.646153846,8.461538462
914.759054,8.938461538,12.83846154,11.36153846,7.9,6.153846154,9.538461538,10.72307692,5.653846154,3.646153846,8.461538462
914.9276212,8.938461538,12.83846154,11.36153846,7.9,6.153846154,9.538461538,10.72307692,5.653846154,3.646153846,8.461538462
915.0961701,8.938461538,12.83846154,11.36153846,7.9,6.153846154,9.538461538,10.72307692,5.653846154,3.646153846,8.461538462
915.2647008,8.938461538,12.83846154,11.36153846,7.9,6.153846154,9.538461538,10.72307692,5.653846154,3.646153846,8.461538462
915.4332131,8.938461538,12.83846154,11.36153846,7.9,6.153846154,9.538461538,10.72307692,5.653846154,3.646153846,8.461538462
915.6017072,8.938461538,12.83846154,11.36153846,7.9,6.153846154,9.538461538,10.72307692,5.653846154,3.646153846,8.461538462
915.770183,8.938461538,12.83846154,11.36153846,7.9,6.153846154,9.538461538,10.72307692,5.653846154,3.646153846,8.461538462
915.9386405,8.938461538,12.83846154,11.36153846,7.9,6.153846154,9.538461538,10.72307692,5.653846154,3.646153846,8.461538462
916.1070797,8.938461538,12.83846154,11.36153846,7.9,6.153846154,9.538461538,10.72307692,5.653846154,3.646153846,8.461538462
916.2755006,8.938461538,12.83846154,11.36153846,7.9,6.153846154,9.538461538,10.72307692,5.653846154,3.646153846,8.461538462
916.4439032,8.938461538,12.83846154,11.36153846,7.9,6.153846154,9.538461538,10.72307692,5.653846154,3.646153846,8.461538462
916.6122875,8.938461538,12.83846154,11.36153846,7.9,6.153846154,9.538461538,10.72307692,5.653846154,3.646153846,8.461538462
916.7806535,8.938461538,12.83846154,11.36153846,7.9,6.153846154,9.538461538,10.72307692,5.653846154,3.646153846,8.461538462
916.9490012,8.938461538,12.83846154,11.36153846,7.9,6.153846154,9.538461538,10.72307692,5.653846154,3.646153846,8.461538462
917.1173306,8.938461538,12.83846154,11.36153846,7.9,6.153846154,9.538461538,10.72307692,5.653846154,3.646153846,8.461538462
917.2856416,8.938461538,12.83846154,11.36153846,7.9,6.153846154,9.538461538,10.72307692,5.653846154,3.646153846,8.461538462
917.4539344,8.938461538,12.83846154,11.36153846,7.9,6.153846154,9.538461538,10.72307692,5.653846154,3.646153846,8.461538462
917.6222089,8.938461538,12.83846154,11.36153846,7.9,6.153846154,9.538461538,10.72307692,5.653846154,3.646153846,8.461538462
917.790465,8.938461538,12.83846154,11.36153846,7.9,6.153846154,9.538461538,10.72307692,5.653846154,3.646153846,8.461538462
917.9587028,8.938461538,12.83846154,11.36153846,7.9,6.153846154,9.538461538,10.72307692,5.653846154,3.646153846,8.461538462
918.1269223,8.938461538,12.83846154,11.36153846,7.9,6.153846154,9.538461538,10.72307692,5.653846154,3.646153846,8.461538462
918.2951234,8.938461538,12.83846154,11.36153846,7.9,6.153846154,9.538461538,10.72307692,5.653846154,3.646153846,8.461538462
918.4633063,8.938461538,12.83846154,11.36153846,7.9,6.153846154,9.538461538,10.72307692,5.653846154,3.646153846,8.461538462
918.6314708,8.938461538,12.83846154,11.36153846,7.9,6.153846154,9.538461538,10.72307692,5.653846154,3.646153846,8.461538462
918.799617,8.938461538,12.83846154,11.36153846,7.9,6.153846154,9.538461538,10.72307692,5.653846154,3.646153846,8.461538462
918.9677448,8.938461538,12.83846154,11.36153846,7.9,6.153846154,9.538461538,10.72307692,5.653846154,3.646153846,8.461538462
919.1358543,8.938461538,12.83846154,11.36153846,7.9,6.153846154,9.538461538,10.72307692,5.653846154,3.646153846,8.461538462
919.3039455,8.938461538,12.83846154,11.36153846,7.9,6.153846154,9.538461538,10.72307692,5.653846154,3.646153846,8.461538462
919.4720183,8.938461538,12.83846154,11.36153846,7.9,6.153846154,9.538461538,10.72307692,5.653846154,3.646153846,8.461538462
919.6400728,8.938461538,12.83846154,11.36153846,7.9,6.153846154,9.538461538,10.72307692,5.653846154,3.646153846,8.461538462
919.8081089,8.938461538,12.83846154,11.36153846,7.9,6.153846154,9.538461538,10.72307692,5.653846154,3.646153846,8.461538462
919.9761267,8.938461538,12.83846154,11.36153846,7.9,6.153846154,9.538461538,10.72307692,5.653846154,3.646153846,8.461538462
920.1441261,8.938461538,12.83846154,11.36153846,7.9,6.153846154,9.538461538,10.72307692,5.653846154,3.646153846,8.461538462
920.3121072,8.938461538,12.83846154,11.36153846,7.9,6.153846154,9.538461538,10.72307692,5.653846154,3.646153846,8.461538462
920.4800699,8.938461538,12.83846154,11.36153846,7.9,6.153846154,9.538461538,10.72307692,5.653846154,3.646153846,8.461538462
920.6480143,8.938461538,12.83846154,11.36153846,7.9,6.153846154,9.538461538,10.72307692,5.653846154,3.646153846,8.461538462
920.8159403,8.938461538,12.83846154,11.36153846,7.9,6.153846154,9.538461538,10.72307692,5.653846154,3.646153846,8.461538462
920.9838479,8.938461538,12.83846154,11.36153846,7.9,6.153846154,9.538461538,10.72307692,5.653846154,3.646153846,8.461538462
921.1517372,8.938461538,12.83846154,11.36153846,7.9,6.153846154,9.538461538,10.72307692,5.653846154,3.646153846,8.461538462
921.3196081,8.938461538,12.83846154,11.36153846,7.9,6.153846154,9.538461538,10.72307692,5.653846154,3.646153846,8.461538462
921.4874606,8.938461538,12.83846154,11.36153846,7.9,6.153846154,9.538461538,10.72307692,5.653846154,3.646153846,8.461538462
921.6552948,8.938461538,12.83846154,11.36153846,7.9,6.153846154,9.538461538,10.72307692,5.653846154,3.646153846,8.461538462
921.8231105,8.938461538,12.83846154,11.36153846,7.9,6.153846154,9.538461538,10.72307692,5.653846154,3.646153846,8.461538462
921.9909079,8.938461538,12.83846154,11.36153846,7.9,6.153846154,9.538461538,10.72307692,5.653846154,3.646153846,8.461538462
922.158687,8.938461538,12.83846154,11.36153846,7.9,6.153846154,9.538461538,10.72307692,5.653846154,3.646153846,8.461538462
922.3264476,8.938461538,12.83846154,11.36153846,7.9,6.153846154,9.538461538,10.72307692,5.653846154,3.646153846,8.461538462
922.4941898,8.938461538,12.83846154,11.36153846,7.9,6.153846154,9.538461538,10.72307692,5.653846154,3.646153846,8.461538462
922.6619137,8.938461538,12.83846154,11.36153846,7.9,6.153846154,9.538461538,10.72307692,5.653846154,3.646153846,8.461538462
922.8296192,8.938461538,12.83846154,11.36153846,7.9,6.153846154,9.538461538,10.72307692,5.653846154,3.646153846,8.461538462
922.9973063,8.938461538,12.83846154,11.36153846,7.9,6.153846154,9.538461538,10.72307692,5.653846154,3.646153846,8.461538462
923.164975,8.938461538,12.83846154,11.36153846,7.9,6.153846154,9.538461538,10.72307692,5.653846154,3.646153846,8.461538462
923.3326252,8.938461538,12.83846154,11.36153846,7.9,6.153846154,9.538461538,10.72307692,5.653846154,3.646153846,8.461538462
923.5002571,8.938461538,12.83846154,11.36153846,7.9,6.153846154,9.538461538,10.72307692,5.653846154,3.646153846,8.461538462
923.6678706,8.938461538,12.83846154,11.36153846,7.9,6.153846154,9.538461538,10.72307692,5.653846154,3.646153846,8.461538462
923.8354657,8.938461538,12.83846154,11.36153846,7.9,6.153846154,9.538461538,10.72307692,5.653846154,3.646153846,8.461538462
924.0030424,8.938461538,12.83846154,11.36153846,7.9,6.153846154,9.538461538,10.72307692,5.653846154,3.646153846,8.461538462
924.1706006,8.938461538,12.83846154,11.36153846,7.9,6.153846154,9.538461538,10.72307692,5.653846154,3.646153846,8.461538462
924.3381405,8.938461538,12.83846154,11.36153846,7.9,6.153846154,9.538461538,10.72307692,5.653846154,3.646153846,8.461538462
924.5056619,8.938461538,12.83846154,11.36153846,7.9,6.153846154,9.538461538,10.72307692,5.653846154,3.646153846,8.461538462
924.673165,8.938461538,12.83846154,11.36153846,7.9,6.153846154,9.538461538,10.72307692,5.653846154,3.646153846,8.461538462
924.8406496,8.938461538,12.83846154,11.36153846,7.9,6.153846154,9.538461538,10.72307692,5.653846154,3.646153846,8.461538462
925.0081158,8.938461538,12.83846154,11.36153846,7.9,6.153846154,9.538461538,10.72307692,5.653846154,3.646153846,8.461538462
925.1755635,8.938461538,12.83846154,11.36153846,7.9,6.153846154,9.538461538,10.72307692,5.653846154,3.646153846,8.461538462
925.3429928,8.938461538,12.83846154,11.36153846,7.9,6.153846154,9.538461538,10.72307692,5.653846154,3.646153846,8.461538462
925.5104037,8.938461538,12.83846154,11.36153846,7.9,6.153846154,9.538461538,10.72307692,5.653846154,3.646153846,8.461538462
925.6777962,8.938461538,12.83846154,11.36153846,7.9,6.153846154,9.538461538,10.72307692,5.653846154,3.646153846,8.461538462
925.8451702,8.938461538,12.83846154,11.36153846,7.9,6.153846154,9.538461538,10.72307692,5.653846154,3.646153846,8.461538462
926.0125258,8.938461538,12.83846154,11.36153846,7.9,6.153846154,9.538461538,10.72307692,5.653846154,3.646153846,8.461538462
926.179863,8.938461538,12.83846154,11.36153846,7.9,6.153846154,9.538461538,10.72307692,5.653846154,3.646153846,8.461538462
926.3471817,8.938461538,12.83846154,11.36153846,7.9,6.153846154,9.538461538,10.72307692,5.653846154,3.646153846,8.461538462
926.514482,8.938461538,12.83846154,11.36153846,7.9,6.153846154,9.538461538,10.72307692,5.653846154,3.646153846,8.461538462
926.6817638,8.938461538,12.83846154,11.36153846,7.9,6.153846154,9.538461538,10.72307692,5.653846154,3.646153846,8.461538462
926.8490272,8.938461538,12.83846154,11.36153846,7.9,6.153846154,9.538461538,10.72307692,5.653846154,3.646153846,8.461538462
927.0162722,8.938461538,12.83846154,11.36153846,7.9,6.153846154,9.538461538,10.72307692,5.653846154,3.646153846,8.461538462
927.1834986,8.938461538,12.83846154,11.36153846,7.9,6.153846154,9.538461538,10.72307692,5.653846154,3.646153846,8.461538462
927.3507067,8.938461538,12.83846154,11.36153846,7.9,6.153846154,9.538461538,10.72307692,5.653846154,3.646153846,8.461538462
927.5178962,8.938461538,12.83846154,11.36153846,7.9,6.153846154,9.538461538,10.72307692,5.653846154,3.646153846,8.461538462
927.6850673,8.938461538,12.83846154,11.36153846,7.9,6.153846154,9.538461538,10.72307692,5.653846154,3.646153846,8.461538462
927.85222,8.938461538,12.83846154,11.36153846,7.9,6.153846154,9.538461538,10.72307692,5.653846154,3.646153846,8.461538462
928.0193542,8.938461538,12.83846154,11.36153846,7.9,6.153846154,9.538461538,10.72307692,5.653846154,3.646153846,8.461538462
928.1864699,8.938461538,12.83846154,11.36153846,7.9,6.153846154,9.538461538,10.72307692,5.653846154,3.646153846,8.461538462
928.3535671,8.938461538,12.83846154,11.36153846,7.9,6.153846154,9.538461538,10.72307692,5.653846154,3.646153846,8.461538462
928.5206459,8.938461538,12.83846154,11.36153846,7.9,6.153846154,9.538461538,10.72307692,5.653846154,3.646153846,8.461538462
928.6877062,8.938461538,12.83846154,11.36153846,7.9,6.153846154,9.538461538,10.72307692,5.653846154,3.646153846,8.461538462
928.854748,8.938461538,12.83846154,11.36153846,7.9,6.153846154,9.538461538,10.72307692,5.653846154,3.646153846,8.461538462
929.0217713,8.938461538,12.83846154,11.36153846,7.9,6.153846154,9.538461538,10.72307692,5.653846154,3.646153846,8.461538462
929.1887762,8.938461538,12.83846154,11.36153846,7.9,6.153846154,9.538461538,10.72307692,5.653846154,3.646153846,8.461538462
929.3557625,8.938461538,12.83846154,11.36153846,7.9,6.153846154,9.538461538,10.72307692,5.653846154,3.646153846,8.461538462
929.5227304,8.938461538,12.83846154,11.36153846,7.9,6.153846154,9.538461538,10.72307692,5.653846154,3.646153846,8.461538462
929.6896798,8.938461538,12.83846154,11.36153846,7.9,6.153846154,9.538461538,10.72307692,5.653846154,3.646153846,8.461538462
929.8566107,8.938461538,12.83846154,11.36153846,7.9,6.153846154,9.538461538,10.72307692,5.653846154,3.646153846,8.461538462
930.0235231,8.938461538,12.83846154,11.36153846,7.9,6.153846154,9.538461538,10.72307692,5.653846154,3.646153846,8.461538462
930.190417,8.938461538,12.83846154,11.36153846,7.9,6.153846154,9.538461538,10.72307692,5.653846154,3.646153846,8.461538462
930.3572924,8.938461538,12.83846154,11.36153846,7.9,6.153846154,9.538461538,10.72307692,5.653846154,3.646153846,8.461538462
930.5241493,8.938461538,12.83846154,11.36153846,7.9,6.153846154,9.538461538,10.72307692,5.653846154,3.646153846,8.461538462
930.6909877,8.938461538,12.83846154,11.36153846,7.9,6.153846154,9.538461538,10.72307692,5.653846154,3.646153846,8.461538462
930.8578076,8.938461538,12.83846154,11.36153846,7.9,6.153846154,9.538461538,10.72307692,5.653846154,3.646153846,8.461538462
931.024609,8.938461538,12.83846154,11.36153846,7.9,6.153846154,9.538461538,10.72307692,5.653846154,3.646153846,8.461538462
931.1913919,8.938461538,12.83846154,11.36153846,7.9,6.153846154,9.538461538,10.72307692,5.653846154,3.646153846,8.461538462
931.3581563,8.938461538,12.83846154,11.36153846,7.9,6.153846154,9.538461538,10.72307692,5.653846154,3.646153846,8.461538462
931.5249021,8.938461538,12.83846154,11.36153846,7.9,6.153846154,9.538461538,10.72307692,5.653846154,3.646153846,8.461538462
931.6916295,8.938461538,12.83846154,11.36153846,7.9,6.153846154,9.538461538,10.72307692,5.653846154,3.646153846,8.461538462
931.8583383,8.938461538,12.83846154,11.36153846,7.9,6.153846154,9.538461538,10.72307692,5.653846154,3.646153846,8.461538462
