lambda,1,2,3,4,5,6,7,8,9,10,11
200.1568973,14.68461538,12.54615385,7.346153846,22.16923077,11.9,15.56923077,13.45384615,4.4,15.69230769,20.78461538,
200.3759475,13.86923077,12.96153846,13.13076923,18.96923077,15.86923077,5.923076923,12.76153846,12.2,13.13076923,17.16153846,
200.5949882,15.48461538,17.14615385,15.53846154,24.43076923,21.46153846,17.73076923,19.74615385,12.91538462,14.35384615,12.53076923,
200.8140194,7.115384615,14.6,12.25384615,17.8,12.73076923,10.76153846,10.31538462,7.476923077,10.97692308,4.669230769,
201.0330411,8.853846154,11.70769231,18.83846154,13.31538462,10.98461538,12.23846154,8.284615385,16.14615385,11.02307692,15.93076923,
201.2520534,17.52307692,9.638461538,13.83076923,12.04615385,9.330769231,12.82307692,8.353846154,20.50769231,5.315384615,12.11538462,
201.4710561,12.65384615,11.25384615,14.50769231,17.48461538,15.12307692,9.007692308,15.27692308,13.60769231,28.47692308,13.33076923,
201.6900493,7.415384615,15.45384615,9.7,20.73076923,14.96153846,7.838461538,13.53846154,8.738461538,6.753846154,20.66153846,
201.9090331,18.86153846,13.46153846,23.19230769,23.03076923,13.24615385,14.83076923,9.807692308,13.62307692,15.67692308,10.11538462,
202.1280073,12.56153846,8.476923077,12.66923077,16.56923077,7.1,12.6,12.48461538,15.73076923,9,9.646153846,
202.346972,25.26153846,22.16923077,16.16923077,8.561538462,7.407692308,14.02307692,16.32307692,10.05384615,15.24615385,7.376923077,
202.5659272,15.79230769,13.02307692,12.61538462,12.55384615,19,9.023076923,14.72307692,13.20769231,10.43846154,13.28461538,
202.784873,16.51538462,15.7,12.51538462,16.46153846,15.21538462,11.6,17.65384615,12.26923077,13.01538462,9.615384615,
203.0038092,9.853846154,4.838461538,13.27692308,8.123076923,18.90769231,9.630769231,17.48461538,6.423076923,7.284615385,19.63076923,
203.2227359,24.52307692,16.62307692,3.907692308,14.46923077,19.17692308,12.06923077,11.96153846,11.1,9.392307692,17.63076923,
203.441653,12.64615385,6.023076923,14.36153846,12.6,9.2,5.415384615,15.82307692,11,15.61538462,11.58461538,
203.6605607,14.95384615,16.06923077,20.33076923,17.56923077,25.97692308,13.65384615,18.41538462,6.353846154,16.35384615,17.86923077,
203.8794588,11.76923077,10.19230769,8.423076923,14.03076923,22.49230769,9.053846154,10.69230769,12.27692308,7.4,9.561538462,
204.0983474,15.95384615,8.323076923,21.66923077,11.50769231,15.99230769,13.27692308,21.04615385,17.58461538,15.68461538,19.66923077,
204.3172265,12.80769231,6.946153846,2.438461538,14.46923077,13.7,11.61538462,13.47692308,7.946153846,11.89230769,12.83846154,
204.5360961,17.07692308,10.66153846,13.56153846,15.3,12.70769231,9.492307692,11.24615385,15.88461538,14.40769231,17.36923077,
204.7549561,11.63076923,11.04615385,4.9,17.43076923,14.54615385,7.884615385,14,14.73846154,16.15384615,20.06153846,
204.9738066,17.72307692,15.34615385,22.46153846,9.430769231,10.02307692,14.09230769,20.24615385,11.43846154,17.9,21.01538462,
205.1926476,11.68461538,15.37692308,19.17692308,10.89230769,17.46923077,11.16923077,8.115384615,13.46923077,6.038461538,16.08461538,
205.411479,18.90769231,20.10769231,11.87692308,22.34615385,23.11538462,14.1,20.36923077,13.01538462,12.33846154,15.46153846,
205.6303009,22.42307692,8.707692308,14.18461538,19.84615385,11.9,10.81538462,13.52307692,10.21538462,11.25384615,11.86923077,
205.8491133,16.30769231,16.28461538,12.40769231,22.15384615,9.630769231,14.33846154,13.22307692,21.30769231,21.65384615,6.538461538,
206.0679161,17.84615385,8.823076923,13.48461538,6.838461538,12,6.469230769,18.11538462,17.76153846,20.68461538,9.784615385,
206.2867093,15.30769231,20.16153846,9.992307692,11.36153846,17.23076923,12.70769231,14.95384615,9.115384615,15.89230769,15.25384615,
206.505493,23.16923077,1.830769231,12,13.43076923,10.84615385,9.1,8.384615385,12.64615385,14.53076923,8.653846154,
206.7242672,12.49230769,10.05384615,8.8,12.40769231,4.538461538,15.75384615,6.646153846,8.161538462,15.6,13.01538462,
206.9430318,4.669230769,12.83846154,14.34615385,5.769230769,18.07692308,5.484615385,9.715384615,12.8,13.55384615,17.53076923,
207.1617868,21.22307692,7.184615385,11.96153846,16.40769231,16.8,15.03846154,12.54615385,11.33076923,12.02307692,28.61538462,
207.3805323,13.36923077,9.084615385,16.86923077,13.06923077,11.99230769,16.62307692,14.73076923,4.815384615,11.55384615,8.823076923,
207.5992682,8.446153846,17.84615385,15.56923077,24.83076923,13.68461538,13.45384615,8.323076923,8.969230769,15.86923077,11.76153846,
207.8179946,8.146153846,10.08461538,11.5,8.846153846,12.60769231,6.053846154,8.246153846,16.49230769,8.146153846,19.98461538,
208.0367114,9.576923077,9.384615385,8.507692308,21.24615385,11.58461538,16.33076923,11.16153846,12.46153846,17.28461538,14.21538462,
208.2554186,13.11538462,6.923076923,8.853846154,17.34615385,16.41538462,8.823076923,11.20769231,11.09230769,19.17692308,13.36153846,
208.4741162,19.66923077,7.476923077,13.58461538,4.376923077,17.63076923,17.50769231,15.74615385,10.20769231,18.13076923,21.34615385,
208.6928043,17.35384615,10.2,20.95384615,7.123076923,16.58461538,19.8,14.41538462,17.39230769,12.69230769,1.438461538,
208.9114828,15.3,20.54615385,17.47692308,17.61538462,15.68461538,12.38461538,9.923076923,19.46923077,13.70769231,17.63076923,
209.1301517,12.27692308,9.715384615,6.615384615,14.00769231,7.646153846,9.261538462,6.653846154,18.16923077,16.11538462,13.26153846,
209.3488111,14.82307692,14.78461538,9.223076923,13.55384615,17.03076923,20.76923077,11.68461538,10.23846154,20.67692308,18.28461538,
209.5674608,11.92307692,4.707692308,12.63076923,17.23076923,10.81538462,14.42307692,10.43846154,6.730769231,14.48461538,7.607692308,
209.786101,18.08461538,14.60769231,17.66923077,10.93076923,11.88461538,11.35384615,15.26153846,17.88461538,18.64615385,18.13076923,
210.0047316,18.20769231,11.27692308,11.36923077,6.861538462,13.42307692,18.34615385,9.884615385,7.338461538,11.05384615,15.1,
210.2233526,13.53076923,12.45384615,14.73846154,18.26153846,18.10769231,10.23076923,16.9,13.00769231,16.11538462,16.73076923,
210.441964,9.446153846,14.20769231,12.55384615,9.792307692,11.03076923,13.56923077,11.18461538,11.13076923,12.56153846,17.36153846,
210.6605658,11.56153846,20.90769231,8.015384615,11.55384615,13.1,9.907692308,24.98461538,11.53846154,7.130769231,16.07692308,
210.879158,19.60769231,11.64615385,11.52307692,12.04615385,16.40769231,11.1,14.35384615,10.18461538,13.93846154,16.64615385,
211.0977406,21.60769231,14.24615385,18.22307692,19.53076923,13.57692308,7.776923077,16.33076923,8.846153846,14.02307692,17.30769231,
211.3163136,9.961538462,10.70769231,11.7,10.18461538,15.32307692,13.01538462,8.223076923,13.16153846,11.95384615,16.33076923,
211.534877,20.87692308,10.03846154,29.41538462,12.34615385,23.52307692,12.95384615,8.346153846,11.21538462,12.22307692,11.95384615,
211.7534308,5.953846154,21.50769231,12.61538462,11.18461538,12.34615385,10.50769231,14.16153846,11.66923077,19.28461538,14.74615385,
211.971975,21.91538462,9.384615385,18.40769231,16.16153846,18.92307692,9.084615385,14.02307692,15.74615385,18.99230769,18.71538462,
212.1905096,16.07692308,10.52307692,9.784615385,10.12307692,20.51538462,11.76153846,7.830769231,15.37692308,8.546153846,9.569230769,
212.4090345,29.38461538,10.29230769,12.26923077,16.48461538,13.57692308,9.169230769,10.83846154,15.09230769,14.31538462,11.99230769,
212.6275499,19.23846154,17.60769231,16.99230769,17.63846154,15.8,6.915384615,11.55384615,17.76923077,12.76153846,13.27692308,
212.8460556,21.50769231,9.953846154,20.13846154,15.03076923,23.76923077,7.338461538,13.39230769,12.70769231,17.23846154,9.569230769,
213.0645517,15.76923077,17.26923077,6.5,9.9,14.68461538,8.630769231,19.91538462,20.54615385,12.67692308,14.97692308,
213.2830381,18.48461538,18.24615385,13.86153846,10.85384615,7.276923077,8.530769231,18.4,22.38461538,20.42307692,21.65384615,
213.501515,14.59230769,8.846153846,7.530769231,16.16923077,16.9,13.36153846,11.16153846,11.18461538,4.276923077,9.238461538,
213.7199822,20.76153846,10.63846154,14.19230769,8.3,15.65384615,7.730769231,23.60769231,19.15384615,15.39230769,18.81538462,
213.9384398,12.5,11.02307692,8.169230769,20.03076923,10.66923077,9.3,17.97692308,19.56923077,14.52307692,4.361538462,
214.1568877,15.11538462,29.04615385,22.72307692,16.00769231,23.86153846,9.661538462,15.24615385,26.73076923,19.15384615,21.13076923,
214.3753261,14.79230769,16.40769231,10.7,12.21538462,10.50769231,3.407692308,17.26923077,10.76923077,16.3,12.21538462,
214.5937547,13.95384615,8.561538462,7.823076923,12.78461538,9.615384615,14.1,9.792307692,14.79230769,18.88461538,7.361538462,
214.8121738,9.661538462,12.50769231,14.23076923,9.961538462,9.730769231,19.19230769,8.046153846,16.77692308,11.69230769,16.35384615,
215.0305832,19.86923077,11.27692308,8.092307692,15.89230769,19.95384615,11.8,10.46923077,14.23076923,12.06153846,15.63076923,
215.2489829,17.2,13.72307692,9.969230769,15.92307692,14,6.707692308,9.423076923,4.076923077,17.88461538,11.36923077,
215.467373,14.22307692,15.24615385,14.00769231,13.38461538,16.11538462,6.523076923,19.54615385,19.74615385,15.07692308,26.35384615,
215.6857534,13.76153846,17.71538462,3.384615385,10.7,18.30769231,11.15384615,6.392307692,6.915384615,10.01538462,8.838461538,
215.9041242,19.80769231,22.34615385,23.53846154,15.56923077,14.56923077,23.26923077,21.77692308,11.10769231,10.09230769,15.68461538,
216.1224854,18.86153846,6.476923077,3.276923077,12.03076923,5.923076923,13.63846154,9.176923077,14.52307692,7.884615385,13.86153846,
216.3408368,22.33076923,18.10769231,20.35384615,17.01538462,7.607692308,5.661538462,12.31538462,9.323076923,21.18461538,12.68461538,
216.5591787,7.084615385,18.46153846,8.615384615,10.86153846,15.46923077,16.87692308,7.646153846,12.00769231,12.19230769,7.476923077,
216.7775108,12.98461538,11.93846154,7.892307692,15.46923077,16.46153846,13.70769231,10.28461538,17.46153846,10.93076923,12.55384615,
216.9958333,19.76923077,18.10769231,7.292307692,14.56923077,8.730769231,16.9,11.92307692,12.34615385,13.5,12.74615385,
217.2141461,17.80769231,24.78461538,14.46153846,16.15384615,8.015384615,13.08461538,21.11538462,13.84615385,14.85384615,18.18461538,
217.4324493,8.7,12.9,10.46153846,12.59230769,9.269230769,5.376923077,15.31538462,11.53076923,17.85384615,14.25384615,
217.6507427,15.73076923,7.807692308,12.15384615,16.93076923,15.32307692,11.76153846,11.3,18.76923077,15.45384615,13.41538462,
217.8690265,6.369230769,12.86923077,13.63846154,11.97692308,3.9,6.615384615,11.03846154,10.25384615,10.14615385,16.81538462,
218.0873007,18.32307692,14.46153846,12.71538462,10.10769231,11.67692308,12.11538462,16.23846154,12.83846154,5.238461538,20.93076923,
218.3055651,9.761538462,13.64615385,10.77692308,12.88461538,7.346153846,10.16923077,6.207692308,7.461538462,12.13846154,17.44615385,
218.5238199,16.33076923,13.53846154,29.16923077,20.94615385,13.06153846,15.16153846,17.98461538,13.76153846,18.77692308,20.23076923,
218.7420649,13.5,23.64615385,10.15384615,14.63076923,15.17692308,17.59230769,4.038461538,6.730769231,10.79230769,10.04615385,
218.9603003,18.50769231,20.41538462,18.17692308,11.70769231,27.7,10.92307692,13.47692308,8.061538462,15.81538462,18.66923077,
219.178526,3.976923077,8.869230769,10.22307692,10.47692308,7.807692308,9.038461538,8.030769231,10.20769231,9.084615385,14.25384615,
219.396742,14.70769231,16.64615385,11.37692308,16.86923077,13.13846154,12.75384615,17.83846154,14.63076923,11.57692308,26.03076923,
219.6149484,13.73076923,13.67692308,14.11538462,18.50769231,13.61538462,12.20769231,18.51538462,16.48461538,22.66153846,14.75384615,
219.833145,15.96923077,15.51538462,7.615384615,20.15384615,21.03076923,17.20769231,15.01538462,16.32307692,15.65384615,12.7,
220.0513319,17.76153846,20.67692308,18.33846154,7.215384615,15.22307692,7.461538462,8.276923077,8.330769231,5.676923077,13.73846154,
220.2695091,15.14615385,11.50769231,12.73076923,8.769230769,14.99230769,14.38461538,16.83846154,14.21538462,15.59230769,11.6,
220.4876766,13.93846154,21.52307692,13.93076923,6.230769231,17.37692308,11.73076923,23.11538462,14.75384615,4.830769231,10.88461538,
220.7058344,16.68461538,12.41538462,12.47692308,9.130769231,11.46923077,21.64615385,22.31538462,21.55384615,14.92307692,12.93076923,
220.9239825,15.33076923,14.65384615,5.807692308,14.8,14.36153846,14.92307692,11.14615385,10.11538462,9.307692308,13.81538462,
221.1421209,19.71538462,16.94615385,17.14615385,23.17692308,20.5,12.53846154,10.64615385,8.415384615,15.75384615,22.33076923,
221.3602496,13.16153846,13.37692308,10.01538462,11.56153846,13.83076923,10.07692308,10.32307692,3.976923077,15.4,9.138461538,
221.5783685,20.76153846,14.1,14.32307692,26.36923077,19.5,7.269230769,16.07692308,18.35384615,17.32307692,10.07692308,
221.7964777,18.89230769,20.78461538,12.96923077,11.63076923,17.99230769,11.4,7.092307692,23.7,8.115384615,11.10769231,
222.0145773,19.38461538,17.95384615,13.36923077,24.75384615,17.96153846,14.56153846,13.38461538,14.27692308,15.43846154,16.11538462,
222.232667,13.2,12.27692308,21.40769231,11.86923077,13.53846154,14.03076923,12.51538462,11.76923077,13.57692308,10.73846154,
222.4507471,23.73076923,16.64615385,19.66923077,14.33846154,19.23076923,14.19230769,17.64615385,18.79230769,19.7,13.23846154,
222.6688174,9.792307692,17.08461538,19.11538462,13.46923077,19.57692308,18.29230769,12.69230769,6.515384615,12.13076923,13.26923077,
222.886878,22.50769231,14.4,17.56153846,23.74615385,23.46153846,23.73846154,11.03076923,13.86153846,18.6,8.807692308,
223.1049289,12.15384615,9.838461538,9.830769231,17.43076923,2.892307692,19.23076923,16.71538462,13.22307692,5.707692308,5.823076923,
223.3229701,12.64615385,10.45384615,13.66153846,13.62307692,23.16153846,9.146153846,9.746153846,16.90769231,14.52307692,11.66923077,
223.5410015,5.961538462,6.084615385,16.65384615,10.90769231,5.561538462,12.43076923,7.815384615,10.2,10.96153846,10.7,
223.7590231,13.03846154,14.80769231,7.492307692,15.35384615,15.8,16.15384615,24.57692308,18.22307692,8.838461538,16.75384615,
223.977035,18,15.04615385,9.230769231,11.26153846,10.9,11.52307692,13.04615385,12.19230769,6.407692308,12.03076923,
224.1950372,19.83076923,24.30769231,24.67692308,23.15384615,11.06923077,17.3,17.14615385,11,23.12307692,21.71538462,
224.4130296,9.984615385,7.984615385,8.753846154,9.330769231,15.18461538,14.37692308,16.64615385,20.34615385,18.19230769,4.784615385,
224.6310123,18.52307692,8.692307692,14.41538462,14.24615385,10.82307692,24.15384615,13.93076923,17.63076923,13.95384615,12.77692308,
224.8489852,16.93076923,23.04615385,6.323076923,7.915384615,8.3,6.584615385,15.47692308,15.69230769,17.06153846,5.276923077,
225.0669484,16.90769231,18.5,10.88461538,16.86923077,12.96923077,22.04615385,14.3,20.04615385,18.50769231,25.58461538,
225.2849018,7.015384615,7.646153846,11.16153846,24.33076923,18.96153846,12.61538462,12.50769231,9.738461538,6.307692308,12.06153846,
225.5028454,19.48461538,18.64615385,16.90769231,22.96923077,23.09230769,20.74615385,12.69230769,10,22.59230769,14.34615385,
225.7207793,15.20769231,15.50769231,16.33846154,14.75384615,10.73846154,7.492307692,8.907692308,7.815384615,9.869230769,21.73076923,
225.9387034,12.70769231,21.60769231,7.384615385,11.73076923,17.4,22.40769231,18.94615385,13.17692308,11.07692308,8.938461538,
226.1566178,11.86923077,14.7,10.84615385,13.74615385,17.20769231,15.52307692,14.32307692,9.369230769,7.384615385,14.26153846,
226.3745224,10.1,17.74615385,10.88461538,22.34615385,24,22.46923077,26.07692308,24.79230769,21.59230769,15.3,
226.5924172,15.50769231,11.70769231,5.961538462,10.03846154,8.661538462,9.784615385,17.70769231,13.72307692,8.384615385,8.653846154,
226.8103022,16.79230769,20.94615385,7.830769231,12.83076923,12.05384615,16.52307692,9.815384615,10.12307692,9.338461538,10.36923077,
227.0281775,11.62307692,13.50769231,7.307692308,16.18461538,13.26153846,5.161538462,14.86923077,9.638461538,8.561538462,8.584615385,
227.2460429,22.00769231,18.46153846,22.23076923,15.25384615,26.93076923,16.69230769,16.17692308,21.65384615,13.54615385,25.53076923,
227.4638986,11.81538462,14.00769231,7.984615385,12.59230769,12.73076923,17.49230769,4.715384615,9.807692308,14.8,10.19230769,
227.6817445,16.86923077,19.16153846,14.14615385,19.16923077,23.60769231,17.69230769,14.38461538,15.08461538,20.83076923,15.06923077,
227.8995807,17.4,10.84615385,10.97692308,13.01538462,11.81538462,9.953846154,14.96923077,7.407692308,22.17692308,18.18461538,
228.117407,11.3,13.71538462,23.71538462,9.053846154,11.29230769,9.392307692,22.64615385,15.48461538,8.446153846,10.75384615,
228.3352236,10.75384615,10.66153846,22.62307692,15.71538462,10.45384615,12.95384615,8.007692308,21.35384615,12.4,16,
228.5530303,13.83076923,21.88461538,8.569230769,23.03076923,22.46153846,16.60769231,13.32307692,15.07692308,6.023076923,14.63076923,
228.7708273,12.21538462,10.67692308,7.976923077,20.34615385,8.569230769,6.907692308,11.82307692,14.71538462,20.11538462,10.83076923,
228.9886144,14.86153846,21.44615385,9.376923077,10.96153846,15.60769231,19.20769231,20.34615385,13.73076923,14.01538462,16.36923077,
229.2063918,18.36923077,10.04615385,14.03076923,17.23076923,8.915384615,14.76923077,15.27692308,4.476923077,16.44615385,16.58461538,
229.4241593,17.06923077,11.94615385,17.21538462,15.21538462,27.5,11.5,14.70769231,13.27692308,10.87692308,17.21538462,
229.6419171,9.246153846,7.376923077,8.169230769,6.223076923,19.4,13.33846154,18.51538462,8.515384615,9.2,4.146153846,
229.859665,17.10769231,15.04615385,6.853846154,19.71538462,12.20769231,16.17692308,17.98461538,7.523076923,13.52307692,17.46923077,
230.0774032,17.02307692,13.06153846,14.60769231,12.91538462,16.74615385,11.97692308,11.22307692,12.20769231,12.80769231,13.9,
230.2951315,12.51538462,13.76923077,15.43076923,12.96923077,5.853846154,15.56923077,14.84615385,18.64615385,19.75384615,23.83076923,
230.51285,19.81538462,5.138461538,10.80769231,10.91538462,11.30769231,7.715384615,10.68461538,13.55384615,12.09230769,26.13076923,
230.7305587,21.33076923,18.08461538,15.35384615,22.81538462,13.8,11.63846154,17.78461538,11.90769231,16.83846154,16.6,
230.9482575,18.8,19.94615385,12.23846154,17.84615385,15.16923077,10.85384615,18.60769231,8.376923077,18.57692308,12.82307692,
231.1659466,18.65384615,24.78461538,22.53076923,14.23076923,17.87692308,14.55384615,14.13846154,16.16923077,12.33846154,15.63076923,
231.3836258,16.15384615,14.80769231,12.66923077,13.85384615,14.83076923,8.207692308,9.230769231,8.5,16.46153846,21.51538462,
231.6012952,21.83076923,17.50769231,13.19230769,12.03076923,8.261538462,18.56923077,16.41538462,15.46923077,20.71538462,19.9,
231.8189547,11.36153846,9.553846154,15.64615385,15.48461538,16.1,4.392307692,24.08461538,5.453846154,18.24615385,15.30769231,
232.0366045,14.99230769,21.94615385,16.05384615,18.46923077,18.57692308,12.31538462,14.17692308,12.16923077,13.35384615,12.66153846,
232.2542444,12.66923077,10.42307692,3.938461538,16.86923077,14.06153846,9.915384615,11.87692308,11.69230769,14.68461538,10.76153846,
232.4718744,15.94615385,13.58461538,11.38461538,19.58461538,11.75384615,13.20769231,14.20769231,12.93846154,8.807692308,21.73076923,
232.6894946,11.56923077,18.60769231,13.13076923,11.27692308,20.74615385,3.369230769,9.6,19.46153846,7.515384615,13.16923077,
232.907105,24.86923077,17.84615385,8.284615385,25.66923077,30.18461538,17.81538462,14.14615385,4.338461538,13.65384615,14.91538462,
233.1247055,9.353846154,16.14615385,21.86923077,14.54615385,9.715384615,9.815384615,10.69230769,20.70769231,12.08461538,9.046153846,
233.3422962,22.82307692,18.89230769,13.06153846,16.36923077,19.56153846,17.60769231,15.5,7.492307692,22.99230769,19.83076923,
233.559877,28.11538462,10.40769231,21.53076923,12.45384615,18.96923077,12.5,9.953846154,18.7,13.72307692,13.95384615,
233.777448,16.06153846,15.06153846,10.63076923,15.23076923,22.66153846,8.2,14.95384615,6.761538462,17.58461538,21.03076923,
233.9950092,19.41538462,18.88461538,17.64615385,5.169230769,18.43846154,8.653846154,13.86923077,13.01538462,13.90769231,16.21538462,
234.2125604,16.92307692,11.50769231,15.96923077,17.79230769,13.73076923,11.46153846,16.78461538,9.361538462,13.83846154,19.48461538,
234.4301018,20.18461538,17.2,18.03076923,14.56923077,11.94615385,6.053846154,13,13.06923077,18.97692308,8.069230769,
234.6476334,13.90769231,11.61538462,11.08461538,21.04615385,17.76923077,8.253846154,9.284615385,14.73846154,17.77692308,13.14615385,
234.8651551,21.91538462,15.16153846,3.061538462,15.16923077,13.24615385,17.7,15.24615385,10.85384615,17.84615385,13.25384615,
235.0826669,18.66153846,12.11538462,15.86923077,22.58461538,16.94615385,17.10769231,18.75384615,14.53846154,26.97692308,19.6,
235.3001688,9.061538462,15.98461538,16.09230769,12.75384615,13.40769231,12.70769231,11.23846154,9.253846154,5.046153846,15.59230769,
235.5176609,15.45384615,20.54615385,16.96153846,18.56923077,13.06153846,10.06923077,11.91538462,19.6,12.00769231,16.43076923,
235.7351431,9.807692308,9.707692308,8.7,19.61538462,10.01538462,12.24615385,21.47692308,15.67692308,6.3,15.45384615,
235.9526155,22.57692308,15.96923077,11.36153846,18.63076923,18.26923077,21.00769231,16.19230769,16.06153846,18.03846154,25.33076923,
236.1700779,13.86923077,11.06153846,6.861538462,10.54615385,14.6,10.69230769,10.17692308,9.538461538,18.43846154,7.446153846,
236.3875305,17.77692308,13.23846154,14.31538462,25.75384615,16.97692308,18.53846154,16.98461538,14.33076923,19.58461538,18.7,
236.6049732,14.42307692,16,16.90769231,13.53846154,11.2,20.48461538,6.523076923,13.66923077,15.40769231,9.638461538,
236.822406,28.90769231,15.36153846,20.66153846,25.26923077,20.96153846,26.90769231,17.61538462,12.98461538,14.19230769,21.53076923,
237.0398289,20.20769231,13.00769231,13.83076923,13.83076923,10.1,5.276923077,12.71538462,15.16923077,12.26923077,19.25384615,
237.2572419,14.24615385,14.06153846,14.14615385,15.81538462,16.1,5.107692308,8.992307692,11.43846154,18.67692308,20.63076923,
237.474645,24.02307692,13.46923077,14.22307692,15.63076923,9.6,9.630769231,21.91538462,12.43076923,8.869230769,13.3,
237.6920383,12.00769231,20.58461538,4.830769231,12.99230769,19.43846154,18.00769231,12.74615385,11.53846154,16.66923077,20.73076923,
237.9094216,12.32307692,10.77692308,9.061538462,17.57692308,22.42307692,12.73076923,19.2,13.22307692,15.64615385,20.71538462,
238.126795,20.61538462,24.77692308,14.54615385,11.75384615,31.06153846,13.46153846,24.10769231,16.98461538,12.16153846,18.10769231,
238.3441586,19.87692308,12.80769231,15.14615385,13.54615385,20.78461538,23.83846154,12.51538462,12.14615385,13.32307692,17.76153846,
238.5615122,17.71538462,13.87692308,19.21538462,19.66923077,12.7,14.93076923,14.64615385,16.54615385,16.01538462,17.74615385,
238.7788559,14.70769231,22.94615385,6.738461538,15.54615385,4.484615385,12.46923077,7.6,9.4,10.80769231,7.369230769,
238.9961897,15.03076923,12.04615385,16.46153846,10.36923077,12.02307692,17.99230769,10.15384615,12.84615385,12.01538462,17.46153846,
239.2135136,14.82307692,12.71538462,11.43076923,7.776923077,13.30769231,11.83076923,16.94615385,19.93846154,11.33846154,13.7,
239.4308276,20.12307692,18.50769231,11.47692308,18.83076923,14.01538462,21.70769231,26.57692308,14.13846154,10.80769231,14.43076923,
239.6481317,13.53846154,15.96153846,9.184615385,14.16923077,12.63846154,11.52307692,5.930769231,13.76923077,9.5,17,
239.8654259,18.86923077,17.4,19.03846154,25.23076923,18.20769231,8.507692308,15.26153846,19.57692308,8.576923077,20.38461538,
240.0827101,13.90769231,13.13846154,13.76153846,10.20769231,19.68461538,14.1,14.73846154,13.04615385,12.13846154,12.96923077,
240.2999844,15.48461538,22.80769231,18.63076923,22.53076923,21.91538462,14.93076923,12.47692308,20.42307692,16.6,12.66923077,
240.5172488,9.238461538,9.107692308,7.6,17.55384615,20.76923077,17.13846154,12.06153846,14.92307692,9.807692308,14.07692308,
240.7345032,9.230769231,19.45384615,24.73076923,27.04615385,21.36153846,13.61538462,16.81538462,20.8,11.76153846,19.53076923,
240.9517477,10.29230769,15.62307692,10.98461538,15.33846154,11.90769231,10.15384615,12.98461538,18.10769231,10.88461538,19.44615385,
241.1689823,15.36153846,7.423076923,17.66923077,19.44615385,21.58461538,10.85384615,15.34615385,14.62307692,21.05384615,13.28461538,
241.386207,17.26153846,10.70769231,16.07692308,22.16923077,14.2,8.076923077,18.87692308,9.730769231,6.269230769,15.52307692,
241.6034217,19.21538462,13.66153846,7.961538462,19.5,18.13076923,10.63076923,19.52307692,7.107692308,12.23076923,13.46153846,
241.8206264,13.70769231,9.369230769,5.038461538,12.23076923,17.46923077,12.37692308,11.39230769,24.84615385,15.05384615,16.5,
242.0378213,19.12307692,16.25384615,12.26923077,18.18461538,14.73076923,18.31538462,14.56153846,20.17692308,11.88461538,10.98461538,
242.2550061,18.50769231,8.746153846,7.861538462,10.49230769,15.98461538,14.6,12.51538462,13.01538462,16.65384615,7.569230769,
242.4721811,17.1,18.48461538,15.86153846,14.34615385,13.73076923,14.2,7.107692308,21.5,10.97692308,21.96153846,
242.689346,18.00769231,15.48461538,13.76923077,10.73076923,10.75384615,5.815384615,16.35384615,17.20769231,13.20769231,16,
242.9065011,29.02307692,7.3,22.03076923,19.56923077,20.09230769,14.81538462,15.78461538,8.230769231,19.07692308,25.38461538,
243.1236461,12.57692308,13.21538462,14.81538462,10.16923077,17.84615385,10.78461538,19.48461538,10.55384615,8.630769231,17.23846154,
243.3407812,14.72307692,27.54615385,23.33846154,13.77692308,28.06153846,14.06153846,16.71538462,17.57692308,13.27692308,20.78461538,
243.5579064,15.30769231,9.2,15.34615385,15.97692308,16.28461538,10.56153846,14.29230769,11.26153846,15.48461538,14.53076923,
243.7750216,12.45384615,29.28461538,2.292307692,13.03076923,15.36153846,24.58461538,11.98461538,10.97692308,10.28461538,12.39230769,
243.9921268,8.169230769,13.01538462,14.26153846,13.57692308,14.13846154,15.49230769,13.73076923,22.97692308,10.33846154,13.24615385,
244.2092221,12.34615385,17.72307692,12.83846154,6.330769231,21.86153846,16.16153846,18.66153846,26.72307692,14.46153846,12.01538462,
244.4263073,11.50769231,10.04615385,20.33846154,13.81538462,15.06153846,12.30769231,20.77692308,17.60769231,16.18461538,25.65384615,
244.6433826,24.12307692,14.93846154,21.57692308,22.44615385,25.53076923,10.03076923,16.26923077,18.26153846,25.55384615,17.00769231,
244.860448,19.73076923,23.20769231,9.315384615,7.115384615,9.438461538,23.66153846,8.276923077,9.1,10.7,15.5,
245.0775033,15.48461538,17.00769231,7.407692308,14.25384615,16.07692308,16.59230769,16.58461538,20.42307692,21.65384615,15.43846154,
245.2945487,14.08461538,10.10769231,10.70769231,18.44615385,13.93846154,14.36923077,10.13846154,11.42307692,9.523076923,10.66153846,
245.5115841,17.28461538,21.84615385,20.16923077,22.04615385,17.3,10.05384615,13.70769231,20.23076923,13.83846154,19.45384615,
245.7286095,14.86153846,20.18461538,16.05384615,9.046153846,17.97692308,14.22307692,14.36153846,16.38461538,7.330769231,13.13076923,
245.945625,13.89230769,23.02307692,14.61538462,24.76923077,9.692307692,22.90769231,25.47692308,12.78461538,14.39230769,18.43846154,
246.1626304,15.06153846,17.34615385,15.23846154,10.46153846,20.06153846,16.22307692,9.576923077,12.13076923,12.76923077,16.9,
246.3796258,29.72307692,26.14615385,18.26153846,16.38461538,16.48461538,20.09230769,12.18461538,13.93846154,10.92307692,10.33846154,
246.5966113,11.80769231,10.72307692,8.276923077,10.39230769,15.72307692,16.73076923,11.36923077,19.71538462,7.284615385,11.73846154,
246.8135867,13.5,15.95384615,13.21538462,13.64615385,17.67692308,14.20769231,17.13846154,11.61538462,16.48461538,19.93846154,
247.0305522,13.63076923,15.71538462,9.438461538,12.43846154,6.715384615,10.67692308,11.75384615,13.40769231,16.46923077,24.63076923,
247.2475076,26.41538462,18.04615385,16.2,19.15384615,19.49230769,9.238461538,7.4,19.86923077,16.91538462,15.82307692,
247.4644531,15.84615385,13.20769231,27.71538462,15.56923077,20.21538462,12.01538462,10.47692308,7.569230769,12.09230769,12.64615385,
247.6813885,19.44615385,12.11538462,19.23076923,12.85384615,7.792307692,9.446153846,11.74615385,26.02307692,19.52307692,13.04615385,
247.898314,15.58461538,15.03846154,11.33846154,18.23076923,13.90769231,10.44615385,10.91538462,11.91538462,4.846153846,12.63846154,
248.1152294,18.29230769,22.58461538,19.13846154,29.44615385,15.83846154,17.03846154,16.29230769,20.98461538,16.45384615,11.05384615,
248.3321348,13.02307692,15.7,7.461538462,13.97692308,13.74615385,9.3,17.50769231,3.892307692,14.45384615,8.307692308,
248.5490302,15.93846154,15.36153846,15.92307692,9.592307692,17.04615385,13.5,23.35384615,21.16923077,16.19230769,14.41538462,
248.7659155,9.723076923,22.18461538,20.93846154,21.40769231,20,12.32307692,16.07692308,7.292307692,7.938461538,12.7,
248.9827909,20.29230769,18.54615385,17.03846154,21.95384615,12.85384615,9.992307692,8.676923077,25.03846154,24.85384615,16.10769231,
249.1996562,14.42307692,15.07692308,12.44615385,22.04615385,11.36153846,20.90769231,12.17692308,24.58461538,7.576923077,9.638461538,
249.4165115,17.81538462,13.17692308,14.88461538,17.9,19.97692308,14.78461538,28.54615385,22.52307692,11.48461538,12.63846154,
249.6333568,12.5,10.94615385,19.95384615,19.26923077,13.98461538,14.51538462,11.56153846,15.47692308,10.40769231,15.11538462,
249.850192,19.16923077,21.48461538,10.56153846,20.11538462,21.77692308,17.89230769,20.85384615,23.38461538,14.62307692,14.08461538,
250.0670172,15.56153846,16.84615385,10.55384615,11.69230769,17.07692308,18.10769231,7.107692308,19.27692308,15.10769231,14.57692308,
250.2838324,16.63846154,11.65384615,17.36923077,19.97692308,17.60769231,19.13846154,13.68461538,15.70769231,11.27692308,15.51538462,
250.5006376,14.06153846,5.684615385,12.16923077,14.76153846,12.03076923,15.51538462,16.33846154,7.415384615,15.38461538,25.35384615,
250.7174327,17.70769231,13.34615385,19.71538462,19.44615385,16.4,10.43846154,20.94615385,16.68461538,23.76153846,11.86923077,
250.9342177,13.35384615,5.723076923,12.96923077,5.392307692,7.853846154,3.976923077,11.16923077,13.5,8.292307692,17.39230769,
251.1509927,20.26923077,10.01538462,15.93846154,18.38461538,9.9,12.90769231,11.54615385,11.28461538,10.56153846,11.96153846,
251.3677577,15.25384615,14.64615385,11.67692308,10.98461538,12.46153846,13.60769231,11.39230769,6.161538462,3.553846154,12.63846154,
251.5845126,20.63076923,22.34615385,19.76923077,19.36923077,16.66923077,10.35384615,19.11538462,13.84615385,13.29230769,26.96153846,
251.8012574,22.31538462,11.30769231,14.25384615,14.26923077,5.815384615,19.96923077,12.47692308,13.20769231,9.730769231,12,
252.0179922,17.99230769,8.161538462,23.97692308,11.96153846,11.18461538,13.32307692,14.72307692,10.43846154,22.47692308,25.48461538,
252.234717,10.31538462,12.90769231,11.44615385,19.47692308,17.57692308,13.3,10.68461538,16.46153846,12.13076923,17.48461538,
252.4514317,25.68461538,19.80769231,10.56923077,14.93076923,18.88461538,12.44615385,14.26923077,24.97692308,14.71538462,16.06923077,
252.6681363,23.02307692,15.9,18.93076923,15.9,10.03076923,13.51538462,26.71538462,12.18461538,7.823076923,13.9,
252.8848309,19.53076923,17.18461538,18.83846154,24.29230769,19.54615385,21.60769231,16.93076923,21.5,16.25384615,12.94615385,
253.1015153,19.26153846,16.40769231,21.43076923,10.15384615,11.93846154,12.19230769,14.41538462,16.74615385,15.90769231,7.392307692,
253.3181898,11.63076923,22.60769231,22.30769231,23.75384615,19.77692308,22.6,18.91538462,18.83846154,19.75384615,6.269230769,
253.5348541,13,16.52307692,13.96153846,13.01538462,9.930769231,6.976923077,10.58461538,19.37692308,14.54615385,8.530769231,
253.7515084,20.32307692,16.74615385,19.87692308,22.66153846,22.48461538,15.99230769,11.47692308,13.26153846,23.65384615,20.11538462,
253.9681526,21.62307692,7.415384615,15.83076923,13.06923077,9.146153846,17.66923077,13,16,8.807692308,11.74615385,
254.1847867,22.41538462,17.48461538,5.1,18.58461538,27.16153846,9.938461538,19.14615385,14.09230769,16.83846154,12.93076923,
254.4014108,16.3,12.75384615,14.67692308,17.7,12.12307692,9.661538462,13.58461538,10.58461538,6.569230769,10.5,
254.6180247,22.33076923,18.90769231,23.32307692,20.11538462,22.68461538,8.738461538,21.45384615,15.69230769,17.93846154,17.86923077,
254.8346286,15.76923077,15.04615385,10.68461538,13.11538462,13.71538462,10.03846154,7.376923077,8.715384615,12.28461538,16.21538462,
255.0512224,19.51538462,23.18461538,15.86923077,26.91538462,14.56153846,14.63076923,24.88461538,24.62307692,13.3,17.76923077,
255.2678061,22.80769231,11.44615385,16.16923077,16.74615385,19.30769231,21.61538462,19.48461538,12.06153846,16.50769231,12.61538462,
255.4843797,18.41538462,18.28461538,12.79230769,21.46923077,26.47692308,4.669230769,20.34615385,19.61538462,13.44615385,15.46153846,
255.7009432,20.92307692,12.20769231,17.38461538,9.969230769,15.86923077,13.18461538,23.07692308,9.623076923,11.7,18.13076923,
255.9174966,23.20769231,17.60769231,15.45384615,26.63076923,19.29230769,14.06923077,12.63846154,21.87692308,16.76153846,19.91538462,
256.1340399,15.70769231,11.86153846,16.39230769,13.80769231,10.26153846,9.723076923,12.92307692,8.1,19.49230769,9.084615385,
256.3505731,8.853846154,17.40769231,17.56153846,12.61538462,18.76153846,11.63846154,24.12307692,17.83846154,17.06153846,9.5,
256.5670961,17.80769231,14.52307692,12.68461538,9.323076923,13.09230769,15.26923077,12,17.89230769,10.74615385,13.55384615,
256.7836091,27.06153846,13.64615385,20.21538462,13.42307692,21.2,18.03846154,18.34615385,26.42307692,19.98461538,15.8,
257.000112,16.94615385,15.94615385,13.58461538,7.569230769,8.407692308,10.86153846,15.97692308,16.06923077,5.9,18.18461538,
257.2166048,18.01538462,21.13846154,12.00769231,16.67692308,16.98461538,22.46923077,18.60769231,25.16153846,11.73076923,16.33076923,
257.4330874,13.6,17.70769231,10.76153846,19.74615385,18.15384615,10.1,16.62307692,12.98461538,7.1,16.18461538,
257.6495599,19.55384615,20.27692308,15.06923077,15.23076923,28.56153846,14.78461538,11.8,16.01538462,15.24615385,19.36153846,
257.8660223,21.92307692,21.50769231,16.43076923,13.59230769,13.67692308,4.784615385,19.04615385,13.50769231,7.438461538,21.81538462,
258.0824746,22.26923077,24.60769231,20.37692308,18.76153846,23.60769231,15.13846154,11.72307692,15.80769231,21.27692308,10.11538462,
258.2989168,22.4,15.04615385,10.12307692,16.35384615,20.86923077,20.90769231,7.738461538,17.23076923,10.53846154,14.61538462,
258.5153488,22.40769231,16.86923077,15.66923077,12.86153846,24.24615385,20.93076923,18.45384615,12.03846154,11.69230769,33.15384615,
258.7317707,9.030769231,16.18461538,14.73076923,16.11538462,14.27692308,12.43076923,18.76153846,13.44615385,17.9,8.930769231,
258.9481825,15.14615385,23.24615385,21.66153846,15.26153846,15.96153846,13.46923077,24.08461538,13.18461538,17.47692308,11.23076923,
259.1645841,12.99230769,14.92307692,20.77692308,11.25384615,14.63076923,10.91538462,19.96923077,14.17692308,12.56153846,15.63076923,
259.3809756,12.71538462,19.67692308,18.49230769,23.32307692,20.7,15.33846154,17.54615385,15.07692308,19.8,14.71538462,
259.597357,13.95384615,10.32307692,7.823076923,8.723076923,14.24615385,10.67692308,14.83076923,15.08461538,7.092307692,16.03076923,
259.8137282,14.92307692,21.48461538,14.67692308,16.46153846,25.5,20.50769231,20.23846154,23.54615385,20.2,23.53076923,
260.0300893,13.95384615,18.38461538,12.24615385,11.25384615,29.26153846,14.15384615,12.35384615,17.61538462,16.75384615,17.14615385,
260.2464402,17.16153846,17.54615385,20.13076923,12.73076923,17.17692308,10.65384615,23.25384615,9.661538462,14.32307692,22.23076923,
260.462781,14.20769231,18.76923077,14.96923077,7.461538462,15.06153846,7.884615385,15.34615385,16.35384615,9.123076923,18.44615385,
260.6791116,18.26153846,23.48461538,18.33846154,24.46923077,20.82307692,14.69230769,19.11538462,14.05384615,15.47692308,16.57692308,
260.8954321,17.12307692,18.24615385,13.28461538,6.353846154,16.44615385,12.59230769,18.8,11.04615385,18,9.923076923,
261.1117424,31.24615385,15.90769231,24.11538462,18.69230769,17.17692308,17.44615385,10.01538462,17.6,12.9,12.13076923,
261.3280426,20.82307692,10.71538462,11.79230769,17.59230769,18.67692308,8.730769231,17.97692308,12.50769231,13.7,16.08461538,
261.5443326,21.48461538,30.04615385,13.71538462,17.99230769,10.98461538,21.90769231,14.60769231,19.1,15.41538462,15.60769231,
261.7606124,25.10769231,24.88461538,16.45384615,14.17692308,14.99230769,9.269230769,21.41538462,26.83076923,15.4,13.23076923,
261.9768821,23.38461538,19.78461538,14.02307692,16.79230769,15.35384615,18.10769231,13.18461538,14.30769231,17.93846154,20.04615385,
262.1931415,12.11538462,22.94615385,12.26923077,12.47692308,12.28461538,16.9,15.31538462,12.62307692,19.74615385,14.98461538,
262.4093909,22.82307692,13.74615385,15,15.38461538,17.47692308,17.37692308,18.33846154,16.3,19.17692308,8.138461538,
262.62563,12.03846154,19.84615385,10.25384615,6.569230769,18.18461538,9.3,10.28461538,11.83846154,11.54615385,20.53076923,
262.841859,27.35384615,15.98461538,15.01538462,20.91538462,17.87692308,7.5,17.28461538,15.68461538,17.86153846,15.41538462,
263.0580778,10.8,16.38461538,10.46923077,22.13076923,25.87692308,12.58461538,17.20769231,13.12307692,10.81538462,20.28461538,
263.2742864,17.02307692,22.44615385,15.80769231,23.18461538,20.22307692,18.94615385,21.37692308,20.94615385,17.55384615,13.23076923,
263.4904849,10.98461538,13.64615385,11.25384615,14.64615385,16.28461538,7.346153846,13.54615385,11.03846154,12.01538462,8.9,
263.7066731,27.42307692,16.87692308,8.584615385,19.36923077,13.21538462,19.46923077,23.94615385,5.707692308,18.01538462,29.75384615,
263.9228512,15.23846154,12.97692308,8.676923077,13.48461538,13.15384615,15.3,12.89230769,8.276923077,18.65384615,14.03076923,
264.139019,25.46153846,17.70769231,15.80769231,18.3,17.9,10.00769231,13.56923077,17.52307692,16.30769231,9.792307692,
264.3551767,18.38461538,20.84615385,17.04615385,13.13846154,13.08461538,5,14.24615385,17.63076923,18.16923077,10.85384615,
264.5713242,27.62307692,17.97692308,22.43846154,15.46923077,24.50769231,11.86923077,22.28461538,22.24615385,14.05384615,19.66923077,
264.7874615,14.83076923,14.54615385,14.6,6.030769231,9.338461538,11.97692308,12.53846154,21.42307692,13.82307692,20.46153846,
265.0035886,20.86153846,19.00769231,11.95384615,15.20769231,18.5,15.39230769,22.18461538,22.26153846,28.32307692,11.74615385,
265.2197055,17.19230769,21.24615385,6.861538462,19.53076923,21.86153846,11.03846154,18.88461538,12.29230769,13.5,13.6,
265.4358121,28.57692308,8.707692308,12.74615385,25.78461538,10.89230769,27.60769231,10.59230769,17.35384615,13.16923077,17.27692308,
265.6519086,16,23.28461538,10.22307692,15.45384615,16.28461538,14.22307692,16.17692308,14.92307692,11.57692308,10.2,
265.8679949,26.92307692,11.80769231,15.13846154,23.30769231,16.40769231,17.74615385,24.91538462,11.05384615,15.60769231,13.01538462,
266.0840709,6.615384615,10.08461538,14.08461538,9.046153846,15.16923077,11.81538462,13.9,21.26153846,19.1,20.33076923,
266.3001368,32.23076923,17.80769231,11.22307692,23.19230769,23.26153846,18.07692308,27.07692308,20.43846154,18.45384615,22.65384615,
266.5161924,14.66923077,18.50769231,4.715384615,27.48461538,13.2,16.69230769,8.623076923,12.42307692,13.08461538,14.16153846,
266.7322378,21.06923077,16.64615385,14.43076923,23.08461538,17.75384615,19.93846154,18.25384615,20.27692308,10.70769231,27.43076923,
266.948273,19.90769231,19.88461538,9.915384615,11.18461538,18.17692308,8.330769231,12.35384615,7.053846154,19.95384615,24.03076923,
267.1642979,21.08461538,12.50769231,11.61538462,18.41538462,19.26153846,18.27692308,18.79230769,12.13076923,17.66923077,20.67692308,
267.3803126,20.23076923,17.36153846,19.75384615,14.16923077,22.07692308,10.6,3.246153846,10.6,12.42307692,13.90769231,
267.5963171,15.66923077,17.30769231,11.92307692,16.93076923,18.87692308,20.62307692,22.26923077,13.70769231,18.74615385,26.9,
267.8123114,13.86153846,18.58461538,17.80769231,12.80769231,25.48461538,14.68461538,12.16923077,19.48461538,9.330769231,18.21538462,
268.0282954,17.85384615,8.607692308,14.47692308,21.81538462,16.98461538,18.8,22.71538462,23.98461538,17.65384615,11.78461538,
268.2442692,21.15384615,13.86923077,9.576923077,23.03076923,14.03076923,18.49230769,11.67692308,17.58461538,16.05384615,17.58461538,
268.4602328,13.12307692,25.44615385,24.71538462,20.31538462,15.48461538,11.46153846,19.58461538,17.8,18.99230769,30.33076923,
268.6761861,13.75384615,20.86923077,5.161538462,16.11538462,17.8,14.27692308,19.41538462,16.88461538,4.476923077,22.75384615,
268.8921292,14.18461538,23.74615385,11.75384615,16.35384615,13.7,14.80769231,18.22307692,26.98461538,15.14615385,23.43846154,
269.108062,23.19230769,18.14615385,16.22307692,14.27692308,18.66153846,11.56153846,20.60769231,17.65384615,13.21538462,13.47692308,
269.3239846,23.10769231,14.41538462,7.938461538,21.83076923,14.97692308,15.91538462,12.64615385,13.46153846,13.22307692,19.38461538,
269.5398969,22.32307692,22.85384615,11.9,6.876923077,12.1,22.44615385,15.17692308,14.10769231,14.98461538,15.75384615,
269.755799,28.93076923,21.08461538,15.23076923,29.28461538,29.86153846,14.36153846,9.9,12.57692308,12.63846154,15.36153846,
269.9716908,15.94615385,11.88461538,9.384615385,16.89230769,15.98461538,12.18461538,10.52307692,14.97692308,15.42307692,12.55384615,
270.1875724,14.64615385,11.19230769,16.06153846,25.06923077,17.22307692,16.3,15.88461538,13.5,12.5,18.79230769,
270.4034437,15.27692308,17.68461538,16.00769231,7.484615385,17.09230769,19.55384615,9.546153846,12.66153846,16.61538462,7.523076923,
270.6193047,17.3,15.90769231,20.62307692,23.45384615,27.46153846,21.3,13.17692308,16.16923077,17.94615385,16.1,
270.8351555,23.86923077,24.54615385,19.21538462,17.46923077,18.36153846,15.40769231,10.89230769,9.961538462,14.33846154,17.66153846,
271.050996,19.10769231,10.10769231,13.34615385,16.96923077,20.87692308,22.66923077,13.04615385,10.39230769,20.44615385,18.26153846,
271.2668262,17.98461538,30.74615385,17.95384615,14.70769231,12.23076923,12.15384615,12.48461538,13.28461538,17.42307692,13.42307692,
271.4826462,14.57692308,16.36153846,25.76923077,22.44615385,21.23076923,17.93846154,32.38461538,18.20769231,12.67692308,19.71538462,
271.6984559,22.35384615,25.48461538,7.592307692,10.69230769,14.36923077,12.46923077,22.58461538,18.17692308,17.97692308,22.93076923,
271.9142553,20.86923077,17.28461538,11.37692308,23.06923077,31.06153846,12.14615385,18.80769231,18.98461538,29.85384615,12.41538462,
272.1300444,16.75384615,12.34615385,16.73846154,12.95384615,10.41538462,8.4,13.71538462,17.63076923,17.36153846,14.03846154,
272.3458233,15.74615385,17.33846154,19.52307692,19.73076923,18.18461538,23.50769231,12.95384615,25.02307692,16.17692308,23.13076923,
272.5615919,8.615384615,15.75384615,9.776923077,19.56923077,12.6,10.61538462,14.31538462,8.461538462,8.507692308,7.546153846,
272.7773501,26.92307692,11.36923077,14.71538462,20.76923077,18.18461538,20.90769231,18.19230769,17.58461538,29.55384615,9.046153846,
272.9930981,16.02307692,9.723076923,15.76923077,13.45384615,16.96923077,20.93846154,20.71538462,7.176923077,16.17692308,14.43076923,
273.2088358,18.32307692,24.95384615,15.06923077,21.92307692,18.48461538,17.53846154,16.4,24.48461538,10.53846154,13.84615385,
273.4245632,16.34615385,15.74615385,8.192307692,18.96923077,15.43076923,12.16923077,16.4,15.70769231,17.03076923,19.66923077,
273.6402803,12.32307692,18.56923077,11.50769231,23.56923077,23.56923077,15.06923077,13.9,17.26923077,16.44615385,19.18461538,
273.8559871,23.52307692,17.41538462,11.06153846,11.69230769,12.96153846,6.469230769,14.11538462,16.18461538,11.49230769,15.42307692,
274.0716836,25.36923077,17.26153846,23.5,15.63076923,24.56153846,16.69230769,20.65384615,12.97692308,16.47692308,16.63076923,
274.2873698,23.73076923,19.74615385,8.823076923,11.43846154,13.1,20.90769231,17.50769231,14.33076923,15.24615385,10.52307692,
274.5030457,12.55384615,24.48461538,17.17692308,18.02307692,23.12307692,22.83846154,15.68461538,21.53846154,17.57692308,19.96153846,
274.7187113,14.43076923,16.18461538,10,9.492307692,18.52307692,17.48461538,11.45384615,9.469230769,6.238461538,8.638461538,
274.9343666,23.15384615,18.94615385,18.7,17.80769231,21.48461538,16.76153846,12.61538462,24.17692308,15.23076923,27.88461538,
275.1500116,15.11538462,10.56923077,9.246153846,22.78461538,20.66153846,9.453846154,21.63846154,7.630769231,16.56153846,19.48461538,
275.3656462,21.67692308,11.16153846,21.96153846,13.95384615,19.7,13.34615385,13.08461538,29.07692308,21.81538462,16.86153846,
275.5812705,18.96153846,16.5,15.76153846,16.61538462,20.2,16.30769231,8.853846154,6.823076923,8.946153846,15.46153846,
275.7968845,24.33076923,16.87692308,10.92307692,13.23076923,21.70769231,15.46923077,22.67692308,17.53076923,11.93846154,20.15384615,
276.0124882,14.19230769,16.9,16.72307692,20.76153846,14.40769231,7.892307692,12.46153846,12.60769231,12.28461538,13.90769231,
276.2280816,16.81538462,21.24615385,15.05384615,13.65384615,21.2,15.43076923,14.52307692,19.06923077,20.31538462,14.05384615,
276.4436646,18.35384615,25.84615385,9.623076923,13.79230769,18.42307692,12.16923077,10.50769231,19.27692308,11.96153846,18.18461538,
276.6592373,23.30769231,19.79230769,20.83076923,18.74615385,22.36153846,16.43846154,15.64615385,17,21.19230769,12.46153846,
276.8747997,13.64615385,13.84615385,14.48461538,17.65384615,16.16153846,17,17.68461538,22.04615385,20.15384615,8.561538462,
277.0903517,24.82307692,28.58461538,17.85384615,19.41538462,20.87692308,18.40769231,14.59230769,9.169230769,14.41538462,21.83076923,
277.3058934,19.17692308,18.55384615,3.984615385,15.08461538,27.18461538,11.73076923,11.20769231,9.969230769,9.423076923,16.83076923,
277.5214248,24.26153846,17.1,23.88461538,19.86923077,11.00769231,18.13076923,22.31538462,24.86923077,19.59230769,13.33846154,
277.7369458,14.63076923,19.56153846,14.09230769,16.29230769,17.63846154,17.51538462,7.915384615,19.70769231,10.46923077,17.25384615,
277.9524564,15.16153846,20.96923077,19.52307692,21.58461538,24.21538462,18.3,15.71538462,17.12307692,23.24615385,9.646153846,
278.1679567,17.91538462,16.18461538,16.33846154,11.34615385,8.984615385,22.89230769,10.12307692,15.01538462,15.26153846,15.26153846,
278.3834467,19.01538462,20.74615385,17.85384615,21.34615385,20.63076923,24.10769231,15.40769231,15.6,15.40769231,15.85384615,
278.5989263,32.42307692,20.1,11.52307692,7.484615385,16.26153846,11.7,23.83846154,16.89230769,21.82307692,18.28461538,
278.8143956,17.82307692,27.18461538,21.36153846,17.21538462,23.59230769,17.61538462,18.10769231,27.95384615,18.98461538,16.99230769,
279.0298545,8.746153846,15.76923077,14.55384615,12.3,9.730769231,15.59230769,13.71538462,15.51538462,14.06923077,8.546153846,
279.245303,18.04615385,20.16153846,11.53846154,17.84615385,20.33076923,22.2,12.05384615,15.10769231,17.88461538,28.23076923,
279.4607412,16.55384615,21.14615385,22.33846154,13.12307692,18.06153846,9.638461538,7.723076923,12.05384615,13.48461538,5.607692308,
279.676169,19.46153846,19.94615385,20.26923077,19.35384615,26.48461538,18.23076923,10.36923077,16.12307692,21.45384615,22.76153846,
279.8915865,15.31538462,7.523076923,9.084615385,13.26923077,19.68461538,17.46923077,8.361538462,16.83076923,8.561538462,11.8,
280.1069936,15.63076923,20.87692308,22.65384615,14.52307692,16.4,8.9,18.58461538,19.14615385,12.55384615,18.64615385,
280.3223903,22.76923077,12.5,6.6,18.46923077,17.34615385,18.86923077,16.68461538,16.48461538,12.41538462,5.746153846,
280.5377766,16.50769231,11.94615385,15.8,13.43846154,23.96153846,16.49230769,20.76153846,17.93846154,14.52307692,23.93076923,
280.7531526,15.2,17.44615385,8.292307692,10.29230769,14.06153846,8.538461538,10.33846154,13.94615385,12.66153846,13.08461538,
280.9685182,21.66923077,14.70769231,15.46923077,16.11538462,18.57692308,17.93076923,13,18.32307692,21.33846154,13.55384615,
281.1838734,17.66923077,24.94615385,13.57692308,14.86923077,15.83846154,14.63076923,15.1,9.292307692,21.49230769,14.11538462,
281.3992182,26.73076923,22.09230769,20.93076923,24.08461538,16.75384615,10.91538462,19.02307692,26.5,18.74615385,10.00769231,
281.6145526,14.78461538,12.24615385,18.15384615,22.16153846,19.60769231,14.07692308,10.1,9.261538462,19.61538462,14.26923077,
281.8298766,16.53076923,35.08461538,16.86153846,19.28461538,13.98461538,24.40769231,20.06923077,15.89230769,15.49230769,17.82307692,
282.0451903,13.99230769,11.82307692,10.36923077,14.95384615,19.4,16.99230769,11.85384615,8.084615385,17.71538462,18.46153846,
282.2604936,24.30769231,20.34615385,9.161538462,27.54615385,20.07692308,17.2,19.37692308,22.02307692,21.11538462,13.66923077,
282.4757864,25.21538462,16.24615385,10.04615385,7.261538462,14.52307692,13.4,15.05384615,19.33846154,14.97692308,24.01538462,
282.6910689,19.43076923,17.06923077,17.44615385,32.04615385,23.3,18.23846154,14.67692308,29.72307692,13.54615385,16.8,
282.9063409,17.39230769,21.74615385,12,18.33076923,13.44615385,13.44615385,17.14615385,8.2,12.39230769,10.2,
283.1216026,21.25384615,29.08461538,11.60769231,17.38461538,15.38461538,12.87692308,22.66923077,20.08461538,11.36153846,8.853846154,
283.3368538,15.71538462,17.90769231,10.64615385,17.03076923,4.407692308,14.70769231,16.91538462,12.25384615,13.41538462,8.523076923,
283.5520947,18.06923077,22.14615385,18.9,21.95384615,26.46153846,18.57692308,15.87692308,16.96153846,17.37692308,22.03076923,
283.7673251,23.41538462,12.12307692,11.24615385,17.87692308,17.48461538,11.66923077,8.669230769,11.89230769,11.6,15.00769231,
283.9825452,26.96923077,5.907692308,15.23076923,21.43076923,13.90769231,10.88461538,25.64615385,22.17692308,21.85384615,28.48461538,
284.1977548,13.60769231,12.90769231,7.230769231,16.98461538,18.30769231,10.06923077,19.93846154,14.99230769,15.33846154,12.50769231,
284.4129539,20.62307692,18.20769231,14.20769231,25.48461538,18.36153846,15,25.1,16.67692308,23.95384615,18.18461538,
284.6281427,16.61538462,14.24615385,14.46923077,16.96923077,10.25384615,8.361538462,8.046153846,26.34615385,16.88461538,15.43846154,
284.8433211,19.83846154,18.89230769,15.08461538,13.03846154,15.32307692,13.13076923,17.50769231,18.22307692,17.65384615,17.64615385,
285.058489,17.02307692,11.30769231,17.77692308,19.84615385,12.72307692,14.73076923,13.68461538,9.869230769,25.15384615,18.11538462,
285.2736465,13.92307692,10.96153846,18.53076923,16.45384615,17.17692308,28.70769231,16.38461538,21.23846154,23.25384615,19.56153846,
285.4887935,15.54615385,16.40769231,12.36923077,21.96923077,12.61538462,6.192307692,13.82307692,9.576923077,7.484615385,7.869230769,
285.7039302,16.20769231,16.04615385,19.03846154,17.57692308,10.05384615,18.26153846,24.27692308,15.30769231,18.65384615,14.18461538,
285.9190564,13.08461538,16.10769231,12.58461538,10.23846154,18.28461538,12.39230769,11.34615385,10.02307692,14.66923077,8.746153846,
286.1341721,17.60769231,25.68461538,17.06153846,17.74615385,23.46153846,18.5,22.70769231,17.76923077,15.72307692,21.79230769,
286.3492775,16.15384615,14.01538462,15.20769231,14.86153846,8.4,10.38461538,9.346153846,13.33076923,11.25384615,11.23076923,
286.5643723,18.40769231,18.66923077,15.49230769,22.46923077,18.78461538,24.3,13.12307692,12.08461538,17.62307692,23.06923077,
286.7794568,16.62307692,18.40769231,16.27692308,17.43076923,18.86923077,12.07692308,17.15384615,10.8,25.95384615,19.00769231,
286.9945308,17.31538462,21.48461538,9.392307692,16.48461538,16.72307692,14,17.40769231,20.73846154,20.12307692,22.30769231,
287.2095943,11.34615385,20.92307692,14.52307692,10.85384615,13.82307692,14.39230769,12.93076923,14.77692308,12.48461538,12.63076923,
287.4246474,18.85384615,16.64615385,18.35384615,12.36923077,21.58461538,18.46923077,21.51538462,11.32307692,23.78461538,19.64615385,
287.63969,13.1,11.5,12.12307692,17.18461538,14.22307692,9.692307692,9.853846154,20.92307692,16.61538462,11.13076923,
287.8547222,21.51538462,16.45384615,16.96153846,25.38461538,19.56153846,20.53846154,18.14615385,9.269230769,20.37692308,18.88461538,
288.0697439,16.64615385,21.76923077,11.46153846,12.89230769,17.76923077,9.392307692,16.16923077,16.06923077,18.15384615,11.08461538,
288.2847552,29.32307692,14.06153846,7.438461538,27.95384615,17.5,26.80769231,13.4,18.8,12.46923077,26.63076923,
288.499756,21.03076923,18.16153846,16.12307692,14.48461538,14.5,6.284615385,16.80769231,17.34615385,14.1,15.56923077,
288.7147463,21.25384615,15.80769231,13.78461538,20.43076923,18.46153846,13.89230769,19.53076923,18.32307692,18.84615385,21.33076923,
288.9297262,13.53076923,14.17692308,15.08461538,20.28461538,15.6,9.215384615,7.569230769,6.3,13.66153846,16.25384615,
289.1446956,20.92307692,13.80769231,19.00769231,8.884615385,28.53076923,17.40769231,20.11538462,21.44615385,25.65384615,17.16923077,
289.3596545,22.15384615,12.35384615,20.06923077,21.96923077,14.37692308,17.43076923,14.71538462,22.03076923,12.35384615,14.36153846,
289.5746029,11.72307692,9.315384615,20.76923077,15.36923077,20.52307692,18.30769231,15.58461538,17.14615385,28.05384615,15.35384615,
289.7895409,19.89230769,14.6,13.82307692,14.26153846,15.88461538,14.23846154,17.75384615,13.04615385,11.17692308,15.73076923,
290.0044684,17.63846154,16.38461538,25.28461538,17.18461538,14.56153846,25.30769231,20.72307692,23.62307692,18.40769231,17.23076923,
290.2193854,19.24615385,13.54615385,24.10769231,9.646153846,20.78461538,11.42307692,18.17692308,11.56153846,11.87692308,14.99230769,
290.4342919,20.36153846,15.94615385,15.17692308,21.64615385,18.20769231,8.284615385,21.37692308,18.44615385,25.08461538,21.51538462,
290.6491879,13.94615385,19.40769231,7.761538462,17.96153846,13.08461538,16.49230769,11.81538462,9.507692308,17.23846154,9.207692308,
290.8640735,22.84615385,17.59230769,15.71538462,21.24615385,16.50769231,13.70769231,20.64615385,19.58461538,13.01538462,19.26153846,
291.0789485,17.84615385,18.70769231,15.26923077,22.46923077,19.87692308,13.30769231,16.36923077,10.72307692,17.93846154,11.9,
291.2938131,13.42307692,21.13846154,9.930769231,23.24615385,16.42307692,23.51538462,14.9,22.37692308,13.14615385,16.33076923,
291.5086671,18.56923077,26.09230769,15.94615385,23.53076923,8.861538462,10.53846154,19.41538462,23.06153846,14.02307692,15.71538462,
291.7235107,12.02307692,19.96923077,21.13076923,20.36153846,12.83076923,20.81538462,22.58461538,15.93846154,11.47692308,13.66923077,
291.9383437,6.4,9.707692308,18.32307692,15.78461538,15.91538462,13.59230769,15.87692308,12.33846154,21.96153846,14.81538462,
292.1531663,18.23076923,22.34615385,22.96923077,21.46923077,20.00769231,15.16923077,19.86923077,22.16923077,17.93846154,23.06923077,
292.3679783,16.46923077,13.9,12.31538462,8.776923077,11.71538462,13.63846154,20.25384615,17.24615385,14.56923077,15.46923077,
292.5827798,19.26153846,16.99230769,21.13846154,24.28461538,22.70769231,14.10769231,28.06923077,24.87692308,24.69230769,19.98461538,
292.7975709,19.43846154,25.84615385,14.02307692,14.74615385,17.40769231,11.48461538,14.20769231,10.64615385,18.23846154,17.66153846,
293.0123514,11.59230769,22.30769231,15.94615385,18.52307692,16.40769231,14.6,22.44615385,7.630769231,24.87692308,19.90769231,
293.2271214,20.92307692,13.56923077,18.06923077,20.65384615,12.56153846,7,20.18461538,17.06153846,16.99230769,17.37692308,
293.4418808,29.86923077,17.54615385,19.62307692,18.46153846,13.16923077,14.36153846,20.80769231,19.32307692,17.46153846,18.03076923,
293.6566298,18.27692308,12.94615385,7.784615385,12.21538462,16.58461538,10.36923077,20.81538462,13.57692308,18.27692308,16.40769231,
293.8713682,19.66153846,25.68461538,15.45384615,23.36923077,16.30769231,24.5,21.48461538,14.13846154,24.57692308,22.43076923,
294.0860961,25.73076923,23.13846154,5.984615385,15.34615385,16.65384615,12.5,12.4,18.90769231,19.90769231,31.85384615,
294.3008135,14.04615385,17.24615385,18.89230769,9.553846154,14.9,23.86923077,17.90769231,28.28461538,30.25384615,16.14615385,
294.5155203,16.31538462,11.98461538,6.623076923,22.56923077,16.1,11.45384615,20.54615385,12.13076923,11.30769231,20.08461538,
294.7302166,18.91538462,27.44615385,29.63846154,22.53076923,21.88461538,18.43076923,23.76923077,16.30769231,20.65384615,20.47692308,
294.9449024,8.553846154,17.24615385,18.63076923,12.73846154,20.47692308,17.37692308,16.75384615,15.56153846,14.19230769,19.35384615,
295.1595776,21.18461538,25.78461538,25.26923077,31.98461538,17.80769231,23.31538462,21.30769231,11.51538462,18.69230769,16.36153846,
295.3742423,11.00769231,15.20769231,17.93846154,22.94615385,15.50769231,15.94615385,18.17692308,15.87692308,11.89230769,18.38461538,
295.5888964,24.26153846,20.44615385,16.43846154,26.71538462,22.07692308,13.96153846,25.57692308,18.12307692,20.9,7.930769231,
295.80354,14.63076923,19.34615385,17.63846154,12.37692308,20.66153846,18.66153846,28.97692308,18.02307692,21.97692308,24.29230769,
296.0181731,26.81538462,18.54615385,11.63846154,21.75384615,14.80769231,16.19230769,23.80769231,18.76923077,17.82307692,17.26153846,
296.2327956,14.62307692,14.12307692,22.73076923,22.04615385,21.18461538,12.68461538,22.36923077,10.40769231,27.8,18.23076923,
296.4474075,14.28461538,18.70769231,13.85384615,29.26923077,18.37692308,27.16923077,19.11538462,15.22307692,23.61538462,17.51538462,
296.6620089,17.28461538,20.98461538,16.06923077,14.57692308,12.28461538,14.83076923,26.28461538,11.72307692,23.91538462,27.63076923,
296.8765997,27.32307692,17,17.76923077,23.08461538,17.31538462,18.49230769,24.81538462,14.49230769,14.11538462,21.64615385,
297.09118,19.71538462,19.84615385,21.03076923,23.14615385,15.78461538,20.36923077,13.79230769,17.38461538,7.676923077,9.607692308,
297.3057497,29.80769231,21.78461538,22.46923077,18.39230769,17.24615385,18.46923077,19.70769231,13.00769231,16.54615385,25.23076923,
297.5203089,19.62307692,11.40769231,11.16923077,16.34615385,25.07692308,21.06923077,13.28461538,20.67692308,14.33076923,23.56923077,
297.7348574,16.56923077,16.80769231,14.87692308,22.11538462,17.69230769,22.66923077,20.95384615,19.69230769,31.65384615,24.98461538,
297.9493955,18.15384615,20.18461538,21.07692308,13.86923077,14.16923077,16.30769231,24.78461538,7.707692308,15.53846154,12.38461538,
298.1639229,18.03846154,13.58461538,25.16153846,16.2,21.06153846,24.45384615,7.607692308,15.32307692,19.85384615,17.28461538,
298.3784397,22.60769231,11.91538462,17.85384615,18.54615385,13.12307692,13.13846154,13.98461538,12.23846154,21.51538462,24.47692308,
298.592946,19.79230769,13.10769231,16.53076923,18.31538462,14.16923077,18.44615385,13.68461538,22.14615385,16.47692308,14.6,
298.8074417,20.2,14.58461538,19.11538462,16.95384615,22.86153846,11.21538462,14.81538462,13.28461538,11.90769231,16.96153846,
299.0219269,27.12307692,16.54615385,22.66153846,15.86153846,12.91538462,25.10769231,20.95384615,19.05384615,21.68461538,25.53076923,
299.2364014,17.40769231,16.91538462,16.02307692,12.30769231,24.58461538,8.561538462,18.40769231,16.39230769,13.65384615,12.65384615,
299.4508653,22.96153846,22.58461538,14.76153846,18.98461538,21.47692308,13.28461538,15.77692308,16.54615385,16.75384615,25.06153846,
299.6653187,14.96153846,17.40769231,7.846153846,10.83076923,20.37692308,15.06153846,22.30769231,14.28461538,14.71538462,20.33076923,
299.8797615,28.50769231,14.52307692,17.05384615,17.03076923,23.33076923,13.97692308,27.28461538,17.23846154,15.69230769,13.48461538,
300.0941936,19.55384615,21.68461538,12.93076923,14.31538462,13.37692308,16.24615385,16.91538462,16.03846154,14.64615385,18.9,
300.3086152,17.86153846,28.38461538,14.78461538,26.94615385,15.4,15.56923077,16.00769231,25.12307692,27.09230769,21.83076923,
300.5230262,14.65384615,24.14615385,14.76923077,23.24615385,12.00769231,15.76153846,29.21538462,13.56153846,18.63076923,16.83076923,
300.7374266,22.70769231,22.68461538,17.66153846,30.15384615,26.76153846,20.5,21.07692308,20.03846154,16.53846154,18.53076923,
300.9518164,22.88461538,18.68461538,13.93846154,23.41538462,15.76923077,18.01538462,14.24615385,11.16153846,8.738461538,18.76923077,
301.1661955,22.22307692,20.36153846,17.31538462,18.75384615,28.93846154,22.20769231,26.57692308,27.60769231,16.45384615,16.76153846,
301.3805641,22.53846154,11.54615385,17.73076923,16.49230769,12.48461538,16.22307692,4.984615385,11.16923077,18.28461538,20.66153846,
301.594922,17.54615385,17.98461538,21.13846154,18.04615385,24.16153846,23.20769231,22.38461538,11.93076923,16.35384615,21.73076923,
301.8092694,14.43076923,18.90769231,21.03846154,12.94615385,22.57692308,16.88461538,14.16153846,19.94615385,19.22307692,13.77692308,
302.0236061,29.92307692,22.54615385,16.66923077,13.84615385,21.26153846,20.76923077,21.71538462,17.73076923,17.06153846,15.09230769,
302.2379322,17.34615385,23.6,9.5,16.23076923,14.5,11.3,13.04615385,6.753846154,25.57692308,12.04615385,
302.4522477,30.72307692,18.84615385,17.23076923,29.48461538,21.66153846,16.95384615,27.51538462,22.44615385,23.81538462,17.03076923,
302.6665525,22.72307692,12.48461538,7.646153846,14.13076923,14.67692308,19.54615385,13.51538462,9.392307692,16.40769231,19.23076923,
302.8808468,21.92307692,23.74615385,26.23846154,24.53076923,20.46153846,9.069230769,21.87692308,20.81538462,31.05384615,18.76153846,
303.0951304,18.40769231,21.14615385,16.86923077,15.60769231,29.76153846,21.90769231,17.8,16.82307692,12.78461538,19.26923077,
303.3094033,21.12307692,14.60769231,10.6,23.84615385,16.68461538,8.492307692,16.84615385,17.83846154,25.64615385,15.03846154,
303.5236657,12.76153846,9.638461538,10.13076923,20.35384615,15.76153846,19.76923077,30.01538462,15.54615385,19.55384615,12.85384615,
303.7379174,19.11538462,28.16153846,19.13846154,10.76923077,19.77692308,19.63076923,13.71538462,26.37692308,20.70769231,19.14615385,
303.9521585,8.3,14.1,17.71538462,14.93076923,24.03076923,7.307692308,12.15384615,13.96153846,17.48461538,22.50769231,
304.1663889,26.22307692,14.84615385,27.83076923,24.93076923,20.30769231,21.1,17.47692308,7.376923077,17.87692308,18.38461538,
304.3806087,20.76153846,19.16153846,5.692307692,20.71538462,24.26153846,11.70769231,8.592307692,18.45384615,27.91538462,14.43076923,
304.5948178,22.11538462,20.6,25.33076923,19.65384615,17.76153846,20.90769231,18.52307692,23.07692308,26.45384615,18.68461538,
304.8090163,12.21538462,8.2,15.96153846,13.55384615,23.77692308,9.876923077,17.41538462,10.86153846,14.83846154,17.73846154,
305.0232042,22.83076923,24.88461538,17.4,16.61538462,29.76153846,10.70769231,22.55384615,20.35384615,12.21538462,23.63076923,
305.2373813,14.69230769,18.37692308,15.23076923,24.38461538,11.6,23.7,15.61538462,17.25384615,15.15384615,17.03076923,
305.4515479,19.07692308,14.14615385,19.19230769,15.18461538,16.27692308,12.38461538,14.11538462,18.62307692,24.09230769,17.7,
305.6657038,22.72307692,23.38461538,17.44615385,13.16153846,17.42307692,21.80769231,13.92307692,17.62307692,14.46923077,22.1,
305.879849,13.43846154,24.18461538,17.57692308,16.41538462,22.08461538,23.06923077,26.60769231,21.02307692,19.09230769,28.93076923,
306.0939835,20.41538462,18.34615385,19.63076923,19.69230769,17.99230769,20.7,22.9,15.14615385,23.65384615,14.96923077,
306.3081074,35.82307692,25.50769231,18.6,24.38461538,16.56153846,17.65384615,21.47692308,29.42307692,16.86153846,20.80769231,
306.5222207,19.84615385,16.40769231,16.42307692,20.33076923,18.29230769,15.36153846,21.37692308,18.52307692,18.45384615,11.73076923,
306.7363232,28.23076923,15.88461538,14.73076923,17.2,6.592307692,21.70769231,18.77692308,26.65384615,24.51538462,31.54615385,
306.9504151,23.87692308,23.70769231,16.08461538,20.58461538,21.38461538,14.7,13.01538462,15.66153846,12.57692308,13,
307.1644963,21.43076923,19.8,18.76923077,16.63076923,23.18461538,14.98461538,21.31538462,18.13846154,16.30769231,27.23076923,
307.3785669,9.261538462,11.60769231,20.23076923,13.63076923,14.19230769,19.2,6.976923077,29.42307692,12.88461538,20.23076923,
307.5926267,16.16923077,20.50769231,17.66923077,11.13846154,25.27692308,23.66923077,14.4,34.42307692,19.24615385,19.33076923,
307.8066759,11.62307692,20.40769231,9.615384615,17.04615385,11.1,24.70769231,14.90769231,13.50769231,20.35384615,13.83076923,
308.0207144,15.26923077,20.48461538,28.23076923,22.68461538,12.29230769,18.76923077,32.07692308,10.01538462,21.66153846,20.44615385,
308.2347422,12.76153846,16.4,18.36153846,19.73076923,17.73076923,11.33076923,18.80769231,10.77692308,20.36923077,18.71538462,
308.4487593,13.49230769,22.98461538,19.82307692,25.78461538,12.99230769,9.946153846,17.01538462,20.44615385,15.57692308,19.77692308,
308.6627657,18.96153846,15.96153846,14.87692308,21.94615385,17.31538462,23.83846154,24.34615385,16.22307692,21.47692308,15.48461538,
308.8767615,22.62307692,17.28461538,20.53846154,17.79230769,16.38461538,22.60769231,34.37692308,23.22307692,22.15384615,15.83076923,
309.0907465,22.15384615,15.08461538,21.61538462,17.68461538,14.78461538,20.87692308,12.77692308,19.01538462,10.66153846,15.13846154,
309.3047209,22.96923077,32.68461538,26.53076923,26.78461538,23.06923077,17.16153846,23.10769231,21.48461538,16.90769231,17.03846154,
309.5186845,23.04615385,14.46923077,21.63076923,14.53846154,18.82307692,8.830769231,18.74615385,20.57692308,13.62307692,10.74615385,
309.7326374,18.81538462,24.88461538,26.63076923,28.68461538,25.10769231,20.43846154,22.5,24.28461538,23.93076923,25.23076923,
309.9465797,20.16153846,19.76153846,8.761538462,22.43076923,20.71538462,13.05384615,18.68461538,17.88461538,18.09230769,18.13076923,
310.1605112,27.20769231,29.84615385,16.35384615,25.58461538,23.23076923,19.64615385,25.50769231,20.89230769,21.3,30.51538462,
310.374432,14.56923077,18.80769231,16.03846154,12.97692308,20.41538462,20.7,15.81538462,15.42307692,19.46153846,19.44615385,
310.5883421,20.78461538,29.08461538,20.11538462,19.22307692,22.38461538,19.90769231,26.17692308,16.41538462,17.97692308,18.59230769,
310.8022415,7.661538462,14.69230769,15.1,12.93076923,17.86153846,21.40769231,23.86923077,10.90769231,20.29230769,8.661538462,
311.0161302,32.06153846,18.43846154,21.36923077,18.16923077,22.46153846,26.69230769,15.83846154,27.7,19.63076923,22.50769231,
311.2300081,17.20769231,21.44615385,18.03846154,19.01538462,7.630769231,13.76923077,13.91538462,17.28461538,13.11538462,22.03076923,
311.4438754,24.52307692,28.88461538,11.76153846,23.3,14.04615385,11.15384615,17.31538462,20.42307692,12.94615385,16.14615385,
311.6577319,18.5,14.66153846,19.13076923,16.66923077,14.31538462,8.561538462,7.523076923,10.26923077,11.65384615,16.56923077,
311.8715776,22.22307692,19.43846154,21.66923077,23.43076923,18.76923077,13.64615385,16.50769231,22.11538462,12.30769231,16.18461538,
312.0854127,25.25384615,16.38461538,17.14615385,17.64615385,14.56153846,18.23076923,13.03846154,16.17692308,16.06923077,17.4,
312.299237,18.53846154,21.88461538,12.90769231,28.08461538,30.66153846,25.50769231,28.00769231,17.73846154,17.5,17.48461538,
312.5130506,24.15384615,21.30769231,14.93846154,16.66923077,21.46153846,11.9,11.84615385,15.23846154,9.053846154,12.27692308,
312.7268534,16.33846154,21.50769231,13.22307692,23.56923077,16.38461538,13.30769231,23.90769231,19.50769231,23.73076923,20.03846154,
312.9406455,24.91538462,15.65384615,16.06923077,10.83076923,21.48461538,15.80769231,19.50769231,9.4,18.79230769,27.77692308,
313.1544269,15.83846154,17.14615385,13.79230769,19.76923077,13.47692308,14.86153846,21.80769231,28.07692308,15.81538462,18.36153846,
313.3681975,15.72307692,21.24615385,14.36923077,22.78461538,19.66153846,9.807692308,19.94615385,13.26153846,15.14615385,13.27692308,
313.5819574,25.58461538,18.78461538,18.92307692,12.26153846,15.56153846,20.25384615,22.32307692,13.01538462,29.45384615,31.33076923,
313.7957065,17.52307692,18.70769231,13,21.58461538,17.25384615,13.95384615,16.44615385,15.62307692,21.40769231,13.83076923,
314.0094449,21.22307692,22.28461538,17.76153846,27.66923077,21.4,11.4,26.58461538,22.67692308,19.41538462,22.28461538,
314.2231725,17.64615385,17.74615385,13.78461538,18.94615385,12.71538462,11.31538462,8.776923077,13.43076923,22.6,21.23076923,
314.4368893,15.02307692,27.38461538,23.02307692,18.43076923,18.73076923,21.38461538,19.04615385,16.43846154,15.71538462,17.40769231,
314.6505955,18.22307692,19.20769231,20.43076923,21.18461538,13.95384615,25,11.5,10.01538462,25.46153846,14.89230769,
314.8642908,24.53846154,27.54615385,19.05384615,15.46923077,21.67692308,16.20769231,22.07692308,24.26153846,14.98461538,31.31538462,
315.0779754,19.90769231,13.4,25.71538462,26.26923077,13.58461538,17.83076923,25.91538462,19.67692308,13.28461538,13.16923077,
315.2916492,22.81538462,12.24615385,10.7,20.68461538,20.86153846,21.03846154,23.54615385,24.42307692,15.47692308,11.33846154,
315.5053122,17.1,16.14615385,15.84615385,12.59230769,20.66923077,16.05384615,14.99230769,26.52307692,24.47692308,10.56923077,
315.7189645,18.90769231,14.14615385,13.86923077,25.58461538,13.87692308,17.00769231,19.50769231,13.86923077,21.68461538,23.83076923,
315.932606,22.53076923,16.54615385,7.561538462,17.76923077,16.02307692,21.10769231,12.36923077,17.69230769,15.94615385,16.80769231,
316.1462367,20.9,17.48461538,13.31538462,23.78461538,20.8,22.56923077,26.21538462,22.66153846,13.58461538,14.13076923,
316.3598567,12.33076923,17.16923077,16.56923077,18.08461538,18.18461538,13.19230769,18.42307692,18.76923077,17,10.66923077,
316.5734659,28.12307692,13.44615385,10.66153846,24.34615385,18.86153846,17.71538462,24.18461538,18.85384615,26.45384615,21.23076923,
316.7870642,24.90769231,17.00769231,16.40769231,22.68461538,17.5,16.56923077,18.92307692,22.93846154,17.04615385,13.05384615,
317.0006518,15.31538462,22.44615385,19.22307692,28.84615385,19.57692308,15.11538462,24.71538462,16.06923077,25.54615385,10,
317.2142286,22.39230769,13.98461538,24.76923077,12.80769231,8.907692308,27.96923077,21.58461538,23.03846154,22.01538462,19.78461538,
317.4277947,21.11538462,9.823076923,18.46923077,36.28461538,23.13076923,12.8,25.54615385,27.02307692,28.88461538,22.37692308,
317.6413499,16.89230769,21.30769231,23.44615385,19.67692308,24.1,21.06923077,14.56153846,20.62307692,2.369230769,16.27692308,
317.8548943,24.40769231,26.64615385,21.33846154,28.94615385,29.26153846,21.13076923,27.07692308,10.80769231,21.93076923,28.76153846,
318.068428,10.44615385,9.161538462,15.27692308,20.61538462,17.26153846,14.9,21.97692308,23.27692308,20.04615385,17.88461538,
318.2819508,19.06923077,18.00769231,23.17692308,22.76153846,18.57692308,22.49230769,15.26923077,13.04615385,22.46153846,19.15384615,
318.4954629,20.92307692,23.68461538,18.07692308,24.54615385,26.28461538,19.82307692,24.58461538,22.43846154,12.33846154,29.25384615,
318.7089641,21.42307692,26.48461538,14.81538462,22.23846154,23.86153846,29.20769231,22.61538462,27.88461538,21.74615385,25.35384615,
318.9224545,15.55384615,21.30769231,16.36153846,12.8,21.26153846,17.20769231,17.71538462,4.738461538,12.88461538,15.93076923,
319.1359341,19.47692308,16.8,20.33846154,29.58461538,20.68461538,17.9,17.71538462,14.43846154,30.35384615,25.68461538,
319.3494029,23.62307692,20.55384615,13.20769231,17.46923077,14.87692308,13.73076923,21.17692308,15.26923077,10.66153846,17.88461538,
319.5628609,19.87692308,17.50769231,20.32307692,12.96923077,18.18461538,20.03076923,26.11538462,15,9.269230769,27.26153846,
319.7763081,25.36153846,10.74615385,13.60769231,20.44615385,21.76153846,20.12307692,16.74615385,22.39230769,6.692307692,25.01538462,
319.9897444,27.71538462,28.08461538,32.13846154,18.08461538,20.47692308,26.30769231,16,14.64615385,19.04615385,25.16153846,
320.20317,19.7,20.02307692,19.38461538,17.59230769,12.3,22.5,21.74615385,11.93846154,21.44615385,25.04615385,
320.4165847,16.76923077,14.30769231,12.06923077,23.03076923,13.62307692,13.15384615,25.76153846,17.83076923,22.61538462,18.13076923,
320.6299886,24.43846154,23.74615385,13.71538462,28.56923077,17.97692308,16.06153846,17.48461538,22.53846154,25.26923077,29.81538462,
320.8433816,19.82307692,12.30769231,22.47692308,23.53076923,21.06153846,25.43076923,26.72307692,23.2,17.75384615,26.88461538,
321.0567638,21.41538462,23.88461538,15.78461538,20.49230769,17.84615385,21.40769231,28.61538462,20.70769231,16.53076923,18.53076923,
321.2701352,24.62307692,26.78461538,27.15384615,27.74615385,24.56153846,19.16923077,24.31538462,23.92307692,14.13846154,19.56153846,
321.4834958,19.00769231,16.20769231,21.26153846,9.284615385,21.4,13.34615385,20.47692308,21.12307692,14.48461538,16.36923077,
321.6968455,21.17692308,19.44615385,17.06923077,27.86923077,15.49230769,25.79230769,16.88461538,22.58461538,20.85384615,15.84615385,
321.9101844,21.43076923,25.18461538,20.16923077,23.78461538,18.26153846,10.50769231,17.20769231,26.93076923,24.67692308,4.346153846,
322.1235124,23.45384615,22.23846154,24.56153846,17.61538462,24.67692308,17.33076923,18.60769231,25.73846154,18.80769231,15.88461538,
322.3368296,18.01538462,18.74615385,18.64615385,20.41538462,13.12307692,13.1,14.98461538,26.82307692,17.74615385,17.30769231,
322.5501359,23.01538462,17.54615385,22.71538462,16.64615385,21.65384615,24.63076923,19.31538462,13.9,21.12307692,21.43076923,
322.7634314,18.00769231,23.88461538,21.56923077,10.07692308,16.86153846,14.26153846,15.27692308,24.03846154,18.32307692,14.30769231,
322.9767161,25.13076923,30.34615385,18.12307692,25.44615385,29.13076923,14.35384615,20.38461538,17.62307692,19.91538462,11.58461538,
323.1899898,23.68461538,23.24615385,13.56923077,12.53076923,15.46153846,17.3,28.02307692,16.34615385,18.45384615,15.10769231,
323.4032528,24.46153846,23.08461538,16.72307692,24.26153846,20.76153846,21.33076923,17.97692308,18.92307692,14.67692308,20.33076923,
323.6165048,9.138461538,17.70769231,19.56153846,20.78461538,27.96153846,14.6,24.10769231,13.10769231,15.57692308,23.86153846,
323.829746,20.92307692,22.98461538,18.95384615,33.28461538,22.52307692,13.09230769,15.84615385,23.02307692,22.75384615,28.49230769,
324.0429764,22.26923077,13.67692308,13.32307692,19.14615385,8.984615385,13.72307692,19.92307692,15.58461538,13.23846154,20.18461538,
324.2561958,26.02307692,21.68461538,21.63076923,23.78461538,21.26153846,23.43076923,19.07692308,16.27692308,19.07692308,22.85384615,
324.4694044,16.35384615,23.94615385,15.60769231,26.45384615,27.51538462,23.56923077,17.65384615,6.684615385,10.23846154,12.48461538,
324.6826021,27.62307692,25.04615385,18.66153846,25.26153846,30.76153846,18.30769231,31.37692308,22.42307692,17.79230769,19.7,
324.895789,25.82307692,22.34615385,12.26923077,11.80769231,23.38461538,13.45384615,18.11538462,25.82307692,19.30769231,16.26153846,
325.108965,24.12307692,28.54615385,19.13846154,26,18.7,23.53846154,20.94615385,13.69230769,17.11538462,25.80769231,
325.3221301,11.47692308,20.29230769,24.36153846,16.86923077,16.38461538,19.80769231,13.85384615,9.746153846,10.64615385,14.45384615,
325.5352843,32.86153846,23.64615385,25.03076923,27.28461538,15.98461538,19.58461538,25.20769231,22.30769231,22.27692308,13.40769231,
325.7484276,30.22307692,17.44615385,16.97692308,25.96923077,24.26153846,18.81538462,24.96923077,17.37692308,21.18461538,27.25384615,
325.96156,18.93846154,23.14615385,14.8,27.06923077,21.52307692,8.323076923,21.14615385,15.05384615,23.08461538,25.44615385,
326.1746816,27.72307692,21.80769231,21.23846154,10.83076923,16.82307692,15.17692308,13.93846154,19.36153846,23.47692308,17.14615385,
326.3877923,12.75384615,19.64615385,21.91538462,17.14615385,18.66153846,18.4,16.80769231,16.68461538,31.15384615,25.43076923,
326.600892,24.11538462,15.24615385,11.60769231,27.48461538,14.09230769,18.71538462,12.26923077,17.64615385,13.94615385,13.66153846,
326.8139809,25.15384615,18.55384615,19.10769231,25.34615385,27.10769231,13.3,21.38461538,18.63846154,24.77692308,29.83076923,
327.0270589,23.42307692,18.44615385,14.03076923,24.15384615,17.6,17.19230769,15.94615385,9.353846154,19.2,18.95384615,
327.2401259,24.79230769,18.40769231,25.01538462,23.34615385,25.97692308,29.53846154,14.34615385,21.58461538,27.01538462,29.24615385,
327.4531821,17.7,14.11538462,17.96153846,13.29230769,14.19230769,12.99230769,15.80769231,13.66153846,17.04615385,13.34615385,
327.6662274,26.62307692,26.50769231,23.93846154,20.93076923,18.86923077,19.40769231,35.07692308,31.92307692,20.07692308,29.73076923,
327.8792617,34.42307692,16.10769231,13.66153846,24.58461538,10.66923077,9.069230769,19.12307692,10.62307692,15.08461538,13.74615385,
328.0922851,29.43076923,21.58461538,18.26923077,29.38461538,26.28461538,15.99230769,26.01538462,16.51538462,14.44615385,27.21538462,
328.3052977,16.26153846,19.00769231,26.43846154,16.81538462,20.63076923,17.46153846,16.08461538,13.61538462,16.77692308,18.13076923,
328.5182993,21.10769231,18.64615385,17.87692308,29.56923077,26.66153846,17.06923077,19.16153846,15.84615385,23.61538462,25.46923077,
328.73129,19.59230769,15.06153846,14.13846154,15.39230769,21.27692308,15.66153846,15.85384615,20.48461538,19.42307692,18.58461538,
328.9442698,23.10769231,30.04615385,26.03076923,25.88461538,17.50769231,21.48461538,33.87692308,20.86923077,30.35384615,27.33076923,
329.1572386,18.62307692,23.39230769,15.06153846,26.73076923,10.86923077,18,20.03846154,24.50769231,13.1,18.95384615,
329.3701965,14.53846154,19.18461538,13.96923077,24.74615385,18.87692308,25.40769231,20.12307692,24.92307692,16.9,23.23076923,
329.5831435,25.02307692,20.86153846,24.33076923,12.21538462,24.06923077,20.10769231,16.46153846,23.14615385,16.95384615,23.00769231,
329.7960796,37.92307692,20.20769231,25.33076923,19.53076923,16.78461538,22.43846154,28.57692308,15.27692308,21.17692308,28.44615385,
330.0090047,24.62307692,15.48461538,19.30769231,14.33076923,17.5,19.89230769,17.35384615,16.97692308,26.35384615,17.06153846,
330.2219189,23.60769231,24.94615385,10.64615385,23.68461538,22.28461538,21.43076923,21.51538462,13.62307692,24.61538462,21.63076923,
330.4348222,19.96153846,26.08461538,15.65384615,12.53076923,8.746153846,21.40769231,19.70769231,21.56153846,15.50769231,19.13076923,
330.6477145,24.4,22.64615385,19.76923077,24.06923077,21.34615385,26.00769231,20.10769231,18.15384615,19.37692308,19.33076923,
330.8605959,30.92307692,18.24615385,18.67692308,25.21538462,21.46153846,16.84615385,7.284615385,14.74615385,25.76923077,19.33076923,
331.0734663,18.25384615,27.54615385,26.73076923,14.84615385,19.30769231,23.56923077,13.16923077,18.32307692,25.66153846,13.43076923,
331.2863258,21.11538462,19.96153846,22.81538462,20.88461538,20.9,22.45384615,11.60769231,16.34615385,19.9,22.51538462,
331.4991744,21.92307692,30.80769231,15.04615385,11.88461538,19.88461538,26.36153846,20.11538462,25.02307692,16.98461538,18.01538462,
331.7120119,20.12307692,22.44615385,12.55384615,21.86923077,13.9,15.32307692,16.71538462,20.43076923,19.78461538,19.73076923,
331.9248386,30.62307692,25.68461538,28.73076923,16.23846154,26.76153846,16.96153846,26.88461538,17.83076923,21.61538462,23.66923077,
332.1376542,17.44615385,16.48461538,4.315384615,18.93076923,23.12307692,16.11538462,18.53846154,15.63846154,17.07692308,21.91538462,
332.350459,28.02307692,27.18461538,24.53076923,25.28461538,31.16153846,26.30769231,22.51538462,21.42307692,19.17692308,18.43076923,
332.5632527,19.11538462,19.58461538,11.17692308,14.79230769,19.15384615,11.85384615,16.19230769,17.24615385,10.81538462,14.03076923,
332.7760355,25.62307692,21.60769231,31.03076923,18.86923077,28.88461538,16.03076923,22.06153846,20.34615385,25.75384615,29.63076923,
332.9888073,18.10769231,14.84615385,20.86153846,14.35384615,18.68461538,14.40769231,14,13.23846154,29.72307692,16.7,
333.2015682,18.66923077,19.86153846,17.83846154,23.03076923,20.88461538,9.269230769,26.67692308,21.83846154,19.83846154,33.03076923,
333.4143181,10.08461538,18.64615385,12.13846154,22.34615385,19.97692308,18.9,25.84615385,12.44615385,14.20769231,13.48461538,
333.627057,26.70769231,21.03846154,18.86153846,23.71538462,29.37692308,13.99230769,19.20769231,23.22307692,23.72307692,28.04615385,
333.8397849,22.11538462,22.00769231,14.46153846,20.14615385,14.34615385,21.72307692,28.74615385,24.14615385,18.45384615,8.861538462,
334.0525019,21.23076923,25.60769231,30.43076923,18.46153846,23.87692308,16.56923077,19.32307692,24.80769231,17.95384615,25.96923077,
334.2652078,14.19230769,27.70769231,20.13076923,25.28461538,27.76153846,15.83076923,15.73076923,18.35384615,14.35384615,14.94615385,
334.4779028,26.06153846,31.14615385,18.03076923,26.63076923,10.01538462,22.33076923,40.57692308,22.23846154,31.51538462,19.33846154,
334.6905868,29.90769231,18.24615385,14.57692308,25.48461538,19.5,13.06923077,19.13076923,13.72307692,20.61538462,19.13076923,
334.9032598,23.77692308,22.00769231,22.93076923,29.48461538,18.66923077,19.58461538,15.94615385,13.16153846,17.60769231,23.26923077,
335.1159219,30.43076923,23.34615385,18.13076923,16.80769231,16.52307692,18.16923077,8.015384615,10.46153846,17.95384615,15.22307692,
335.3285729,29.12307692,18.54615385,19.31538462,19.48461538,21.37692308,22.90769231,15.23846154,26.72307692,15.57692308,21.58461538,
335.5412129,26.33076923,22.34615385,36.43076923,12.46923077,20.37692308,16.03076923,19.21538462,9.884615385,29.85384615,19.05384615,
335.753842,23.61538462,22.68461538,12.10769231,37.86923077,22.28461538,17.79230769,19.34615385,20.04615385,20.65384615,17.1,
335.96646,17.56923077,17.98461538,18.53076923,27.88461538,20.12307692,10.76153846,26.87692308,13.95384615,21.67692308,17.73846154,
336.1790671,26.12307692,23.84615385,17.16153846,21.24615385,13.62307692,19.98461538,17.00769231,19.46153846,26.25384615,24.05384615,
336.3916631,21.52307692,15.93846154,18.23076923,26.08461538,16.73076923,19.60769231,13.53076923,21.13846154,15.97692308,20.07692308,
336.6042481,23.22307692,24.28461538,11.73846154,16.64615385,17.90769231,14.76923077,8.184615385,22.14615385,25.65384615,22.13076923,
336.8168221,23.52307692,16.80769231,9.784615385,21.08461538,18.52307692,20.67692308,16.40769231,23.78461538,20.68461538,21.88461538,
337.0293851,34.92307692,13.2,15.29230769,24.86923077,32.83076923,20.10769231,17.40769231,22.02307692,17.8,23.53076923,
337.2419371,20.35384615,19.74615385,28.81538462,21.26923077,20.36923077,17.86153846,19.89230769,24.22307692,17.65384615,20.26153846,
337.4544781,26.60769231,18.80769231,22.63076923,23.04615385,27.80769231,18,21.24615385,19.48461538,23.47692308,27.23076923,
337.667008,18.52307692,12.40769231,21.55384615,15.53076923,22.98461538,21.96923077,14.54615385,15.19230769,19.52307692,19.94615385,
337.8795269,33.88461538,30.60769231,25.65384615,33.78461538,28.76153846,17.76153846,21.70769231,24.30769231,24.85384615,24.98461538,
338.0920348,18.06153846,11.09230769,24.22307692,13.03846154,21.27692308,9.807692308,19.21538462,23.57692308,23.23846154,20.28461538,
338.3045317,23.86153846,14.90769231,21.07692308,27.58461538,30.26153846,12.73846154,26.01538462,23.87692308,19.88461538,19,
338.5170176,24.31538462,19.04615385,24.83076923,13.04615385,25.6,5.653846154,23.93846154,14.66153846,17.97692308,14.83846154,
338.7294924,28.88461538,24.28461538,21.66923077,18.6,20.50769231,18.30769231,31.67692308,15.83076923,19.27692308,23.28461538,
338.9419562,14.73076923,25.78461538,17.80769231,23.56923077,17.20769231,10.41538462,11.30769231,20.94615385,16.67692308,17.25384615,
339.1544089,29.71538462,29.34615385,17.82307692,20.65384615,23.7,18.36153846,19.08461538,22,15.12307692,11.00769231,
339.3668506,20.9,14.70769231,21.63076923,16.23076923,15.40769231,20.6,9.915384615,17.91538462,17.13076923,13.63076923,
339.5792813,25.53076923,19.53846154,27.63076923,26.26923077,20.76153846,14.96923077,29.67692308,20.72307692,18.33076923,18.63076923,
339.7917009,23.26923077,19.30769231,19.75384615,25.74615385,18.11538462,16.7,9.769230769,17.12307692,23.67692308,19.71538462,
340.0041095,18.70769231,13.86923077,32.01538462,16.26923077,21.60769231,21.60769231,26.44615385,25.68461538,30.57692308,22.11538462,
340.216507,28.86923077,21.77692308,16.06923077,22.56153846,22.48461538,19.84615385,14.98461538,15.86153846,17.78461538,24.76923077,
340.4288935,23.91538462,18.44615385,18.21538462,19.79230769,18.37692308,19.23846154,24.31538462,29.38461538,18.36923077,17.03076923,
340.6412689,19.02307692,16.96923077,19.06153846,21.76923077,16.53846154,24.30769231,20.47692308,13.1,21.74615385,22.29230769,
340.8536332,36.52307692,21.74615385,19.33076923,24.41538462,25.16923077,21.4,21.96923077,15.15384615,34.55384615,14.79230769,
341.0659865,20.52307692,20.84615385,22.26923077,28.76923077,7.784615385,8.653846154,12.64615385,20.29230769,16.05384615,19.84615385,
341.2783288,34.82307692,26.44615385,17.71538462,24.58461538,23.53076923,18.1,16.67692308,23.32307692,14.53846154,20.98461538,
341.49066,25.16923077,27.68461538,23.36153846,15.80769231,20.96153846,23.76923077,14.91538462,25.27692308,23.32307692,23.88461538,
341.7029801,22.82307692,21.09230769,17.73846154,27.93076923,25.26923077,17.70769231,20.61538462,21.30769231,26.25384615,26.83076923,
341.9152891,21.57692308,28,12.01538462,26.14615385,16.09230769,13.89230769,31.01538462,27.42307692,23.40769231,15.43846154,
342.1275871,20.62307692,33.58461538,21.01538462,19.27692308,24.96923077,19.27692308,33.18461538,15.02307692,25.49230769,28.69230769,
342.339874,13.50769231,14.34615385,13.36153846,20.55384615,17.86923077,17.80769231,26.98461538,13.68461538,13.85384615,17.11538462,
342.5521498,26.33076923,27.88461538,22.32307692,23.58461538,24.10769231,22.89230769,20.2,16.00769231,26.47692308,31.51538462,
342.7644146,26.36923077,20.44615385,15.75384615,13.71538462,16.80769231,18.20769231,17.87692308,22.86923077,28.15384615,23.88461538,
342.9766683,30.76153846,27.78461538,27.91538462,25.61538462,21.53076923,19.40769231,29.27692308,18.87692308,22.15384615,33.61538462,
343.1889108,15.77692308,22.08461538,7.2,19.14615385,22.08461538,9.838461538,15.60769231,20.61538462,12.64615385,15.11538462,
343.4011424,24.92307692,19.48461538,20.43076923,28.58461538,25.16153846,18.64615385,25.58461538,20.86923077,22.12307692,16.61538462,
343.6133628,17.53076923,20.40769231,12.16153846,27.03076923,21.18461538,17.5,13.48461538,18.91538462,25.41538462,18.15384615,
343.8255721,26.26153846,31.24615385,21.76923077,20.63076923,18.1,23.5,27.17692308,27.94615385,25.54615385,30.43076923,
344.0377703,16.32307692,29.48461538,19.54615385,26.38461538,13.82307692,21.59230769,18.28461538,16.42307692,20.97692308,18.56923077,
344.2499575,26.30769231,19.05384615,22.86923077,36.56923077,24.31538462,28.94615385,25.37692308,35.22307692,29.65384615,16.88461538,
344.4621335,23.52307692,14.78461538,14.54615385,15.81538462,31.28461538,13.50769231,27.77692308,21.37692308,23.08461538,16.93076923,
344.6742984,17.56153846,20.8,25.63076923,24.56923077,18.1,24.40769231,20.66923077,21.23846154,20.45384615,26.15384615,
344.8864523,20.29230769,22.24615385,15.26153846,15.03076923,14.7,12.20769231,25.28461538,19.88461538,22.23076923,29.96153846,
345.098595,27.58461538,28.64615385,22.45384615,27.38461538,26.46153846,23.13076923,20.13846154,15.96153846,25.32307692,21.39230769,
345.3107267,21.62307692,13.45384615,18.47692308,15.9,17.98461538,16.87692308,19.98461538,17.64615385,16.26153846,26.08461538,
345.5228472,20.62307692,14.46923077,17.94615385,33.76923077,25.86923077,23.66153846,28.57692308,26.92307692,32.65384615,17.97692308,
345.7349566,19.20769231,27.88461538,17.64615385,20.41538462,18.97692308,6.553846154,25.31538462,20.91538462,24.27692308,19.14615385,
345.9470549,27.90769231,26.88461538,23.23846154,24.24615385,19.48461538,26.00769231,21.46153846,27.10769231,17.33846154,31.93076923,
346.1591421,25.62307692,21.58461538,11.45384615,31.88461538,20.16923077,15.30769231,11.80769231,22.92307692,23.83076923,16.75384615,
346.3712181,30.22307692,29.64615385,27.33846154,36.16923077,24.08461538,20.39230769,24.97692308,24.04615385,26.61538462,16.07692308,
346.583283,22.12307692,14.84615385,18.96923077,22.34615385,30.26153846,24.13846154,23.67692308,13.62307692,16.13076923,12.39230769,
346.7953369,18.75384615,25.28461538,17.76153846,22.04615385,30.86153846,27.80769231,25.14615385,29.72307692,13.12307692,27.13076923,
347.0073796,22.43076923,24.20769231,14.28461538,23.48461538,23.38461538,10,15.91538462,19.42307692,9.669230769,20.76153846,
347.2194111,30.02307692,30.48461538,16.6,17.06923077,25.57692308,22.63846154,27.07692308,21.34615385,20.75384615,26.43076923,
347.4314315,28.61538462,18.24615385,21.86923077,14.45384615,21,21.53846154,25.18461538,18.11538462,21.21538462,20.43076923,
347.6434408,23.76923077,23.58461538,22.24615385,26.74615385,24.56153846,18.30769231,23.47692308,18.13076923,25.65384615,21.93076923,
347.855439,28.62307692,19.60769231,18.86153846,17.31538462,23.87692308,23.2,10.81538462,23.23076923,22.65384615,24.68461538,
348.067426,12.7,28.60769231,26.13846154,22.08461538,17.45384615,15.99230769,22.71538462,25.17692308,25.69230769,17.08461538,
348.2794019,27.62307692,26,18.47692308,26.46923077,19.46923077,27.40769231,22.66923077,21.72307692,20.88461538,20.57692308,
348.4913666,36.82307692,28.38461538,27.33076923,24.78461538,15.66153846,32.70769231,26.57692308,29.49230769,19.77692308,24.78461538,
348.7033202,24.03076923,24.54615385,13.83846154,20.98461538,14.47692308,29.10769231,10.24615385,27.97692308,23.59230769,24.53846154,
348.9152627,23.92307692,15.48461538,28.11538462,22.38461538,23.28461538,25.60769231,27.97692308,25.37692308,28.39230769,24.66153846,
349.127194,23.73076923,27.30769231,18.96923077,15.2,18.16923077,20.8,19.68461538,16.76923077,19.3,17.23076923,
349.3391141,26.62307692,21.88461538,12.94615385,27.78461538,24.50769231,20.25384615,11.73076923,34.52307692,21.05384615,26.35384615,
349.5510231,10.57692308,22.24615385,15.92307692,13.10769231,18.4,20.10769231,18.11538462,17.93846154,21.61538462,14.80769231,
349.7629209,19.26153846,12.84615385,30.23846154,32.21538462,19.73076923,19.69230769,20.10769231,25.13846154,27.49230769,28.43076923,
349.9748076,29.36923077,18.14615385,22.23846154,17.33076923,30.26153846,24.2,25.56923077,21.27692308,23.03846154,22.88461538,
350.1866831,29.03076923,19.88461538,15.43846154,24.84615385,27.16153846,23.30769231,30.77692308,21.83846154,34.52307692,15.16923077,
350.3985474,28.83076923,25.94615385,22.02307692,21.73076923,12.12307692,13.2,17.01538462,20.33846154,16.63846154,13.21538462,
350.6104006,24.18461538,19.16923077,25.47692308,22.05384615,17.43076923,14.1,15.21538462,21.07692308,19.65384615,21.38461538,
350.8222426,18.11538462,26.24615385,20.87692308,18.28461538,23.97692308,24.70769231,24.84615385,22.44615385,20.87692308,18.15384615,
351.0340734,27.58461538,25.84615385,16.63846154,27.98461538,22.18461538,22.46923077,20.60769231,22.27692308,25.61538462,24.54615385,
351.2458931,16.66153846,21.20769231,23.51538462,19.65384615,16.68461538,15.6,23.40769231,21.07692308,8.176923077,14.68461538,
351.4577016,28.96923077,23.38461538,28.54615385,16.63076923,23.67692308,17.86923077,22.58461538,26.66923077,16.27692308,25.05384615,
351.6694989,24.32307692,17.74615385,17.40769231,20.43076923,17.48461538,13.20769231,27.40769231,23.58461538,21.73846154,21.33076923,
351.881285,23.00769231,30.98461538,16.57692308,17.5,23.46153846,17.91538462,22.27692308,22.73076923,33.45384615,24.33076923,
352.0930599,26.30769231,22.74615385,11.73846154,14.36923077,17.03076923,21.23846154,26.77692308,22.22307692,26.65384615,22.53076923,
352.3048237,27.51538462,29.34615385,22.58461538,28.53076923,24.16153846,17.10769231,29.66923077,26.53846154,31.35384615,21.92307692,
352.5165763,27.88461538,22.48461538,18.67692308,24.78461538,22.08461538,24.10769231,19.27692308,25.47692308,32.97692308,19.01538462,
352.7283176,32.42307692,29.98461538,17.93846154,32.38461538,29.36153846,24.80769231,32.78461538,21.16153846,36.75384615,23.83076923,
352.9400478,27.32307692,37.14615385,26.2,31.98461538,23.70769231,17.5,26.28461538,15.59230769,15.93846154,21.58461538,
353.1517668,25.01538462,17.28461538,21.16923077,28.04615385,31.26153846,22.33076923,23.01538462,34.72307692,25.41538462,14.93846154,
353.3634746,16.01538462,16.84615385,19.46923077,16.96923077,21.56153846,23.19230769,19.16923077,13.68461538,16.65384615,18.55384615,
353.5751711,25.52307692,34.54615385,18.52307692,25.13076923,32.26153846,17.93846154,31.87692308,27.02307692,22.38461538,21.18461538,
353.7868565,23.92307692,15.26923077,15.00769231,30.56923077,31.73076923,16.51538462,19.78461538,18.54615385,23.67692308,21.58461538,
353.9985307,26.92307692,21.64615385,16.72307692,28.98461538,25.77692308,20.50769231,28.67692308,20.61538462,26.91538462,47.43076923,
354.2101936,23.08461538,28.18461538,28.11538462,20.03076923,27.87692308,14.22307692,16.37692308,15.60769231,18.95384615,19.46153846,
354.4218454,38.50769231,21.07692308,26.93846154,27.14615385,35.26153846,27.60769231,19.32307692,19.68461538,26.85384615,16.27692308,
354.6334859,26.44615385,24.14615385,18.86923077,27.08461538,23.10769231,14.20769231,19.24615385,17.32307692,16.48461538,13.21538462,
354.8451153,30.92307692,22.44615385,22.91538462,27.88461538,28.46153846,20.30769231,25.97692308,27.72307692,28.37692308,22.46153846,
355.0567334,14.22307692,16.50769231,20.26153846,16.85384615,19.36153846,23.01538462,22.01538462,13.48461538,22.49230769,22.16153846,
355.2683402,25.04615385,28.38461538,17.36923077,29.56923077,33.16153846,17.26923077,23.41538462,31.82307692,24.56153846,29.63076923,
355.4799359,24.52307692,10.99230769,17.72307692,21.26923077,26.46923077,16.8,16.07692308,17.30769231,29.55384615,23.78461538,
355.6915203,26.22307692,28.08461538,23.93076923,18.43076923,21.86153846,21.70769231,33.54615385,18.51538462,26.62307692,23.95384615,
355.9030936,23.32307692,19.92307692,19.67692308,22.14615385,18.55384615,24.03076923,17.90769231,24.29230769,19.48461538,17.56923077,
356.1146555,31.03076923,18.78461538,15.72307692,33.56923077,22.36923077,22.23846154,25.22307692,19.40769231,27.95384615,23.49230769,
356.3262063,24.52307692,19.84615385,16.01538462,21.75384615,19.16923077,16.46923077,19.18461538,16.94615385,13.21538462,29.43076923,
356.5377458,28.12307692,16.10769231,28.13846154,25.68461538,27.68461538,23.81538462,29.37692308,21.03846154,32.45384615,19.46153846,
356.7492741,29.02307692,23.8,20.96923077,24.58461538,18.50769231,31.89230769,24.47692308,17.12307692,21.47692308,18.64615385,
356.9607911,27.86153846,30.24615385,27.53076923,32.58461538,20.47692308,25.10769231,30.65384615,22.67692308,27.45384615,15.06923077,
357.1722969,26.79230769,18.54615385,25.33076923,21.16923077,31.16153846,18.20769231,19.50769231,15.04615385,19.1,15,
357.3837914,26.43076923,19.04615385,17.57692308,32.78461538,28.5,24.40769231,20.41538462,27.72307692,21.03076923,20.93846154,
357.5952747,29.00769231,21.68461538,24.66923077,33.68461538,18.46153846,23.70769231,15.80769231,19.06923077,13.98461538,13.95384615,
357.8067468,31.72307692,17.48461538,15.32307692,24.14615385,26.28461538,25.16923077,19.27692308,28.93846154,22.46153846,28.93076923,
358.0182076,24.8,18.86923077,23.23076923,13.13846154,31.19230769,17.02307692,22.10769231,16.54615385,18.21538462,26.58461538,
358.2296571,23.52307692,23.80769231,39.03076923,23.8,34.96153846,24.70769231,22.87692308,25.82307692,18.16153846,22.33076923,
358.4410954,32.82307692,18.84615385,19.89230769,26.96923077,27.43076923,24.8,26.37692308,16.53076923,15.16153846,19.08461538,
358.6525224,24.36153846,32.48461538,18.66923077,23.38461538,33.86153846,13.26923077,22.17692308,23.95384615,25.55384615,32.23076923,
358.8639382,30.62307692,22.40769231,22.63846154,20.13076923,17.66153846,18.12307692,21.60769231,22.15384615,20.37692308,18.08461538,
359.0753427,27.21538462,29.18461538,27.13076923,22.78461538,30.76153846,26.30769231,18.03846154,25.47692308,22.15384615,19.88461538,
359.286736,21.12307692,18.50769231,19.43076923,25.75384615,31.87692308,23.20769231,25.38461538,19.55384615,17.25384615,17.23846154,
359.4981179,32.16153846,29.48461538,16.22307692,30.26923077,20.32307692,33.04615385,25.90769231,25.61538462,19.76923077,22.9,
359.7094886,17.02307692,20.66923077,25.41538462,25.73076923,18.36153846,22.16923077,19.78461538,16.66153846,16.93076923,23.51538462,
359.920848,32.62307692,25.24615385,17.33076923,30.38461538,30.16153846,20.87692308,31.27692308,32.52307692,30.05384615,28.34615385,
360.1321962,17.95384615,19.84615385,12.83846154,17.16923077,14.38461538,22.83846154,18.10769231,17.21538462,20.8,22.96153846,
360.3435331,28.92307692,25.38461538,24.73076923,27.86923077,22.3,26.70769231,29.10769231,27.07692308,26.07692308,24.58461538,
360.5548586,20.29230769,26.78461538,22.77692308,27.28461538,29.47692308,18.43076923,9.807692308,18,21.13846154,18.95384615,
360.7661729,35.12307692,25.48461538,18.26923077,20.06923077,24.7,24.49230769,23.87692308,24.82307692,21.81538462,24.63076923,
360.977476,31.92307692,21.48461538,29.63076923,22.96923077,23.28461538,30.50769231,23.61538462,16.39230769,14.24615385,22.93076923,
361.1887677,29.22307692,31.34615385,26.04615385,31.76923077,32.86153846,24.90769231,29.48461538,30.82307692,30.85384615,29.98461538,
361.4000481,26.72307692,30.18461538,18.03846154,16.18461538,15.76153846,32.40769231,26.47692308,15.17692308,22.69230769,28.23076923,
361.6113173,29.66923077,26.64615385,19.72307692,32.08461538,23.16153846,12.10769231,23.98461538,15.62307692,36.55384615,23.98461538,
361.8225751,23.12307692,21.68461538,18.26153846,26.76923077,14.98461538,24.60769231,20.17692308,26.82307692,30.15384615,22.64615385,
362.0338217,31.42307692,21.44615385,31.81538462,23.08461538,27.4,31.06923077,19.20769231,32.02307692,27.45384615,33.23076923,
362.2450569,23.22307692,17.66153846,21.63076923,19.04615385,17.35384615,11.61538462,29.18461538,16.79230769,25.34615385,19.80769231,
362.4562809,20.25384615,13.54615385,13.24615385,33.78461538,27.6,24.20769231,28.07692308,27.72307692,23.45384615,25.38461538,
362.6674935,27.10769231,28.89230769,19.76923077,25.36923077,15.76923077,17.43076923,28.88461538,21.87692308,19.45384615,20.57692308,
362.8786949,29.92307692,19.36923077,23.83846154,23.64615385,28.63076923,26.5,22.07692308,16.7,19.73846154,27.48461538,
363.0898849,23.41538462,28.88461538,25.83846154,19.38461538,20.2,20.86923077,22.68461538,25.17692308,12.36153846,23.86153846,
363.3010636,35.22307692,20.89230769,25.73076923,34.46923077,24.73076923,29.40769231,26.57692308,12.9,24.57692308,16.48461538,
363.512231,19.86923077,25.64615385,19.48461538,28.95384615,16.08461538,15.55384615,12.53846154,31.58461538,15.05384615,19.61538462,
363.7233871,33.62307692,25.34615385,16.89230769,29.98461538,21.88461538,24.66923077,22.17692308,26.24615385,22.16923077,15.58461538,
363.9345319,23.17692308,13.67692308,13.46923077,20.63076923,25.8,21.50769231,26.10769231,20.98461538,36.85384615,20.56153846,
364.1456653,21.3,23.39230769,22.43076923,18.86923077,33.06153846,25.80769231,18.17692308,24.57692308,36.73076923,31.83076923,
364.3567874,9.869230769,16.08461538,17.40769231,24.78461538,26.12307692,23.20769231,28.10769231,21.42307692,16.26923077,19.63076923,
364.5678982,30.73076923,29.04615385,28.53076923,22.34615385,21.26153846,29.70769231,31.44615385,21.80769231,32.85384615,35.23076923,
364.7789977,21.41538462,15.98461538,29.23076923,20.38461538,18.87692308,24.36923077,18.11538462,27.15384615,19.00769231,10.63076923,
364.9900858,42.92307692,30.48461538,26.83076923,38.28461538,20.36923077,22.70769231,34.38461538,26.97692308,26.45384615,32.43076923,
365.2011626,29.46153846,29.98461538,26.13076923,29.08461538,26.3,20.40769231,17.17692308,18.73076923,25.85384615,24.76153846,
365.4122281,29.42307692,19.64615385,27.52307692,27.48461538,32.06153846,20.76923077,28.01538462,21.65384615,27.25384615,25.23076923,
365.6232822,19.80769231,19.54615385,26.33846154,15.50769231,14.88461538,16.23076923,18.3,21.52307692,12.07692308,29.83076923,
365.834325,39.62307692,31.94615385,30.86153846,26.83076923,32.86153846,15.9,25.67692308,22.79230769,24.19230769,31.88461538,
366.0453564,17.06923077,19.76923077,21.17692308,29.98461538,14.88461538,16.79230769,15.5,22.57692308,21.45384615,32.38461538,
366.2563765,37.82307692,21.24615385,33.63076923,33.18461538,23.2,33.34615385,33.47692308,24.12307692,35.73076923,33.23076923,
366.4673853,23.21538462,33.24615385,19.56923077,31.08461538,16.16153846,13.93846154,32.51538462,21.07692308,26.45384615,19.73076923,
366.6783827,29.62307692,33.14615385,21.28461538,27.56923077,24.66923077,23.23846154,31.37692308,35.22307692,15.82307692,22.18461538,
366.8893687,17.32307692,20.29230769,14.27692308,34.06923077,19,23.53076923,18.43846154,16.76153846,22.31538462,19.76153846,
367.1003434,38.02307692,19.94615385,25.73076923,23.66153846,31.77692308,20.89230769,25.6,30.82307692,20.76153846,28.83076923,
367.3113067,23.16923077,24.90769231,22.95384615,32.48461538,28.57692308,17.59230769,16.41538462,28.52307692,24.13076923,20.83076923,
367.5222587,25.95384615,25.44615385,30.62307692,26.86923077,23.66153846,25.03846154,19.60769231,23.38461538,21.93076923,29.05384615,
367.7331993,30.22307692,15.90769231,26.36923077,19.54615385,33.1,16.6,20.65384615,17.43076923,22.75384615,28.03076923,
367.9441285,29.12307692,23.98461538,32.13076923,26.88461538,28.47692308,15.7,22.68461538,16.90769231,22.05384615,21.66153846,
368.1550464,20.53076923,23.46153846,20.56153846,17.12307692,18.96923077,18.36923077,25.50769231,24.90769231,24.35384615,19.56923077,
368.3659529,23.56153846,24.64615385,24.73076923,28.72307692,28.07692308,30.74615385,22.38461538,30.52307692,26.35384615,24.73076923,
368.576848,30.92307692,23.42307692,21.73076923,14.51538462,26.2,15,17.07692308,20.83846154,26.05384615,14.75384615,
368.7877317,30.66923077,25.20769231,27.13076923,28.76923077,27.89230769,28.10769231,22.46153846,34.30769231,28.36153846,20.95384615,
368.9986041,25.42307692,36.68461538,16.52307692,28.25384615,22.27692308,20.10769231,24.27692308,21.66153846,24.65384615,8.476923077,
369.2094651,34.02307692,30.48461538,34.43076923,18.78461538,21.29230769,32.30769231,28.28461538,20.65384615,29.07692308,30.63076923,
369.4203147,24.80769231,26.24615385,20.96153846,34.04615385,26.20769231,18.73076923,28.88461538,26.03076923,29.85384615,16.61538462,
369.6311529,29.74615385,31.18461538,22.83846154,33.58461538,27.96153846,38.16923077,37.07692308,19.52307692,23.85384615,31.83076923,
369.8419798,28.21538462,24.00769231,32.93076923,26.26923077,27.86153846,15.85384615,19.86923077,18.02307692,19.75384615,16.68461538,
370.0527952,26.51538462,28.85384615,37.53076923,32.78461538,23.68461538,18.16923077,28.8,28.52307692,29.57692308,28.93076923,
370.2635993,32.12307692,24.28461538,19.62307692,7.930769231,38.36153846,25.50769231,27.44615385,22.52307692,29.35384615,27.27692308,
370.4743919,19.66153846,22.38461538,34.33846154,31.28461538,19.4,24.50769231,25.90769231,40.52307692,33.05384615,28.68461538,
370.6851732,29.42307692,16.5,18.33076923,22.36153846,22.43846154,20.93846154,33.47692308,25.47692308,22.71538462,21.61538462,
370.895943,31.32307692,34.88461538,34.53076923,22.76153846,37.26153846,24.70769231,20.86923077,29.27692308,26.31538462,34.73076923,
371.1067015,31.46923077,24.88461538,24.71538462,21.13076923,23.3,15.14615385,33.07692308,17.06923077,28.75384615,25.13076923,
371.3174486,33.37692308,27.24615385,28.73076923,32.18461538,28.06153846,30.50769231,28.63846154,34.52307692,32.85384615,36.13076923,
371.5281842,34.22307692,31.48461538,24.53076923,22.28461538,18.72307692,17.50769231,29.07692308,28.30769231,20.13846154,23.98461538,
371.7389085,33.72307692,27.14615385,31.03846154,32.74615385,32.60769231,37.50769231,27.00769231,26.82307692,23.73846154,20.66153846,
371.9496213,30.02307692,18.44615385,15.26923077,23.66923077,20.26153846,21.71538462,27.17692308,24.26153846,24.12307692,22.33076923,
372.1603227,32.52307692,27.30769231,18.18461538,27.18461538,35.96153846,28.01538462,36.07692308,31.32307692,38.62307692,41.73076923,
372.3710127,22.10769231,24.04615385,18.76923077,35.88461538,14.20769231,18.16153846,32.57692308,30.53076923,24.35384615,27.28461538,
372.5816913,32.22307692,32.28461538,37.63076923,32.68461538,28.30769231,25.30769231,23.57692308,21.27692308,28.55384615,23.23076923,
372.7923584,26.92307692,21.54615385,26.93076923,18.11538462,27.58461538,32.40769231,25.04615385,20.14615385,19.36153846,28.43076923,
373.0030142,19.31538462,23.75384615,27.53076923,27.43076923,27.78461538,31.00769231,29.47692308,18.42307692,29.45384615,30.28461538,
373.2136585,35.46923077,33.18461538,22.16923077,23.04615385,19.54615385,11.30769231,16.58461538,23.32307692,21.50769231,26.53076923,
373.4242914,29.32307692,31.78461538,21.06153846,24.48461538,19.10769231,16.69230769,22.77692308,20.83076923,24.63076923,34.15384615,
373.6349128,22.17692308,28.14615385,19.83076923,23.38461538,26.48461538,26.50769231,28.78461538,26.4,17.16153846,24.83846154,
373.8455228,25.84615385,34.88461538,40.23076923,28.88461538,36.76153846,34.26923077,15.01538462,39.72307692,24.47692308,25.08461538,
374.0561214,24.49230769,28.49230769,12.56923077,21.26923077,17.16153846,20.33076923,24.87692308,30.62307692,22.33076923,21.24615385,
374.2667086,28.32307692,31.04615385,28.03846154,28.24615385,32.66153846,14.93076923,26.57692308,30.62307692,31.95384615,24.13076923,
374.4772843,30.76923077,30.20769231,29.33076923,31.76923077,22.6,22.34615385,25.84615385,23.32307692,22.25384615,24.93076923,
374.6878485,30.01538462,23.18461538,28.47692308,30.08461538,32.36153846,21.64615385,19.14615385,29.33076923,17.35384615,29.33076923,
374.8984014,24.56153846,17.06153846,28.81538462,29.18461538,28.96153846,29.80769231,23.88461538,22.17692308,22.31538462,18.06153846,
375.1089427,35.12307692,33.88461538,21.31538462,31.28461538,29.38461538,31.90769231,32.21538462,25.64615385,33.15384615,30.05384615,
375.3194726,35.50769231,25.70769231,24.26923077,21.18461538,17.06923077,20.33076923,25.17692308,22.59230769,30.65384615,27.73076923,
375.5299911,32.22307692,28.3,32.26153846,31.33076923,27.48461538,24.10769231,33.77692308,26.92307692,27.91538462,35.63076923,
375.7404981,25.56923077,25.60769231,23.13846154,19.76923077,23.31538462,24.76923077,24.50769231,16.58461538,20.65384615,34.63076923,
375.9509937,29.21538462,29.38461538,31.96923077,25.31538462,27.66153846,28.30769231,19.04615385,26.29230769,31.55384615,23.13076923,
376.1614778,19.36923077,30.88461538,20.72307692,35.28461538,25.2,21.57692308,24.05384615,22.67692308,21.66153846,27.73076923,
376.3719504,28.06923077,25.70769231,25.23846154,31.08461538,24.46153846,23.73846154,29.97692308,35.38461538,39.85384615,33.93076923,
376.5824116,25.12307692,26.04615385,12.67692308,26.76923077,20.36153846,25.1,29.57692308,27.30769231,26.65384615,22.16153846,
376.7928613,37.62307692,33.98461538,34.33076923,28.78461538,28.97692308,31.59230769,36.67692308,26.92307692,27.02307692,31.36153846,
377.0032995,27.72307692,18.38461538,24.56923077,25.44615385,33.3,13.43076923,27.24615385,16.94615385,23.07692308,31.43846154,
377.2137263,25.16153846,19.00769231,21.12307692,26.78461538,24.46153846,29.2,31.58461538,30.92307692,20.95384615,26.43076923,
377.4241415,25.51538462,26.18461538,18.82307692,31.28461538,31.16153846,21.59230769,24.98461538,24.64615385,28.42307692,28.93076923,
377.6345454,46.42307692,22.28461538,33.16923077,40.16923077,32.96153846,21.16923077,26.90769231,38.92307692,21.67692308,14.78461538,
377.8449377,32.32307692,32.34615385,20.65384615,26.61538462,24.87692308,23.30769231,19.97692308,21.90769231,23.63846154,17.58461538,
378.0553185,24.4,31.08461538,28.03076923,28.78461538,31.16153846,19.73846154,30.47692308,31.88461538,37.75384615,37.83076923,
378.2656879,21.34615385,21.50769231,21.03076923,27.13076923,28.56153846,16.10769231,23.71538462,25.04615385,30.55384615,15.01538462,
378.4760458,28.02307692,37.08461538,33.43076923,25.06923077,34.26153846,25.90769231,35.07692308,24.26153846,26.12307692,31.38461538,
378.6863922,17.41538462,16.89230769,24.63076923,20.78461538,29.57692308,23.96923077,19.80769231,26.38461538,16.94615385,17.3,
378.8967271,32.18461538,36.34615385,33.97692308,38.08461538,22.06153846,27.20769231,19.66923077,24.15384615,34.13846154,33.33076923,
379.1070505,23.00769231,22.29230769,17.97692308,25.24615385,28.46153846,34.29230769,22.27692308,23.61538462,23.85384615,26.33076923,
379.3173624,28.02307692,20.38461538,26.02307692,31.98461538,19.36923077,30.00769231,24.80769231,29.22307692,25.51538462,34.73076923,
379.5276628,23.63076923,20.54615385,21.65384615,23.82307692,23.76153846,18.09230769,28.37692308,22.77692308,29.87692308,34.03076923,
379.7379517,31.02307692,31.94615385,30.43076923,34.78461538,34.66153846,36.20769231,21.38461538,29.52307692,40.35384615,17.86153846,
379.9482291,23.1,28.56153846,16.23076923,24.28461538,23.98461538,21.34615385,28.07692308,26.64615385,23.79230769,31.93076923,
380.158495,31.32307692,28.44615385,26.73846154,37.58461538,19.96153846,28.80769231,29.58461538,29.07692308,31.15384615,22.53076923,
380.3687494,25.72307692,27.09230769,27.03076923,28.16923077,28.96153846,25.76923077,25.21538462,23.22307692,28.45384615,24.78461538,
380.5789923,44.72307692,30.88461538,18.46923077,24.06923077,34.16153846,35.40769231,27.27692308,25.72307692,31.06153846,33.67692308,
380.7892236,26.42307692,30.44615385,25.12307692,32.48461538,19.3,21.50769231,28.87692308,26,23.55384615,22.01538462,
380.9994435,40.02307692,35.18461538,31.83076923,29.94615385,33.16153846,23.16923077,32.07692308,24.49230769,28.71538462,31.54615385,
381.2096518,9.376923077,26.78461538,20.76923077,28.98461538,31.98461538,25.11538462,25.64615385,34.02307692,19.99230769,28.76153846,
381.4198486,36.32307692,41.64615385,35.33076923,30.88461538,26.13076923,32.30769231,29.97692308,37.12307692,38.15384615,35.03076923,
381.6300339,28.72307692,32.78461538,26.53076923,20.58461538,27.67692308,26.23076923,25.77692308,26.68461538,27.05384615,20.14615385,
381.8402077,35.02307692,33.44615385,37.53076923,30.18461538,28.46153846,32.60769231,28.70769231,32.42307692,31.35384615,30.58461538,
382.0503699,31.12307692,25.01538462,22.36923077,23.41538462,28.47692308,28.40769231,20.7,35.12307692,28.35384615,24.03076923,
382.2605206,32.12307692,43.78461538,24.36923077,37.66923077,36.76153846,37.03076923,33.27692308,33.67692308,30.03846154,41.03076923,
382.4706598,21.99230769,27.49230769,26.73076923,32.96153846,30.36153846,29.8,26.20769231,15.45384615,23.31538462,26.03076923,
382.6807874,40.42307692,34.14615385,24.66923077,31.88461538,28.26153846,33.70769231,24.1,34.98461538,33.85384615,37.73076923,
382.8909035,27.50769231,22.68461538,26.73846154,29.18461538,22.21538462,21.70769231,25.08461538,28.72307692,43.05384615,19.95384615,
383.1010081,26.10769231,33.78461538,38.11538462,29.78461538,39.06153846,24.76923077,37.97692308,22.42307692,27.55384615,30.03076923,
383.3111011,25.60769231,27.28461538,27.92307692,29.44615385,32.16153846,21.14615385,23.60769231,23.34615385,23.1,17.98461538,
383.5211826,27.5,42.88461538,32.53076923,30.36153846,25.76153846,28.10769231,30.17692308,20.92307692,30.65384615,28.33076923,
383.7312525,28.60769231,26.18461538,27.94615385,39.46153846,22.96153846,27.94615385,30.21538462,31.22307692,27.65384615,44.93076923,
383.9413109,24.73076923,28.18461538,35.61538462,26.28461538,37.48461538,23.93846154,23.67692308,30.18461538,34.97692308,27.71538462,
384.1513577,25.62307692,27.64615385,27.53076923,26.36153846,30.16923077,20.30769231,25.31538462,19.58461538,34.07692308,32.17692308,
384.361393,35.72307692,24.44615385,24.86923077,30.96923077,23.66153846,26.11538462,26.66923077,38.92307692,30.18461538,25.94615385,
384.5714167,32.52307692,28.68461538,30.83846154,17.08461538,24.66153846,27.40769231,26.24615385,28.23846154,32.55384615,25.91538462,
384.7814289,24.92307692,37.48461538,22.16153846,33.48461538,31.76923077,33.30769231,33.14615385,22.92307692,32.45384615,31.73076923,
384.9914295,27.55384615,24.56153846,31.03846154,29.28461538,25.76153846,23.80769231,24.67692308,30.57692308,34.05384615,20.70769231,
385.2014185,28.72307692,26.94615385,32.13076923,35.06923077,28.28461538,30.30769231,49.87692308,38.54615385,26.17692308,32.83076923,
385.411396,27.79230769,34.58461538,26.93076923,29.78461538,36.86153846,35.00769231,31.97692308,27.72307692,25.75384615,29.14615385,
385.6213619,30.62307692,37.98461538,42.93076923,32.08461538,34.83076923,29.50769231,24.68461538,15.90769231,38.25384615,26.03076923,
385.8313162,21.80769231,20.98461538,32.63076923,37.88461538,36.36153846,30.50769231,29,24.97692308,27.95384615,20.83076923,
386.041259,37.42307692,46.98461538,28.33076923,33.56923077,38.16153846,31.13846154,31.71538462,34.63076923,38.85384615,31.93076923,
386.2511902,32.62307692,28.06153846,25.9,31.78461538,25.26153846,29.10769231,26.14615385,23.04615385,24.61538462,26.03076923,
386.4611098,29.44615385,37.94615385,32.63076923,28.76153846,21.31538462,32.10769231,33.88461538,37.92307692,49.85384615,28.13076923,
386.6710178,26.82307692,34.04615385,31.23076923,30.88461538,34.06153846,30.60769231,26.11538462,40.52307692,34.85384615,33.31538462,
386.8809142,36.22307692,37.48461538,24.43846154,39.08461538,30.67692308,32.09230769,32.46153846,24.32307692,36.36153846,30.63076923,
387.0907991,26.12307692,18.93846154,21.01538462,25.98461538,24.3,31.93076923,22.17692308,28.44615385,24.85384615,17.41538462,
387.3006723,34.58461538,25.48461538,25.93076923,34.58461538,35.96153846,35.19230769,32.77692308,27.28461538,38.35384615,36.18461538,
387.510534,29.82307692,29.28461538,32.23076923,20.86153846,29.46153846,25.09230769,25.37692308,18.05384615,27.87692308,33.83076923,
387.7203841,33.50769231,34.64615385,30.63076923,26.30769231,27.46153846,28.30769231,37.91538462,26.72307692,36.25384615,33.43076923,
387.9302226,30.66153846,27.34615385,22.85384615,33.98461538,26.37692308,24.80769231,26.57692308,28.72307692,33.25384615,26.63076923,
388.1400495,35.02307692,40.88461538,30.93846154,32.78461538,29.6,39.36923077,35.11538462,19.72307692,40.55384615,30.78461538,
388.3498648,34.02307692,30.28461538,28.23076923,38.98461538,30.26153846,31.70769231,37.57692308,23.12307692,32.81538462,27.33076923,
388.5596684,32.52307692,23.58461538,27.74615385,24.58461538,32.96153846,21.76923077,28.27692308,28.92307692,31.75384615,40.13076923,
388.7694605,41.52307692,19.56153846,23.43846154,16.81538462,31.06153846,21.93846154,27.41538462,15.73846154,20.06153846,30.05384615,
388.979241,35.52307692,34.38461538,33.65384615,48.28461538,34.76153846,33.30769231,26.77692308,27.92307692,21.63846154,32.77692308,
389.1890099,30.24615385,26.30769231,23.93846154,27.58461538,25.88461538,25.89230769,24.31538462,28.32307692,24.95384615,27.16153846,
389.3987671,35.52307692,27.30769231,26.63076923,29.46923077,32.16153846,25.60769231,30.87692308,37.62307692,26.95384615,35.43076923,
389.6085127,34.92307692,39.08461538,34.31538462,37.58461538,27.26153846,24.40769231,32.67692308,23.82307692,22.86923077,19.03076923,
389.8182468,27.15384615,34.14615385,34.03076923,35.38461538,33.9,34.03076923,27.41538462,27.82307692,23.27692308,41.13076923,
390.0279692,37.42307692,30.84615385,23.95384615,26.98461538,20.53076923,30.20769231,22.21538462,31.42307692,23.38461538,25.26153846,
390.2376799,42.12307692,31.68461538,33.33076923,25.43076923,18.63076923,28.73076923,37.77692308,29.38461538,33.55384615,37.68461538,
390.4473791,24.26923077,26.74615385,32.33076923,29.98461538,37.7,16.33846154,26.57692308,21.83846154,23.84615385,22.57692308,
390.6570666,33.62307692,37.58461538,32.03076923,35.54615385,39.76153846,27.80769231,33.80769231,29.22307692,29.27692308,42.43076923,
390.8667425,33.02307692,27.24615385,17.83076923,26.54615385,36.58461538,18.63076923,21.01538462,29.32307692,34.15384615,24.23076923,
391.0764068,39.22307692,42.18461538,22.53076923,21.54615385,29.08461538,28.16923077,29.17692308,26.48461538,38.37692308,38.23076923,
391.2860594,26.76153846,29.08461538,24.12307692,36.58461538,33.46153846,20.70769231,25.47692308,25.12307692,33.64615385,30.43076923,
391.4957004,36.32307692,30.64615385,23.83846154,35.36923077,39.96153846,28.81538462,30.71538462,37.68461538,28.22307692,40.88461538,
391.7053298,23.33076923,34.79230769,16.12307692,30.48461538,25.26153846,31.66153846,39.67692308,31.92307692,26.35384615,33.05384615,
391.9149475,38.42307692,35.64615385,25.83076923,28.58461538,22.86153846,33.60769231,20.71538462,24.17692308,31.85384615,39.53076923,
392.1245536,27.90769231,22.94615385,30.13076923,33.46923077,29.66153846,24.10769231,35.37692308,27.28461538,41.35384615,38.03076923,
392.334148,49.82307692,36.68461538,30.23846154,36.98461538,33.96153846,31.73076923,40.67692308,33.82307692,29.65384615,38.63076923,
392.5437308,26.42307692,25.18461538,28.13076923,30.58461538,32.05384615,29.81538462,25.56923077,22.63846154,30.87692308,29.43076923,
392.7533019,39.32307692,28.38461538,27.11538462,39.18461538,29.86153846,25.10769231,28.21538462,31.32307692,38.15384615,43.73076923,
392.9628614,22.52307692,30.38461538,26.76923077,31.86923077,25.77692308,28.10769231,41.37692308,22.52307692,22.48461538,33.53076923,
393.1724092,40.92307692,33.64615385,25.83076923,37.86923077,34.16153846,32.40769231,32.67692308,21.38461538,37.17692308,38.53076923,
393.3819454,39.92307692,23.85384615,32.26923077,33.76923077,29.16153846,20.13076923,32.17692308,18.39230769,28.2,27.63076923,
393.5914699,29.72307692,27.88461538,39.63076923,37.78461538,29.36923077,33.40769231,46.37692308,37.52307692,36.25384615,36.13076923,
393.8009827,43.32307692,26.74615385,30.23076923,22.78461538,20.96923077,26.76923077,28.80769231,32.02307692,26.88461538,32.66153846,
394.0104839,44.72307692,39.88461538,27.33076923,40.88461538,38.96153846,20.10769231,37.37692308,30.43076923,32.75384615,29.73076923,
394.2199734,27.13076923,26.88461538,36.83076923,31.08461538,23.46153846,29.39230769,29.88461538,28.32307692,33.35384615,22.23076923,
394.4294512,43.52307692,33.78461538,25.73076923,35.58461538,38.26153846,30.90769231,28.86153846,43.42307692,30.15384615,18.12307692,
394.6389174,32.52307692,32.76153846,25.36923077,38.58461538,33.66153846,34.40769231,28.19230769,21.7,31.65384615,43.83076923,
394.8483719,39.62307692,37.18461538,34.63076923,39.78461538,44.06153846,28.60769231,35.81538462,35.82307692,29.65384615,33.73076923,
395.0578147,27.62307692,32.84615385,30.43076923,33.38461538,25.97692308,29.50769231,32.47692308,35.62307692,31.02307692,24.23076923,
395.2672458,39.43076923,37.44615385,35.93076923,36.98461538,33.18461538,24.26923077,56.87692308,22.40769231,34.15384615,34.93076923,
395.4766652,23.13076923,24.66923077,30.33076923,22.18461538,30.86153846,32.00769231,40.17692308,29.68461538,31.2,35.13076923,
395.686073,35.92307692,45.08461538,21.86153846,46.28461538,38.26153846,27.49230769,33.47692308,27.12307692,33.35384615,32.73076923,
395.8954691,23.82307692,33.88461538,41.13076923,24.24615385,38.96153846,30.70769231,28.61538462,37.72307692,22.70769231,36.43076923,
396.1048535,44.02307692,41.78461538,42.43076923,50.68461538,40.56153846,28.61538462,46.87692308,35.92307692,36.11538462,38.73076923,
396.3142262,26.62307692,31.68461538,45.13076923,40.58461538,40.56153846,29.50769231,23.66153846,35.82307692,34.45384615,23.58461538,
396.5235872,47.32307692,32.28461538,29.83076923,28.98461538,39.26153846,34.00769231,29.91538462,32.63076923,28.45384615,38.28461538,
396.7329365,38.82307692,30.38461538,26.11538462,27.43076923,35.46153846,25.50769231,32.87692308,36.32307692,34.65384615,32.19230769,
396.9422741,39.32307692,38.28461538,37.13076923,42.68461538,39.36153846,35.10769231,43.37692308,34.22307692,40.85384615,31.96153846,
397.1516,39.22307692,30.78461538,37.03076923,30.78461538,31.06153846,22.3,30.98461538,22.30769231,29.28461538,35.53076923,
397.3609142,46.72307692,36.48461538,35.93846154,44.38461538,37.46153846,35.53846154,41.86923077,43.97692308,48.15384615,31.53076923,
397.5702167,33.82307692,35.68461538,30.03076923,38.68461538,46.56153846,33.06923077,25.58461538,37.32307692,28.34615385,32.93076923,
397.7795074,31.42307692,34.44615385,40.73076923,42.58461538,40.06153846,41.10769231,42.17692308,44.02307692,27.21538462,47.03076923,
397.9887865,37.72307692,24.04615385,37.83076923,43.88461538,40.36153846,32.50769231,29.50769231,30.03846154,37.05384615,41.63076923,
398.1980539,40.22307692,35.74615385,40.73076923,40.18461538,42.36153846,38.90769231,41.37692308,41.22307692,34.55384615,38.03076923,
398.4073095,23.36923077,28.00769231,23.56923077,28.74615385,36.17692308,34.33846154,31.77692308,20.79230769,28.35384615,33.83076923,
398.6165534,38.72307692,43.38461538,34.33076923,42.78461538,33.96153846,36.93076923,43.07692308,34.82307692,32.75384615,36.83076923,
398.8257856,27.92307692,33.08461538,28.33846154,39.38461538,39.18461538,28.7,36.07692308,32.57692308,34.71538462,35.83076923,
399.0350061,37.48461538,30.04615385,38.43076923,45.18461538,45.76153846,30.60769231,42.14615385,45.47692308,44.45384615,45.23076923,
399.2442149,34.92307692,38.58461538,30.03846154,34.98461538,34.26153846,40.10769231,32.07692308,43.32307692,32.96923077,36.04615385,
399.4534119,42.22307692,33.68461538,30.13846154,42.68461538,46.36153846,32.94615385,38.27692308,35.53846154,44.25384615,40.53076923,
399.6625972,24.32307692,40.28461538,37.03076923,43.28461538,42.56153846,25.43846154,43.67692308,32.62307692,45.45384615,41.73076923,
399.8717707,43.42307692,47.58461538,35.23076923,42.04615385,44.16153846,36.10769231,43.77692308,38.22307692,39.05384615,49.53076923,
400.0809326,35.23076923,36.48461538,36.13076923,34.38461538,37.06153846,28.10769231,28.97692308,38.02307692,39.25384615,48.13076923,
400.2900827,41.22307692,43.88461538,29.03846154,38.08461538,40.96153846,38.90769231,40.17692308,35.02307692,42.15384615,42.73076923,
400.499221,50.12307692,38.48461538,38.63846154,39.34615385,43.56153846,33.79230769,33.20769231,33.08461538,36.45384615,32.63076923,
400.7083476,41.12307692,30.78461538,44.83076923,45.88461538,44.46153846,44.80769231,43.27692308,33.78461538,37.47692308,40.93076923,
400.9174625,43.62307692,47.08461538,41.93076923,47.08461538,42.66153846,36.50769231,47.87692308,48.72307692,36.65384615,42.43076923,
401.1265656,39.52307692,39.68461538,49.83076923,52.58461538,47.86153846,32.8,41.57692308,50.12307692,38.65384615,45.01538462,
401.3356569,41.52307692,31.88461538,45.23076923,31.68461538,43.46153846,31.60769231,38.86153846,34.42307692,51.05384615,34.33076923,
401.5447366,52.32307692,45.88461538,42.03076923,48.88461538,44.26153846,40.90769231,37.97692308,43.72307692,46.45384615,42.53076923,
401.7538044,56.92307692,49.38461538,35.66923077,36.88461538,55.46153846,41.50769231,41.47692308,30.54615385,36.25384615,37.43076923,
401.9628605,48.12307692,48.38461538,43.83076923,50.98461538,33.56923077,44.90769231,33.57692308,47.32307692,44.85384615,49.53076923,
402.1719048,47.32307692,43.48461538,36.03076923,51.78461538,42.26153846,48.50769231,53.77692308,51.52307692,36.25384615,37.43076923,
402.3809374,46.62307692,42.58461538,39.23076923,43.28461538,46.56153846,39.50769231,40.97692308,36.50769231,46.85384615,40.83076923,
402.5899582,43.12307692,45.78461538,37.83076923,49.28461538,46.36153846,42.70769231,52.77692308,46.88461538,47.65384615,50.43076923,
402.7989673,59.32307692,46.98461538,51.63076923,42.28461538,43.76153846,46.30769231,60.37692308,43.02307692,50.15384615,45.63076923,
403.0079646,43.22307692,46.98461538,43.63076923,39.48461538,45.96153846,39.16923077,40.87692308,36.02307692,52.55384615,50.03076923,
403.2169501,52.72307692,41.96153846,50.33076923,51.68461538,55.76153846,52.90769231,55.67692308,46.13076923,47.35384615,43.83076923,
403.4259238,34.62307692,43.98461538,48.83076923,53.48461538,49.16153846,44.60769231,51.07692308,47.72307692,42.15384615,45.83076923,
403.6348857,51.72307692,45.04615385,46.13076923,52.78461538,52.66153846,46.50769231,50.57692308,63.32307692,38.57692308,56.03076923,
403.8438359,49.72307692,45.98461538,58.33076923,54.68461538,42.36153846,52.50769231,61.77692308,52.92307692,58.35384615,44.73076923,
404.0527743,63.12307692,61.58461538,51.23076923,61.58461538,53.56153846,51.60769231,52.77692308,49.52307692,54.45384615,59.93076923,
404.2617009,58.62307692,49.98461538,50.43076923,58.28461538,55.36153846,50.90769231,49.87692308,50.22307692,48.15384615,45.93076923,
404.4706157,67.42307692,43.98461538,56.73076923,61.18461538,58.76153846,50.20769231,58.67692308,59.42307692,65.75384615,63.73076923,
404.6795188,56.02307692,49.18461538,59.73076923,55.08461538,52.16153846,59.00769231,53.87692308,66.52307692,59.05384615,58.63076923,
404.88841,67.22307692,56.18461538,63.63076923,70.78461538,58.16153846,52.30769231,66.47692308,62.62307692,58.55384615,62.93076923,
405.0972895,53.43076923,52.38461538,46.33076923,53.78461538,55.76153846,64.30769231,57.67692308,43.92307692,54.85384615,60.53076923,
405.3061571,60.12307692,60.48461538,57.13076923,70.18461538,59.96153846,64.00769231,64.47692308,56.52307692,61.95384615,59.93076923,
405.515013,63.32307692,62.08461538,62.03076923,66.98461538,69.16153846,57.00769231,50.17692308,56.82307692,67.15384615,58.43076923,
405.723857,72.92307692,74.48461538,58.53076923,72.98461538,76.36153846,68.90769231,63.17692308,63.22307692,60.15384615,66.13076923,
405.9326893,72.52307692,62.68461538,53.93076923,69.18461538,64.66153846,65.70769231,67.47692308,70.32307692,64.45384615,72.73076923,
406.1415097,80.12307692,62.98461538,67.03076923,74.68461538,78.06153846,78.70769231,62.07692308,62.42307692,73.65384615,69.13076923,
406.3503183,72.82307692,67.18461538,65.93076923,66.98461538,70.96153846,66.60769231,69.57692308,58.52307692,71.05384615,66.23076923,
406.5591152,89.72307692,69.08461538,65.63076923,81.78461538,77.16153846,82.10769231,67.17692308,71.62307692,70.85384615,75.43076923,
406.7679002,80.42307692,69.88461538,67.23076923,76.78461538,74.36153846,74.40769231,85.37692308,68.02307692,75.95384615,67.23076923,
406.9766734,78.12307692,77.18461538,73.13076923,86.88461538,84.96153846,74.10769231,78.87692308,71.82307692,80.95384615,83.13076923,
407.1854348,87.92307692,85.48461538,81.33076923,87.58461538,76.96153846,81.70769231,80.17692308,78.12307692,72.65384615,81.93076923,
407.3941843,84.22307692,91.78461538,85.73076923,90.08461538,87.66153846,79.90769231,87.57692308,96.52307692,96.65384615,81.83076923,
407.6029221,82.52307692,81.48461538,80.93076923,90.78461538,92.76153846,86.00769231,77.77692308,80.62307692,86.65384615,82.13076923,
407.811648,98.32307692,89.38461538,86.13076923,97.58461538,96.36153846,93.90769231,89.37692308,99.12307692,96.15384615,96.53076923,
408.0203621,103.7230769,92.48461538,91.93076923,105.8846154,102.6615385,98.20769231,111.0769231,90.02307692,94.25384615,106.5307692,
408.2290643,89.42307692,101.2846154,106.8307692,95.58461538,113.4615385,98.10769231,87.97692308,98.92307692,100.3538462,103.6307692,
408.4377547,86.72307692,92.08461538,98.33076923,113.9846154,96.96153846,110.9076923,95.77692308,104.9230769,104.8538462,102.6307692,
408.6464333,108.8230769,99.18461538,106.2307692,106.3846154,105.1615385,99.60769231,104.1769231,103.4230769,102.0538462,107.9307692,
408.8551001,110.3230769,100.1846154,116.2307692,107.2846154,115.0615385,119.5076923,116.8769231,108.4230769,113.2538462,110.5307692,
409.063755,124.3230769,113.6846154,116.4307692,117.7846154,127.1615385,124.9076923,118.1769231,115.9230769,115.8538462,125.7307692,
409.2723981,129.6230769,113.9846154,119.7307692,122.1846154,118.9615385,113.8076923,119.9769231,119.8230769,114.4538462,126.9307692,
409.4810293,134.5230769,131.6846154,138.2307692,136.0846154,125.3615385,135.4076923,132.6769231,125.4230769,132.8538462,131.3307692,
409.6896487,130.0230769,143.4846154,129.4307692,133.3846154,124.7615385,123.3076923,132.6769231,136.8230769,128.7538462,146.2307692,
409.8982562,139.8230769,140.8846154,136.6307692,141.6846154,138.3615385,143.2076923,131.2769231,145.9230769,129.9538462,130.7307692,
410.1068519,141.5230769,143.7846154,150.2307692,146.9846154,151.1615385,143.2076923,134.1769231,152.4230769,140.0538462,151.4307692,
410.3154357,147.3230769,144.6846154,157.0307692,149.1846154,161.3615385,150.4076923,147.6769231,156.4230769,150.0538462,153.8307692,
410.5240077,166.8230769,153.9846154,163.3307692,166.5846154,162.0615385,166.1076923,152.7769231,151.7230769,152.8538462,150.9307692,
410.7325678,177.2230769,164.6846154,169.4307692,164.2846154,167.2615385,168.7076923,165.3769231,163.2230769,177.1538462,173.4307692,
410.941116,166.9230769,179.1846154,158.0307692,169.3846154,182.6615385,169.6076923,162.0769231,170.7230769,170.6538462,175.7307692,
411.1496524,188.4230769,186.1846154,180.8307692,186.6846154,186.9615385,188.3076923,182.3769231,173.5230769,181.5538462,180.0307692,
411.3581769,181.0230769,176.7846154,185.3307692,193.9846154,205.1615385,191.1076923,182.4769231,182.4230769,189.3538462,191.9307692,
411.5666896,191.7230769,199.8846154,200.8307692,200.1846154,200.2615385,193.1076923,191.7769231,199.6230769,204.3538462,195.9307692,
411.7751904,203.9230769,205.7846154,208.1307692,209.2846154,202.0615385,199.6076923,212.0769231,208.0230769,208.4538462,189.2307692,
411.9836793,218.7230769,222.6846154,222.0307692,218.1846154,210.3615385,218.4076923,218.6769231,221.4230769,214.3538462,225.9307692,
412.1921563,231.0230769,228.0846154,229.6307692,230.2846154,226.8615385,239.0076923,231.0769231,242.2230769,232.0538462,239.9307692,
412.4006215,231.4230769,234.9846154,231.4307692,248.0846154,238.4615385,238.4076923,239.1769231,225.7230769,232.7538462,235.5307692,
412.6090747,247.6230769,246.9846154,241.9307692,246.7846154,241.7615385,238.6076923,254.1769231,247.9230769,244.7538462,243.1307692,
412.8175161,267.6230769,263.3846154,246.0307692,272.4846154,264.7615385,257.4076923,272.3769231,250.4230769,252.1538462,265.5307692,
413.0259456,268.8230769,277.3846154,279.8307692,273.0846154,268.9615385,272.9076923,260.5769231,281.6230769,270.0538462,279.4307692,
413.2343632,295.2230769,288.8846154,296.5307692,291.8846154,307.6615385,284.1076923,296.9769231,291.9230769,290.9538462,278.0307692,
413.442769,307.0230769,297.2846154,291.7307692,300.8846154,298.8615385,298.8076923,296.1769231,295.7230769,295.3538462,290.2307692,
413.6511628,313.7230769,306.1846154,312.1307692,319.4846154,314.7615385,308.6076923,316.5769231,315.1230769,307.5538462,295.9307692,
413.8595447,332.5230769,313.2846154,307.4307692,312.5846154,325.4615385,318.7076923,315.1769231,321.6230769,320.7538462,328.8307692,
414.0679148,339.2230769,314.6846154,340.3307692,346.5846154,333.6615385,336.9076923,337.3769231,343.0230769,332.1538462,337.4307692,
414.2762729,350.4230769,356.1846154,345.1307692,350.7846154,354.0615385,341.1076923,353.2769231,351.3230769,353.0538462,356.9307692,
414.4846191,366.5230769,379.0846154,363.2307692,360.9846154,372.3615385,362.7076923,359.3769231,357.9230769,360.9538462,366.3307692,
414.6929535,365.5230769,366.3846154,377.7307692,372.5846154,381.9615385,369.5076923,352.5769231,367.3230769,376.9538462,376.3307692,
414.9012759,402.5230769,399.9846154,403.5307692,398.5846154,398.3615385,392.2076923,385.1769231,400.5230769,396.4538462,386.9307692,
415.1095864,416.9230769,417.5846154,422.8307692,413.9846154,420.0615385,408.1076923,415.0769231,420.1230769,411.2538462,429.9307692,
415.317885,432.2230769,416.8846154,413.5307692,418.1846154,425.0615385,410.8076923,428.7769231,434.6230769,436.9538462,426.2307692,
415.5261717,450.8230769,446.9846154,442.8307692,445.9846154,434.7615385,442.3076923,445.7769231,442.1230769,445.7538462,444.3307692,
415.7344465,448.4230769,448.5846154,449.8307692,462.8846154,462.5615385,461.1076923,463.9769231,477.2230769,460.7538462,451.7307692,
415.9427093,481.2230769,475.5846154,469.5307692,467.7846154,478.7615385,464.0076923,488.6769231,457.9230769,463.2538462,483.9307692,
416.1509603,494.1230769,497.8846154,495.3307692,494.9846154,497.1615385,489.3076923,508.7769231,484.2230769,512.0538462,510.7307692,
416.3591993,509.9230769,506.8846154,490.7307692,518.5846154,510.8615385,506.6076923,507.4769231,510.1230769,508.3538462,508.7307692,
416.5674264,535.4230769,537.9846154,525.8307692,537.4846154,531.1615385,527.9076923,541.1769231,533.4230769,534.9538462,535.4307692,
416.7756415,538.0230769,554.7846154,547.5307692,552.3846154,544.5615385,553.5076923,550.1769231,549.0230769,555.0538462,540.9307692,
416.9838447,582.7230769,586.7846154,573.1307692,583.0846154,581.7615385,582.2076923,594.6769231,577.6230769,585.3538462,591.2307692,
417.192036,605.9230769,595.0846154,596.4307692,589.6846154,581.8615385,604.0076923,595.3769231,600.8230769,610.9538462,592.1307692,
417.4002154,621.1230769,618.9846154,619.1307692,616.1846154,621.4615385,621.3076923,609.2769231,618.2230769,613.3538462,631.1307692,
417.6083828,621.9230769,610.0846154,617.4307692,623.3846154,624.3615385,605.2076923,609.5769231,618.8230769,602.2538462,611.9307692,
417.8165383,656.5230769,659.2846154,656.9307692,660.4846154,651.8615385,657.3076923,660.5769231,657.0230769,661.3538462,661.8307692,
418.0246818,668.3230769,677.3846154,694.0307692,695.1846154,680.3615385,675.9076923,687.9769231,677.1230769,678.7538462,676.2307692,
418.2328134,713.9230769,738.8846154,731.4307692,721.5846154,735.0615385,704.7076923,712.0769231,722.7230769,712.9538462,718.6307692,
418.440933,725.0230769,733.4846154,726.6307692,711.7846154,720.3615385,717.5076923,726.1769231,707.0230769,728.3538462,707.4307692,
418.6490407,759.7230769,775.2846154,768.4307692,766.7846154,755.9615385,769.1076923,760.8769231,756.4230769,751.8538462,757.7307692,
418.8571364,795.5230769,806.9846154,787.2307692,803.4846154,797.1615385,795.7076923,800.2769231,785.8230769,795.4538462,799.4307692,
419.0652202,822.0230769,821.6846154,808.4307692,804.6846154,811.4615385,804.9076923,814.0769231,818.4230769,821.1538462,831.3307692,
419.273292,821.6230769,829.7846154,807.5307692,817.6846154,806.8615385,822.2076923,823.9769231,809.5230769,819.3538462,821.5307692,
419.4813519,846.5230769,850.4846154,855.5307692,861.3846154,870.6615385,852.7076923,863.2769231,840.2230769,854.4538462,853.0307692,
419.6893998,901.3230769,923.4846154,896.6307692,910.3846154,919.5615385,910.3076923,918.2769231,893.0230769,899.1538462,905.4307692,
419.8974357,949.6230769,931.1846154,936.1307692,950.7846154,953.1615385,950.8076923,930.6769231,936.7230769,939.9538462,948.4307692,
420.1054597,946.2230769,973.7846154,957.9307692,948.2846154,960.2615385,946.4076923,956.5769231,941.4230769,960.6538462,955.1307692,
420.3134716,968.8230769,981.4846154,971.6307692,966.6846154,968.8615385,978.4076923,967.1769231,961.3230769,972.1538462,964.6307692,
420.5214717,999.7230769,992.2846154,995.2307692,1008.084615,990.9615385,998.3076923,988.1769231,1002.423077,990.3538462,1001.630769,
420.7294597,1020.523077,1034.584615,1043.830769,1017.284615,1042.261538,1035.407692,1028.376923,1020.023077,1030.653846,1042.330769,
420.9374358,1060.323077,1069.584615,1072.730769,1074.384615,1054.461538,1054.407692,1055.276923,1074.223077,1063.353846,1079.230769,
421.1453999,1109.623077,1128.884615,1124.330769,1121.284615,1121.761538,1125.107692,1115.176923,1118.323077,1122.553846,1119.930769,
421.353352,1133.023077,1144.384615,1143.030769,1169.684615,1144.161538,1136.407692,1148.576923,1133.823077,1150.153846,1142.830769,
421.5612921,1208.623077,1204.684615,1191.830769,1187.784615,1204.361538,1188.807692,1205.676923,1187.323077,1186.853846,1187.630769,
421.7692202,1198.523077,1220.384615,1210.730769,1214.684615,1236.061538,1236.307692,1215.576923,1222.223077,1224.753846,1232.030769,
421.9771364,1277.223077,1285.884615,1286.630769,1278.784615,1300.861538,1305.607692,1268.476923,1279.523077,1290.653846,1290.930769,
422.1850405,1272.423077,1260.984615,1266.330769,1257.684615,1255.461538,1256.407692,1259.976923,1250.323077,1236.153846,1254.930769,
422.3929327,1389.123077,1360.184615,1347.830769,1373.584615,1367.661538,1376.407692,1365.176923,1362.823077,1349.453846,1361.930769,
422.6008128,1415.023077,1411.384615,1417.030769,1411.684615,1404.261538,1403.007692,1411.576923,1404.823077,1409.853846,1394.930769,
422.808681,1426.823077,1419.984615,1427.730769,1427.784615,1437.061538,1418.807692,1417.176923,1416.823077,1412.153846,1417.530769,
423.0165371,1435.923077,1432.484615,1437.330769,1427.884615,1456.561538,1421.007692,1430.376923,1433.523077,1453.053846,1438.330769,
423.2243813,1496.423077,1495.684615,1498.930769,1489.384615,1504.261538,1505.307692,1489.376923,1499.023077,1484.053846,1489.730769,
423.4322135,1560.123077,1551.784615,1550.630769,1555.284615,1549.361538,1531.007692,1561.176923,1539.523077,1553.353846,1548.730769,
423.6400336,1543.923077,1581.484615,1562.230769,1577.884615,1551.561538,1541.207692,1549.876923,1563.523077,1564.353846,1566.530769,
423.8478417,1699.223077,1702.984615,1704.330769,1696.484615,1683.361538,1686.407692,1673.276923,1675.023077,1691.253846,1683.330769,
424.0556378,1641.323077,1659.484615,1651.130769,1642.784615,1657.361538,1626.307692,1638.976923,1639.423077,1631.053846,1619.430769,
424.2634219,1754.423077,1760.984615,1778.730769,1748.384615,1768.061538,1755.007692,1758.976923,1755.723077,1777.053846,1755.130769,
424.471194,1787.723077,1783.984615,1788.130769,1786.184615,1776.361538,1780.207692,1775.076923,1793.923077,1810.653846,1777.830769,
424.6789541,1793.323077,1789.784615,1808.430769,1790.984615,1802.161538,1769.307692,1785.776923,1802.823077,1791.953846,1805.630769,
424.8867021,1898.223077,1906.484615,1919.130769,1914.084615,1900.161538,1910.707692,1895.676923,1897.323077,1902.253846,1899.130769,
425.0944381,1925.623077,1943.184615,1954.730769,1949.284615,1931.861538,1950.807692,1928.576923,1936.323077,1940.953846,1937.430769,
425.3021621,1975.723077,1984.584615,1978.230769,1951.984615,1974.161538,1954.407692,1960.276923,1954.923077,1954.853846,1966.230769,
425.5098741,2038.923077,2047.884615,2044.430769,2064.184615,2024.161538,2056.007692,2051.876923,2030.323077,2036.453846,2023.630769,
425.717574,2110.523077,2119.684615,2106.930769,2104.984615,2096.261538,2111.007692,2097.276923,2113.123077,2103.053846,2104.730769,
425.9252619,2144.523077,2157.784615,2135.930769,2134.584615,2124.261538,2136.007692,2130.776923,2123.223077,2138.653846,2128.830769,
426.1329377,2208.623077,2217.784615,2218.230769,2201.284615,2226.461538,2214.407692,2191.076923,2198.923077,2215.053846,2185.730769,
426.3406015,2300.123077,2340.484615,2318.230769,2316.284615,2310.761538,2298.507692,2312.876923,2296.723077,2299.653846,2311.030769,
426.5482533,2428.923077,2442.384615,2433.130769,2439.884615,2444.661538,2438.107692,2417.476923,2417.523077,2420.453846,2427.630769,
426.755893,2447.523077,2465.384615,2485.630769,2459.184615,2462.361538,2443.107692,2451.176923,2477.223077,2456.853846,2444.330769,
426.9635207,2479.823077,2493.684615,2501.030769,2500.184615,2494.061538,2476.807692,2470.776923,2488.823077,2479.253846,2490.430769,
427.1711363,2616.823077,2596.984615,2631.030769,2630.284615,2635.361538,2634.607692,2626.176923,2599.023077,2603.853846,2614.030769,
427.3787399,2675.723077,2687.484615,2721.830769,2682.884615,2696.261538,2676.407692,2660.576923,2682.823077,2662.853846,2702.030769,
427.5863314,2692.923077,2736.684615,2705.630769,2724.484615,2736.061538,2723.007692,2725.376923,2695.323077,2711.653846,2704.930769,
427.7939109,2819.123077,2840.784615,2824.730769,2809.584615,2852.161538,2834.107692,2809.076923,2804.223077,2824.353846,2824.030769,
428.0014783,2950.823077,3005.184615,2975.730769,2991.584615,2970.161538,2962.907692,2944.876923,2960.123077,2981.753846,2938.730769,
428.2090336,3088.923077,3130.084615,3117.730769,3137.784615,3104.461538,3098.007692,3071.576923,3092.523077,3104.153846,3083.730769,
428.4165769,3018.423077,3068.784615,3063.430769,3047.384615,3025.961538,3047.107692,3023.276923,3039.723077,3038.053846,3019.630769,
428.6241081,3222.723077,3242.184615,3255.030769,3257.584615,3246.561538,3233.307692,3203.276923,3219.523077,3202.953846,3226.930769,
428.8316272,3216.823077,3271.884615,3243.030769,3244.684615,3248.561538,3227.307692,3229.176923,3223.123077,3230.253846,3209.030769,
429.0391343,3215.823077,3266.084615,3237.130769,3255.884615,3234.461538,3248.607692,3195.476923,3226.723077,3256.153846,3216.130769,
429.2466293,3222.223077,3276.884615,3267.430769,3272.984615,3229.261538,3271.307692,3243.676923,3232.223077,3256.953846,3228.430769,
429.4541122,3513.823077,3545.784615,3562.330769,3554.084615,3549.961538,3529.307692,3534.276923,3523.523077,3530.353846,3529.230769,
429.661583,3701.923077,3775.484615,3772.530769,3766.884615,3781.361538,3760.207692,3709.276923,3775.323077,3713.053846,3755.230769,
429.8690418,3568.523077,3603.084615,3587.030769,3595.084615,3594.061538,3562.107692,3545.276923,3550.723077,3559.253846,3577.330769,
430.0764885,3777.923077,3827.384615,3800.930769,3826.484615,3805.161538,3817.907692,3798.576923,3787.723077,3813.653846,3774.330769,
430.283923,3692.723077,3728.784615,3718.730769,3702.284615,3706.461538,3675.507692,3683.376923,3709.923077,3693.653846,3680.330769,
430.4913455,3862.523077,3896.684615,3929.130769,3908.684615,3920.861538,3895.507692,3858.876923,3891.023077,3877.653846,3890.130769,
430.6987559,4133.823077,4165.184615,4147.530769,4139.984615,4147.161538,4174.807692,4142.876923,4139.623077,4146.453846,4164.530769,
430.9061543,4121.823077,4174.984615,4165.130769,4175.784615,4201.761538,4158.707692,4165.976923,4146.723077,4123.553846,4139.230769,
431.1135405,4157.823077,4225.884615,4215.430769,4188.984615,4212.161538,4186.707692,4179.276923,4204.623077,4166.453846,4200.530769,
431.3209146,4323.823077,4382.884615,4385.530769,4366.684615,4334.461538,4388.007692,4312.676923,4332.023077,4358.753846,4335.130769,
431.5282766,4453.823077,4478.084615,4464.830769,4462.484615,4485.161538,4460.207692,4435.876923,4433.623077,4440.453846,4451.230769,
431.7356265,4698.723077,4746.884615,4729.430769,4741.284615,4738.661538,4742.507692,4701.876923,4693.123077,4697.053846,4713.130769,
431.9429643,4857.323077,4924.984615,4903.430769,4895.884615,4921.961538,4903.207692,4845.976923,4870.123077,4921.753846,4888.730769,
432.15029,4770.323077,4859.384615,4837.430769,4838.284615,4810.961538,4806.907692,4802.776923,4801.823077,4841.753846,4835.130769,
432.3576036,4815.923077,4891.784615,4889.130769,4884.484615,4865.461538,4876.607692,4841.376923,4827.423077,4842.053846,4851.730769,
432.5649051,5103.223077,5212.784615,5154.230769,5180.284615,5174.561538,5137.807692,5133.376923,5113.723077,5112.953846,5081.130769,
432.7721945,5189.323077,5270.184615,5246.030769,5220.684615,5258.961538,5247.507692,5201.476923,5175.423077,5202.653846,5222.430769,
432.9794717,5431.023077,5495.184615,5474.430769,5464.384615,5465.761538,5483.007692,5411.776923,5454.023077,5440.853846,5439.030769,
433.1867368,5500.723077,5589.484615,5584.730769,5584.184615,5547.261538,5554.307692,5514.776923,5507.723077,5508.453846,5554.630769,
433.3939898,5582.223077,5658.984615,5635.330769,5621.084615,5607.461538,5600.807692,5597.476923,5599.723077,5582.553846,5574.630769,
433.6012307,5983.123077,6055.184615,6035.230769,6035.584615,6019.761538,6002.807692,6010.076923,5988.223077,6006.853846,6001.730769,
433.8084595,6033.523077,6156.984615,6105.630769,6136.784615,6078.161538,6130.607692,6049.876923,6060.023077,6091.353846,6067.630769,
434.0156761,6032.123077,6120.884615,6119.230769,6101.784615,6113.161538,6067.307692,6051.176923,6035.723077,6059.753846,6045.030769,
434.2228806,6282.623077,6366.284615,6365.030769,6320.284615,6383.061538,6289.507692,6316.776923,6300.123077,6304.453846,6277.330769,
434.4300729,6710.923077,6778.884615,6793.530769,6751.284615,6776.061538,6728.207692,6735.076923,6716.223077,6722.453846,6689.430769,
434.6372532,6597.523077,6717.484615,6710.730769,6673.784615,6642.861538,6675.407692,6635.676923,6638.323077,6637.753846,6628.530769,
434.8444212,7040.623077,7127.984615,7164.530769,7108.384615,7126.361538,7106.707692,7091.476923,7109.523077,7073.253846,7079.030769,
435.0515772,7149.223077,7234.084615,7219.330769,7209.584615,7231.861538,7190.907692,7148.876923,7146.623077,7154.253846,7168.830769,
435.258721,7097.523077,7213.384615,7184.230769,7196.184615,7180.361538,7149.507692,7114.776923,7123.923077,7140.953846,7131.730769,
435.4658526,7240.923077,7347.984615,7311.930769,7317.684615,7295.661538,7286.107692,7241.876923,7282.523077,7248.653846,7263.030769,
435.6729721,7260.523077,7353.484615,7312.830769,7332.584615,7328.361538,7293.207692,7277.776923,7288.323077,7262.353846,7260.030769,
435.8800795,7653.723077,7792.084615,7745.830769,7745.684615,7706.261538,7726.407692,7701.876923,7667.823077,7669.153846,7651.930769,
436.0871747,8050.323077,8200.984615,8191.430769,8125.684615,8154.061538,8133.407692,8108.276923,8089.723077,8083.453846,8072.230769,
436.2942577,8198.523077,8358.384615,8307.830769,8302.584615,8286.761538,8280.907692,8238.076923,8241.623077,8263.553846,8246.630769,
436.5013286,8126.023077,8296.384615,8272.530769,8265.584615,8230.361538,8186.107692,8177.176923,8144.123077,8199.753846,8141.030769,
436.7083873,8209.723077,8373.284615,8353.030769,8309.784615,8331.461538,8324.007692,8260.176923,8280.323077,8250.253846,8237.930769,
436.9154338,8598.223077,8772.084615,8697.130769,8679.184615,8698.061538,8670.307692,8614.976923,8637.923077,8616.953846,8585.730769,
437.1224682,8926.223077,9064.884615,9066.830769,9059.384615,9028.661538,8998.807692,8948.476923,8959.323077,8974.453846,8938.330769,
437.3294904,8924.423077,9097.884615,9127.130769,9073.584615,9055.061538,9040.107692,8976.776923,8973.823077,8994.353846,8995.430769,
437.5365005,9439.423077,9601.784615,9578.630769,9585.284615,9529.461538,9524.307692,9468.876923,9476.423077,9469.653846,9455.030769,
437.7434984,9601.223077,9731.884615,9723.530769,9681.984615,9710.761538,9643.807692,9614.576923,9613.323077,9629.953846,9620.630769,
437.9504841,9470.023077,9661.184615,9643.130769,9597.384615,9570.661538,9554.807692,9500.176923,9492.823077,9491.853846,9478.630769,
438.1574576,10006.42308,10188.18462,10183.13077,10145.98462,10156.36154,10114.30769,10046.07692,10076.62308,10043.85385,10019.53077,
438.3644189,10436.32308,10606.68462,10639.93077,10584.18462,10566.96154,10583.40769,10515.27692,10521.42308,10541.15385,10479.93077,
438.5713681,10537.72308,10783.18462,10770.93077,10731.28462,10705.46154,10709.50769,10630.37692,10651.72308,10647.05385,10598.43077,
438.7783051,10689.22308,10839.98462,10862.73077,10832.68462,10791.06154,10775.90769,10735.37692,10682.92308,10713.85385,10701.03077,
438.9852298,11329.42308,11568.48462,11517.63077,11531.28462,11486.46154,11483.80769,11403.57692,11381.72308,11406.45385,11386.93077,
439.1921424,11184.52308,11367.18462,11352.33077,11337.48462,11285.56154,11284.40769,11236.07692,11197.52308,11202.55385,11220.53077,
439.3990428,11597.92308,11797.28462,11811.33077,11766.08462,11744.66154,11737.20769,11639.97692,11640.52308,11648.95385,11586.53077,
439.6059311,11442.62308,11697.78462,11644.93077,11603.88462,11617.96154,11646.50769,11501.67692,11530.32308,11467.05385,11573.63077,
439.8128071,12134.32308,12392.38462,12338.93077,12308.38462,12290.66154,12267.20769,12183.17692,12177.32308,12235.05385,12177.83077,
440.0196709,12818.42308,13103.88462,13060.33077,12987.28462,12978.16154,12983.00769,12858.37692,12929.72308,12899.95385,12894.93077,
440.2265225,12643.32308,12888.48462,12820.53077,12837.58462,12827.36154,12751.60769,12703.07692,12732.22308,12741.05385,12629.23077,
440.4333619,12522.52308,12740.18462,12764.93077,12745.38462,12655.26154,12704.70769,12581.47692,12645.02308,12610.85385,12594.93077,
440.6401891,13003.52308,13275.28462,13265.33077,13225.68462,13132.36154,13127.80769,13058.27692,13088.12308,13088.45385,13027.33077,
440.8470041,13007.82308,13254.58462,13234.83077,13173.18462,13148.66154,13143.60769,13050.07692,13053.82308,13073.95385,13072.23077,
441.0538068,13283.72308,13530.38462,13486.93077,13342.18462,13425.46154,13377.10769,13275.47692,13310.92308,13290.25385,13297.13077,
441.2605974,13984.92308,14304.18462,14218.23077,14212.28462,14186.56154,14159.90769,14119.37692,14128.62308,14114.85385,14042.53077,
441.4673758,13811.12308,14092.08462,14032.83077,14004.98462,13982.46154,13977.00769,13822.57692,13869.82308,13918.85385,13881.63077,
441.6741419,14196.12308,14448.78462,14409.33077,14414.48462,14388.16154,14388.50769,14299.87692,14289.02308,14271.85385,14273.33077,
441.8808958,14631.82308,14930.98462,14874.13077,14843.38462,14835.36154,14748.60769,14746.57692,14733.42308,14696.95385,14685.63077,
442.0876375,14878.02308,15117.98462,15129.83077,15077.48462,15001.96154,15032.20769,14920.07692,14921.12308,14962.65385,14936.33077,
442.2943669,14731.62308,15044.18462,15043.23077,14957.78462,14940.16154,14940.20769,14852.37692,14870.22308,14808.25385,14803.53077,
442.5010841,14913.42308,15165.88462,15190.53077,15192.98462,15090.96154,15040.50769,14986.57692,15006.22308,15004.15385,15000.83077,
442.7077891,15293.92308,15538.58462,15487.73077,15491.28462,15481.96154,15434.20769,15336.47692,15351.72308,15338.25385,15321.73077,
442.9144819,15646.02308,15977.68462,15936.93077,15923.28462,15922.96154,15891.20769,15756.57692,15838.12308,15773.65385,15779.73077,
443.1211624,16313.12308,16586.88462,16524.63077,16494.48462,16478.46154,16430.40769,16310.17692,16350.32308,16375.35385,16343.63077,
443.3278307,15790.72308,16017.58462,16076.33077,15998.38462,16001.76154,15947.30769,15838.17692,15886.92308,15877.95385,15852.83077,
443.5344867,16915.42308,17238.98462,17207.73077,17119.18462,17106.76154,17138.20769,17036.57692,16990.32308,17037.65385,16994.43077,
443.7411305,16480.52308,16714.88462,16686.43077,16664.68462,16612.76154,16576.70769,16523.27692,16519.92308,16533.95385,16532.93077,
443.9477621,15870.62308,16236.88462,16142.53077,16102.38462,16063.16154,16067.90769,15987.67692,15919.52308,15949.05385,15936.33077,
444.1543814,17017.52308,17220.98462,17144.03077,17199.08462,17153.86154,17157.70769,17011.27692,17055.32308,17058.25385,17059.23077,
444.3609885,16890.42308,17188.68462,17142.53077,17100.88462,17096.16154,17055.80769,16918.57692,16952.52308,16954.75385,16952.53077,
444.5675833,16690.22308,16983.78462,16953.73077,16853.98462,16891.26154,16851.50769,16817.17692,16746.92308,16793.05385,16765.23077,
444.7741658,16507.32308,16786.18462,16749.73077,16666.88462,16691.56154,16632.20769,16515.37692,16597.12308,16556.15385,16597.43077,
444.9807361,16596.92308,16843.78462,16818.23077,16822.68462,16836.16154,16786.40769,16701.07692,16700.42308,16655.25385,16618.23077,
445.1872941,16845.72308,17109.88462,17062.13077,17113.08462,17060.26154,17053.30769,16937.17692,16931.42308,16930.75385,16943.33077,
445.3938399,17324.62308,17623.08462,17583.73077,17502.28462,17484.26154,17478.20769,17414.17692,17428.72308,17382.05385,17435.13077,
445.6003734,16941.52308,17173.28462,17138.43077,17124.58462,17064.46154,17085.00769,17015.87692,17020.42308,16984.55385,16991.63077,
445.8068946,18213.82308,18453.08462,18435.63077,18381.58462,18371.36154,18355.10769,18246.77692,18296.12308,18275.65385,18292.73077,
446.0134036,17306.92308,17533.08462,17453.43077,17483.48462,17458.66154,17481.50769,17387.87692,17380.02308,17339.95385,17391.93077,
446.2199003,17285.72308,17506.28462,17494.03077,17453.38462,17396.96154,17453.60769,17338.37692,17384.52308,17336.65385,17334.13077,
446.4263847,17824.92308,18002.88462,17956.33077,17991.78462,17958.16154,17919.30769,17871.87692,17882.02308,17849.25385,17813.73077,
446.6328569,17459.12308,17651.68462,17618.83077,17582.08462,17602.66154,17614.10769,17516.97692,17507.02308,17555.55385,17505.43077,
446.8393167,17868.72308,18084.48462,18084.73077,18018.38462,18075.76154,18021.80769,17948.27692,17990.32308,17922.45385,17948.03077,
447.0457643,17031.72308,17210.78462,17202.83077,17161.38462,17074.76154,17147.70769,17095.07692,17096.92308,17003.45385,17068.33077,
447.2521996,17608.72308,17766.78462,17741.83077,17783.88462,17677.86154,17755.70769,17646.57692,17624.82308,17648.05385,17684.23077,
447.4586226,17263.32308,17441.38462,17417.83077,17359.08462,17410.36154,17379.00769,17308.47692,17310.62308,17322.75385,17315.13077,
447.6650333,16792.42308,16959.88462,16965.73077,16916.18462,17021.76154,16895.00769,16906.97692,16849.52308,16892.15385,16864.33077,
447.8714318,17426.22308,17574.78462,17500.73077,17533.48462,17484.96154,17512.60769,17463.77692,17430.82308,17454.55385,17426.53077,
448.0778179,17885.42308,18010.08462,17986.03077,17969.08462,17976.36154,17944.70769,17882.77692,17902.72308,17902.75385,17862.33077,
448.2841917,16663.92308,16832.98462,16787.93077,16775.58462,16782.76154,16705.70769,16671.77692,16738.52308,16728.15385,16685.33077,
448.4905533,16646.32308,16773.28462,16718.93077,16750.88462,16710.96154,16743.90769,16675.07692,16688.22308,16693.25385,16662.53077,
448.6969025,16898.02308,17090.88462,17065.43077,16984.58462,17005.46154,16990.30769,16929.87692,16952.02308,16993.25385,16923.83077,
448.9032394,16832.92308,16876.18462,16865.73077,16857.88462,16860.46154,16846.20769,16833.87692,16816.92308,16842.05385,16779.23077,
449.1095641,16557.22308,16660.48462,16681.83077,16627.18462,16620.86154,16683.60769,16555.17692,16582.72308,16648.45385,16620.93077,
449.3158764,16161.12308,16228.88462,16191.13077,16248.68462,16215.96154,16217.00769,16159.97692,16215.62308,16240.55385,16192.23077,
449.5221764,16134.52308,16189.88462,16216.23077,16163.78462,16211.56154,16150.60769,16140.67692,16134.72308,16089.25385,16126.43077,
449.7284641,16106.82308,16182.88462,16121.63077,16183.08462,16105.56154,16129.10769,16091.67692,16111.42308,16154.75385,16075.13077,
449.9347395,15700.82308,15732.98462,15725.03077,15725.58462,15732.96154,15719.10769,15722.87692,15726.72308,15716.05385,15720.73077,
450.1410025,15518.32308,15528.48462,15603.03077,15570.48462,15561.16154,15553.60769,15498.17692,15490.52308,15519.35385,15504.93077,
450.3472533,15470.22308,15499.18462,15498.23077,15485.18462,15459.06154,15522.40769,15483.77692,15470.22308,15434.75385,15483.03077,
450.5534917,14684.32308,14773.38462,14725.53077,14718.68462,14699.86154,14728.70769,14694.17692,14646.22308,14673.25385,14740.13077,
450.7597178,14571.82308,14606.48462,14595.43077,14564.58462,14584.86154,14595.30769,14570.77692,14576.92308,14569.55385,14537.13077,
450.9659315,14898.42308,14899.98462,14916.13077,14890.28462,14945.06154,14889.60769,14877.77692,14902.42308,14886.95385,14900.83077,
451.172133,14260.52308,14293.28462,14321.63077,14320.88462,14337.96154,14316.80769,14270.87692,14295.32308,14316.25385,14300.73077,
451.3783221,14530.62308,14513.88462,14490.23077,14467.48462,14462.16154,14450.30769,14475.57692,14505.42308,14437.95385,14484.43077,
451.5844988,13937.12308,13950.58462,13957.93077,13999.68462,13929.36154,13947.50769,13907.47692,13944.82308,13966.65385,13935.63077,
451.7906633,13808.62308,13809.88462,13777.53077,13803.88462,13779.46154,13820.10769,13753.47692,13791.92308,13757.95385,13738.73077,
451.9968153,13443.02308,13454.58462,13415.03077,13417.38462,13403.46154,13415.80769,13391.77692,13389.02308,13455.65385,13437.53077,
452.2029551,13527.32308,13544.18462,13477.53077,13485.18462,13447.76154,13472.20769,13457.17692,13474.12308,13506.15385,13509.03077,
452.4090825,13432.92308,13455.68462,13431.43077,13460.08462,13451.26154,13448.90769,13465.57692,13493.62308,13478.45385,13442.93077,
452.6151975,12924.32308,12887.08462,12882.73077,12865.48462,12853.26154,12905.10769,12855.17692,12903.22308,12895.45385,12895.13077,
452.8213002,12533.52308,12458.48462,12500.43077,12458.48462,12511.76154,12436.50769,12492.67692,12495.02308,12534.05385,12526.03077,
453.0273906,11995.72308,12010.88462,11994.63077,11955.58462,11936.66154,11934.70769,12037.97692,12013.62308,11972.75385,12007.93077,
453.2334686,12398.42308,12415.08462,12386.83077,12390.48462,12348.66154,12357.60769,12365.27692,12420.72308,12432.55385,12367.83077,
453.4395342,11811.12308,11853.98462,11854.13077,11802.18462,11791.56154,11841.40769,11853.17692,11797.92308,11841.25385,11800.03077,
453.6455875,11745.02308,11739.68462,11733.33077,11732.68462,11684.56154,11689.50769,11710.97692,11693.42308,11751.35385,11738.63077,
453.8516284,11612.02308,11568.18462,11575.63077,11581.48462,11581.06154,11614.90769,11585.77692,11586.72308,11631.65385,11610.83077,
454.057657,11648.42308,11579.18462,11628.53077,11622.38462,11575.26154,11623.10769,11637.07692,11640.42308,11673.35385,11601.23077,
454.2636732,11279.12308,11251.28462,11213.13077,11243.08462,11226.86154,11250.50769,11275.07692,11222.32308,11220.85385,11193.53077,
454.469677,11259.32308,11239.78462,11260.63077,11282.08462,11234.86154,11241.80769,11221.07692,11261.22308,11274.05385,11251.93077,
454.6756684,10887.82308,10876.58462,10832.83077,10857.68462,10829.16154,10846.30769,10877.87692,10869.02308,10892.05385,10869.83077,
454.8816475,11318.22308,11283.28462,11219.13077,11196.88462,11257.86154,11252.60769,11228.77692,11276.62308,11265.75385,11261.23077,
455.0876142,10327.42308,10307.88462,10240.13077,10294.98462,10271.26154,10292.80769,10239.57692,10268.12308,10318.45385,10244.73077,
455.2935685,10314.12308,10241.18462,10277.83077,10276.08462,10299.26154,10291.90769,10298.97692,10292.62308,10298.35385,10309.63077,
455.4995105,10477.12308,10498.78462,10478.23077,10478.68462,10494.46154,10491.20769,10473.17692,10454.42308,10501.15385,10487.83077,
455.70544,10297.02308,10273.48462,10298.63077,10272.38462,10261.26154,10237.50769,10249.87692,10258.72308,10282.25385,10267.73077,
455.9113572,9943.923077,9946.784615,9918.430769,9930.884615,9889.461538,9895.507692,9888.776923,9969.923077,9958.153846,9945.430769,
456.117262,9762.823077,9753.284615,9788.630769,9772.184615,9722.861538,9778.707692,9749.876923,9759.423077,9768.953846,9753.230769,
456.3231543,9683.223077,9689.684615,9673.730769,9675.384615,9699.261538,9670.707692,9670.076923,9653.523077,9630.253846,9688.730769,
456.5290343,9338.223077,9318.184615,9312.730769,9290.584615,9322.261538,9304.807692,9306.376923,9339.823077,9336.853846,9388.030769,
456.7349019,9665.423077,9706.284615,9638.030769,9619.984615,9658.061538,9615.607692,9642.276923,9621.623077,9670.953846,9657.330769,
456.9407571,9465.223077,9499.084615,9449.230769,9422.284615,9453.561538,9424.807692,9437.976923,9504.523077,9458.053846,9452.030769,
457.1465999,9350.723077,9357.084615,9337.730769,9349.284615,9302.961538,9320.207692,9328.276923,9329.123077,9326.353846,9337.230769,
457.3524303,9077.723077,9049.584615,9086.630769,9024.284615,9044.361538,9056.707692,9046.476923,9064.823077,9080.453846,9081.230769,
457.5582483,8941.923077,8952.984615,8935.430769,8927.084615,8924.261538,8925.807692,8960.976923,8942.323077,8929.653846,8942.730769,
457.7640539,9051.723077,9059.984615,9088.530769,9073.784615,9046.261538,9029.407692,9061.976923,9068.523077,9092.253846,9079.830769,
457.9698471,8926.123077,8907.284615,8960.530769,8921.384615,8932.961538,8883.207692,8899.276923,8912.723077,8913.353846,8897.130769,
458.1756278,8865.423077,8852.684615,8843.630769,8823.084615,8839.461538,8821.107692,8826.576923,8840.223077,8817.253846,8837.130769,
458.3813962,8812.023077,8779.484615,8821.330769,8844.784615,8813.661538,8843.507692,8803.976923,8852.423077,8809.153846,8830.630769,
458.5871521,8521.223077,8516.484615,8510.430769,8487.784615,8512.961538,8529.307692,8483.876923,8547.323077,8532.053846,8524.430769,
458.7928956,8731.823077,8666.184615,8712.430769,8685.184615,8667.661538,8687.307692,8684.176923,8641.523077,8715.553846,8673.630769,
458.9986267,8176.023077,8135.084615,8184.930769,8191.784615,8161.161538,8155.607692,8159.576923,8206.023077,8117.353846,8182.730769,
459.2043454,8893.223077,8906.384615,8862.930769,8873.184615,8870.361538,8878.107692,8906.676923,8935.623077,8951.453846,8875.930769,
459.4100516,8822.823077,8819.884615,8854.630769,8842.784615,8850.461538,8811.807692,8832.976923,8826.623077,8864.753846,8817.730769,
459.6157454,8223.923077,8261.584615,8246.130769,8228.984615,8231.561538,8269.707692,8216.176923,8252.623077,8242.453846,8227.130769,
459.8214268,8355.223077,8385.384615,8397.530769,8364.484615,8392.361538,8362.207692,8395.876923,8371.523077,8381.253846,8376.030769,
460.0270957,8487.023077,8502.784615,8494.930769,8464.884615,8467.961538,8459.507692,8448.376923,8486.023077,8487.053846,8469.330769,
460.2327522,8437.523077,8415.884615,8424.730769,8461.384615,8405.161538,8402.907692,8431.176923,8454.323077,8457.553846,8417.230769,
460.4383963,8068.423077,8097.384615,8112.030769,8088.384615,8087.061538,8127.507692,8088.976923,8107.723077,8086.653846,8098.530769,
460.6440279,8302.423077,8284.584615,8274.530769,8230.484615,8300.761538,8273.907692,8268.676923,8277.123077,8260.553846,8281.530769,
460.8496471,7952.123077,7967.084615,8008.130769,7955.684615,7998.461538,7992.507692,7979.276923,7991.423077,7996.153846,7992.430769,
461.0552538,7857.923077,7848.584615,7848.830769,7876.384615,7860.561538,7888.507692,7870.576923,7869.523077,7885.753846,7855.630769,
461.2608481,7983.723077,8004.184615,7998.530769,7986.384615,7927.061538,7969.207692,7980.976923,7965.323077,7995.853846,7988.630769,
461.46643,7487.623077,7491.284615,7498.430769,7455.084615,7483.961538,7483.907692,7501.376923,7497.523077,7465.053846,7490.730769,
461.6719993,7295.723077,7319.884615,7340.230769,7331.284615,7342.561538,7336.907692,7307.876923,7312.323077,7326.353846,7337.130769,
461.8775563,7838.023077,7888.284615,7900.930769,7833.784615,7821.061538,7857.107692,7816.976923,7866.023077,7838.253846,7844.430769,
462.0831007,7359.323077,7403.184615,7392.030769,7390.584615,7383.661538,7345.307692,7352.676923,7345.723077,7407.653846,7370.730769,
462.2886327,7225.323077,7238.884615,7226.230769,7235.284615,7219.461538,7217.207692,7197.276923,7220.723077,7200.253846,7225.030769,
462.4941523,7234.223077,7221.784615,7169.730769,7195.084615,7211.361538,7207.207692,7207.976923,7178.123077,7199.153846,7188.830769,
462.6996593,6976.423077,6964.084615,6957.330769,6947.884615,6945.861538,6958.907692,6951.876923,6934.023077,6988.553846,6944.830769,
462.9051539,6801.123077,6829.484615,6821.030769,6831.684615,6792.861538,6778.507692,6818.576923,6833.823077,6804.653846,6837.430769,
463.1106361,7155.423077,7146.484615,7140.130769,7114.284615,7153.561538,7131.407692,7092.676923,7156.923077,7132.153846,7104.730769,
463.3161057,7252.223077,7218.284615,7250.730769,7211.184615,7217.861538,7202.607692,7202.476923,7243.923077,7234.053846,7212.130769,
463.5215629,7067.423077,7072.384615,7040.030769,7046.184615,7071.261538,7032.707692,7043.676923,7051.023077,7081.453846,7061.930769,
463.7270076,7233.723077,7206.784615,7192.330769,7230.484615,7192.761538,7226.007692,7195.876923,7224.323077,7215.153846,7233.330769,
463.9324399,7257.523077,7222.784615,7249.530769,7203.184615,7241.761538,7224.207692,7213.376923,7234.123077,7234.253846,7248.530769,
464.1378596,7265.323077,7223.984615,7269.130769,7224.184615,7247.161538,7218.907692,7259.576923,7222.523077,7234.053846,7252.130769,
464.3432669,7210.223077,7210.484615,7174.530769,7221.984615,7189.361538,7221.507692,7210.476923,7212.823077,7236.353846,7188.530769,
464.5486616,6966.123077,6958.184615,6940.830769,6906.884615,6946.561538,6958.507692,6926.776923,6961.523077,6976.853846,6928.030769,
464.7540439,7226.323077,7216.784615,7180.330769,7194.984615,7177.661538,7200.407692,7237.676923,7229.723077,7239.353846,7243.130769,
464.9594137,7083.423077,7090.484615,7117.230769,7051.184615,7106.361538,7110.307692,7101.576923,7088.823077,7073.053846,7109.930769,
465.164771,7197.423077,7152.184615,7215.330769,7183.584615,7199.561538,7216.307692,7142.976923,7160.423077,7189.353846,7171.130769,
465.3701158,6776.623077,6758.584615,6736.830769,6802.384615,6785.461538,6744.707692,6735.676923,6756.723077,6749.953846,6773.730769,
465.5754481,6684.323077,6645.684615,6659.330769,6673.884615,6648.061538,6679.007692,6630.276923,6680.823077,6679.353846,6686.430769,
465.7807679,6869.823077,6881.684615,6862.930769,6831.484615,6874.961538,6819.907692,6862.876923,6864.423077,6858.953846,6884.130769,
465.9860752,6873.423077,6872.084615,6908.730769,6904.884615,6886.961538,6883.107692,6899.076923,6890.923077,6865.753846,6936.030769,
466.19137,6679.723077,6675.084615,6666.730769,6705.684615,6680.261538,6668.107692,6668.976923,6679.023077,6671.453846,6679.730769,
466.3966523,6559.923077,6546.684615,6553.030769,6518.284615,6590.961538,6543.807692,6548.876923,6601.223077,6567.153846,6553.830769,
466.601922,6222.223077,6188.084615,6214.830769,6193.784615,6212.761538,6205.607692,6210.876923,6207.623077,6220.153846,6201.930769,
466.8071793,6443.923077,6415.684615,6416.330769,6396.584615,6383.861538,6435.907692,6438.976923,6411.323077,6453.753846,6459.730769,
467.012424,6418.923077,6425.584615,6412.030769,6396.484615,6380.061538,6393.507692,6392.176923,6388.723077,6416.253846,6421.630769,
467.2176562,6319.423077,6326.084615,6308.830769,6319.384615,6325.761538,6331.907692,6345.676923,6309.423077,6331.453846,6348.930769,
467.4228759,6364.423077,6354.684615,6345.630769,6348.184615,6368.061538,6348.107692,6297.676923,6330.923077,6385.953846,6332.130769,
467.6280831,6325.423077,6290.784615,6323.630769,6298.484615,6344.661538,6299.107692,6297.976923,6328.623077,6310.353846,6324.230769,
467.8332777,6586.423077,6540.784615,6585.830769,6534.384615,6570.561538,6582.307692,6540.576923,6549.923077,6587.053846,6590.430769,
468.0384599,6312.823077,6243.584615,6271.430769,6272.384615,6279.761538,6270.207692,6285.676923,6304.523077,6283.253846,6299.730769,
468.2436294,6088.123077,6030.884615,6112.830769,6070.384615,6078.361538,6053.107692,6076.676923,6112.023077,6071.853846,6101.330769,
468.4487865,6308.123077,6265.484615,6276.530769,6278.984615,6258.261538,6301.807692,6252.976923,6265.923077,6315.553846,6288.130769,
468.653931,6125.723077,6125.184615,6102.530769,6130.284615,6118.261538,6099.607692,6119.776923,6088.023077,6145.253846,6113.630769,
468.859063,6144.323077,6128.384615,6122.930769,6114.884615,6126.361538,6107.107692,6097.976923,6156.123077,6128.553846,6128.730769,
469.0641824,6069.623077,6067.984615,6061.130769,6065.684615,6080.961538,6037.307692,6075.176923,6066.223077,6101.653846,6066.230769,
469.2692893,5817.623077,5790.984615,5788.430769,5819.484615,5802.161538,5834.307692,5799.276923,5805.623077,5807.253846,5798.930769,
469.4743837,5969.723077,5912.884615,5926.030769,5939.084615,5915.061538,5892.607692,5906.076923,5969.423077,5918.853846,5903.030769,
469.6794655,6008.723077,5970.984615,5952.930769,5974.684615,5950.961538,5979.207692,5964.476923,5980.023077,6002.253846,5973.530769,
469.8845347,5877.323077,5865.984615,5848.730769,5878.384615,5856.261538,5868.807692,5881.076923,5877.523077,5853.653846,5886.830769,
470.0895914,5936.723077,5965.884615,5959.230769,5934.684615,5936.561538,5953.207692,5955.176923,5933.823077,5937.753846,5910.630769,
470.2946355,5899.223077,5912.184615,5911.530769,5907.484615,5936.961538,5923.107692,5900.176923,5911.223077,5903.653846,5944.630769,
470.4996671,5818.723077,5752.384615,5762.830769,5798.684615,5744.961538,5795.407692,5763.076923,5783.323077,5797.853846,5775.730769,
470.7046861,5850.623077,5845.184615,5853.730769,5833.784615,5838.761538,5846.107692,5830.276923,5839.823077,5837.153846,5806.530769,
470.9096926,5762.223077,5778.484615,5766.130769,5766.084615,5790.661538,5756.807692,5788.576923,5766.923077,5773.053846,5790.130769,
471.1146865,5786.423077,5725.984615,5747.030769,5728.784615,5756.961538,5716.007692,5727.776923,5710.223077,5727.353846,5717.330769,
471.3196678,5865.423077,5859.784615,5883.930769,5855.584615,5822.361538,5853.907692,5901.276923,5824.223077,5867.453846,5851.730769,
471.5246366,5816.023077,5811.984615,5801.030769,5832.184615,5837.561538,5803.107692,5830.776923,5801.423077,5860.153846,5808.130769,
471.7295928,5792.523077,5791.184615,5797.430769,5780.384615,5798.961538,5762.107692,5785.876923,5809.423077,5790.553846,5792.130769,
471.9345364,5801.523077,5790.184615,5785.930769,5777.484615,5765.561538,5749.207692,5779.276923,5815.923077,5751.953846,5765.830769,
472.1394674,5679.123077,5701.884615,5707.530769,5667.384615,5699.861538,5704.207692,5658.976923,5706.723077,5685.753846,5737.630769,
472.3443859,5784.423077,5775.884615,5779.630769,5768.384615,5751.961538,5801.907692,5758.676923,5779.823077,5782.353846,5797.130769,
472.5492918,5687.823077,5668.684615,5711.130769,5666.684615,5716.261538,5698.407692,5697.576923,5701.723077,5683.453846,5694.430769,
472.754185,5766.723077,5781.384615,5815.430769,5797.984615,5791.361538,5804.007692,5782.176923,5810.923077,5811.853846,5781.530769,
472.9590657,5722.523077,5727.484615,5721.730769,5702.084615,5711.261538,5698.407692,5725.876923,5723.423077,5679.953846,5705.730769,
473.1639339,5688.023077,5675.684615,5681.630769,5708.984615,5684.761538,5672.307692,5668.376923,5685.023077,5669.853846,5715.230769,
473.3687894,5673.323077,5689.984615,5656.630769,5670.584615,5674.961538,5679.007692,5673.776923,5699.723077,5676.753846,5676.230769,
473.5736323,5897.123077,5884.584615,5902.130769,5869.484615,5917.661538,5853.007692,5867.776923,5887.523077,5839.753846,5882.930769,
473.7784626,5911.823077,5916.684615,5891.830769,5910.584615,5920.961538,5883.507692,5924.976923,5890.023077,5895.353846,5887.130769,
473.9832804,5928.023077,5914.684615,5949.530769,5885.784615,5907.461538,5897.807692,5887.676923,5873.923077,5893.153846,5937.630769,
474.1880855,6004.023077,5988.184615,5994.730769,6029.784615,5997.661538,5999.907692,5990.976923,6024.223077,6011.053846,5986.930769,
474.392878,5813.223077,5874.084615,5859.730769,5832.084615,5829.461538,5819.307692,5840.376923,5806.223077,5824.953846,5838.830769,
474.597658,5945.123077,5959.784615,5941.130769,5932.384615,5917.961538,5912.807692,5912.776923,5935.323077,5982.053846,5930.030769,
474.8024253,5944.723077,5947.384615,5904.930769,5900.184615,5920.961538,5903.907692,5891.576923,5911.523077,5938.253846,5898.930769,
475.00718,6083.623077,6107.284615,6068.930769,6066.284615,6057.661538,6098.207692,6062.776923,6062.723077,6092.753846,6035.930769,
475.2119221,6137.723077,6097.784615,6152.830769,6139.084615,6143.561538,6123.407692,6117.876923,6110.823077,6133.553846,6136.930769,
475.4166515,5960.723077,6016.384615,5961.730769,5975.384615,5987.861538,5966.807692,5979.876923,5967.723077,5979.153846,5952.430769,
475.6213684,6005.423077,6061.384615,6012.130769,6043.284615,6054.861538,6039.807692,6031.576923,6051.123077,6032.053846,6039.630769,
475.8260726,6100.723077,6133.284615,6157.330769,6134.284615,6123.361538,6133.007692,6113.576923,6125.223077,6103.653846,6131.130769,
476.0307642,6160.723077,6192.484615,6191.730769,6139.984615,6157.361538,6137.707692,6151.076923,6181.123077,6190.053846,6138.630769,
476.2354432,6107.523077,6102.884615,6114.130769,6125.784615,6172.861538,6136.907692,6109.476923,6101.223077,6136.553846,6103.730769,
476.4401096,6269.623077,6301.384615,6291.230769,6283.184615,6303.061538,6278.307692,6274.976923,6301.723077,6295.153846,6288.530769,
476.6447633,6213.023077,6193.184615,6247.730769,6232.784615,6255.561538,6231.007692,6246.076923,6201.423077,6223.553846,6249.330769,
476.8494044,6426.723077,6448.384615,6446.330769,6448.284615,6436.161538,6440.207692,6421.476923,6437.523077,6409.953846,6415.930769,
477.0540329,6418.823077,6455.084615,6464.130769,6439.984615,6456.561538,6434.107692,6421.476923,6417.723077,6425.153846,6417.230769,
477.2586487,6495.523077,6499.284615,6523.830769,6500.184615,6485.761538,6494.807692,6483.476923,6511.823077,6478.953846,6521.930769,
477.4632519,6511.323077,6560.384615,6531.030769,6543.784615,6526.561538,6565.707692,6539.276923,6556.123077,6564.453846,6504.630769,
477.6678424,6471.623077,6489.184615,6484.530769,6490.184615,6462.461538,6476.907692,6431.976923,6491.823077,6457.153846,6448.230769,
477.8724203,6636.223077,6699.184615,6675.430769,6667.984615,6677.061538,6665.307692,6638.676923,6672.223077,6664.153846,6656.130769,
478.0769856,6671.023077,6682.884615,6659.330769,6660.584615,6705.561538,6678.907692,6691.876923,6676.523077,6669.853846,6651.030769,
478.2815382,6635.123077,6677.284615,6639.730769,6657.884615,6669.161538,6651.107692,6608.876923,6621.323077,6624.653846,6656.530769,
478.4860781,6662.423077,6685.084615,6678.030769,6640.384615,6673.961538,6667.007692,6644.676923,6677.823077,6701.953846,6659.730769,
478.6906054,6714.423077,6749.184615,6725.730769,6760.284615,6742.361538,6752.407692,6698.376923,6712.823077,6762.753846,6708.830769,
478.89512,6758.523077,6835.584615,6838.030769,6808.284615,6827.161538,6816.707692,6792.976923,6799.023077,6847.053846,6781.430769,
479.099622,6788.823077,6863.384615,6856.730769,6803.384615,6847.261538,6820.207692,6821.776923,6834.923077,6849.953846,6828.730769,
479.3041113,6904.223077,6965.984615,6915.730769,6939.484615,6923.061538,6920.707692,6923.976923,6895.723077,6895.053846,6923.930769,
479.508588,6854.323077,6893.984615,6892.030769,6869.084615,6861.461538,6859.107692,6840.876923,6886.423077,6863.053846,6882.330769,
479.713052,7106.723077,7089.584615,7101.930769,7113.984615,7077.161538,7100.507692,7080.476923,7086.023077,7107.353846,7059.930769,
479.9175033,6998.623077,7043.284615,7002.030769,7038.484615,6986.761538,7050.107692,6984.076923,6982.123077,6985.253846,6982.730769,
480.1219419,7017.523077,7017.984615,7040.630769,7014.484615,7007.061538,7033.307692,7003.676923,7021.123077,6973.653846,6982.330769,
480.3263679,7251.023077,7218.984615,7238.030769,7223.684615,7183.061538,7203.107692,7180.276923,7181.923077,7201.453846,7181.830769,
480.5307812,7256.523077,7286.884615,7305.730769,7247.284615,7309.861538,7285.007692,7254.776923,7264.323077,7272.453846,7284.030769,
480.7351818,7234.523077,7287.084615,7277.430769,7266.184615,7265.261538,7240.407692,7248.376923,7249.623077,7241.953846,7218.530769,
480.9395698,7275.323077,7376.584615,7354.230769,7368.084615,7369.261538,7315.507692,7342.576923,7329.523077,7322.053846,7359.930769,
481.143945,7579.723077,7658.584615,7595.230769,7596.884615,7574.061538,7581.107692,7592.276923,7589.423077,7603.153846,7600.330769,
481.3483076,7318.323077,7403.484615,7378.730769,7395.684615,7396.861538,7351.107692,7376.576923,7360.723077,7361.153846,7350.530769,
481.5526575,7541.523077,7588.084615,7603.830769,7558.984615,7577.461538,7534.107692,7578.976923,7540.823077,7546.553846,7546.230769,
481.7569947,7466.323077,7530.384615,7517.130769,7528.384615,7503.161538,7488.707692,7482.876923,7501.523077,7474.253846,7492.530769,
481.9613191,7683.223077,7739.184615,7723.030769,7712.984615,7727.361538,7731.107692,7668.676923,7696.123077,7705.653846,7695.230769,
482.1656309,7831.023077,7826.084615,7819.830769,7806.684615,7813.061538,7820.207692,7793.276923,7799.223077,7803.853846,7776.630769,
482.36993,7802.823077,7904.284615,7854.730769,7917.284615,7887.861538,7899.107692,7834.676923,7830.723077,7870.253846,7867.630769,
482.5742165,7799.623077,7855.684615,7827.830769,7811.484615,7821.161538,7786.707692,7819.976923,7817.923077,7822.353846,7802.030769,
482.7784901,7857.823077,7920.884615,7914.230769,7928.084615,7916.861538,7921.207692,7896.376923,7880.523077,7923.053846,7869.330769,
482.9827511,8054.523077,8088.384615,8127.330769,8087.384615,8127.861538,8105.907692,8078.276923,8077.523077,8099.453846,8082.230769,
483.1869994,8020.123077,8107.484615,8059.530769,8075.684615,8017.761538,8036.807692,8035.976923,8044.323077,8037.653846,7991.430769,
483.391235,8192.523077,8239.884615,8266.830769,8230.184615,8239.261538,8209.807692,8182.376923,8163.923077,8194.553846,8215.130769,
483.5954579,8135.723077,8213.984615,8203.230769,8211.384615,8180.561538,8232.507692,8178.076923,8166.723077,8179.953846,8156.730769,
483.799668,8173.523077,8264.984615,8240.930769,8231.484615,8246.761538,8215.107692,8203.776923,8189.223077,8209.753846,8215.130769,
484.0038654,8367.023077,8407.884615,8405.530769,8387.484615,8372.661538,8371.107692,8381.076923,8356.723077,8362.153846,8319.730769,
484.2080502,8527.423077,8539.384615,8545.030769,8530.784615,8493.261538,8526.007692,8531.276923,8548.423077,8560.553846,8530.830769,
484.4122222,8491.123077,8535.884615,8501.930769,8507.084615,8498.861538,8488.807692,8480.976923,8494.923077,8473.653846,8466.330769,
484.6163814,8578.423077,8621.984615,8627.230769,8591.284615,8611.561538,8632.607692,8578.476923,8589.323077,8603.853846,8565.030769,
484.820528,8702.023077,8748.784615,8754.130769,8770.884615,8775.261538,8734.607692,8710.776923,8697.923077,8761.853846,8713.030769,
485.0246618,8622.023077,8717.484615,8711.430769,8702.384615,8700.461538,8674.907692,8652.976923,8667.323077,8657.353846,8661.630769,
485.2287828,8904.723077,8999.084615,8900.230769,8945.184615,8925.561538,8939.807692,8919.076923,8958.523077,8941.353846,8880.530769,
485.4328912,8852.223077,8919.484615,8870.930769,8867.784615,8832.761538,8885.807692,8822.576923,8842.923077,8836.953846,8817.330769,
485.6369868,9032.323077,9056.484615,9034.030769,9059.584615,9044.961538,9031.007692,9041.476923,8999.723077,9039.353846,9001.730769,
485.8410697,9018.623077,9051.184615,9078.730769,9020.084615,9034.361538,9027.207692,8988.376923,9003.723077,9000.153846,9016.730769,
486.0451398,9021.223077,9112.384615,9128.330769,9122.884615,9088.361538,9091.007692,9038.776923,9096.523077,9075.253846,9053.830769,
486.2491972,9189.523077,9285.084615,9264.930769,9249.284615,9284.461538,9257.207692,9195.876923,9205.523077,9225.553846,9174.330769,
486.4532418,9239.023077,9274.484615,9293.930769,9259.584615,9246.561538,9233.707692,9203.576923,9231.123077,9225.653846,9240.830769,
486.6572737,9324.023077,9461.084615,9453.530769,9414.684615,9402.261538,9423.507692,9393.376923,9370.023077,9375.653846,9341.930769,
486.8612928,9519.623077,9616.084615,9618.730769,9578.284615,9571.861538,9583.907692,9546.676923,9541.023077,9552.953846,9538.130769,
487.0652992,9292.123077,9411.984615,9388.630769,9356.584615,9325.461538,9367.007692,9319.476923,9304.123077,9306.053846,9335.730769,
487.2692928,9525.623077,9634.984615,9608.930769,9629.784615,9624.661538,9585.907692,9547.476923,9573.423077,9569.653846,9528.430769,
487.4732737,9569.423077,9669.684615,9596.330769,9593.684615,9620.861538,9614.307692,9544.576923,9579.623077,9576.353846,9545.730769,
487.6772418,9773.623077,9890.784615,9860.330769,9834.384615,9810.961538,9756.607692,9812.576923,9772.023077,9811.253846,9819.130769,
487.8811972,9937.723077,9989.184615,9943.130769,9934.884615,9967.261538,9900.507692,9886.476923,9881.123077,9921.353846,9902.430769,
488.0851397,9872.123077,9994.984615,9973.230769,9921.084615,9924.461538,9908.507692,9883.976923,9886.023077,9881.353846,9851.630769,
488.2890695,10006.12308,10126.38462,10100.03077,10075.18462,10030.36154,10033.70769,10013.17692,10051.42308,10055.65385,10017.83077,
488.4929866,10066.72308,10222.48462,10164.53077,10193.28462,10145.76154,10149.40769,10077.47692,10107.92308,10129.95385,10090.53077,
488.6968909,10146.62308,10250.78462,10271.03077,10246.28462,10215.16154,10244.40769,10180.77692,10209.22308,10197.65385,10209.43077,
488.9007823,10241.02308,10383.58462,10351.63077,10346.88462,10331.86154,10326.90769,10271.17692,10264.52308,10299.35385,10315.63077,
489.1046611,10352.72308,10446.48462,10468.53077,10421.68462,10444.36154,10403.20769,10410.47692,10381.42308,10368.75385,10354.33077,
489.308527,10443.52308,10554.98462,10510.63077,10568.78462,10549.36154,10539.20769,10458.27692,10504.22308,10507.95385,10439.93077,
489.5123801,10593.72308,10658.08462,10628.93077,10644.88462,10594.86154,10651.80769,10586.57692,10590.72308,10594.15385,10556.13077,
489.7162205,10639.22308,10726.58462,10699.63077,10705.18462,10668.06154,10676.40769,10679.17692,10665.42308,10624.75385,10630.33077,
489.9200481,10744.32308,10816.08462,10790.23077,10790.98462,10788.46154,10767.70769,10750.47692,10713.02308,10791.85385,10776.43077,
490.1238629,10702.82308,10868.08462,10807.43077,10865.88462,10815.16154,10815.30769,10732.17692,10713.72308,10771.75385,10771.13077,
490.3276649,11044.52308,11161.88462,11091.93077,11131.98462,11121.76154,11066.50769,11051.37692,11064.82308,11040.95385,11073.53077,
490.5314541,11004.62308,11137.78462,11047.33077,11048.58462,11025.36154,11047.20769,11000.97692,11058.72308,10979.65385,11016.23077,
490.7352305,11191.12308,11252.38462,11213.53077,11229.48462,11257.26154,11198.60769,11150.97692,11195.32308,11149.95385,11169.13077,
490.9389941,11229.12308,11381.68462,11333.23077,11332.38462,11289.36154,11300.90769,11296.07692,11338.82308,11276.05385,11241.13077,
491.1427449,11262.92308,11358.78462,11340.33077,11325.28462,11315.06154,11322.10769,11286.57692,11251.22308,11293.45385,11289.33077,
491.3464829,11301.22308,11415.58462,11380.43077,11393.58462,11346.86154,11330.00769,11343.27692,11350.92308,11330.15385,11336.33077,
491.5502081,11538.42308,11634.88462,11662.13077,11663.18462,11625.66154,11593.90769,11582.37692,11617.12308,11584.65385,11570.03077,
491.7539205,11641.92308,11799.58462,11720.33077,11651.08462,11697.26154,11686.70769,11635.47692,11619.42308,11677.75385,11697.83077,
491.95762,11672.62308,11791.38462,11813.33077,11775.48462,11795.76154,11772.50769,11717.17692,11731.32308,11772.05385,11729.63077,
492.1613068,11786.42308,11880.58462,11869.73077,11865.78462,11847.86154,11806.80769,11756.07692,11788.32308,11754.25385,11777.13077,
492.3649807,11904.32308,12030.98462,11999.73077,12044.58462,11976.36154,11971.50769,11919.67692,11929.32308,11905.85385,11863.03077,
492.5686419,11892.12308,12009.58462,12002.33077,11918.18462,11969.16154,11959.90769,11912.17692,11921.92308,11919.05385,11926.33077,
492.7722902,12001.92308,12122.58462,12084.43077,12031.38462,12062.16154,12062.20769,11975.07692,12030.42308,12011.25385,12000.13077,
492.9759257,12142.02308,12249.08462,12246.43077,12190.48462,12160.06154,12204.00769,12149.37692,12166.92308,12195.75385,12141.43077,
493.1795483,12181.12308,12315.48462,12333.93077,12292.68462,12317.46154,12293.90769,12281.87692,12279.42308,12250.05385,12276.53077,
493.3831581,12371.72308,12522.18462,12518.63077,12437.08462,12491.76154,12468.50769,12435.47692,12459.62308,12467.15385,12466.83077,
493.5867551,12511.12308,12588.58462,12581.33077,12589.08462,12638.66154,12559.50769,12521.07692,12537.92308,12564.35385,12506.53077,
493.7903393,12627.82308,12762.78462,12741.13077,12689.68462,12719.46154,12695.40769,12668.47692,12680.92308,12650.85385,12631.83077,
493.9939106,12446.82308,12595.28462,12565.43077,12577.98462,12554.96154,12531.70769,12511.77692,12545.82308,12536.35385,12486.63077,
494.1974691,12708.32308,12823.58462,12812.23077,12776.48462,12783.06154,12773.30769,12724.87692,12721.32308,12758.65385,12684.13077,
494.4010147,12822.32308,12925.98462,12922.33077,12897.08462,12915.26154,12825.50769,12845.57692,12866.12308,12813.65385,12852.63077,
494.6045475,12824.72308,12950.28462,12945.13077,12903.48462,12911.96154,12888.20769,12784.87692,12843.42308,12853.45385,12778.43077,
494.8080675,13039.92308,13160.38462,13175.13077,13130.88462,13169.86154,13156.60769,13068.77692,13090.02308,13072.35385,13096.53077,
495.0115746,13030.52308,13163.08462,13134.63077,13080.58462,13093.26154,13110.90769,13078.77692,13033.82308,13035.25385,13012.23077,
495.2150689,13092.02308,13185.88462,13224.83077,13208.18462,13190.06154,13161.70769,13107.77692,13089.62308,13134.35385,13097.93077,
495.4185503,13165.72308,13367.48462,13327.33077,13263.88462,13297.96154,13289.30769,13226.27692,13193.22308,13242.45385,13182.53077,
495.6220188,13191.92308,13292.18462,13293.83077,13272.58462,13264.86154,13249.60769,13188.47692,13201.22308,13206.25385,13203.03077,
495.8254745,13369.82308,13554.38462,13493.73077,13481.98462,13500.46154,13519.00769,13441.67692,13374.82308,13478.25385,13382.83077,
496.0289173,13378.92308,13504.48462,13499.83077,13413.98462,13486.96154,13473.00769,13396.17692,13412.72308,13419.25385,13422.23077,
496.2323473,13613.32308,13757.28462,13742.03077,13713.38462,13695.36154,13673.20769,13593.57692,13614.22308,13628.75385,13645.23077,
496.4357644,13592.62308,13685.08462,13675.13077,13643.28462,13662.96154,13632.50769,13614.97692,13537.42308,13623.35385,13625.93077,
496.6391687,13770.02308,13984.78462,13959.83077,13868.48462,13926.86154,13923.90769,13871.87692,13929.42308,13900.65385,13847.13077,
496.84256,13729.42308,13871.88462,13879.73077,13829.48462,13823.16154,13776.80769,13713.97692,13737.32308,13720.55385,13738.33077,
497.0459385,14004.92308,14142.18462,14105.33077,14099.78462,14057.96154,14065.10769,14054.97692,13996.92308,14029.45385,14025.63077,
497.2493042,13993.72308,14153.48462,14117.93077,14079.98462,14097.36154,14101.00769,14030.07692,13998.02308,14039.95385,14031.83077,
497.4526569,14048.72308,14164.28462,14155.63077,14155.58462,14113.76154,14144.60769,14076.97692,14056.22308,14060.25385,13991.63077,
497.6559968,14134.02308,14278.58462,14237.23077,14296.38462,14231.56154,14225.20769,14197.17692,14178.82308,14157.85385,14172.03077,
497.8593238,14127.72308,14279.78462,14253.93077,14223.78462,14245.16154,14234.80769,14193.27692,14202.22308,14177.35385,14138.93077,
498.0626379,14201.42308,14330.98462,14339.63077,14305.28462,14312.06154,14268.80769,14244.47692,14250.22308,14268.95385,14203.03077,
498.2659391,14456.32308,14600.18462,14525.73077,14528.48462,14585.56154,14510.10769,14475.67692,14484.12308,14508.55385,14479.53077,
498.4692274,14358.72308,14499.88462,14461.43077,14482.88462,14448.66154,14456.50769,14406.37692,14406.82308,14409.15385,14450.13077,
498.6725028,14407.62308,14526.58462,14497.03077,14481.88462,14470.56154,14428.30769,14393.77692,14421.62308,14439.45385,14398.53077,
498.8757654,14545.22308,14719.98462,14685.83077,14678.18462,14693.06154,14664.50769,14614.57692,14606.12308,14611.65385,14594.83077,
499.079015,14722.02308,14827.78462,14792.13077,14802.58462,14769.16154,14725.40769,14732.17692,14666.72308,14714.45385,14695.03077,
499.2822518,14545.82308,14666.88462,14718.63077,14642.48462,14616.16154,14655.30769,14596.47692,14600.92308,14556.25385,14575.23077,
499.4854756,14802.02308,14944.88462,14923.23077,14928.08462,14956.56154,14896.80769,14850.07692,14869.82308,14827.55385,14840.63077,
499.6886865,14758.72308,14911.78462,14952.33077,14842.18462,14910.46154,14852.40769,14797.57692,14826.32308,14870.25385,14765.83077,
499.8918846,14958.12308,15095.78462,15027.23077,15019.88462,15053.56154,15014.40769,14983.87692,14988.22308,14926.95385,14914.73077,
500.0950697,14887.12308,15004.68462,15008.73077,15009.38462,15029.46154,14988.20769,14917.87692,14909.42308,14870.75385,14936.63077,
500.2982419,15239.42308,15290.78462,15327.03077,15310.98462,15249.46154,15291.10769,15158.17692,15222.02308,15232.85385,15179.63077,
500.5014012,14985.92308,15145.68462,15083.53077,15056.58462,15062.36154,15072.50769,14943.77692,15049.02308,15016.55385,14957.83077,
500.7045476,15203.62308,15444.08462,15415.23077,15305.88462,15336.36154,15330.60769,15232.57692,15306.32308,15258.85385,15286.83077,
500.9076811,15387.02308,15494.78462,15488.83077,15451.18462,15396.36154,15364.60769,15359.07692,15388.32308,15396.15385,15335.53077,
501.1108016,15328.02308,15481.98462,15496.03077,15434.68462,15419.66154,15407.50769,15364.07692,15397.62308,15358.95385,15353.73077,
501.3139093,15396.02308,15548.08462,15503.13077,15496.18462,15436.66154,15483.40769,15423.87692,15430.12308,15457.25385,15395.13077,
501.517004,15427.82308,15597.48462,15547.93077,15537.28462,15544.16154,15501.10769,15446.07692,15508.62308,15470.25385,15473.83077,
501.7200857,15567.42308,15741.98462,15736.83077,15661.38462,15650.26154,15586.70769,15609.57692,15589.12308,15604.55385,15608.03077,
501.9231546,15423.92308,15608.78462,15545.93077,15542.88462,15528.06154,15494.00769,15404.17692,15468.62308,15473.25385,15463.63077,
502.1262105,15712.72308,15904.38462,15888.43077,15799.08462,15825.26154,15780.20769,15733.67692,15737.72308,15787.65385,15688.03077,
502.3292535,15825.42308,15984.38462,15924.23077,15905.88462,15931.16154,15880.20769,15838.87692,15818.32308,15828.05385,15837.13077,
502.5322835,15711.32308,15906.08462,15860.33077,15848.78462,15849.86154,15810.30769,15760.57692,15762.02308,15809.25385,15758.83077,
502.7353006,15848.52308,16025.48462,15977.83077,15870.58462,15935.66154,15887.60769,15829.37692,15850.32308,15872.55385,15833.33077,
502.9383048,15876.52308,16113.58462,16029.83077,15951.88462,15967.66154,15978.30769,15957.57692,15939.22308,15934.35385,15976.83077,
503.141296,15943.72308,16041.38462,16072.43077,16053.08462,16053.06154,16028.80769,15933.17692,15953.12308,15951.95385,15930.23077,
503.3442743,16061.22308,16235.18462,16211.73077,16241.58462,16225.46154,16180.90769,16142.47692,16162.72308,16173.95385,16122.33077,
503.5472396,15952.22308,16085.68462,16075.13077,16066.58462,16010.36154,16048.70769,16001.67692,15933.12308,15962.95385,15928.63077,
503.7501919,16139.92308,16330.78462,16292.83077,16263.08462,16304.26154,16237.40769,16169.17692,16165.32308,16174.35385,16175.63077,
503.9531313,16266.32308,16412.88462,16381.03077,16334.98462,16374.06154,16349.70769,16244.67692,16320.42308,16317.15385,16274.33077,
504.1560578,16275.42308,16364.68462,16381.23077,16364.28462,16385.56154,16400.00769,16244.27692,16246.82308,16316.55385,16259.73077,
504.3589713,16307.02308,16415.08462,16464.93077,16404.98462,16426.56154,16392.50769,16374.47692,16282.02308,16366.65385,16324.33077,
504.5618718,16262.92308,16474.68462,16361.23077,16394.88462,16351.56154,16343.40769,16264.87692,16312.62308,16265.55385,16256.43077,
504.7647594,16537.12308,16711.28462,16616.13077,16569.18462,16621.96154,16603.60769,16546.27692,16587.02308,16603.25385,16583.33077,
504.967634,16516.92308,16713.28462,16649.93077,16652.68462,16639.86154,16560.50769,16563.77692,16523.82308,16533.75385,16516.23077,
505.1704956,16556.52308,16708.88462,16728.33077,16674.78462,16677.06154,16652.10769,16608.47692,16638.72308,16592.65385,16583.03077,
505.3733443,16480.32308,16638.98462,16653.63077,16571.98462,16561.56154,16604.60769,16493.07692,16504.42308,16535.75385,16520.23077,
505.57618,16678.82308,16858.78462,16852.33077,16769.98462,16838.86154,16804.70769,16730.07692,16703.12308,16756.35385,16696.23077,
505.7790027,16697.22308,16817.98462,16824.63077,16854.98462,16826.26154,16802.70769,16710.57692,16739.82308,16777.75385,16750.53077,
505.9818124,16731.52308,16891.28462,16864.83077,16842.68462,16879.06154,16794.40769,16792.87692,16756.02308,16821.15385,16722.63077,
506.1846092,16953.12308,17111.48462,17056.43077,17028.78462,17045.06154,17026.50769,16943.87692,16917.32308,17003.65385,16915.13077,
506.387393,16917.72308,17050.18462,17007.53077,17040.58462,16989.76154,16931.10769,16941.57692,16972.82308,16935.85385,16911.43077,
506.5901637,16890.82308,17038.38462,17037.33077,16989.48462,16970.86154,16950.20769,16900.97692,16898.92308,16975.85385,16884.43077,
506.7929215,17120.62308,17307.48462,17269.03077,17249.08462,17234.76154,17247.50769,17165.87692,17161.92308,17156.75385,17159.43077,
506.9956663,16913.62308,17111.38462,17027.03077,16998.18462,16988.76154,16971.90769,16910.17692,16903.62308,16955.85385,16955.23077,
507.1983982,17277.82308,17491.78462,17418.23077,17392.38462,17386.26154,17397.10769,17306.67692,17313.62308,17307.25385,17315.83077,
507.401117,17017.02308,17202.38462,17199.53077,17112.18462,17135.56154,17133.40769,17064.87692,17053.72308,17051.45385,17052.63077,
507.6038228,17169.12308,17386.28462,17315.63077,17246.78462,17289.26154,17256.90769,17153.77692,17194.82308,17224.65385,17184.13077,
507.8065156,17393.02308,17539.08462,17589.23077,17444.78462,17521.66154,17470.50769,17368.47692,17457.72308,17380.95385,17394.03077,
508.0091954,17320.32308,17545.28462,17530.33077,17500.18462,17496.66154,17507.10769,17438.17692,17396.82308,17407.05385,17420.23077,
508.2118623,17311.42308,17515.18462,17476.33077,17420.48462,17398.26154,17366.30769,17351.07692,17374.02308,17370.75385,17335.23077,
508.4145161,17456.02308,17624.18462,17610.33077,17591.28462,17564.56154,17576.30769,17532.87692,17503.42308,17533.35385,17527.53077,
508.6171569,17535.32308,17726.28462,17704.43077,17658.88462,17654.66154,17633.40769,17575.67692,17570.02308,17581.55385,17625.73077,
508.8197846,17532.42308,17666.48462,17663.03077,17641.08462,17597.86154,17622.90769,17610.57692,17545.62308,17571.05385,17546.83077,
509.0223994,17429.62308,17560.78462,17507.23077,17543.38462,17516.96154,17474.80769,17422.87692,17414.52308,17462.35385,17450.93077,
509.2250012,17712.32308,17868.68462,17853.23077,17823.58462,17745.86154,17779.70769,17712.87692,17756.12308,17758.05385,17722.23077,
509.4275899,17702.72308,17941.78462,17851.53077,17817.48462,17790.96154,17798.30769,17759.07692,17713.32308,17738.75385,17713.03077,
509.6301656,17741.22308,17912.18462,17916.63077,17868.08462,17848.16154,17776.50769,17773.97692,17753.72308,17768.35385,17744.83077,
509.8327283,17713.92308,17864.68462,17827.63077,17798.48462,17852.46154,17797.70769,17729.27692,17796.12308,17744.75385,17725.13077,
510.0352779,17918.92308,18122.08462,18097.13077,18089.48462,18032.56154,18068.30769,17949.87692,17980.22308,18040.95385,17995.33077,
510.2378146,17745.32308,18001.78462,17861.13077,17900.58462,17880.56154,17825.10769,17820.97692,17810.02308,17790.25385,17803.13077,
510.4403382,17901.32308,18103.08462,18075.23077,18063.78462,18012.06154,18065.60769,17992.87692,17981.12308,17972.85385,18006.43077,
510.6428487,18038.32308,18247.68462,18232.03077,18211.78462,18173.86154,18137.60769,18042.07692,18085.02308,18123.95385,18095.93077,
510.8453463,18078.52308,18223.68462,18154.63077,18150.18462,18150.96154,18123.70769,18126.27692,18044.62308,18075.45385,18037.93077,
511.0478308,17973.32308,18134.18462,18064.23077,18057.08462,18050.06154,18045.50769,17961.27692,17957.22308,17991.45385,18002.03077,
511.2503022,18100.92308,18273.18462,18256.03077,18227.88462,18258.86154,18184.00769,18120.57692,18202.72308,18153.25385,18133.33077,
511.4527606,18091.02308,18234.28462,18212.43077,18199.08462,18146.36154,18190.50769,18099.87692,18095.32308,18149.15385,18142.83077,
511.655206,18591.12308,18734.38462,18669.63077,18664.88462,18659.56154,18644.80769,18591.57692,18593.12308,18610.45385,18532.93077,
511.8576383,18218.22308,18404.48462,18355.73077,18327.88462,18380.36154,18355.20769,18263.47692,18243.12308,18246.75385,18217.13077,
512.0600575,18290.52308,18459.58462,18351.43077,18413.78462,18379.26154,18385.30769,18319.77692,18334.92308,18345.65385,18305.53077,
512.2624637,18404.82308,18568.58462,18573.83077,18507.48462,18557.96154,18505.50769,18489.27692,18517.02308,18436.35385,18441.13077,
512.4648569,18262.52308,18550.38462,18456.13077,18422.98462,18425.86154,18396.40769,18366.87692,18320.82308,18382.75385,18335.33077,
512.667237,18482.02308,18584.68462,18595.03077,18562.88462,18580.16154,18545.10769,18462.57692,18521.72308,18523.95385,18441.53077,
512.869604,18506.22308,18718.78462,18625.53077,18614.88462,18668.56154,18615.20769,18567.67692,18561.12308,18591.95385,18561.93077,
513.071958,18502.22308,18676.38462,18596.53077,18603.78462,18595.06154,18598.60769,18474.67692,18585.62308,18526.45385,18551.53077,
513.2742989,18687.72308,18859.48462,18780.53077,18742.38462,18776.66154,18736.60769,18709.17692,18705.62308,18709.85385,18728.83077,
513.4766267,18778.22308,18963.58462,18931.13077,18878.18462,18901.76154,18890.90769,18863.57692,18821.32308,18813.95385,18762.83077,
513.6789415,18787.32308,18919.88462,18932.43077,18935.78462,18913.96154,18852.30769,18808.17692,18822.92308,18876.25385,18820.13077,
513.8812432,18868.42308,19082.68462,18994.73077,18984.28462,18965.66154,18944.50769,18874.77692,18923.92308,18932.95385,18908.83077,
514.0835318,18899.62308,19034.88462,19067.93077,18977.88462,18999.06154,18985.80769,18942.87692,18911.62308,18929.45385,18936.83077,
514.2858073,18793.12308,19028.78462,19014.63077,18917.88462,18976.56154,18957.50769,18876.27692,18836.72308,18821.75385,18854.33077,
514.4880698,18858.32308,19045.88462,18982.13077,18923.78462,19042.36154,18941.30769,18874.27692,18921.62308,18928.25385,18827.43077,
514.6903192,19176.72308,19371.68462,19358.23077,19335.48462,19318.36154,19323.30769,19228.87692,19248.22308,19246.75385,19240.23077,
514.8925554,19153.32308,19333.28462,19244.63077,19254.28462,19284.86154,19245.70769,19205.07692,19217.42308,19170.65385,19208.73077,
515.0947787,19071.22308,19285.68462,19249.53077,19223.98462,19217.26154,19213.50769,19112.07692,19215.12308,19147.85385,19160.83077,
515.2969888,19240.52308,19373.48462,19368.03077,19283.28462,19326.26154,19349.00769,19307.37692,19255.22308,19317.95385,19221.33077,
515.4991858,19131.72308,19328.78462,19333.43077,19254.38462,19246.76154,19236.90769,19175.97692,19237.32308,19222.65385,19200.63077,
515.7013697,19323.12308,19490.88462,19441.43077,19433.98462,19391.56154,19475.10769,19369.07692,19408.22308,19353.15385,19385.43077,
515.9035405,19431.22308,19590.98462,19529.93077,19479.68462,19487.56154,19512.50769,19421.87692,19407.62308,19410.15385,19406.43077,
516.1056983,19318.72308,19524.88462,19481.13077,19490.18462,19446.16154,19435.40769,19388.67692,19371.82308,19355.75385,19363.73077,
516.3078429,19449.72308,19609.48462,19561.13077,19551.38462,19518.26154,19552.70769,19464.27692,19498.72308,19505.35385,19444.33077,
516.5099744,19605.62308,19796.28462,19708.93077,19677.78462,19675.16154,19698.20769,19616.57692,19588.22308,19648.55385,19643.73077,
516.7120929,19427.82308,19649.58462,19617.53077,19598.58462,19601.96154,19598.80769,19505.87692,19510.02308,19560.55385,19537.63077,
516.9141982,19589.82308,19721.78462,19699.93077,19780.98462,19689.16154,19655.00769,19657.77692,19597.42308,19589.25385,19595.93077,
517.1162904,19794.72308,19997.08462,19946.73077,19921.88462,19895.36154,19900.60769,19798.87692,19833.32308,19836.65385,19816.43077,
517.3183694,19695.12308,19860.28462,19825.53077,19832.78462,19807.16154,19824.40769,19737.57692,19719.12308,19728.15385,19709.53077,
517.5204354,19688.22308,19876.08462,19783.93077,19796.28462,19813.96154,19837.60769,19747.07692,19751.72308,19736.85385,19712.13077,
517.7224883,19732.92308,19940.58462,19854.43077,19822.48462,19816.06154,19813.80769,19775.57692,19767.62308,19722.75385,19745.53077,
517.924528,19819.12308,20004.78462,19955.73077,19958.78462,19933.56154,19895.80769,19909.97692,19827.32308,19875.35385,19829.73077,
518.1265546,19939.42308,20130.58462,20111.53077,20046.38462,19987.86154,20046.70769,20008.97692,19988.92308,19955.05385,20008.43077,
518.3285681,19971.92308,20071.88462,20054.83077,20059.48462,20001.56154,19965.40769,19911.47692,19915.32308,19978.05385,19924.23077,
518.5305684,19794.12308,19987.58462,19922.03077,19951.28462,19952.36154,19932.20769,19826.67692,19848.72308,19868.35385,19831.83077,
518.7325556,20081.72308,20280.18462,20234.13077,20246.88462,20196.16154,20180.20769,20084.17692,20111.82308,20132.35385,20130.33077,
518.9345297,20061.32308,20285.48462,20307.53077,20194.68462,20209.86154,20229.20769,20171.27692,20106.02308,20171.45385,20182.73077,
519.1364907,20034.22308,20160.58462,20229.53077,20092.68462,20156.86154,20117.50769,20017.17692,20041.02308,20102.95385,20076.63077,
519.3384385,20242.02308,20439.88462,20387.83077,20376.08462,20390.66154,20340.70769,20260.67692,20271.82308,20258.45385,20246.73077,
519.5403732,20189.42308,20359.68462,20342.83077,20304.48462,20353.46154,20277.10769,20200.07692,20214.32308,20237.05385,20202.13077,
519.7422947,20307.62308,20500.28462,20460.43077,20449.48462,20413.76154,20425.50769,20317.97692,20364.62308,20334.35385,20281.63077,
519.9442031,20236.92308,20400.28462,20364.73077,20313.58462,20362.16154,20289.10769,20193.57692,20293.62308,20240.55385,20247.83077,
520.1460983,20425.72308,20651.68462,20625.13077,20564.48462,20542.76154,20514.10769,20532.17692,20478.72308,20498.35385,20518.63077,
520.3479804,20401.02308,20670.98462,20560.63077,20546.68462,20590.96154,20560.20769,20466.77692,20523.02308,20495.05385,20488.43077,
520.5498493,20419.42308,20602.08462,20588.23077,20548.88462,20498.36154,20509.40769,20423.17692,20464.62308,20494.45385,20472.23077,
520.7517051,20405.62308,20596.28462,20505.03077,20516.98462,20512.16154,20565.20769,20477.67692,20459.52308,20500.15385,20433.63077,
520.9535477,20696.42308,20834.88462,20835.03077,20770.78462,20785.36154,20818.80769,20714.67692,20764.42308,20699.15385,20717.53077,
521.1553772,20417.82308,20581.18462,20506.43077,20543.28462,20463.06154,20472.50769,20357.97692,20434.32308,20427.45385,20446.23077,
521.3571935,20642.42308,20745.88462,20751.03077,20735.18462,20735.06154,20706.10769,20672.17692,20724.02308,20632.45385,20612.93077,
521.5589966,20672.42308,20837.68462,20860.43077,20791.28462,20802.56154,20772.00769,20705.57692,20731.02308,20704.55385,20695.43077,
521.7607866,20769.92308,20922.58462,20937.43077,20929.48462,20902.36154,20872.70769,20829.37692,20771.42308,20870.65385,20752.63077,
521.9625634,20712.42308,20884.38462,20860.83077,20795.08462,20759.16154,20770.70769,20665.97692,20784.82308,20732.35385,20739.93077,
522.164327,20714.02308,20879.78462,20876.53077,20799.18462,20778.36154,20784.30769,20747.97692,20737.82308,20780.05385,20710.43077,
522.3660775,20740.82308,20899.98462,20841.43077,20882.38462,20852.36154,20773.20769,20752.67692,20728.72308,20753.45385,20734.63077,
522.5678148,20774.22308,20862.88462,20840.63077,20807.78462,20865.16154,20776.30769,20780.07692,20793.32308,20773.55385,20767.43077,
522.7695389,20807.22308,20986.28462,20948.13077,20890.38462,20924.46154,20854.00769,20795.47692,20852.92308,20774.35385,20806.73077,
522.9712498,21007.32308,21199.28462,21166.63077,21171.58462,21132.06154,21149.00769,21039.37692,20995.12308,21079.55385,21061.03077,
523.1729475,20738.22308,20984.38462,20939.53077,20884.28462,20877.96154,20884.50769,20774.67692,20881.12308,20841.75385,20827.23077,
523.3746321,20893.32308,21069.48462,21031.73077,21018.88462,20993.66154,20932.90769,20914.07692,20961.52308,20872.85385,20871.93077,
523.5763034,20769.42308,21036.98462,20995.73077,20972.68462,20894.66154,20920.00769,20861.77692,20901.02308,20884.85385,20858.63077,
523.7779616,20785.82308,20967.78462,20877.03077,20842.08462,20850.26154,20791.80769,20853.67692,20794.02308,20823.45385,20761.23077,
523.9796066,20907.12308,21113.58462,21129.03077,21090.48462,21032.96154,21087.90769,20989.17692,20977.82308,20976.05385,20981.53077,
524.1812383,20932.52308,21271.18462,21096.43077,21093.18462,21045.96154,21011.00769,21003.17692,21013.82308,20997.75385,21009.43077,
524.3828569,20881.32308,21052.18462,21004.63077,21044.48462,21006.06154,21012.30769,20891.07692,20936.72308,20986.25385,20930.63077,
524.5844623,21009.52308,21224.58462,21209.73077,21175.08462,21176.36154,21129.20769,21078.47692,21095.52308,21119.45385,21068.53077,
524.7860545,20929.02308,21156.98462,21145.03077,21053.68462,21145.36154,21045.50769,20987.17692,21005.32308,21012.85385,20995.13077,
524.9876334,20829.92308,21054.98462,20976.03077,20949.48462,20963.96154,20910.30769,20850.87692,20889.42308,20871.05385,20894.23077,
525.1891992,20989.82308,21170.68462,21153.53077,21097.28462,21097.76154,21063.40769,20997.77692,21035.22308,21053.15385,21034.63077,
525.3907517,21038.02308,21171.08462,21205.33077,21160.58462,21120.56154,21135.80769,20981.27692,21096.82308,21034.35385,21046.73077,
525.5922911,21069.12308,21241.48462,21209.43077,21211.78462,21200.76154,21084.50769,21137.57692,21176.42308,21097.95385,21138.03077,
525.7938172,21039.42308,21238.58462,21172.93077,21146.38462,21189.96154,21125.40769,21101.77692,21069.32308,21077.35385,21026.63077,
525.9953301,21043.72308,21239.08462,21173.23077,21163.88462,21177.76154,21165.00769,21086.27692,21101.22308,21111.55385,21080.93077,
526.1968298,20975.02308,21194.08462,21052.93077,21099.98462,21052.26154,21052.90769,21034.87692,21034.62308,20983.35385,20992.63077,
526.3983162,20867.92308,21118.78462,21116.13077,21025.38462,21025.56154,21061.90769,20970.97692,20950.12308,20989.55385,20949.03077,
526.5997895,21026.32308,21233.78462,21148.23077,21152.58462,21090.36154,21129.80769,21086.87692,21066.82308,21108.95385,21089.23077,
526.8012495,20994.82308,21240.78462,21207.33077,21140.48462,21204.46154,21160.30769,21123.07692,21091.22308,21089.15385,21134.13077,
527.0026963,21067.12308,21154.58462,21201.03077,21132.48462,21097.26154,21149.40769,21090.47692,21075.62308,21119.45385,21086.13077,
527.2041298,20967.52308,21084.58462,21083.83077,21073.98462,21068.76154,20988.30769,20934.67692,20987.22308,21040.55385,20979.63077,
527.4055501,21035.62308,21195.68462,21201.53077,21145.28462,21170.66154,21139.10769,21020.77692,21088.62308,21070.65385,20997.63077,
527.6069572,21032.82308,21217.58462,21108.63077,21155.38462,21107.36154,21106.50769,21033.07692,21071.02308,21066.35385,21020.63077,
527.808351,21042.12308,21191.48462,21166.63077,21111.38462,21088.16154,21126.10769,21068.87692,21100.82308,21087.95385,21070.23077,
528.0097316,20694.82308,20932.78462,20916.93077,20836.88462,20823.76154,20772.40769,20745.17692,20839.92308,20763.45385,20764.93077,
528.211099,20785.72308,21005.58462,20983.53077,21002.58462,20951.36154,20962.00769,20907.67692,20878.92308,20883.45385,20833.93077,
528.4124531,21147.12308,21295.88462,21318.03077,21226.98462,21275.56154,21202.70769,21144.87692,21119.12308,21180.35385,21130.73077,
528.6137939,20954.42308,21163.48462,21108.13077,21012.58462,21076.06154,21079.40769,20989.87692,21011.62308,21022.75385,20948.33077,
528.8151215,20862.22308,21022.78462,20998.33077,20981.38462,21026.96154,20961.70769,20890.67692,20914.92308,20882.95385,20927.13077,
529.0164358,21016.02308,21179.78462,21184.03077,21093.08462,21118.36154,21170.30769,21112.67692,21104.02308,21109.15385,21120.33077,
529.2177369,20795.92308,20938.98462,20925.23077,20901.48462,20887.06154,20882.00769,20810.27692,20841.92308,20882.25385,20869.03077,
529.4190248,20923.62308,21054.48462,21020.83077,20961.38462,20974.96154,20965.30769,20930.47692,20971.72308,20899.45385,20885.63077,
529.6202993,20844.02308,21001.78462,20994.43077,20938.08462,20905.46154,20911.80769,20834.47692,20861.42308,20839.45385,20843.23077,
529.8215606,20780.12308,20925.58462,20860.63077,20879.48462,20825.46154,20893.50769,20741.57692,20764.22308,20893.05385,20761.93077,
530.0228087,20814.12308,20977.38462,20948.33077,20924.98462,20910.76154,20896.10769,20907.67692,20851.52308,20851.55385,20791.23077,
530.2240434,20727.62308,20878.58462,20882.33077,20814.68462,20825.76154,20773.40769,20824.07692,20756.32308,20765.35385,20745.53077,
530.4252649,20677.52308,20888.48462,20785.43077,20796.18462,20807.16154,20812.30769,20685.77692,20757.72308,20724.85385,20720.33077,
530.6264732,20607.02308,20739.98462,20648.43077,20687.38462,20696.26154,20686.10769,20654.77692,20684.82308,20657.85385,20579.53077,
530.8276681,20515.72308,20679.78462,20589.03077,20600.18462,20594.96154,20602.40769,20490.77692,20541.62308,20558.75385,20523.33077,
531.0288498,20852.82308,21053.58462,20951.23077,20952.18462,20974.46154,20987.20769,20845.97692,20889.12308,20899.95385,20884.63077,
531.2300182,20548.22308,20674.28462,20648.53077,20625.68462,20642.46154,20639.90769,20558.67692,20573.92308,20538.75385,20517.63077,
531.4311733,20546.62308,20676.38462,20768.93077,20734.98462,20692.76154,20722.30769,20586.27692,20676.92308,20651.85385,20637.43077,
531.6323151,20522.22308,20684.88462,20622.33077,20663.88462,20669.26154,20657.70769,20567.27692,20593.12308,20550.45385,20552.33077,
531.8334436,20555.12308,20782.48462,20746.13077,20673.48462,20653.96154,20644.20769,20612.17692,20640.92308,20611.95385,20573.03077,
532.0345589,20443.72308,20630.88462,20593.23077,20572.28462,20534.76154,20533.40769,20549.67692,20489.72308,20525.45385,20520.23077,
532.2356608,20473.62308,20650.58462,20596.83077,20562.78462,20628.26154,20553.90769,20430.17692,20532.42308,20528.55385,20519.93077,
532.4367495,20571.52308,20769.68462,20690.73077,20617.28462,20661.86154,20574.10769,20565.47692,20585.22308,20565.35385,20544.43077,
532.6378249,20296.52308,20475.68462,20437.93077,20436.88462,20396.56154,20349.10769,20352.67692,20327.72308,20317.65385,20301.53077,
532.8388869,20480.52308,20586.78462,20573.43077,20552.88462,20551.16154,20507.80769,20451.47692,20510.62308,20462.25385,20496.73077,
533.0399357,20445.42308,20609.58462,20590.83077,20564.48462,20558.86154,20480.20769,20469.17692,20513.52308,20489.55385,20485.03077,
533.2409711,20210.92308,20400.08462,20286.13077,20295.78462,20319.66154,20277.50769,20176.17692,20188.72308,20286.25385,20232.93077,
533.4419933,20485.02308,20638.68462,20616.43077,20625.98462,20602.76154,20532.20769,20532.27692,20519.92308,20563.15385,20515.53077,
533.6430021,20252.92308,20481.08462,20381.73077,20346.98462,20454.46154,20369.80769,20343.67692,20329.52308,20343.25385,20274.63077,
533.8439976,20242.42308,20385.58462,20384.43077,20323.08462,20364.56154,20301.80769,20239.07692,20295.02308,20360.85385,20292.43077,
534.0449798,20294.52308,20430.08462,20432.53077,20346.98462,20359.86154,20448.60769,20348.77692,20327.52308,20359.05385,20315.43077,
534.2459487,19972.62308,20199.58462,20136.53077,20111.48462,20048.66154,20068.30769,19976.07692,20047.42308,20080.45385,19970.03077,
534.4469043,20225.52308,20438.08462,20386.93077,20323.98462,20341.36154,20335.60769,20258.87692,20292.52308,20272.95385,20294.33077,
534.6478465,20081.22308,20266.78462,20225.63077,20159.78462,20178.96154,20136.70769,20079.37692,20133.52308,20133.75385,20106.53077,
534.8487755,20133.02308,20305.38462,20277.33077,20256.68462,20201.16154,20191.70769,20114.67692,20225.52308,20211.55385,20166.53077,
535.0496911,19900.82308,20075.08462,20094.13077,20050.48462,20047.26154,20038.70769,19973.67692,19985.12308,19971.25385,19985.83077,
535.2505933,20046.72308,20183.08462,20173.43077,20128.98462,20130.66154,20147.50769,20042.47692,20107.22308,20111.05385,20067.53077,
535.4514823,19917.32308,20114.18462,20058.83077,19980.08462,20065.56154,20011.30769,19988.67692,19947.72308,20032.45385,19946.53077,
535.6523579,20093.62308,20215.68462,20209.73077,20157.28462,20158.16154,20128.40769,20041.67692,20115.52308,20077.15385,20097.43077,
535.8532201,19943.02308,20062.18462,20024.73077,19975.28462,19942.46154,19992.30769,19946.77692,19875.12308,19928.65385,19958.63077,
536.0540691,19873.12308,20090.48462,20052.43077,19989.08462,19933.76154,19983.40769,19888.97692,19921.02308,19983.25385,19979.53077,
536.2549047,19949.82308,20133.98462,20025.43077,20102.08462,20063.96154,20023.00769,19969.97692,19985.22308,20044.35385,20032.83077,
536.4557269,19660.02308,19830.48462,19842.73077,19775.28462,19769.06154,19783.60769,19704.77692,19768.02308,19789.55385,19680.23077,
536.6565358,20006.02308,20191.08462,20128.33077,20171.68462,20113.56154,20137.40769,20011.07692,20045.42308,20044.65385,20009.23077,
536.8573313,19825.62308,19958.28462,19952.43077,19897.18462,19863.96154,19815.50769,19819.07692,19864.52308,19787.75385,19779.73077,
537.0581135,19647.12308,19831.08462,19785.43077,19709.08462,19748.56154,19727.80769,19664.47692,19690.72308,19685.55385,19692.33077,
537.2588824,19841.92308,19984.88462,19986.53077,19911.08462,19907.36154,19885.10769,19908.67692,19836.82308,19847.55385,19854.43077,
537.4596379,19783.82308,19887.48462,19894.93077,19890.58462,19860.86154,19827.30769,19765.47692,19773.62308,19759.85385,19794.03077,
537.66038,19721.12308,19853.88462,19807.33077,19797.28462,19754.26154,19796.80769,19724.07692,19757.22308,19727.35385,19678.23077,
537.8611088,19634.32308,19819.18462,19752.93077,19765.68462,19775.46154,19750.60769,19612.37692,19661.02308,19701.55385,19675.73077,
538.0618242,19599.92308,19747.28462,19762.13077,19670.08462,19678.96154,19702.20769,19592.47692,19673.22308,19641.65385,19634.63077,
538.2625262,19673.02308,19821.78462,19794.23077,19805.08462,19843.66154,19785.00769,19734.77692,19747.02308,19798.75385,19737.03077,
538.4632149,19521.02308,19727.28462,19633.43077,19643.18462,19614.26154,19655.90769,19645.97692,19597.92308,19566.35385,19586.63077,
538.6638902,19542.82308,19616.08462,19599.03077,19664.38462,19581.76154,19544.50769,19481.37692,19513.52308,19542.75385,19542.23077,
538.8645522,19498.32308,19695.68462,19738.83077,19655.98462,19654.66154,19612.70769,19610.87692,19639.62308,19601.65385,19587.33077,
539.0652007,19629.32308,19836.28462,19765.03077,19750.08462,19691.36154,19716.10769,19668.57692,19724.72308,19723.95385,19660.73077,
539.2658359,19354.82308,19540.08462,19496.43077,19514.38462,19478.66154,19481.00769,19417.27692,19445.42308,19367.05385,19370.03077,
539.4664577,19620.12308,19776.08462,19706.73077,19721.18462,19663.96154,19701.70769,19649.47692,19604.42308,19633.35385,19639.63077,
539.6670661,19273.02308,19432.78462,19369.03077,19350.68462,19350.76154,19337.80769,19258.57692,19316.52308,19381.85385,19266.83077,
539.8676611,19560.22308,19655.08462,19709.93077,19638.28462,19633.56154,19623.70769,19589.67692,19560.62308,19583.25385,19578.33077,
540.0682428,19301.12308,19578.08462,19525.13077,19486.68462,19474.76154,19477.50769,19388.97692,19456.42308,19449.45385,19380.53077,
540.268811,19320.22308,19481.58462,19408.13077,19401.58462,19401.06154,19391.50769,19308.57692,19411.22308,19399.65385,19286.83077,
540.4693659,19452.82308,19608.38462,19584.23077,19559.68462,19578.56154,19539.20769,19441.77692,19495.22308,19519.25385,19513.83077,
540.6699074,19241.42308,19392.38462,19382.53077,19341.68462,19366.46154,19312.50769,19238.27692,19258.32308,19242.35385,19244.93077,
540.8704355,19208.22308,19403.28462,19384.73077,19341.68462,19348.26154,19285.20769,19277.07692,19292.72308,19295.85385,19270.63077,
541.0709501,19206.22308,19382.28462,19346.23077,19357.18462,19336.56154,19320.60769,19279.47692,19339.82308,19270.75385,19281.13077,
541.2714514,19267.02308,19473.68462,19463.63077,19436.28462,19405.16154,19364.20769,19342.37692,19400.22308,19341.55385,19287.03077,
541.4719393,19259.52308,19395.18462,19385.83077,19308.38462,19324.36154,19355.60769,19270.07692,19260.32308,19246.65385,19237.93077,
541.6724137,19084.12308,19227.88462,19234.23077,19202.68462,19195.66154,19160.80769,19133.97692,19132.22308,19131.05385,19137.73077,
541.8728748,19090.62308,19288.28462,19228.13077,19267.18462,19202.06154,19233.30769,19117.77692,19163.32308,19186.85385,19152.93077,
542.0733224,18962.52308,19053.38462,19054.03077,19034.08462,18998.26154,19055.60769,18888.87692,18952.02308,18997.15385,18965.63077,
542.2737567,19272.12308,19414.08462,19389.03077,19390.28462,19363.56154,19372.90769,19254.07692,19333.72308,19309.25385,19238.33077,
542.4741775,19096.12308,19192.98462,19266.63077,19225.58462,19136.16154,19119.40769,19121.97692,19115.82308,19140.35385,19136.33077,
542.6745849,18979.92308,19177.28462,19110.83077,19054.68462,19021.86154,19081.30769,18988.07692,19034.52308,19045.65385,18945.13077,
542.8749788,19211.62308,19373.98462,19351.33077,19362.78462,19308.36154,19355.60769,19293.17692,19318.42308,19248.65385,19260.13077,
543.0753594,19026.22308,19217.78462,19163.83077,19103.68462,19132.46154,19084.60769,19061.67692,19124.32308,19032.05385,19028.93077,
543.2757265,18852.32308,18982.28462,18978.03077,18910.38462,18960.76154,18996.50769,18878.17692,18885.82308,18864.75385,18881.03077,
543.4760802,19079.12308,19264.28462,19236.23077,19261.08462,19228.66154,19153.60769,19135.87692,19147.32308,19183.25385,19113.23077,
543.6764205,18934.52308,19099.08462,19094.33077,19005.68462,19063.96154,18968.90769,18977.97692,19017.82308,18988.15385,18987.23077,
543.8767473,18996.52308,19243.98462,19133.33077,19135.78462,19117.36154,19083.60769,19034.67692,19054.42308,19129.15385,19061.43077,
544.0770607,18925.62308,19090.58462,19081.03077,19045.58462,19033.46154,19017.20769,18983.87692,18989.12308,19056.35385,18988.63077,
544.2773607,18882.02308,18949.48462,18996.23077,19019.88462,19004.86154,18906.20769,18878.57692,18961.62308,18918.45385,18931.53077,
544.4776472,18914.62308,19082.28462,19041.83077,18988.58462,18985.26154,18993.40769,18967.37692,18939.12308,18895.65385,18926.53077,
544.6779203,18965.32308,19140.28462,19068.13077,18991.68462,19062.76154,18987.50769,18984.97692,19001.52308,18975.65385,18980.83077,
544.8781799,18915.02308,19030.68462,19026.53077,18975.18462,19010.16154,18989.50769,18905.77692,18927.72308,18988.55385,18929.13077,
545.0784261,18803.42308,19035.78462,18988.93077,18989.58462,18986.36154,18896.20769,18885.77692,18879.52308,18898.05385,18830.63077,
545.2786588,18838.72308,18987.48462,18910.53077,18939.88462,18860.76154,18866.10769,18824.07692,18865.32308,18882.05385,18867.23077,
545.4788781,18736.32308,18876.18462,18859.03077,18858.38462,18820.86154,18825.70769,18681.57692,18829.32308,18817.75385,18784.63077,
545.6790839,18888.82308,18979.08462,19023.03077,18956.88462,18923.76154,18885.90769,18851.17692,18891.32308,18923.15385,18893.93077,
545.8792763,18856.92308,18944.98462,18833.23077,18884.58462,18878.66154,18910.10769,18891.07692,18851.72308,18826.05385,18856.13077,
546.0794552,18762.02308,18938.18462,18933.03077,18886.78462,18920.46154,18880.40769,18833.67692,18870.42308,18880.05385,18848.73077,
546.2796207,18681.82308,18853.98462,18878.63077,18755.98462,18798.26154,18820.10769,18773.07692,18788.92308,18738.65385,18757.13077,
546.4797726,18609.42308,18755.98462,18762.63077,18736.48462,18701.06154,18685.30769,18668.27692,18650.92308,18648.95385,18638.03077,
546.6799112,18747.92308,18970.28462,18926.83077,18889.08462,18844.76154,18866.60769,18809.07692,18811.02308,18824.55385,18825.23077,
546.8800362,18793.12308,18976.58462,18869.53077,18929.48462,18931.96154,18878.50769,18840.87692,18842.02308,18804.95385,18810.13077,
547.0801478,18712.22308,18754.18462,18796.13077,18712.88462,18771.76154,18769.50769,18733.07692,18701.82308,18714.05385,18665.93077,
547.2802459,18684.72308,18785.88462,18823.13077,18791.48462,18813.86154,18763.70769,18740.97692,18704.52308,18741.85385,18730.43077,
547.4803305,18533.02308,18706.58462,18629.13077,18612.88462,18605.26154,18599.40769,18531.07692,18551.52308,18563.35385,18480.33077,
547.6804016,18682.62308,18793.08462,18770.33077,18755.08462,18727.06154,18747.30769,18713.47692,18696.82308,18710.45385,18725.53077,
547.8804593,18510.72308,18672.68462,18658.73077,18622.38462,18603.36154,18575.30769,18528.37692,18549.32308,18510.35385,18533.03077,
548.0805035,18677.52308,18849.18462,18808.13077,18786.08462,18796.86154,18813.70769,18648.87692,18779.82308,18777.45385,18683.93077,
548.2805342,18663.32308,18805.38462,18750.33077,18698.48462,18690.66154,18715.80769,18706.27692,18707.22308,18630.75385,18621.83077,
548.4805514,18476.62308,18666.18462,18586.23077,18599.98462,18623.16154,18578.60769,18492.67692,18577.52308,18535.75385,18524.73077,
548.6805551,18638.12308,18776.08462,18750.73077,18684.08462,18795.06154,18759.60769,18675.07692,18716.52308,18734.25385,18645.43077,
548.8805453,18563.12308,18716.68462,18702.83077,18630.98462,18601.06154,18639.50769,18565.57692,18615.32308,18584.05385,18552.63077,
549.080522,18663.62308,18727.88462,18710.13077,18687.68462,18677.16154,18617.70769,18635.27692,18646.42308,18637.85385,18596.83077,
549.2804853,18475.02308,18614.18462,18590.63077,18574.28462,18600.56154,18549.20769,18473.77692,18487.82308,18543.55385,18478.43077,
549.480435,18646.42308,18813.38462,18766.33077,18696.28462,18707.26154,18701.00769,18684.87692,18664.52308,18684.35385,18670.03077,
549.6803712,18496.92308,18671.18462,18597.13077,18529.78462,18599.06154,18583.20769,18495.77692,18517.52308,18576.05385,18506.23077,
549.8802939,18705.92308,18842.28462,18838.83077,18759.38462,18769.26154,18744.60769,18705.37692,18722.62308,18751.75385,18696.53077,
550.0802032,18461.62308,18646.28462,18571.13077,18526.98462,18535.46154,18473.30769,18459.77692,18452.42308,18456.85385,18497.83077,
550.2800989,18517.82308,18681.98462,18647.63077,18680.38462,18601.16154,18568.70769,18526.77692,18504.52308,18551.75385,18504.03077,
550.479981,18448.22308,18563.78462,18578.83077,18556.18462,18505.86154,18524.80769,18471.77692,18471.72308,18534.75385,18441.93077,
550.6798497,18607.82308,18759.78462,18717.13077,18661.48462,18636.86154,18619.10769,18595.67692,18621.22308,18590.65385,18625.33077,
550.8797049,18425.52308,18510.08462,18539.03077,18511.28462,18511.26154,18502.00769,18436.27692,18448.32308,18446.05385,18448.33077,
551.0795465,18416.22308,18580.48462,18564.73077,18487.48462,18502.46154,18492.20769,18438.67692,18449.72308,18464.85385,18433.63077,
551.2793746,18448.62308,18565.68462,18556.93077,18528.18462,18561.46154,18525.20769,18429.77692,18483.82308,18457.45385,18431.53077,
551.4791892,18355.82308,18488.18462,18510.13077,18399.88462,18461.26154,18347.70769,18347.77692,18345.72308,18377.35385,18371.63077,
551.6789902,18400.32308,18527.78462,18475.73077,18476.98462,18503.66154,18420.90769,18385.97692,18447.32308,18434.15385,18403.73077,
551.8787778,18323.52308,18472.68462,18459.03077,18408.98462,18393.56154,18387.30769,18345.67692,18365.92308,18364.65385,18337.13077,
552.0785518,18458.02308,18659.78462,18621.73077,18506.78462,18560.96154,18576.10769,18487.87692,18526.42308,18489.15385,18490.63077,
552.2783122,18298.02308,18414.88462,18501.03077,18394.58462,18423.66154,18373.40769,18330.67692,18368.02308,18350.05385,18313.13077,
552.4780592,18309.52308,18541.08462,18501.13077,18425.48462,18432.66154,18416.80769,18292.37692,18397.72308,18384.65385,18371.93077,
552.6777925,18344.32308,18464.48462,18380.43077,18328.18462,18375.86154,18374.90769,18301.67692,18271.22308,18312.45385,18324.33077,
552.8775124,18437.82308,18584.78462,18552.13077,18533.08462,18531.46154,18546.70769,18413.37692,18513.62308,18472.75385,18466.03077,
553.0772187,18351.02308,18408.68462,18385.63077,18379.28462,18367.06154,18320.00769,18314.87692,18306.72308,18332.95385,18286.83077,
553.2769114,18257.52308,18341.98462,18287.13077,18252.48462,18295.96154,18229.90769,18237.07692,18204.92308,18243.75385,18229.73077,
553.4765906,18426.72308,18569.48462,18563.43077,18539.78462,18558.16154,18478.20769,18469.07692,18449.22308,18487.85385,18467.63077,
553.6762563,18332.22308,18465.18462,18403.03077,18423.18462,18354.66154,18414.90769,18309.07692,18311.22308,18320.95385,18331.03077,
553.8759084,18317.82308,18462.08462,18404.13077,18352.78462,18391.26154,18424.10769,18373.87692,18375.72308,18350.45385,18337.43077,
554.0755469,18292.22308,18356.28462,18390.93077,18351.98462,18364.96154,18364.60769,18287.67692,18312.72308,18270.15385,18303.03077,
554.2751719,18170.52308,18273.38462,18297.93077,18303.38462,18265.76154,18276.70769,18194.97692,18244.22308,18241.95385,18192.03077,
554.4747833,18137.92308,18279.18462,18234.53077,18197.88462,18178.36154,18173.20769,18163.67692,18123.42308,18163.55385,18153.73077,
554.6743812,18255.52308,18339.28462,18381.63077,18293.28462,18354.96154,18278.00769,18232.87692,18238.42308,18305.95385,18229.13077,
554.8739655,18225.32308,18424.08462,18352.43077,18372.38462,18321.16154,18371.00769,18245.47692,18295.52308,18274.05385,18249.33077,
555.0735362,18215.12308,18312.78462,18327.53077,18266.58462,18241.36154,18219.50769,18229.87692,18212.12308,18247.55385,18230.83077,
555.2730934,18216.92308,18348.68462,18383.53077,18347.98462,18314.16154,18311.40769,18258.37692,18266.82308,18299.35385,18306.73077,
555.4726369,18236.02308,18426.68462,18423.53077,18351.78462,18368.26154,18287.60769,18265.17692,18293.02308,18279.55385,18274.03077,
555.672167,18112.72308,18256.68462,18223.53077,18164.58462,18187.46154,18099.80769,18166.27692,18121.42308,18148.85385,18142.23077,
555.8716834,18085.32308,18260.68462,18204.83077,18266.78462,18185.16154,18261.30769,18114.87692,18148.22308,18186.35385,18222.83077,
556.0711862,18223.52308,18339.38462,18258.63077,18290.08462,18248.96154,18231.60769,18192.07692,18187.52308,18209.45385,18199.83077,
556.2706755,18261.22308,18416.18462,18396.03077,18260.48462,18358.16154,18335.60769,18207.47692,18257.02308,18303.35385,18252.13077,
556.4701512,18109.22308,18276.08462,18158.73077,18178.38462,18192.26154,18158.60769,18067.77692,18170.02308,18110.95385,18116.63077,
556.6696133,18010.72308,18126.28462,18133.93077,18149.98462,18043.06154,18094.10769,18002.57692,18053.12308,18087.25385,18036.43077,
556.8690618,18000.12308,18187.88462,18182.53077,18106.98462,18153.56154,18079.00769,18097.77692,18051.92308,18088.95385,18069.83077,
557.0684967,18126.52308,18257.08462,18292.73077,18195.58462,18173.36154,18196.20769,18128.87692,18154.22308,18171.85385,18217.13077,
557.267918,18008.72308,18160.38462,18133.73077,18129.78462,18096.96154,18095.50769,18053.87692,18077.62308,18101.35385,18099.43077,
557.4673257,18046.12308,18185.68462,18170.83077,18175.58462,18071.46154,18122.90769,18083.67692,18083.82308,18154.15385,18082.03077,
557.6667198,18077.72308,18180.78462,18168.23077,18156.28462,18155.26154,18153.40769,18131.67692,18115.62308,18109.55385,18121.53077,
557.8661003,18024.42308,18109.38462,18100.13077,18068.88462,18102.66154,18101.30769,18007.57692,18117.52308,18049.55385,18026.53077,
558.0654672,18042.62308,18242.68462,18160.53077,18169.58462,18128.06154,18120.70769,18094.17692,18105.02308,18095.15385,18064.13077,
558.2648205,17949.72308,18071.98462,18040.03077,18052.58462,18069.66154,18087.10769,17922.67692,18005.92308,17972.05385,17975.73077,
558.4641602,17897.52308,18068.68462,18016.83077,18000.18462,17968.16154,17946.10769,17946.27692,17939.92308,18004.95385,17966.63077,
558.6634863,18130.62308,18265.08462,18280.13077,18193.88462,18162.66154,18183.40769,18132.37692,18169.72308,18158.95385,18093.13077,
558.8627987,17809.42308,17986.78462,17935.13077,17927.08462,17939.76154,17962.00769,17810.57692,17890.12308,17851.65385,17848.13077,
559.0620976,18152.92308,18257.58462,18275.43077,18238.18462,18261.56154,18218.90769,18203.27692,18175.82308,18217.35385,18164.83077,
559.2613828,17869.02308,18070.28462,18043.73077,17994.88462,17965.46154,17973.10769,17889.87692,17910.92308,17861.05385,17919.93077,
559.4606544,18065.92308,18221.78462,18193.93077,18178.98462,18150.46154,18169.80769,18092.57692,18148.42308,18111.55385,18099.43077,
559.6599124,17887.52308,18002.78462,17962.23077,17927.18462,17959.36154,17939.90769,17892.37692,17861.42308,17847.55385,17886.23077,
559.8591568,17881.92308,18023.98462,18057.83077,17975.08462,18003.66154,17886.80769,17937.37692,17902.32308,17927.05385,17947.73077,
560.0583875,17837.02308,17999.68462,17952.13077,17989.98462,17876.16154,17906.80769,17891.57692,17874.32308,17889.05385,17859.73077,
560.2576046,17889.92308,18021.28462,18066.43077,18030.68462,18006.06154,18026.90769,17967.87692,17991.92308,17983.45385,17995.33077,
560.456808,17729.12308,17829.08462,17852.63077,17848.88462,17841.06154,17803.50769,17788.47692,17784.42308,17817.65385,17826.13077,
560.6559979,17934.52308,18097.78462,18005.93077,17999.98462,18036.06154,18010.20769,17972.17692,17953.22308,17993.55385,17974.83077,
560.8551741,17820.02308,17975.58462,17966.93077,17891.38462,17907.76154,17930.40769,17841.37692,17872.02308,17851.65385,17870.93077,
561.0543366,17879.72308,18057.18462,18016.03077,17989.58462,17943.76154,18000.70769,17910.27692,17948.82308,17942.85385,17891.93077,
561.2534855,17738.72308,17898.78462,17767.13077,17820.48462,17814.06154,17749.10769,17745.77692,17797.02308,17826.75385,17766.13077,
561.4526208,17896.02308,18009.58462,17982.03077,17943.98462,17927.76154,17938.00769,17905.77692,17935.02308,17874.65385,17897.93077,
561.6517424,17840.62308,18000.28462,17954.63077,17940.98462,17962.46154,17960.00769,17827.07692,17848.62308,17878.55385,17845.93077,
561.8508503,17927.62308,18079.88462,18027.53077,18018.78462,17997.16154,18002.60769,17892.07692,17953.62308,17904.55385,17916.13077,
562.0499446,17762.72308,17914.18462,17883.23077,17864.58462,17851.66154,17897.70769,17784.77692,17808.82308,17863.65385,17864.33077,
562.2490253,17695.32308,17855.78462,17794.43077,17775.78462,17756.66154,17745.40769,17722.37692,17734.22308,17700.75385,17699.83077,
562.4480923,17866.12308,18005.28462,17983.43077,18013.98462,17985.56154,17924.20769,17920.47692,17906.02308,17943.45385,17896.33077,
562.6471456,17789.72308,18006.78462,17892.03077,17902.08462,17880.56154,17829.70769,17843.17692,17839.82308,17862.35385,17842.63077,
562.8461853,17759.32308,17900.28462,17884.83077,17883.48462,17810.36154,17834.20769,17827.77692,17772.12308,17788.65385,17751.53077,
563.0452113,17732.82308,17896.28462,17895.73077,17900.38462,17860.36154,17778.40769,17732.77692,17745.22308,17788.05385,17779.73077,
563.2442236,17655.52308,17719.98462,17748.23077,17681.78462,17733.66154,17657.10769,17663.47692,17658.92308,17641.55385,17654.83077,
563.4432223,17793.02308,17975.68462,17882.83077,17941.38462,17896.46154,17893.60769,17877.07692,17887.82308,17862.85385,17868.43077,
563.6422073,17543.42308,17708.68462,17718.43077,17626.68462,17692.46154,17607.90769,17622.77692,17561.92308,17630.15385,17539.53077,
563.8411786,17719.62308,17822.18462,17802.93077,17807.28462,17785.06154,17730.60769,17697.77692,17719.72308,17670.45385,17662.83077,
564.0401362,17660.72308,17738.78462,17737.33077,17694.18462,17732.56154,17671.00769,17563.07692,17697.82308,17701.25385,17654.63077,
564.2390802,17761.52308,17853.78462,17829.63077,17842.78462,17830.86154,17845.80769,17807.87692,17748.42308,17791.75385,17808.43077,
564.4380105,17573.42308,17701.18462,17620.03077,17652.68462,17648.66154,17678.60769,17545.17692,17609.02308,17643.45385,17604.13077,
564.6369271,17706.22308,17838.68462,17786.13077,17743.08462,17697.66154,17776.30769,17719.27692,17689.92308,17738.25385,17677.63077,
564.83583,17652.52308,17824.78462,17768.93077,17770.78462,17769.16154,17743.50769,17715.37692,17655.42308,17712.05385,17749.63077,
565.0347192,17454.92308,17631.38462,17610.33077,17536.18462,17589.46154,17562.10769,17513.37692,17480.32308,17457.95385,17476.13077,
565.2335947,17617.32308,17766.68462,17736.53077,17722.18462,17679.16154,17710.50769,17638.17692,17651.92308,17635.95385,17625.43077,
565.4324566,17608.52308,17661.98462,17636.63077,17609.48462,17633.96154,17605.30769,17513.17692,17612.32308,17538.75385,17567.13077,
565.6313047,17523.92308,17586.98462,17663.83077,17613.78462,17562.46154,17563.60769,17536.47692,17536.32308,17523.65385,17490.63077,
565.8301391,17680.22308,17813.98462,17729.83077,17751.28462,17702.46154,17689.90769,17633.97692,17646.52308,17649.25385,17631.33077,
566.0289599,17491.82308,17655.58462,17603.63077,17579.58462,17596.06154,17554.90769,17531.27692,17514.92308,17543.45385,17567.83077,
566.2277669,17524.92308,17662.18462,17649.83077,17593.98462,17538.56154,17582.50769,17536.97692,17563.12308,17527.45385,17493.33077,
566.4265602,17466.62308,17670.78462,17585.03077,17642.48462,17611.26154,17522.00769,17508.57692,17474.52308,17569.75385,17541.83077,
566.6253398,17473.82308,17584.28462,17571.23077,17528.98462,17501.66154,17485.90769,17419.97692,17461.62308,17493.55385,17482.23077,
566.8241057,17331.12308,17410.58462,17369.33077,17399.68462,17401.76154,17378.80769,17326.57692,17336.92308,17382.75385,17345.63077,
567.0228579,17493.32308,17645.88462,17656.93077,17634.68462,17595.76154,17612.50769,17524.57692,17526.12308,17609.75385,17554.53077,
567.2215964,17271.62308,17421.48462,17389.53077,17331.88462,17360.66154,17319.40769,17279.97692,17257.72308,17255.25385,17252.23077,
567.4203212,17613.52308,17662.98462,17613.03077,17629.28462,17628.56154,17673.10769,17535.47692,17567.22308,17615.25385,17576.53077,
567.6190322,17443.62308,17546.68462,17522.93077,17496.28462,17483.26154,17467.90769,17464.37692,17433.82308,17465.85385,17436.73077,
567.8177295,17380.62308,17463.98462,17499.13077,17447.38462,17440.56154,17381.50769,17393.17692,17432.32308,17389.75385,17382.13077,
568.0164131,17358.42308,17498.58462,17477.33077,17438.18462,17500.46154,17467.80769,17402.07692,17403.02308,17407.45385,17418.53077,
568.215083,17396.52308,17595.38462,17538.33077,17506.18462,17536.56154,17497.60769,17463.07692,17462.22308,17510.05385,17431.83077,
568.4137391,17292.22308,17473.08462,17418.63077,17439.68462,17364.36154,17455.10769,17398.07692,17354.82308,17355.85385,17360.13077,
568.6123815,17437.52308,17581.28462,17532.43077,17476.38462,17553.06154,17540.30769,17443.67692,17475.92308,17450.65385,17431.93077,
568.8110101,17339.02308,17465.58462,17434.13077,17395.88462,17406.06154,17345.10769,17348.57692,17404.62308,17387.05385,17336.43077,
569.0096251,17330.72308,17486.98462,17529.73077,17417.98462,17404.16154,17377.80769,17349.47692,17409.62308,17354.45385,17342.83077,
569.2082263,17173.02308,17286.48462,17264.23077,17286.88462,17252.26154,17214.40769,17170.37692,17222.12308,17183.75385,17161.43077,
569.4068137,17333.42308,17460.48462,17405.63077,17407.78462,17448.56154,17389.90769,17364.87692,17354.72308,17325.35385,17351.93077,
569.6053874,17122.02308,17324.88462,17212.23077,17230.98462,17226.46154,17280.60769,17174.67692,17189.12308,17219.75385,17150.13077,
569.8039473,17390.02308,17526.58462,17397.83077,17423.18462,17414.86154,17441.50769,17364.07692,17369.42308,17355.45385,17343.73077,
570.0024935,17150.42308,17330.98462,17291.23077,17213.18462,17219.26154,17276.50769,17155.07692,17226.42308,17176.55385,17199.03077,
570.201026,17217.42308,17391.28462,17379.93077,17325.78462,17303.06154,17275.30769,17251.07692,17327.82308,17281.45385,17251.13077,
570.3995447,17115.02308,17208.28462,17180.23077,17145.48462,17174.26154,17129.80769,17143.17692,17101.72308,17162.95385,17144.53077,
570.5980496,17098.92308,17308.58462,17234.73077,17235.28462,17223.16154,17144.80769,17188.47692,17180.52308,17162.05385,17092.63077,
570.7965408,17075.72308,17171.18462,17180.83077,17159.58462,17167.36154,17112.90769,17019.17692,17102.32308,17128.75385,17077.73077,
570.9950182,17207.22308,17240.68462,17295.33077,17237.98462,17221.56154,17226.80769,17158.97692,17215.62308,17238.75385,17163.13077,
571.1934818,17043.22308,17141.78462,17099.03077,17069.28462,17100.26154,17055.60769,17013.27692,17045.72308,17045.65385,17054.83077,
571.3919317,17167.12308,17283.08462,17310.83077,17241.38462,17174.96154,17199.60769,17171.77692,17240.82308,17243.15385,17169.83077,
571.5903678,17010.12308,17161.18462,17121.83077,17090.68462,17167.76154,17118.10769,16995.07692,17039.92308,17055.55385,17073.13077,
571.7887902,17034.02308,17146.98462,17170.73077,17081.58462,17159.46154,17078.00769,17063.27692,17037.52308,17042.05385,17104.03077,
571.9871988,17007.32308,17177.58462,17096.73077,17128.48462,17176.86154,17137.50769,17094.67692,17102.92308,17132.55385,17076.73077,
572.1855935,16975.92308,17119.98462,17063.83077,17051.18462,17044.96154,17066.90769,16979.17692,16999.22308,17015.85385,17007.93077,
572.3839746,16979.52308,17174.98462,17097.63077,17043.88462,17086.36154,17056.00769,17004.07692,17052.42308,17044.85385,17013.33077,
572.5823418,16991.52308,17148.38462,17067.43077,17054.08462,17104.06154,17039.70769,17049.87692,17021.42308,17030.55385,17004.73077,
572.7806952,17077.82308,17180.78462,17167.23077,17132.08462,17111.16154,17115.50769,17085.27692,17074.92308,17097.75385,17076.83077,
572.9790349,16835.82308,17029.78462,16922.33077,16912.08462,16939.36154,16864.30769,16855.67692,16827.92308,16864.05385,16889.33077,
573.1773608,16967.82308,17093.58462,17044.13077,17036.08462,17046.66154,17027.10769,16993.47692,16970.52308,16995.85385,16976.83077,
573.3756729,16978.62308,17100.78462,17122.63077,17055.98462,17025.06154,17055.80769,16989.77692,16991.42308,17032.95385,17022.53077,
573.5739711,16745.82308,16906.18462,16880.53077,16827.98462,16835.86154,16844.30769,16826.97692,16789.92308,16809.25385,16778.63077,
573.7722556,16927.42308,17059.28462,17046.03077,17041.08462,16985.56154,16951.90769,16921.07692,16921.02308,16987.55385,16939.93077,
573.9705263,16813.42308,16911.38462,16932.83077,16911.58462,16877.36154,16919.70769,16826.47692,16867.52308,16854.35385,16861.13077,
574.1687832,16811.72308,16907.18462,16867.13077,16884.98462,16807.86154,16785.90769,16808.87692,16809.22308,16828.45385,16813.53077,
574.3670263,16728.82308,16863.38462,16855.13077,16765.28462,16819.06154,16767.80769,16739.47692,16741.72308,16788.15385,16744.83077,
574.5652556,16869.82308,16973.88462,16965.13077,16949.98462,16955.26154,16968.50769,16870.77692,16869.12308,16915.55385,16878.03077,
574.7634711,16698.22308,16847.48462,16762.33077,16777.38462,16783.16154,16801.20769,16767.47692,16804.72308,16746.65385,16731.93077,
574.9616727,16697.82308,16801.28462,16862.83077,16828.18462,16770.96154,16806.30769,16739.07692,16785.52308,16801.05385,16743.03077,
575.1598606,16597.52308,16759.78462,16735.03077,16681.58462,16668.86154,16754.60769,16641.07692,16679.42308,16666.25385,16654.13077,
575.3580346,16738.62308,16879.98462,16821.03077,16804.78462,16809.46154,16793.40769,16764.37692,16769.42308,16817.55385,16717.73077,
575.5561949,16557.92308,16635.78462,16592.13077,16590.18462,16571.46154,16636.80769,16580.57692,16548.32308,16537.25385,16558.73077,
575.7543413,16815.22308,16942.18462,16963.73077,16872.08462,16932.26154,16854.00769,16767.87692,16835.02308,16859.85385,16840.93077,
575.9524738,16473.52308,16633.78462,16586.93077,16581.08462,16558.36154,16520.50769,16580.87692,16524.62308,16523.75385,16510.53077,
576.1505926,16708.62308,16813.48462,16793.83077,16736.68462,16788.86154,16794.80769,16690.27692,16748.92308,16717.75385,16697.63077,
576.3486975,16492.02308,16646.38462,16556.93077,16600.68462,16501.76154,16591.00769,16538.57692,16532.92308,16538.65385,16530.23077,
576.5467886,16528.22308,16706.88462,16580.33077,16610.38462,16572.46154,16602.70769,16524.67692,16512.62308,16587.55385,16562.43077,
576.7448659,16557.92308,16684.68462,16665.23077,16672.28462,16675.96154,16585.70769,16607.07692,16634.72308,16614.35385,16613.63077,
576.9429293,16567.52308,16649.58462,16612.83077,16608.58462,16641.56154,16619.90769,16517.57692,16571.92308,16536.95385,16543.73077,
577.1409789,16523.32308,16662.38462,16610.33077,16676.58462,16635.46154,16642.90769,16526.27692,16564.52308,16582.05385,16579.73077,
577.3390147,16539.92308,16662.98462,16602.03077,16594.28462,16592.06154,16640.80769,16543.47692,16596.22308,16564.15385,16553.03077,
577.5370366,16488.82308,16615.58462,16570.13077,16552.78462,16561.26154,16502.10769,16487.17692,16521.92308,16547.25385,16456.93077,
577.7350447,16412.62308,16552.68462,16455.13077,16465.18462,16452.96154,16493.90769,16444.07692,16436.52308,16450.25385,16452.83077,
577.9330389,16280.82308,16435.68462,16390.53077,16413.88462,16382.46154,16402.50769,16325.37692,16365.82308,16379.45385,16339.73077,
578.1310193,16387.22308,16551.48462,16536.63077,16488.48462,16466.56154,16456.10769,16406.57692,16423.32308,16476.65385,16442.43077,
578.3289858,16336.32308,16463.58462,16410.93077,16444.48462,16363.36154,16349.40769,16321.77692,16388.42308,16371.05385,16321.43077,
578.5269384,16273.42308,16325.28462,16380.23077,16307.88462,16310.86154,16298.60769,16287.67692,16314.42308,16281.65385,16249.13077,
578.7248773,16289.72308,16396.58462,16377.63077,16366.98462,16404.06154,16362.20769,16280.27692,16319.02308,16368.55385,16354.73077,
578.9228022,16372.02308,16439.08462,16443.23077,16442.78462,16401.66154,16396.10769,16328.67692,16329.72308,16321.75385,16390.93077,
579.1207133,16263.92308,16349.48462,16328.43077,16308.38462,16331.16154,16300.30769,16262.87692,16245.92308,16334.55385,16297.63077,
579.3186105,16209.22308,16338.18462,16338.83077,16266.08462,16257.96154,16262.40769,16264.27692,16227.02308,16239.75385,16245.43077,
579.5164939,16283.22308,16445.08462,16326.93077,16342.08462,16391.16154,16370.20769,16314.57692,16321.72308,16380.45385,16304.03077,
579.7143634,16248.72308,16346.08462,16282.93077,16273.28462,16309.36154,16339.80769,16150.87692,16246.82308,16272.85385,16204.83077,
579.912219,16186.42308,16323.08462,16267.83077,16289.58462,16265.26154,16308.40769,16211.47692,16254.12308,16205.35385,16230.03077,
580.1100608,16091.32308,16224.18462,16177.13077,16162.78462,16159.66154,16209.80769,16145.37692,16149.52308,16164.05385,16131.53077,
580.3078887,16204.02308,16337.58462,16285.23077,16243.58462,16269.66154,16237.30769,16208.07692,16218.82308,16212.05385,16223.23077,
580.5057026,16127.92308,16227.78462,16255.43077,16196.78462,16170.56154,16208.20769,16132.87692,16168.02308,16153.55385,16152.73077,
580.7035028,15906.72308,16040.08462,16046.03077,16046.68462,16001.46154,15941.50769,15918.57692,15958.72308,15946.25385,15994.83077,
580.901289,16122.62308,16193.38462,16169.43077,16142.38462,16171.76154,16144.50769,16094.57692,16132.62308,16126.75385,16099.73077,
581.0990614,16140.12308,16220.58462,16216.83077,16188.88462,16235.36154,16131.90769,16204.97692,16176.22308,16186.35385,16179.83077,
581.2968198,15951.92308,16133.18462,16121.83077,16059.88462,16053.06154,16052.40769,16043.57692,16014.22308,16054.15385,16063.03077,
581.4945644,15941.82308,16020.98462,16084.63077,15995.88462,16006.76154,15964.70769,15936.17692,16002.62308,15997.05385,15967.73077,
581.6922951,16087.32308,16128.58462,16107.43077,16094.28462,16101.16154,16047.60769,16058.67692,16088.22308,16095.25385,16066.03077,
581.8900119,15855.92308,15942.68462,15941.63077,15908.78462,15882.26154,15929.60769,15836.87692,15847.92308,15901.05385,15826.83077,
582.0877147,16001.22308,16073.28462,16107.83077,16059.48462,16083.16154,16082.40769,16023.67692,15994.32308,16090.45385,16061.03077,
582.2854037,15875.82308,15987.88462,15947.13077,15879.48462,15947.96154,15934.70769,15869.47692,15905.42308,15896.45385,15890.93077,
582.4830788,15938.22308,16024.58462,16042.63077,16016.78462,16025.96154,15956.00769,15985.47692,16003.22308,15987.25385,15918.13077,
582.68074,15875.62308,15977.08462,15987.33077,15947.18462,15976.26154,15894.70769,15888.87692,15913.52308,15945.25385,15858.93077,
582.8783873,15768.52308,15897.28462,15857.93077,15834.28462,15791.66154,15783.20769,15746.17692,15789.82308,15823.55385,15824.83077,
583.0760206,15784.52308,15860.08462,15846.23077,15782.78462,15844.26154,15784.20769,15764.17692,15732.42308,15802.25385,15711.13077,
583.2736401,15899.02308,15994.88462,16014.13077,15923.48462,15911.06154,15925.40769,15866.17692,15835.72308,15910.55385,15863.73077,
583.4712456,15624.62308,15748.68462,15675.03077,15674.28462,15665.16154,15608.00769,15659.17692,15648.02308,15628.45385,15617.53077,
583.6688372,15676.62308,15830.08462,15776.03077,15770.38462,15749.96154,15781.90769,15700.67692,15695.82308,15737.35385,15684.23077,
583.866415,15637.22308,15790.58462,15750.43077,15791.28462,15726.56154,15686.30769,15683.67692,15673.42308,15694.65385,15629.93077,
584.0639787,15730.72308,15849.88462,15743.43077,15769.78462,15795.86154,15750.40769,15757.97692,15757.22308,15781.15385,15743.73077,
584.2615286,15515.42308,15668.78462,15651.33077,15656.18462,15604.56154,15597.50769,15581.77692,15605.22308,15575.95385,15550.33077,
584.4590645,15673.72308,15785.98462,15771.33077,15716.78462,15718.46154,15717.50769,15705.17692,15726.22308,15669.05385,15655.23077,
584.6565865,15589.22308,15672.38462,15646.43077,15652.78462,15640.56154,15654.90769,15603.97692,15571.22308,15646.15385,15549.13077,
584.8540946,15666.22308,15759.38462,15637.03077,15676.38462,15717.26154,15676.20769,15657.37692,15687.12308,15675.65385,15627.43077,
585.0515887,15369.92308,15456.58462,15484.03077,15465.18462,15438.26154,15440.90769,15351.57692,15371.22308,15402.45385,15388.63077,
585.2490689,15562.62308,15673.98462,15676.93077,15619.18462,15636.96154,15672.30769,15569.07692,15609.02308,15576.75385,15572.43077,
585.4465352,15542.72308,15712.48462,15611.43077,15544.38462,15566.16154,15555.50769,15565.37692,15575.52308,15574.15385,15544.83077,
585.6439875,15381.42308,15506.88462,15485.83077,15451.18462,15454.36154,15403.80769,15412.37692,15438.82308,15434.85385,15385.83077,
585.8414259,15421.22308,15513.68462,15520.03077,15531.58462,15518.66154,15456.70769,15387.47692,15487.62308,15487.25385,15447.23077,
586.0388503,15515.92308,15627.08462,15576.13077,15606.18462,15588.06154,15571.70769,15525.37692,15556.72308,15552.45385,15484.13077,
586.2362608,15284.02308,15404.88462,15335.03077,15347.28462,15395.26154,15301.20769,15277.67692,15322.42308,15287.15385,15336.63077,
586.4336574,15296.02308,15353.88462,15364.33077,15371.08462,15370.76154,15354.30769,15313.97692,15292.62308,15285.85385,15319.13077,
586.6310399,15259.92308,15361.38462,15386.93077,15356.28462,15322.66154,15291.40769,15338.17692,15313.32308,15313.15385,15309.43077,
586.8284086,15331.52308,15382.68462,15356.33077,15391.78462,15383.56154,15410.60769,15287.57692,15382.92308,15294.95385,15331.93077,
587.0257632,15251.02308,15403.98462,15331.53077,15338.18462,15292.26154,15315.10769,15280.87692,15303.92308,15309.95385,15247.73077,
587.2231039,15227.22308,15317.88462,15359.93077,15340.18462,15343.16154,15328.20769,15262.07692,15318.92308,15305.15385,15294.43077,
587.4204307,15211.72308,15267.88462,15290.63077,15237.18462,15227.66154,15242.20769,15252.27692,15194.82308,15234.25385,15203.23077,
587.6177435,15209.62308,15334.58462,15321.73077,15293.68462,15263.96154,15229.40769,15190.07692,15189.32308,15245.05385,15231.43077,
587.8150423,15066.32308,15128.68462,15172.43077,15092.48462,15139.26154,15102.00769,15078.37692,15083.22308,15073.65385,15105.43077,
588.0123271,15021.72308,15125.38462,15154.73077,15153.48462,15087.86154,15071.50769,15054.17692,15076.72308,15129.15385,15078.63077,
588.209598,14994.42308,15141.38462,15089.23077,15090.28462,15103.56154,15131.90769,15048.17692,15056.42308,15064.85385,15036.63077,
588.4068549,15162.22308,15231.78462,15232.83077,15203.58462,15255.76154,15183.10769,15172.07692,15152.32308,15156.95385,15208.83077,
588.6040978,15015.02308,15166.78462,15153.23077,15102.18462,15108.56154,15070.30769,15062.97692,15072.32308,15096.05385,15062.33077,
588.8013268,14910.22308,15042.98462,15034.73077,14994.18462,14988.16154,15011.90769,14959.07692,14977.02308,14987.75385,14961.73077,
588.9985417,14984.72308,15066.08462,15095.93077,15029.18462,15033.76154,15029.20769,15034.97692,15004.42308,15005.75385,15007.43077,
589.1957427,14931.62308,14997.78462,15003.53077,14999.28462,14987.76154,14949.60769,14934.97692,14942.62308,14939.15385,14952.53077,
589.3929297,14926.72308,15011.28462,15061.33077,15030.28462,15055.76154,14993.30769,14990.97692,14907.92308,14974.55385,14936.93077,
589.5901027,14859.52308,14978.08462,14931.03077,14898.38462,14925.66154,14941.60769,14821.17692,14882.12308,14881.25385,14902.23077,
589.7872617,14745.72308,14989.18462,14908.33077,14881.88462,14875.76154,14836.90769,14826.57692,14830.22308,14827.35385,14834.63077,
589.9844067,14808.02308,14897.68462,14881.03077,14851.78462,14863.86154,14853.00769,14790.27692,14847.22308,14840.85385,14832.83077,
590.1815377,14714.62308,14819.28462,14797.73077,14815.98462,14750.56154,14777.20769,14759.77692,14672.52308,14733.75385,14709.03077,
590.3786547,14811.32308,14877.78462,14913.43077,14880.88462,14878.36154,14848.70769,14822.47692,14879.42308,14829.35385,14813.03077,
590.5757577,14721.62308,14818.38462,14799.03077,14778.38462,14798.56154,14784.20769,14712.47692,14751.92308,14744.55385,14731.83077,
590.7728467,14673.72308,14840.68462,14787.23077,14785.38462,14810.86154,14736.50769,14730.27692,14752.02308,14717.55385,14773.63077,
590.9699218,14615.02308,14789.68462,14715.03077,14723.48462,14727.86154,14740.90769,14666.47692,14684.82308,14671.65385,14697.93077,
591.1669827,14739.52308,14869.38462,14787.83077,14729.88462,14796.86154,14752.60769,14712.37692,14727.22308,14742.45385,14757.13077,
591.3640297,14503.32308,14654.78462,14587.53077,14570.48462,14557.56154,14544.90769,14544.47692,14557.72308,14513.45385,14511.93077,
591.5610627,14544.42308,14722.28462,14720.33077,14718.08462,14628.36154,14668.20769,14611.97692,14666.82308,14631.15385,14648.43077,
591.7580817,14457.42308,14565.18462,14547.43077,14511.88462,14503.86154,14500.80769,14472.27692,14448.42308,14494.45385,14467.93077,
591.9550866,14526.22308,14592.18462,14565.73077,14545.18462,14506.56154,14528.30769,14438.27692,14525.62308,14524.05385,14497.13077,
592.1520775,14598.42308,14670.78462,14643.63077,14645.68462,14611.06154,14637.50769,14633.37692,14647.92308,14644.25385,14607.53077,
592.3490544,14459.82308,14552.58462,14533.03077,14520.68462,14488.36154,14480.40769,14472.07692,14462.02308,14482.25385,14410.03077,
592.5460173,14494.62308,14556.98462,14566.93077,14550.88462,14486.36154,14553.10769,14506.97692,14508.42308,14544.75385,14512.23077,
592.7429661,14419.22308,14538.48462,14497.73077,14473.08462,14487.86154,14495.60769,14476.77692,14476.52308,14459.95385,14454.73077,
592.9399009,14251.42308,14390.08462,14357.33077,14345.08462,14358.56154,14313.20769,14275.37692,14262.52308,14284.95385,14273.13077,
593.1368217,14388.52308,14464.68462,14406.83077,14398.48462,14471.96154,14445.40769,14412.57692,14411.82308,14418.25385,14360.93077,
593.3337285,14402.72308,14499.08462,14446.93077,14430.08462,14459.76154,14414.50769,14418.67692,14391.82308,14418.35385,14406.03077,
593.5306212,14237.02308,14318.78462,14310.83077,14259.38462,14269.86154,14259.60769,14201.07692,14194.82308,14253.15385,14246.63077,
593.7274998,14245.22308,14386.88462,14359.63077,14356.38462,14308.26154,14302.60769,14316.17692,14316.82308,14308.65385,14309.03077,
593.9243645,14281.52308,14317.98462,14377.53077,14339.58462,14321.66154,14278.00769,14249.77692,14267.32308,14274.05385,14267.13077,
594.121215,14201.02308,14275.38462,14208.13077,14213.88462,14216.86154,14173.20769,14151.17692,14181.62308,14200.05385,14147.83077,
594.3180516,14338.72308,14326.88462,14344.53077,14282.78462,14311.36154,14311.60769,14252.67692,14308.32308,14279.45385,14276.43077,
594.514874,14045.72308,14160.18462,14093.23077,14067.78462,14086.76154,13996.10769,14032.97692,14051.02308,14012.85385,14039.83077,
594.7116825,14202.82308,14343.08462,14239.83077,14223.98462,14200.76154,14211.50769,14194.07692,14198.72308,14142.35385,14140.23077,
594.9084769,14071.02308,14134.48462,14115.93077,14129.28462,14072.86154,14113.20769,14034.67692,14045.62308,14097.85385,14076.13077,
595.1052572,14147.62308,14226.68462,14227.93077,14188.58462,14171.86154,14170.60769,14124.27692,14134.12308,14204.95385,14161.33077,
595.3020234,13989.42308,14066.98462,14038.53077,14035.88462,14052.76154,14021.40769,13986.37692,13970.92308,14000.35385,14023.63077,
595.4987756,14061.02308,14121.98462,14110.63077,14049.78462,14093.56154,14120.50769,14047.27692,14004.32308,14035.95385,14047.13077,
595.6955138,13960.72308,14034.88462,13957.73077,13944.38462,14007.26154,13950.90769,13933.97692,13981.32308,13964.05385,13959.83077,
595.8922378,13896.82308,13971.98462,13985.43077,13947.18462,13896.46154,13966.20769,13939.07692,13923.02308,13914.55385,13929.93077,
596.0889478,13942.12308,14021.38462,13978.53077,14010.98462,14052.46154,14012.10769,13970.87692,13959.32308,13990.25385,13922.83077,
596.2856437,13937.62308,13990.78462,13962.73077,13990.88462,13955.36154,13930.50769,13925.77692,13954.12308,13917.95385,13884.53077,
596.4823256,13850.22308,13936.08462,13901.53077,13926.48462,13900.56154,13901.10769,13791.57692,13845.12308,13839.15385,13823.73077,
596.6789934,13785.12308,13911.18462,13873.93077,13909.58462,13878.26154,13881.60769,13788.27692,13805.62308,13857.05385,13824.83077,
596.8756471,13840.12308,13970.98462,13872.63077,13901.58462,13913.46154,13905.40769,13887.07692,13904.92308,13875.65385,13823.93077,
597.0722867,13736.62308,13834.18462,13756.23077,13756.48462,13730.26154,13751.30769,13730.87692,13742.02308,13738.55385,13722.93077,
597.2689122,13744.92308,13852.48462,13787.93077,13830.58462,13837.16154,13803.70769,13765.07692,13755.72308,13721.25385,13790.73077,
597.4655237,13632.42308,13698.68462,13670.23077,13691.08462,13662.76154,13664.80769,13588.47692,13606.22308,13636.15385,13606.33077,
597.662121,13603.92308,13734.88462,13710.33077,13693.08462,13650.66154,13662.00769,13588.77692,13644.42308,13691.25385,13593.53077,
597.8587043,13600.92308,13752.88462,13692.73077,13635.78462,13699.26154,13638.50769,13662.77692,13600.42308,13641.85385,13679.63077,
598.0552735,13615.62308,13707.08462,13718.83077,13710.08462,13640.16154,13623.90769,13640.47692,13632.72308,13670.15385,13643.63077,
598.2518285,13569.42308,13698.38462,13594.53077,13599.48462,13570.56154,13586.90769,13524.57692,13536.22308,13601.05385,13523.73077,
598.4483695,13569.02308,13639.68462,13648.03077,13620.98462,13600.36154,13598.80769,13583.77692,13611.12308,13536.15385,13534.53077,
598.6448964,13487.22308,13585.98462,13572.13077,13569.68462,13552.46154,13566.90769,13485.67692,13488.72308,13525.35385,13465.93077,
598.8414092,13390.82308,13439.68462,13456.73077,13409.58462,13449.56154,13438.60769,13406.07692,13427.72308,13425.95385,13433.33077,
599.0379079,13400.52308,13485.98462,13472.13077,13468.08462,13447.96154,13461.20769,13392.87692,13500.82308,13462.95385,13454.53077,
599.2343924,13430.32308,13514.68462,13523.43077,13514.88462,13444.56154,13464.00769,13430.77692,13451.32308,13462.25385,13406.73077,
599.4308629,13268.12308,13309.28462,13348.93077,13305.38462,13312.26154,13288.60769,13266.87692,13261.02308,13283.05385,13289.73077,
599.6273192,13332.22308,13408.58462,13353.93077,13403.58462,13390.06154,13369.40769,13352.67692,13334.22308,13303.75385,13351.03077,
599.8237614,13345.42308,13473.18462,13424.33077,13425.18462,13442.66154,13397.90769,13353.47692,13362.92308,13369.05385,13400.33077,
600.0201896,13261.62308,13361.88462,13281.03077,13281.38462,13286.36154,13268.90769,13280.37692,13265.62308,13299.35385,13284.53077,
600.2166035,13258.42308,13353.08462,13328.23077,13313.88462,13331.46154,13293.40769,13259.67692,13323.62308,13296.65385,13261.43077,
600.4130034,13170.82308,13283.38462,13300.63077,13191.48462,13209.36154,13248.00769,13157.67692,13224.62308,13232.25385,13192.03077,
600.6093892,13163.02308,13243.28462,13256.03077,13211.98462,13204.86154,13213.30769,13142.17692,13177.42308,13171.15385,13167.93077,
600.8057608,13054.02308,13199.78462,13135.83077,13068.08462,13125.36154,13114.80769,13070.57692,13059.62308,13095.85385,13100.93077,
601.0021183,13120.92308,13212.78462,13221.53077,13220.58462,13156.66154,13210.90769,13167.17692,13156.32308,13165.75385,13184.23077,
601.1984616,13097.92308,13156.38462,13144.13077,13122.98462,13150.56154,13124.80769,13086.07692,13123.92308,13112.75385,13104.03077,
601.3947908,12968.82308,13071.48462,13009.03077,13020.18462,13032.66154,13048.40769,12976.77692,12966.22308,12998.35385,12984.83077,
601.5911059,13036.32308,13137.08462,13084.33077,13069.48462,13133.66154,13105.50769,13015.97692,13047.32308,13043.15385,13067.33077,
601.7874069,13025.32308,13072.58462,13077.13077,13023.58462,13073.76154,13064.40769,12996.67692,13002.72308,13040.55385,13049.23077,
601.9836937,12918.92308,13036.98462,12978.23077,12980.08462,13006.16154,12977.10769,12948.87692,12932.32308,12944.45385,12944.63077,
602.1799663,13022.32308,13151.98462,13111.93077,13086.78462,13080.16154,13088.70769,13117.17692,13031.22308,13064.25385,13050.03077,
602.3762248,12865.42308,12959.88462,12972.33077,12938.58462,12955.76154,12929.80769,12894.87692,12912.92308,12988.35385,12931.73077,
602.5724692,12830.22308,12938.18462,12922.13077,12897.78462,12895.76154,12896.20769,12852.77692,12853.72308,12850.45385,12878.43077,
602.7686994,12825.62308,12952.88462,12884.63077,12873.98462,12891.26154,12853.80769,12874.37692,12861.62308,12878.85385,12833.63077,
602.9649155,12733.72308,12828.28462,12819.33077,12770.88462,12852.96154,12799.40769,12792.67692,12760.72308,12756.45385,12791.93077,
603.1611174,12782.22308,12898.68462,12837.63077,12867.88462,12871.26154,12855.30769,12792.67692,12869.12308,12841.35385,12845.93077,
603.3573051,12698.62308,12747.78462,12747.13077,12707.28462,12705.26154,12716.10769,12710.37692,12702.42308,12704.85385,12657.23077,
603.5534787,12718.62308,12782.78462,12780.23077,12786.98462,12760.26154,12766.00769,12720.97692,12725.12308,12725.95385,12709.63077,
603.7496381,12745.42308,12805.68462,12782.13077,12782.28462,12774.56154,12769.10769,12740.07692,12731.52308,12772.95385,12727.73077,
603.9457834,12637.52308,12652.88462,12638.93077,12698.98462,12675.86154,12700.40769,12634.57692,12671.62308,12608.45385,12613.53077,
604.1419145,12648.52308,12785.48462,12787.73077,12710.98462,12713.46154,12722.10769,12653.27692,12709.12308,12716.05385,12684.53077,
604.3380314,12500.12308,12575.48462,12560.43077,12519.88462,12550.16154,12572.60769,12515.27692,12570.92308,12583.85385,12563.03077,
604.5341341,12591.82308,12771.78462,12674.63077,12677.78462,12669.66154,12655.60769,12629.17692,12621.02308,12659.55385,12656.13077,
604.7302227,12522.92308,12554.38462,12603.03077,12568.08462,12532.56154,12493.20769,12507.97692,12510.32308,12493.85385,12459.63077,
604.9262971,12466.02308,12537.98462,12520.33077,12564.68462,12474.26154,12518.50769,12467.87692,12481.72308,12473.85385,12491.63077,
605.1223573,12536.12308,12622.48462,12602.23077,12584.88462,12613.66154,12590.80769,12542.77692,12529.02308,12543.55385,12542.63077,
605.3184033,12413.32308,12506.58462,12488.53077,12480.98462,12459.06154,12485.30769,12454.87692,12420.32308,12459.35385,12406.23077,
605.5144352,12332.12308,12424.48462,12420.43077,12369.18462,12436.86154,12377.70769,12438.17692,12420.32308,12374.65385,12421.03077,
605.7104528,12362.22308,12411.18462,12389.33077,12417.58462,12391.76154,12400.60769,12336.57692,12328.82308,12348.25385,12362.23077,
605.9064563,12435.22308,12494.38462,12486.03077,12465.58462,12487.16154,12439.40769,12421.47692,12388.42308,12416.85385,12417.43077,
606.1024455,12341.62308,12399.68462,12444.03077,12406.18462,12376.96154,12410.90769,12347.07692,12330.42308,12348.35385,12363.43077,
606.2984206,12370.22308,12466.58462,12411.03077,12416.58462,12430.56154,12396.10769,12388.57692,12358.62308,12446.45385,12404.43077,
606.4943815,12319.62308,12374.78462,12335.83077,12343.58462,12378.36154,12332.90769,12288.77692,12326.02308,12285.75385,12315.73077,
606.6903282,12279.22308,12410.48462,12369.73077,12365.48462,12371.16154,12349.80769,12374.57692,12328.02308,12372.65385,12346.03077,
606.8862607,12308.02308,12418.28462,12333.53077,12408.08462,12353.86154,12372.40769,12307.07692,12332.92308,12346.75385,12308.93077,
607.0821789,12127.02308,12221.48462,12258.23077,12202.98462,12190.46154,12215.60769,12187.17692,12145.62308,12187.05385,12152.23077,
607.278083,12266.02308,12341.68462,12313.83077,12348.18462,12302.36154,12353.60769,12302.87692,12344.22308,12326.45385,12332.03077,
607.4739729,12089.12308,12169.38462,12126.43077,12139.48462,12174.76154,12181.00769,12108.67692,12110.92308,12113.45385,12081.53077,
607.6698485,12255.72308,12249.88462,12265.83077,12264.98462,12273.86154,12240.80769,12265.37692,12282.82308,12251.95385,12242.03077,
607.8657099,12068.62308,12159.28462,12123.03077,12103.78462,12140.76154,12120.70769,12081.17692,12091.22308,12087.55385,12095.53077,
608.0615571,12158.12308,12234.08462,12264.03077,12287.98462,12244.66154,12262.30769,12190.97692,12215.52308,12244.05385,12239.93077,
608.2573901,12173.22308,12238.58462,12184.33077,12204.88462,12167.56154,12185.60769,12152.07692,12139.82308,12163.85385,12171.33077,
608.4532089,12115.62308,12204.88462,12202.03077,12209.98462,12176.96154,12129.70769,12145.87692,12075.52308,12084.45385,12123.13077,
608.6490135,12132.12308,12193.98462,12206.13077,12195.18462,12187.46154,12187.80769,12156.37692,12122.42308,12134.45385,12128.93077,
608.8448038,12037.92308,12138.58462,12076.53077,12051.58462,12059.46154,12082.80769,12030.77692,12082.42308,12052.15385,12077.03077,
609.0405799,12063.22308,12183.18462,12171.83077,12134.68462,12090.96154,12124.50769,12095.47692,12055.82308,12072.15385,12080.73077,
609.2363418,12059.92308,12141.28462,12126.13077,12169.58462,12115.76154,12117.90769,12069.17692,12078.22308,12098.35385,12070.23077,
609.4320894,11989.62308,12085.18462,12036.53077,12088.98462,12086.86154,12091.90769,11979.27692,12058.92308,12038.15385,12015.53077,
609.6278228,11982.72308,12062.88462,12041.33077,12052.78462,12010.96154,11990.30769,11996.17692,12002.22308,12008.65385,11978.93077,
609.8235419,11965.42308,12030.88462,12060.23077,12031.78462,11995.36154,12014.70769,11958.77692,12007.92308,12045.55385,11993.43077,
610.0192469,11891.52308,11994.28462,11983.33077,11939.68462,11975.76154,11951.80769,11926.57692,11933.42308,11971.85385,11926.33077,
610.2149375,11938.32308,12006.68462,11984.53077,12000.08462,11998.96154,11991.60769,11972.37692,11985.32308,11949.65385,11915.23077,
610.410614,12006.22308,12068.78462,12032.73077,12024.98462,12017.26154,12006.20769,11975.97692,11983.02308,11999.15385,12021.33077,
610.6062761,11845.32308,11907.48462,11897.33077,11913.28462,11897.86154,11870.70769,11842.37692,11889.32308,11840.35385,11805.33077,
610.8019241,11934.62308,12016.58462,11966.43077,11985.58462,12023.96154,11953.50769,11907.17692,11934.62308,11973.15385,11941.43077,
610.9975578,11892.72308,11918.38462,11935.03077,11880.58462,11889.26154,11903.80769,11880.47692,11895.02308,11877.05385,11876.13077,
611.1931772,11872.82308,11976.78462,11924.33077,11862.78462,11917.56154,11908.20769,11841.07692,11914.52308,11906.15385,11873.93077,
611.3887823,11833.42308,11921.18462,11886.33077,11858.38462,11883.06154,11864.30769,11840.87692,11842.92308,11845.85385,11803.93077,
611.5843732,11768.42308,11860.88462,11835.43077,11824.38462,11808.26154,11834.50769,11770.57692,11802.32308,11761.55385,11775.63077,
611.7799499,11731.82308,11867.68462,11843.33077,11787.38462,11781.66154,11765.40769,11757.77692,11776.32308,11805.25385,11743.03077,
611.9755123,11794.42308,11924.58462,11890.13077,11895.88462,11871.96154,11814.20769,11802.37692,11831.42308,11812.85385,11849.83077,
612.1710604,11799.82308,11885.68462,11800.03077,11835.88462,11838.06154,11886.40769,11745.77692,11784.22308,11792.85385,11778.63077,
612.3665942,11769.82308,11822.68462,11849.63077,11785.78462,11838.46154,11770.30769,11739.87692,11750.92308,11774.65385,11728.23077,
612.5621138,11698.22308,11741.48462,11804.53077,11776.98462,11741.06154,11769.70769,11695.17692,11715.72308,11741.95385,11753.63077,
612.7576191,11568.32308,11639.58462,11672.53077,11609.08462,11620.76154,11609.50769,11601.67692,11571.42308,11592.95385,11636.33077,
612.9531101,11649.02308,11722.78462,11694.43077,11696.98462,11678.66154,11699.80769,11633.57692,11648.02308,11674.95385,11697.23077,
613.1485868,11771.22308,11844.38462,11806.33077,11771.58462,11788.96154,11748.90769,11745.37692,11764.92308,11793.65385,11735.53077,
613.3440493,11657.42308,11751.28462,11682.73077,11697.08462,11639.56154,11636.30769,11600.27692,11636.02308,11615.75385,11607.03077,
613.5394975,11785.42308,11888.38462,11826.73077,11802.38462,11790.56154,11830.20769,11793.97692,11787.42308,11806.65385,11802.63077,
613.7349313,11667.02308,11709.18462,11696.63077,11708.88462,11693.86154,11666.00769,11664.17692,11721.42308,11657.85385,11653.63077,
613.9303509,11662.32308,11746.78462,11730.03077,11737.18462,11701.56154,11687.40769,11649.77692,11670.92308,11676.35385,11665.73077,
614.1257562,11588.82308,11619.48462,11657.03077,11580.98462,11647.76154,11667.90769,11659.97692,11605.22308,11644.45385,11651.23077,
614.3211472,11675.32308,11757.78462,11796.83077,11686.48462,11770.66154,11752.50769,11681.67692,11713.92308,11709.05385,11691.13077,
614.516524,11596.32308,11741.88462,11668.83077,11679.08462,11680.36154,11681.40769,11616.67692,11667.12308,11640.55385,11646.93077,
614.7118864,11559.22308,11663.78462,11671.03077,11547.08462,11647.66154,11619.70769,11583.57692,11560.92308,11580.35385,11594.33077,
614.9072345,11493.12308,11565.48462,11579.03077,11555.18462,11539.96154,11559.20769,11543.07692,11506.02308,11535.15385,11509.93077,
615.1025683,11592.32308,11676.58462,11638.23077,11651.78462,11618.86154,11693.60769,11653.97692,11621.22308,11564.65385,11619.33077,
615.2978878,11485.62308,11579.38462,11534.13077,11532.18462,11523.66154,11512.50769,11512.97692,11512.12308,11541.55385,11502.83077,
615.493193,11558.72308,11725.88462,11669.23077,11688.78462,11617.06154,11673.00769,11646.77692,11594.92308,11645.75385,11642.83077,
615.6884839,11401.62308,11475.88462,11446.93077,11450.58462,11476.86154,11455.00769,11431.37692,11372.52308,11403.75385,11453.53077,
615.8837605,11614.72308,11688.78462,11653.53077,11622.68462,11665.86154,11623.00769,11629.57692,11643.82308,11650.55385,11612.33077,
616.0790227,11393.12308,11460.38462,11419.63077,11427.48462,11430.26154,11435.00769,11369.77692,11391.52308,11430.35385,11402.93077,
616.2742707,11529.42308,11642.38462,11537.63077,11568.48462,11569.76154,11547.00769,11548.17692,11500.12308,11575.75385,11508.43077,
616.4695043,11409.02308,11495.88462,11475.93077,11425.68462,11458.46154,11452.10769,11427.47692,11419.72308,11418.95385,11421.83077,
616.6647236,11435.32308,11513.88462,11472.83077,11467.78462,11456.46154,11453.10769,11438.17692,11453.32308,11485.05385,11462.03077,
616.8599285,11439.02308,11516.88462,11443.93077,11452.58462,11412.36154,11441.80769,11380.47692,11408.72308,11437.95385,11433.13077,
617.0551192,11358.82308,11411.18462,11391.43077,11349.18462,11371.86154,11381.90769,11371.17692,11372.22308,11381.35385,11356.63077,
617.2502955,11318.72308,11378.58462,11336.93077,11397.58462,11374.36154,11345.90769,11311.47692,11329.02308,11336.55385,11331.23077,
617.4454575,11474.72308,11451.88462,11481.83077,11441.98462,11487.66154,11406.60769,11440.77692,11430.12308,11426.35385,11448.13077,
617.6406051,11134.12308,11274.28462,11214.83077,11219.68462,11237.66154,11239.70769,11198.17692,11183.62308,11216.55385,11187.43077,
617.8357384,11336.82308,11401.98462,11398.23077,11359.88462,11365.06154,11384.70769,11326.67692,11344.72308,11381.65385,11295.83077,
618.0308574,11134.12308,11242.58462,11201.73077,11207.18462,11162.56154,11219.10769,11205.97692,11179.02308,11197.85385,11210.43077,
618.225962,11275.62308,11346.38462,11344.13077,11317.88462,11327.56154,11343.10769,11270.07692,11319.82308,11262.75385,11290.93077,
618.4210523,11115.42308,11233.18462,11219.63077,11230.38462,11223.16154,11202.80769,11132.97692,11187.12308,11202.65385,11188.63077,
618.6161282,11235.62308,11329.18462,11320.13077,11318.88462,11327.96154,11258.10769,11226.47692,11235.92308,11250.55385,11239.13077,
618.8111898,11035.62308,11090.78462,11104.73077,11083.18462,11103.96154,11049.10769,11060.27692,11074.42308,11053.05385,11091.03077,
619.006237,11197.42308,11274.88462,11222.03077,11247.38462,11223.96154,11246.00769,11247.17692,11208.22308,11231.65385,11175.13077,
619.2012699,10974.42308,11034.38462,11016.53077,10988.88462,10986.86154,10990.00769,10962.77692,10968.12308,10973.95385,10942.83077,
619.3962884,11017.82308,11142.68462,11101.13077,11093.58462,11034.86154,11135.80769,11072.67692,11088.12308,11069.05385,11048.53077,
619.5912926,10907.52308,10944.98462,10920.13077,10901.68462,10924.16154,10942.30769,10898.87692,10893.92308,10925.75385,10874.43077,
619.7862824,10999.12308,11066.98462,11081.33077,11031.68462,11098.96154,11050.40769,10998.67692,11035.12308,11031.55385,10994.73077,
619.9812578,10782.32308,10868.88462,10861.03077,10845.28462,10857.06154,10864.40769,10826.07692,10855.42308,10853.05385,10814.83077,
620.1762189,10954.02308,11026.58462,11022.03077,10989.98462,10996.46154,10984.60769,10925.57692,10941.52308,10973.65385,10943.43077,
620.3711656,10794.22308,10831.88462,10825.63077,10805.18462,10806.66154,10775.70769,10738.07692,10761.82308,10837.25385,10738.53077,
620.5660979,10801.42308,10880.08462,10846.33077,10882.18462,10876.36154,10861.40769,10811.37692,10827.52308,10809.85385,10846.93077,
620.7610159,10701.12308,10814.88462,10752.03077,10778.08462,10793.16154,10710.50769,10746.37692,10743.12308,10741.75385,10729.43077,
620.9559195,10798.32308,10823.28462,10794.93077,10818.88462,10789.96154,10805.90769,10809.77692,10770.32308,10790.95385,10822.03077,
621.1508087,10587.22308,10681.28462,10614.43077,10673.38462,10630.06154,10611.70769,10650.17692,10614.52308,10619.15385,10597.43077,
621.3456835,10687.52308,10749.58462,10706.93077,10704.38462,10719.86154,10683.70769,10697.07692,10669.12308,10684.15385,10633.83077,
621.5405439,10519.92308,10563.68462,10565.03077,10531.68462,10521.96154,10510.20769,10500.87692,10540.52308,10515.75385,10530.13077,
621.73539,10563.52308,10658.18462,10655.23077,10659.48462,10582.66154,10630.50769,10602.47692,10598.82308,10595.75385,10622.23077,
621.9302216,10409.82308,10495.18462,10436.03077,10480.78462,10402.86154,10437.00769,10474.77692,10412.72308,10416.25385,10350.23077,
622.1250389,10514.32308,10541.78462,10528.53077,10550.98462,10546.66154,10519.90769,10482.17692,10490.82308,10458.25385,10468.33077,
622.3198418,10294.52308,10376.38462,10314.63077,10351.98462,10334.96154,10300.60769,10305.07692,10308.92308,10324.85385,10315.63077,
622.5146303,10420.62308,10491.68462,10446.93077,10431.68462,10432.26154,10438.60769,10390.17692,10352.42308,10457.35385,10392.23077,
622.7094043,10222.02308,10354.98462,10361.23077,10323.48462,10347.36154,10304.50769,10261.27692,10274.92308,10311.45385,10308.13077,
622.904164,10268.02308,10332.08462,10307.23077,10279.78462,10293.46154,10299.80769,10261.27692,10268.52308,10273.85385,10257.93077,
623.0989093,10173.92308,10242.18462,10228.23077,10236.58462,10228.16154,10207.60769,10180.47692,10213.42308,10191.75385,10167.03077,
623.2936402,10198.52308,10234.98462,10230.13077,10253.08462,10281.46154,10233.10769,10182.47692,10202.12308,10233.25385,10211.43077,
623.4883567,10049.62308,10171.78462,10109.43077,10090.78462,10096.46154,10151.90769,10076.07692,10058.72308,10066.45385,10076.53077,
623.6830587,10086.82308,10164.18462,10167.33077,10140.78462,10129.66154,10107.70769,10104.47692,10124.12308,10121.85385,10111.53077,
623.8777464,9929.323077,10001.88462,10005.43077,9962.384615,9982.761538,9958.007692,9941.176923,9940.423077,10003.45385,9909.430769,
624.0724196,9980.223077,10062.68462,10033.73077,10021.88462,10026.56154,9992.207692,10003.47692,9985.023077,9988.553846,9988.930769,
624.2670784,9964.423077,10003.68462,10003.93077,9980.284615,10019.26154,9969.707692,9980.076923,9968.523077,10009.05385,9965.530769,
624.4617228,9879.723077,9934.784615,9929.430769,9934.884615,9892.061538,9867.907692,9909.776923,9847.723077,9870.353846,9884.430769,
624.6563528,9799.123077,9820.784615,9828.630769,9831.584615,9790.561538,9833.907692,9758.676923,9824.523077,9820.453846,9839.730769,
624.8509683,9787.523077,9866.584615,9856.730769,9824.384615,9836.361538,9870.807692,9814.176923,9804.223077,9789.753846,9781.130769,
625.0455695,9704.323077,9754.584615,9754.130769,9692.584615,9728.861538,9732.507692,9703.976923,9742.423077,9729.053846,9697.730769,
625.2401561,9643.223077,9731.584615,9725.330769,9694.384615,9676.061538,9726.407692,9683.376923,9733.423077,9722.253846,9660.730769,
625.4347284,9614.123077,9637.884615,9624.130769,9642.684615,9651.461538,9615.107692,9590.976923,9595.423077,9627.153846,9640.230769,
625.6292862,9559.123077,9681.484615,9630.530769,9616.384615,9568.361538,9592.107692,9596.376923,9584.923077,9603.653846,9526.130769,
625.8238296,9526.823077,9599.184615,9589.730769,9530.284615,9517.861538,9546.707692,9498.576923,9489.123077,9538.553846,9518.130769,
626.0183586,9452.023077,9556.484615,9558.130769,9544.984615,9523.261538,9534.807692,9478.076923,9517.523077,9456.453846,9487.030769,
626.2128731,9310.023077,9353.184615,9375.730769,9358.084615,9324.961538,9337.807692,9310.876923,9316.223077,9288.953846,9289.730769,
626.4073731,9381.223077,9448.184615,9421.330769,9418.884615,9402.261538,9441.407692,9413.076923,9415.923077,9423.553846,9386.330769,
626.6018588,9253.723077,9336.884615,9239.130769,9334.284615,9314.561538,9265.407692,9229.676923,9305.823077,9264.653846,9294.330769,
626.7963299,9323.923077,9342.784615,9414.930769,9358.484615,9356.161538,9351.407692,9274.276923,9327.823077,9286.253846,9336.330769,
626.9907867,9232.423077,9320.084615,9317.430769,9345.184615,9301.661538,9285.507692,9289.976923,9257.423077,9282.353846,9271.430769,
627.1852289,9166.423077,9237.184615,9225.630769,9212.984615,9218.861538,9203.407692,9191.576923,9170.623077,9173.553846,9199.030769,
627.3796567,9099.423077,9202.084615,9171.030769,9119.984615,9146.761538,9109.607692,9110.176923,9171.323077,9112.653846,9133.130769,
627.5740701,9017.223077,9132.384615,9134.730769,9097.884615,9090.461538,9110.207692,9059.376923,9082.623077,9081.053846,9085.430769,
627.768469,9053.623077,9066.384615,9039.530769,9062.584615,9065.161538,9053.907692,9016.576923,9028.923077,8990.353846,9050.330769,
627.9628534,8984.623077,9040.484615,8985.530769,9051.984615,9037.561538,9011.607692,9002.676923,8973.123077,8983.053846,8992.930769,
628.1572234,8850.423077,8965.584615,8908.030769,8903.784615,8913.661538,8897.507692,8875.476923,8889.323077,8914.253846,8884.030769,
628.3515789,8945.523077,8983.484615,8956.630769,8961.784615,8968.861538,8970.307692,8964.376923,8955.523077,8973.353846,8928.530769,
628.5459199,8776.523077,8858.084615,8865.930769,8806.084615,8828.261538,8838.107692,8768.276923,8828.823077,8805.853846,8789.530769,
628.7402464,8863.123077,8902.184615,8890.830769,8864.484615,8916.761538,8887.307692,8852.376923,8836.223077,8883.053846,8860.630769,
628.9345585,8707.723077,8797.084615,8761.530769,8733.984615,8769.161538,8736.407692,8739.176923,8711.523077,8738.753846,8721.930769,
629.1288561,8711.223077,8787.384615,8790.930769,8752.184615,8757.861538,8720.807692,8745.476923,8756.023077,8744.953846,8737.430769,
629.3231392,8632.223077,8687.884615,8679.330769,8678.384615,8629.361538,8635.307692,8598.876923,8639.823077,8638.453846,8639.330769,
629.5174079,8580.323077,8665.284615,8668.830769,8628.784615,8613.861538,8584.407692,8589.276923,8618.423077,8626.653846,8599.330769,
629.711662,8596.523077,8621.184615,8629.030769,8597.084615,8617.361538,8614.007692,8560.976923,8613.123077,8585.653846,8567.430769,
629.9059017,8531.223077,8613.784615,8617.430769,8597.084615,8589.461538,8554.807692,8517.776923,8536.423077,8580.553846,8533.230769,
630.1001269,8364.723077,8434.784615,8427.630769,8433.684615,8436.061538,8436.007692,8386.876923,8405.423077,8395.053846,8382.330769,
630.2943375,8467.623077,8505.584615,8483.630769,8461.584615,8488.361538,8458.807692,8480.976923,8461.523077,8429.753846,8485.830769,
630.4885337,8358.623077,8399.884615,8401.430769,8417.184615,8411.861538,8397.607692,8369.076923,8417.023077,8393.453846,8373.730769,
630.6827154,8395.823077,8457.784615,8424.630769,8435.584615,8444.561538,8395.307692,8404.276923,8433.623077,8397.953846,8396.930769,
630.8768826,8264.723077,8310.884615,8311.530769,8268.284615,8286.361538,8263.007692,8268.776923,8255.723077,8298.153846,8235.030769,
631.0710353,8248.823077,8285.384615,8247.330769,8262.384615,8241.361538,8249.807692,8227.276923,8262.423077,8189.453846,8248.930769,
631.2651735,8261.223077,8310.584615,8324.530769,8252.684615,8317.561538,8276.007692,8300.176923,8249.623077,8296.653846,8277.230769,
631.4592972,8162.523077,8185.684615,8203.930769,8181.384615,8193.961538,8140.907692,8191.776923,8161.923077,8179.453846,8167.730769,
631.6534063,8132.223077,8198.884615,8166.330769,8170.684615,8137.661538,8140.407692,8119.876923,8097.923077,8187.753846,8139.930769,
631.847501,8096.223077,8153.784615,8086.330769,8111.284615,8101.561538,8112.807692,8096.476923,8086.923077,8139.953846,8113.830769,
632.0415811,8030.523077,8104.584615,8070.030769,8086.184615,8032.061538,8056.207692,8039.976923,8074.723077,8055.853846,8003.430769,
632.2356468,8051.223077,8092.184615,8082.530769,8058.384615,8070.661538,8043.307692,8033.276923,8069.823077,8079.953846,8022.430769,
632.4296979,7941.123077,7976.484615,7987.230769,7982.084615,7906.761538,7966.907692,7919.276923,7924.723077,7976.053846,7953.630769,
632.6237345,7937.723077,8005.984615,8009.930769,7995.284615,7974.861538,8028.607692,7942.276923,7966.623077,7990.753846,7950.130769,
632.8177565,7874.423077,7951.284615,7924.330769,7923.184615,7925.861538,7908.907692,7906.676923,7904.923077,7925.253846,7872.930769,
633.0117641,7820.923077,7855.584615,7821.130769,7822.884615,7809.861538,7782.607692,7857.576923,7793.323077,7821.453846,7832.730769,
633.2057571,7792.823077,7802.384615,7825.930769,7833.184615,7827.861538,7797.107692,7809.776923,7787.123077,7827.353846,7815.630769,
633.3997355,7796.223077,7827.784615,7872.530769,7786.284615,7848.961538,7812.707692,7800.176923,7805.623077,7774.753846,7807.630769,
633.5936995,7714.823077,7765.484615,7713.530769,7738.384615,7728.361538,7752.007692,7702.276923,7728.023077,7714.053846,7688.330769,
633.7876489,7699.523077,7760.284615,7725.230769,7733.184615,7687.461538,7731.207692,7713.776923,7676.723077,7717.753846,7692.630769,
633.9815838,7679.023077,7683.084615,7731.930769,7688.284615,7671.961538,7695.207692,7649.276923,7669.723077,7636.053846,7627.430769,
634.1755041,7616.123077,7666.384615,7646.030769,7634.584615,7636.261538,7613.507692,7642.676923,7635.223077,7623.453846,7617.230769,
634.3694099,7558.123077,7615.084615,7604.930769,7595.984615,7574.661538,7576.107692,7614.576923,7539.423077,7582.553846,7584.530769,
634.5633011,7476.523077,7552.584615,7583.330769,7584.184615,7574.361538,7577.407692,7550.976923,7564.023077,7540.453846,7532.230769,
634.7571778,7456.523077,7535.484615,7521.430769,7515.684615,7514.461538,7523.207692,7444.876923,7511.223077,7447.253846,7499.330769,
634.95104,7494.023077,7550.984615,7498.630769,7522.184615,7563.861538,7505.207692,7509.976923,7516.623077,7492.753846,7476.130769,
635.1448876,7433.123077,7474.384615,7462.130769,7449.684615,7469.861538,7428.407692,7392.276923,7424.723077,7450.253846,7462.830769,
635.3387206,7406.223077,7461.384615,7500.830769,7446.884615,7445.061538,7447.007692,7424.976923,7457.723077,7445.953846,7417.830769,
635.5325391,7276.823077,7364.284615,7342.330769,7375.184615,7310.661538,7331.207692,7328.176923,7306.623077,7349.253846,7338.130769,
635.726343,7344.923077,7369.784615,7343.530769,7376.984615,7351.361538,7322.507692,7297.276923,7343.423077,7320.753846,7340.430769,
635.9201323,7198.923077,7262.384615,7264.630769,7233.484615,7276.861538,7251.207692,7243.076923,7211.023077,7208.253846,7208.330769,
636.1139071,7258.423077,7277.984615,7259.930769,7263.384615,7257.361538,7297.307692,7274.876923,7263.523077,7280.053846,7251.430769,
636.3076674,7192.123077,7243.684615,7238.230769,7214.784615,7195.261538,7198.307692,7170.376923,7184.223077,7208.053846,7191.730769,
636.501413,7138.823077,7208.484615,7170.130769,7200.484615,7195.061538,7165.807692,7136.976923,7142.523077,7162.253846,7170.730769,
636.6951441,7102.523077,7179.284615,7157.330769,7147.284615,7166.361538,7179.107692,7125.176923,7120.623077,7152.853846,7111.830769,
636.8888606,7047.223077,7118.084615,7107.930769,7090.784615,7109.661538,7095.207692,7074.976923,7091.923077,7066.753846,7070.730769,
637.0825625,7002.323077,7084.084615,7031.730769,7068.084615,7042.261538,7030.807692,7025.676923,7035.823077,7026.953846,7047.530769,
637.2762499,7000.323077,7062.284615,7005.630769,7033.284615,6984.661538,6991.707692,6987.376923,7030.523077,6976.053846,6977.030769,
637.4699227,6949.523077,6987.884615,7013.830769,6981.384615,6986.261538,6948.907692,6955.276923,6963.223077,6951.053846,6980.630769,
637.6635808,6910.623077,6948.484615,6960.730769,6995.884615,6958.661538,6934.707692,6963.576923,6936.623077,6944.953846,6945.030769,
637.8572244,6905.323077,6951.084615,6941.830769,6978.984615,6915.061538,6925.207692,6903.476923,6907.223077,6919.553846,6927.630769,
638.0508535,6871.023077,6946.984615,6914.330769,6906.784615,6879.661538,6888.507692,6885.676923,6916.623077,6878.553846,6857.730769,
638.2444679,6775.023077,6866.284615,6845.630769,6831.784615,6828.261538,6813.707692,6806.876923,6800.723077,6832.853846,6832.830769,
638.4380677,6782.923077,6854.084615,6828.530769,6807.284615,6789.261538,6818.307692,6796.276923,6781.723077,6827.453846,6779.230769,
638.6316529,6746.923077,6771.484615,6764.030769,6784.484615,6788.361538,6765.907692,6718.476923,6753.723077,6740.853846,6749.730769,
638.8252236,6713.923077,6727.584615,6734.230769,6724.384615,6713.261538,6701.607692,6663.776923,6700.123077,6669.253846,6688.530769,
639.0187796,6652.923077,6705.984615,6703.130769,6664.884615,6705.161538,6694.007692,6665.876923,6683.523077,6683.853846,6650.130769,
639.212321,6632.223077,6650.184615,6686.630769,6650.184615,6620.361538,6638.107692,6614.976923,6652.323077,6641.653846,6618.230769,
639.4058478,6627.823077,6657.984615,6656.330769,6638.284615,6660.961538,6660.007692,6624.376923,6621.523077,6652.753846,6603.430769,
639.5993601,6550.823077,6572.984615,6623.930769,6605.984615,6565.361538,6574.507692,6594.976923,6577.023077,6591.553846,6566.930769,
639.7928577,6575.723077,6607.784615,6585.830769,6573.184615,6584.961538,6551.307692,6589.576923,6589.523077,6606.853846,6560.730769,
639.9863407,6457.923077,6509.584615,6469.230769,6475.184615,6489.361538,6481.507692,6456.076923,6465.423077,6410.153846,6435.030769,
640.179809,6493.623077,6513.984615,6498.130769,6484.184615,6504.061538,6523.307692,6492.076923,6501.523077,6482.953846,6504.630769,
640.3732628,6455.423077,6491.384615,6464.730769,6474.284615,6483.461538,6454.507692,6413.176923,6427.323077,6424.553846,6420.230769,
640.5667019,6349.723077,6375.184615,6393.730769,6384.984615,6382.061538,6387.307692,6341.676923,6334.823077,6360.353846,6332.930769,
640.7601264,6385.523077,6403.584615,6447.430769,6392.584615,6383.861538,6385.907692,6411.876923,6386.123077,6381.353846,6363.230769,
640.9535363,6276.023077,6346.184615,6343.330769,6344.784615,6326.761538,6326.407692,6310.876923,6281.623077,6311.453846,6288.430769,
641.1469316,6270.723077,6311.384615,6284.230769,6305.884615,6301.861538,6249.807692,6244.176923,6248.923077,6235.953846,6258.330769,
641.3403122,6238.923077,6309.784615,6293.530769,6242.684615,6235.061538,6239.207692,6246.576923,6242.723077,6243.453846,6229.530769,
641.5336782,6216.123077,6286.984615,6274.530769,6262.484615,6248.761538,6263.507692,6237.076923,6206.523077,6211.853846,6237.630769,
641.7270296,6198.423077,6207.484615,6202.230769,6225.584615,6232.261538,6202.907692,6198.776923,6194.323077,6194.553846,6184.430769,
641.9203663,6183.223077,6215.784615,6189.530769,6180.384615,6218.861538,6190.007692,6153.076923,6141.223077,6164.153846,6202.930769,
642.1136884,6119.023077,6141.884615,6144.130769,6147.884615,6123.561538,6112.507692,6130.876923,6118.823077,6144.453846,6116.030769,
642.3069958,6095.523077,6141.684615,6115.730769,6114.184615,6099.661538,6104.407692,6079.476923,6092.723077,6100.753846,6128.630769,
642.5002886,6061.323077,6095.084615,6111.030769,6065.884615,6078.361538,6087.207692,6052.376923,6075.223077,6066.753846,6057.630769,
642.6935668,5956.523077,6028.884615,6017.130769,6005.884615,5965.561538,5995.207692,5978.276923,5946.123077,5978.753846,5990.930769,
642.8868303,5979.123077,6014.984615,6000.930769,5998.884615,5992.761538,5992.107692,5992.976923,5986.423077,5945.753846,5975.730769,
643.0800791,6001.623077,6019.884615,6030.130769,6034.884615,5983.961538,5986.307692,6020.376923,5970.023077,6019.453846,5996.030769,
643.2733133,5942.123077,5987.784615,5980.030769,5933.184615,5976.361538,5934.207692,5933.976923,5929.223077,5950.853846,5944.430769,
643.4665329,5900.523077,5968.484615,5935.430769,5903.684615,5924.861538,5904.607692,5874.676923,5910.723077,5927.253846,5913.030769,
643.6597377,5844.123077,5906.084615,5880.630769,5828.984615,5846.061538,5867.707692,5864.076923,5856.223077,5865.853846,5867.530769,
643.852928,5788.923077,5832.384615,5845.230769,5851.584615,5848.061538,5823.307692,5821.076923,5845.923077,5826.753846,5832.130769,
644.0461035,5768.223077,5819.284615,5767.130769,5790.084615,5794.461538,5753.907692,5733.176923,5736.223077,5750.953846,5732.630769,
644.2392644,5792.323077,5806.684615,5832.630769,5828.484615,5810.261538,5780.607692,5780.276923,5794.423077,5789.453846,5775.730769,
644.4324106,5733.523077,5780.284615,5764.630769,5741.784615,5743.561538,5742.207692,5722.976923,5733.523077,5726.153846,5757.330769,
644.6255422,5695.623077,5736.684615,5722.230769,5746.384615,5708.161538,5706.607692,5699.676923,5738.923077,5693.053846,5701.130769,
644.8186591,5657.023077,5674.184615,5678.630769,5683.784615,5700.061538,5682.107692,5671.876923,5660.223077,5656.953846,5635.330769,
645.0117613,5619.823077,5678.884615,5665.130769,5656.684615,5690.261538,5673.707692,5661.576923,5626.923077,5665.053846,5649.330769,
645.2048488,5603.023077,5662.984615,5661.230769,5653.584615,5646.661538,5642.807692,5616.076923,5619.223077,5649.053846,5631.130769,
645.3979216,5579.323077,5579.384615,5614.330769,5627.184615,5615.661538,5577.607692,5545.776923,5576.023077,5600.253846,5577.230769,
645.5909798,5549.523077,5559.784615,5580.130769,5566.384615,5588.261538,5561.607692,5524.676923,5551.723077,5538.353846,5541.230769,
645.7840232,5517.023077,5556.284615,5542.930769,5539.384615,5553.061538,5526.207692,5506.976923,5510.423077,5541.853846,5519.330769,
645.977052,5441.023077,5467.584615,5500.630769,5499.284615,5482.861538,5467.507692,5432.376923,5460.523077,5473.353846,5470.430769,
646.1700661,5469.323077,5485.284615,5497.930769,5495.684615,5470.961538,5464.407692,5477.276923,5480.423077,5487.553846,5450.330769,
646.3630655,5380.723077,5400.084615,5396.130769,5399.484615,5416.361538,5434.607692,5378.476923,5433.523077,5395.653846,5407.830769,
646.5560502,5358.523077,5379.284615,5379.530769,5343.384615,5335.361538,5363.907692,5335.976923,5320.423077,5338.253846,5365.330769,
646.7490202,5387.023077,5408.484615,5388.630769,5414.984615,5368.061538,5373.507692,5358.876923,5363.723077,5387.753846,5388.830769,
646.9419755,5363.823077,5372.884615,5358.030769,5385.784615,5377.861538,5360.407692,5319.176923,5355.823077,5365.653846,5320.830769,
647.1349162,5269.423077,5318.384615,5298.130769,5305.284615,5318.461538,5270.507692,5284.076923,5293.823077,5281.753846,5284.730769,
647.3278421,5246.623077,5280.084615,5261.630769,5285.984615,5307.561538,5277.407692,5295.576923,5251.323077,5260.953846,5246.730769,
647.5207532,5244.523077,5259.584615,5237.430769,5270.484615,5246.961538,5225.107692,5250.876923,5245.023077,5238.553846,5259.630769,
647.7136497,5133.623077,5173.384615,5162.630769,5176.884615,5170.661538,5177.307692,5131.576923,5176.323077,5135.853846,5158.730769,
647.9065315,5182.423077,5225.184615,5190.730769,5192.584615,5201.661538,5198.307692,5192.476923,5188.123077,5170.753846,5180.230769,
648.0993986,5153.223077,5177.384615,5168.430769,5140.984615,5173.661538,5149.707692,5127.276923,5136.123077,5154.353846,5152.930769,
648.2922509,5086.123077,5140.084615,5147.030769,5151.484615,5146.861538,5155.007692,5111.176923,5140.623077,5155.053846,5121.930769,
648.4850885,5106.523077,5138.084615,5108.630769,5089.484615,5113.361538,5105.507692,5125.876923,5097.723077,5095.153846,5121.630769,
648.6779114,5025.423077,5071.884615,5084.930769,5093.084615,5075.161538,5071.207692,5045.176923,5038.523077,5042.353846,5036.030769,
648.8707196,5021.223077,5069.284615,5048.130769,5039.284615,5032.761538,5019.707692,5013.576923,5021.023077,5047.753846,5010.030769,
649.063513,4952.123077,4976.184615,4982.030769,5011.284615,4997.861538,4962.307692,5000.076923,4997.123077,4990.753846,4967.930769,
649.2562917,5010.623077,5048.784615,5034.930769,5032.284615,5053.961538,4985.707692,5005.976923,4995.823077,5007.953846,5002.330769,
649.4490557,4957.123077,4955.484615,4942.330769,4978.284615,4959.961538,4943.907692,4930.976923,4931.423077,4943.753846,4918.730769,
649.641805,4917.323077,4928.484615,4939.730769,4920.084615,4932.261538,4947.007692,4911.876923,4914.723077,4916.153846,4901.230769,
649.8345395,4879.823077,4888.784615,4905.330769,4876.684615,4901.561538,4861.407692,4872.776923,4882.123077,4868.453846,4872.630769,
650.0272593,4832.023077,4884.384615,4866.930769,4860.784615,4887.561538,4855.307692,4849.276923,4877.023077,4834.853846,4844.330769,
650.2199643,4806.823077,4822.484615,4802.730769,4807.684615,4801.861538,4802.107692,4775.476923,4824.123077,4789.453846,4785.130769,
650.4126546,4749.923077,4819.284615,4820.630769,4790.684615,4817.561538,4798.207692,4773.976923,4805.423077,4774.153846,4786.130769,
650.6053301,4798.123077,4761.584615,4749.530769,4761.284615,4797.661538,4752.307692,4771.576923,4787.023077,4772.953846,4769.030769,
650.7979909,4752.523077,4792.984615,4734.630769,4769.184615,4747.561538,4740.107692,4747.076923,4741.523077,4751.053846,4724.030769,
650.990637,4706.423077,4695.284615,4711.530769,4714.184615,4705.761538,4672.507692,4690.976923,4680.623077,4688.553846,4689.630769,
651.1832683,4697.023077,4713.584615,4709.430769,4697.084615,4681.461538,4701.107692,4663.976923,4683.623077,4687.853846,4713.930769,
651.3758848,4629.123077,4656.984615,4625.730769,4637.684615,4649.161538,4629.707692,4606.876923,4621.123077,4626.353846,4641.530769,
651.5684866,4640.123077,4680.784615,4632.530769,4651.184615,4623.661538,4614.307692,4616.076923,4660.923077,4610.553846,4639.230769,
651.7610736,4596.923077,4625.384615,4608.730769,4613.884615,4584.161538,4601.307692,4606.676923,4605.523077,4605.953846,4600.530769,
651.9536459,4563.323077,4607.584615,4566.230769,4583.184615,4588.261538,4560.207692,4581.776923,4554.223077,4544.753846,4556.430769,
652.1462034,4511.623077,4557.084615,4538.930769,4581.684615,4556.161538,4569.107692,4563.676923,4545.223077,4542.253846,4519.530769,
652.3387461,4512.923077,4534.884615,4528.930769,4518.684615,4499.861538,4500.607692,4483.276923,4508.323077,4518.153846,4503.930769,
652.531274,4479.723077,4495.184615,4517.330769,4490.684615,4502.661538,4474.807692,4461.276923,4469.823077,4494.353846,4503.530769,
652.7237872,4458.923077,4498.984615,4452.130769,4462.784615,4460.661538,4417.107692,4421.176923,4469.623077,4448.853846,4453.830769,
652.9162856,4368.523077,4412.784615,4378.830769,4389.684615,4379.861538,4380.007692,4349.676923,4378.823077,4391.453846,4372.730769,
653.1087692,4390.523077,4422.684615,4425.630769,4415.784615,4400.261538,4435.307692,4440.376923,4397.223077,4409.353846,4386.330769,
653.3012381,4383.923077,4387.284615,4412.430769,4371.484615,4377.861538,4380.207692,4368.176923,4408.123077,4379.753846,4362.430769,
653.4936922,4344.423077,4385.184615,4382.130769,4370.484615,4390.161538,4351.907692,4368.976923,4373.523077,4333.153846,4373.530769,
653.6861314,4267.323077,4322.884615,4294.630769,4279.284615,4310.161538,4287.907692,4277.676923,4272.423077,4287.453846,4275.930769,
653.8785559,4316.623077,4335.484615,4286.730769,4323.084615,4326.561538,4316.007692,4313.676923,4324.123077,4288.453846,4297.630769,
654.0709656,4239.923077,4243.284615,4254.030769,4289.684615,4281.661538,4269.107692,4262.176923,4262.723077,4249.653846,4238.930769,
654.2633605,4209.523077,4193.084615,4245.830769,4222.784615,4245.961538,4223.407692,4199.376923,4208.423077,4211.653846,4197.430769,
654.4557406,4207.623077,4220.384615,4218.530769,4200.484615,4241.661538,4234.307692,4209.976923,4217.323077,4218.353846,4231.230769,
654.648106,4195.723077,4209.784615,4227.530769,4190.884615,4200.561538,4201.607692,4206.676923,4204.723077,4212.853846,4188.030769,
654.8404565,4144.723077,4148.184615,4136.930769,4138.384615,4155.661538,4121.407692,4102.776923,4137.623077,4139.853846,4102.130769,
655.0327922,4109.823077,4145.784615,4132.530769,4102.684615,4137.761538,4114.607692,4113.576923,4119.423077,4123.753846,4138.430769,
655.2251131,4131.023077,4100.984615,4120.730769,4128.284615,4061.461538,4106.807692,4083.276923,4109.023077,4087.653846,4076.130769,
655.4174192,4069.323077,4085.284615,4081.130769,4084.484615,4068.561538,4074.207692,4063.976923,4058.523077,4082.853846,4078.630769,
655.6097105,4049.323077,4061.984615,4025.030769,4040.784615,4059.061538,4045.107692,4075.976923,4068.623077,4051.753846,4056.130769,
655.801987,4040.123077,4020.984615,4049.630769,4050.284615,4044.361538,4039.407692,4032.076923,4012.323077,4051.353846,4017.630769,
655.9942487,3969.623077,3979.684615,3991.030769,3984.384615,3983.561538,3971.707692,3975.376923,4002.923077,3973.253846,3960.030769,
656.1864955,3983.323077,3988.684615,3972.330769,3999.284615,4025.761538,4000.607692,4000.576923,3979.923077,3993.853846,3997.630769,
656.3787276,3918.623077,3935.484615,3950.430769,3928.384615,3975.361538,3946.007692,3921.276923,3936.823077,3924.453846,3918.530769,
656.5709448,3922.623077,3962.984615,3955.230769,3947.984615,3910.261538,3940.407692,3902.276923,3916.623077,3923.553846,3929.830769,
656.7631472,3875.223077,3883.884615,3909.230769,3898.384615,3897.161538,3896.407692,3876.876923,3853.823077,3875.853846,3872.930769,
656.9553348,3825.823077,3866.284615,3895.030769,3846.784615,3866.161538,3832.107692,3852.076923,3850.023077,3867.953846,3880.530769,
657.1475075,3829.223077,3874.284615,3886.030769,3864.984615,3887.161538,3849.507692,3841.476923,3874.723077,3836.653846,3864.730769,
657.3396654,3830.323077,3825.584615,3831.730769,3800.884615,3826.061538,3805.607692,3794.976923,3816.223077,3822.753846,3806.130769,
657.5318085,3769.323077,3788.384615,3775.830769,3795.284615,3754.461538,3775.907692,3758.076923,3801.223077,3784.853846,3770.030769,
657.7239367,3738.023077,3766.884615,3754.830769,3748.384615,3742.961538,3750.407692,3737.176923,3732.723077,3729.353846,3727.730769,
657.9160501,3735.823077,3754.084615,3765.630769,3770.584615,3744.561538,3776.807692,3748.176923,3754.923077,3724.753846,3740.830769,
658.1081487,3734.323077,3751.884615,3712.530769,3731.384615,3728.161538,3696.907692,3722.876923,3721.223077,3697.153846,3694.330769,
658.3002324,3681.523077,3699.284615,3696.330769,3699.384615,3673.261538,3688.007692,3670.776923,3690.123077,3672.753846,3669.830769,
658.4923013,3656.923077,3702.384615,3682.430769,3688.784615,3699.861538,3667.207692,3660.576923,3652.123077,3675.753846,3651.230769,
658.6843553,3642.123077,3649.784615,3629.430769,3647.084615,3604.161538,3613.707692,3614.476923,3608.923077,3619.453846,3618.730769,
658.8763945,3612.123077,3617.184615,3628.030769,3615.584615,3630.661538,3613.407692,3586.076923,3635.923077,3608.353846,3599.030769,
659.0684188,3589.323077,3599.884615,3597.530769,3608.384615,3616.761538,3586.307692,3569.776923,3575.423077,3582.253846,3597.630769,
659.2604283,3567.523077,3583.984615,3593.830769,3578.484615,3570.361538,3569.507692,3545.576923,3552.323077,3532.853846,3545.730769,
659.4524229,3533.123077,3570.284615,3593.330769,3556.184615,3557.361538,3559.107692,3552.976923,3557.123077,3557.453846,3546.130769,
659.6444026,3518.323077,3555.884615,3523.830769,3502.384615,3559.461538,3540.507692,3504.176923,3526.423077,3521.553846,3502.230769,
659.8363675,3514.923077,3509.284615,3491.530769,3482.584615,3468.761538,3480.407692,3469.776923,3484.823077,3479.953846,3482.530769,
660.0283175,3452.023077,3507.784615,3491.230769,3485.184615,3480.961538,3489.107692,3501.376923,3496.823077,3496.653846,3472.030769,
660.2202527,3391.523077,3461.584615,3429.030769,3443.784615,3403.161538,3435.407692,3399.176923,3439.523077,3416.353846,3429.330769,
660.412173,3397.823077,3419.584615,3433.630769,3410.384615,3419.661538,3409.807692,3391.676923,3394.423077,3397.553846,3405.830769,
660.6040784,3365.023077,3400.184615,3385.630769,3389.384615,3398.061538,3381.907692,3400.876923,3379.723077,3393.253846,3376.930769,
660.7959689,3368.323077,3387.384615,3355.530769,3373.084615,3374.961538,3363.507692,3367.276923,3377.023077,3353.353846,3336.730769,
660.9878446,3335.923077,3343.984615,3347.930769,3321.084615,3363.361538,3321.607692,3326.376923,3349.723077,3360.953846,3346.430769,
661.1797054,3302.023077,3338.284615,3325.230769,3309.184615,3293.461538,3308.607692,3316.776923,3320.223077,3309.653846,3324.530769,
661.3715513,3287.423077,3314.184615,3306.530769,3291.384615,3266.061538,3289.707692,3279.976923,3303.523077,3270.053846,3286.030769,
661.5633823,3288.823077,3309.784615,3305.330769,3302.784615,3314.561538,3288.707692,3289.376923,3257.423077,3301.153846,3303.030769,
661.7551985,3233.823077,3233.784615,3248.330769,3246.784615,3243.861538,3223.807692,3231.176923,3236.723077,3232.053846,3241.530769,
661.9469997,3215.923077,3253.884615,3260.230769,3243.884615,3270.161538,3238.507692,3234.476923,3249.223077,3248.653846,3231.230769,
662.1387861,3200.923077,3231.484615,3191.630769,3213.184615,3218.861538,3237.207692,3180.576923,3210.423077,3214.953846,3207.230769,
662.3305575,3189.423077,3190.784615,3193.930769,3177.084615,3165.761538,3178.607692,3175.576923,3173.723077,3168.053846,3184.830769,
662.5223141,3131.723077,3156.384615,3170.530769,3136.284615,3164.361538,3147.307692,3157.976923,3156.523077,3138.453846,3117.030769,
662.7140558,3120.023077,3174.284615,3167.730769,3121.884615,3135.361538,3135.107692,3131.376923,3136.723077,3134.653846,3101.830769,
662.9057825,3107.423077,3111.384615,3097.430769,3132.484615,3120.661538,3113.407692,3123.776923,3116.823077,3116.353846,3134.930769,
663.0974944,3119.123077,3125.784615,3117.030769,3102.984615,3105.361538,3104.407692,3094.576923,3095.423077,3112.353846,3122.430769,
663.2891913,3071.223077,3085.984615,3061.630769,3078.284615,3090.861538,3053.307692,3065.976923,3046.723077,3051.153846,3057.430769,
663.4808734,3036.323077,3049.384615,3046.030769,3056.184615,3053.061538,3056.707692,3035.476923,3056.323077,3039.553846,3051.130769,
663.6725405,3059.023077,3056.484615,3067.730769,3040.684615,3019.761538,3038.507692,3034.376923,3041.623077,3058.853846,3027.230769,
663.8641927,2969.623077,3011.884615,3013.730769,2979.584615,3002.861538,3013.507692,2992.476923,2997.823077,2991.253846,2994.630769,
664.0558301,2982.223077,2991.484615,2975.030769,2981.084615,2969.661538,2971.207692,2963.876923,2972.223077,2957.953846,2958.530769,
664.2474525,2973.723077,2987.684615,2960.630769,2965.284615,2962.861538,2987.607692,2999.376923,2970.123077,2966.453846,2991.130769,
664.4390599,2925.023077,2923.584615,2927.630769,2941.784615,2917.361538,2937.207692,2898.976923,2908.323077,2919.653846,2916.730769,
664.6306525,2926.923077,2946.384615,2933.130769,2942.484615,2949.161538,2925.707692,2939.876923,2928.523077,2910.953846,2909.030769,
664.8222301,2888.323077,2911.784615,2915.430769,2913.484615,2920.161538,2906.007692,2909.376923,2915.623077,2910.753846,2898.830769,
665.0137928,2912.423077,2927.684615,2898.930769,2905.284615,2901.961538,2885.207692,2918.376923,2883.223077,2899.053846,2904.930769,
665.2053406,2847.423077,2877.084615,2873.530769,2876.384615,2862.061538,2859.407692,2832.876923,2862.423077,2886.653846,2880.330769,
665.3968734,2842.723077,2852.084615,2856.330769,2854.284615,2867.261538,2832.007692,2855.876923,2846.223077,2835.053846,2831.830769,
665.5883913,2827.123077,2830.484615,2852.130769,2825.484615,2833.461538,2847.907692,2824.276923,2830.623077,2834.853846,2822.830769,
665.7798943,2793.023077,2810.084615,2800.930769,2798.884615,2821.261538,2789.607692,2798.376923,2771.623077,2795.853846,2799.730769,
665.9713823,2772.423077,2804.884615,2773.430769,2767.184615,2795.261538,2777.507692,2761.076923,2778.323077,2782.253846,2779.930769,
666.1628554,2789.223077,2781.784615,2783.930769,2761.984615,2778.961538,2761.807692,2778.576923,2764.023077,2773.753846,2785.630769,
666.3543135,2749.623077,2756.884615,2746.330769,2741.584615,2743.261538,2770.207692,2732.576923,2741.523077,2751.853846,2752.430769,
666.5457567,2726.223077,2719.584615,2745.330769,2740.284615,2724.161538,2727.507692,2725.776923,2713.823077,2714.253846,2713.230769,
666.7371849,2690.423077,2710.684615,2700.730769,2707.884615,2723.861538,2704.007692,2703.076923,2682.923077,2693.453846,2700.330769,
666.9285982,2718.523077,2692.584615,2703.730769,2689.984615,2715.761538,2695.507692,2696.676923,2684.723077,2683.153846,2676.730769,
667.1199966,2704.723077,2719.284615,2685.230769,2683.684615,2702.861538,2667.007692,2695.876923,2672.323077,2689.353846,2704.630769,
667.3113799,2665.823077,2682.084615,2635.030769,2655.484615,2667.861538,2644.207692,2632.576923,2668.023077,2634.253846,2651.230769,
667.5027484,2631.823077,2643.284615,2615.330769,2633.284615,2644.161538,2633.607692,2635.276923,2632.023077,2616.653846,2604.430769,
667.6941018,2623.623077,2615.184615,2640.630769,2612.084615,2624.161538,2626.607692,2610.076923,2635.623077,2637.953846,2611.330769,
667.8854403,2600.423077,2594.084615,2606.830769,2605.984615,2612.761538,2596.807692,2585.976923,2595.023077,2558.153846,2590.430769,
668.0767638,2570.223077,2592.284615,2593.530769,2583.184615,2589.361538,2621.207692,2586.576923,2578.423077,2559.753846,2579.930769,
668.2680724,2552.423077,2580.484615,2553.630769,2541.984615,2557.361538,2546.607692,2569.976923,2566.623077,2548.553846,2564.130769,
668.459366,2529.723077,2556.584615,2545.130769,2597.084615,2543.561538,2548.007692,2519.076923,2555.023077,2556.153846,2562.730769,
668.6506446,2512.123077,2560.884615,2541.930769,2521.484615,2534.461538,2527.007692,2539.176923,2508.323077,2538.553846,2561.530769,
668.8419082,2519.523077,2537.484615,2515.230769,2541.684615,2509.361538,2534.807692,2500.476923,2508.623077,2523.853846,2528.230769,
669.0331569,2483.723077,2502.384615,2502.230769,2494.184615,2492.761538,2477.307692,2483.776923,2499.223077,2487.653846,2523.530769,
669.2243906,2476.923077,2486.684615,2479.730769,2482.684615,2490.361538,2464.107692,2474.776923,2472.923077,2479.653846,2472.530769,
669.4156093,2436.123077,2475.884615,2491.230769,2489.484615,2473.461538,2456.807692,2470.576923,2463.823077,2466.753846,2477.630769,
669.606813,2478.723077,2460.084615,2452.730769,2479.684615,2459.661538,2454.907692,2447.876923,2428.723077,2463.353846,2442.030769,
669.7980017,2422.923077,2435.984615,2446.730769,2432.684615,2436.561538,2430.707692,2433.576923,2415.923077,2438.953846,2421.430769,
669.9891754,2429.123077,2440.084615,2423.630769,2422.684615,2413.161538,2413.907692,2408.576923,2433.423077,2413.053846,2419.830769,
670.1803342,2404.023077,2418.984615,2411.230769,2436.384615,2401.261538,2391.207692,2395.576923,2403.323077,2416.853846,2425.630769,
670.3714779,2390.923077,2385.884615,2382.430769,2388.084615,2385.961538,2383.307692,2382.476923,2403.223077,2380.853846,2380.130769,
670.5626067,2366.223077,2375.684615,2361.030769,2385.084615,2374.661538,2371.907692,2359.176923,2359.723077,2368.353846,2380.730769,
670.7537204,2369.023077,2384.484615,2365.130769,2369.784615,2353.361538,2379.207692,2349.876923,2356.723077,2363.453846,2350.130769,
670.9448192,2328.323077,2322.484615,2327.230769,2348.784615,2331.261538,2340.607692,2343.176923,2307.123077,2328.753846,2320.330769,
671.1359029,2303.623077,2339.184615,2348.230769,2318.184615,2339.261538,2342.707692,2344.776923,2337.823077,2334.453846,2326.830769,
671.3269717,2305.823077,2311.684615,2312.530769,2329.684615,2327.961538,2316.507692,2285.976923,2317.123077,2330.653846,2329.330769,
671.5180254,2299.723077,2289.484615,2301.230769,2292.984615,2295.361538,2283.007692,2293.576923,2287.723077,2277.453846,2276.330769,
671.7090641,2268.823077,2298.884615,2278.030769,2278.984615,2287.661538,2288.107692,2277.876923,2276.923077,2291.553846,2284.130769,
671.9000878,2271.423077,2294.484615,2307.030769,2294.784615,2297.761538,2293.007692,2279.276923,2294.123077,2287.653846,2278.130769,
672.0910965,2253.323077,2259.684615,2251.830769,2253.084615,2243.561538,2245.707692,2261.876923,2262.723077,2266.553846,2253.030769,
672.2820901,2237.423077,2284.784615,2248.830769,2229.884615,2234.061538,2246.907692,2219.576923,2241.123077,2251.953846,2230.130769,
672.4730688,2208.123077,2204.484615,2223.330769,2219.584615,2198.161538,2207.407692,2195.876923,2202.523077,2226.953846,2201.030769,
672.6640324,2221.723077,2255.884615,2228.230769,2234.184615,2232.361538,2225.407692,2232.476923,2224.423077,2230.553846,2244.130769,
672.854981,2205.623077,2207.684615,2206.630769,2219.584615,2204.761538,2188.707692,2185.276923,2181.623077,2207.453846,2189.430769,
673.0459145,2200.723077,2181.684615,2204.630769,2191.584615,2196.861538,2202.307692,2181.576923,2191.623077,2191.853846,2173.330769,
673.2368331,2187.323077,2194.284615,2215.730769,2200.484615,2181.161538,2208.407692,2165.776923,2195.823077,2195.853846,2181.030769,
673.4277366,2164.823077,2174.284615,2169.630769,2158.884615,2170.361538,2179.607692,2149.576923,2172.123077,2168.453846,2164.230769,
673.618625,2164.323077,2152.584615,2166.730769,2147.184615,2164.661538,2154.307692,2136.276923,2163.223077,2143.153846,2158.030769,
673.8094984,2119.723077,2144.684615,2154.030769,2129.884615,2115.561538,2123.707692,2138.476923,2136.023077,2124.853846,2136.830769,
674.0003568,2101.723077,2097.484615,2117.530769,2124.484615,2107.261538,2105.907692,2101.176923,2106.723077,2129.453846,2102.930769,
674.1912001,2107.023077,2117.984615,2122.630769,2107.484615,2124.661538,2119.007692,2120.376923,2100.123077,2095.153846,2089.130769,
674.3820284,2083.023077,2104.184615,2082.830769,2090.084615,2094.561538,2117.707692,2076.576923,2086.823077,2088.953846,2083.930769,
674.5728417,2085.223077,2110.384615,2074.030769,2099.884615,2094.461538,2085.407692,2088.276923,2066.223077,2082.653846,2079.930769,
674.7636399,2071.123077,2074.384615,2071.830769,2071.284615,2080.261538,2083.407692,2061.576923,2073.223077,2065.253846,2049.930769,
674.954423,2058.323077,2078.384615,2069.130769,2065.484615,2054.061538,2051.807692,2062.876923,2074.723077,2056.853846,2056.930769,
675.1451911,2054.223077,2061.484615,2050.830769,2043.684615,2046.861538,2034.007692,2043.076923,2053.923077,2041.653846,2043.830769,
675.3359441,2025.323077,2049.384615,2020.230769,2026.984615,2029.361538,2046.707692,2037.576923,2039.823077,2019.053846,2045.730769,
675.5266821,2016.423077,2028.984615,2016.230769,2025.184615,2000.961538,2001.807692,2010.676923,2014.223077,2018.053846,2018.230769,
675.717405,2006.523077,2013.284615,2007.130769,2034.284615,2004.561538,2009.107692,2014.276923,2021.123077,2003.753846,2017.330769,
675.9081128,1964.523077,2002.584615,1993.330769,1967.184615,1994.761538,1982.107692,1972.776923,1999.323077,1968.153846,1974.830769,
676.0988056,1989.323077,2003.184615,2012.130769,1985.584615,1989.461538,1965.307692,2003.376923,1990.723077,1978.153846,1975.230769,
676.2894833,1965.123077,1976.884615,1974.130769,1982.984615,1975.861538,1974.907692,1960.176923,1975.723077,1970.553846,1978.530769,
676.4801459,1974.423077,1967.984615,1965.930769,1953.584615,1977.061538,1964.107692,1979.276923,1959.123077,1971.053846,1931.230769,
676.6707934,1935.423077,1928.184615,1930.430769,1963.384615,1940.761538,1929.107692,1935.476923,1914.823077,1951.553846,1944.730769,
676.8614259,1940.023077,1966.784615,1931.330769,1939.284615,1944.061538,1941.907692,1958.776923,1956.723077,1955.053846,1941.630769,
677.0520433,1905.623077,1917.384615,1914.730769,1923.984615,1909.261538,1914.307692,1907.276923,1902.123077,1910.353846,1924.030769,
677.2426456,1909.123077,1906.784615,1903.830769,1911.584615,1888.061538,1898.007692,1877.876923,1896.423077,1913.953846,1906.430769,
677.4332328,1882.923077,1911.884615,1886.430769,1901.684615,1911.761538,1898.107692,1898.676923,1886.423077,1888.753846,1906.430769,
677.623805,1891.723077,1906.584615,1910.530769,1904.484615,1908.661538,1902.407692,1903.476923,1877.223077,1903.553846,1898.430769,
677.814362,1885.523077,1889.884615,1886.830769,1876.084615,1889.761538,1862.007692,1880.976923,1882.623077,1880.553846,1886.830769,
678.004904,1867.623077,1889.884615,1862.330769,1893.684615,1865.961538,1880.607692,1873.076923,1885.323077,1864.953846,1884.930769,
678.1954308,1860.823077,1872.284615,1856.230769,1861.384615,1853.661538,1851.507692,1871.076923,1860.523077,1844.653846,1850.830769,
678.3859426,1836.523077,1854.884615,1847.130769,1865.584615,1843.661538,1834.807692,1852.676923,1863.423077,1845.853846,1841.930769,
678.5764393,1821.223077,1838.784615,1835.130769,1847.684615,1835.161538,1831.907692,1822.176923,1819.323077,1829.753846,1824.430769,
678.7669208,1819.723077,1830.584615,1834.830769,1832.984615,1819.161538,1832.307692,1819.476923,1837.223077,1845.853846,1803.130769,
678.9573873,1813.823077,1795.984615,1803.130769,1807.784615,1825.461538,1799.507692,1797.176923,1812.923077,1814.253846,1824.030769,
679.1478387,1803.723077,1805.484615,1814.330769,1816.184615,1790.061538,1814.207692,1779.076923,1802.423077,1806.253846,1809.130769,
679.3382749,1778.323077,1780.884615,1780.430769,1780.384615,1800.061538,1779.807692,1799.676923,1778.123077,1786.953846,1786.730769,
679.528696,1784.223077,1783.984615,1779.030769,1786.084615,1779.661538,1768.807692,1765.176923,1779.123077,1776.153846,1789.530769,
679.7191021,1751.323077,1775.284615,1765.630769,1781.984615,1774.161538,1770.207692,1765.176923,1767.323077,1760.153846,1777.730769,
679.909493,1782.523077,1763.284615,1781.330769,1766.984615,1779.361538,1781.007692,1777.676923,1760.423077,1767.653846,1774.530769,
680.0998688,1743.023077,1731.384615,1734.830769,1746.084615,1724.461538,1735.107692,1733.276923,1718.523077,1742.253846,1729.930769,
680.2902294,1734.723077,1751.284615,1728.630769,1733.284615,1735.361538,1729.607692,1735.476923,1733.023077,1742.553846,1727.030769,
680.480575,1722.623077,1729.084615,1736.030769,1746.384615,1748.961538,1728.607692,1731.376923,1729.923077,1721.753846,1740.630769,
680.6709054,1717.523077,1711.884615,1718.330769,1732.384615,1723.761538,1681.407692,1712.576923,1716.223077,1720.153846,1714.130769,
680.8612207,1706.923077,1703.384615,1716.030769,1686.384615,1672.961538,1677.207692,1711.576923,1701.423077,1716.353846,1695.630769,
681.0515208,1701.923077,1712.284615,1700.930769,1696.984615,1706.661538,1687.907692,1690.676923,1697.623077,1712.753846,1692.230769,
681.2418058,1691.623077,1685.384615,1653.730769,1666.584615,1686.661538,1686.707692,1676.176923,1680.923077,1677.753846,1674.130769,
681.4320757,1675.623077,1691.984615,1680.030769,1683.884615,1674.861538,1686.407692,1697.376923,1682.223077,1682.253846,1699.230769,
681.6223305,1651.723077,1679.484615,1664.430769,1655.784615,1670.361538,1659.107692,1649.676923,1656.723077,1646.453846,1659.130769,
681.8125701,1642.023077,1657.984615,1648.630769,1644.384615,1642.961538,1642.307692,1648.376923,1646.123077,1658.353846,1643.730769,
682.0027946,1638.223077,1635.384615,1645.730769,1624.484615,1637.661538,1627.807692,1614.676923,1633.923077,1647.253846,1625.230769,
682.1930039,1638.923077,1648.984615,1626.530769,1612.584615,1629.261538,1622.207692,1611.876923,1628.523077,1610.153846,1619.830769,
682.3831981,1636.423077,1632.084615,1628.530769,1631.784615,1656.661538,1617.607692,1613.476923,1613.823077,1629.953846,1636.430769,
682.5733771,1615.723077,1625.884615,1597.630769,1609.484615,1606.761538,1601.807692,1621.976923,1612.223077,1621.353846,1621.930769,
682.763541,1596.223077,1606.084615,1587.030769,1609.184615,1626.561538,1608.507692,1604.876923,1609.823077,1600.753846,1589.730769,
682.9536897,1597.623077,1593.984615,1607.630769,1600.684615,1594.761538,1597.507692,1590.776923,1576.123077,1580.053846,1597.330769,
683.1438232,1596.823077,1574.784615,1584.230769,1600.984615,1591.361538,1595.207692,1582.376923,1566.023077,1573.153846,1575.430769,
683.3339416,1590.923077,1576.884615,1571.830769,1585.284615,1577.861538,1573.907692,1556.976923,1569.623077,1567.453846,1587.030769,
683.5240449,1567.723077,1561.184615,1574.830769,1555.484615,1568.361538,1546.807692,1563.576923,1545.323077,1559.953846,1560.630769,
683.714133,1568.523077,1549.984615,1557.130769,1567.984615,1552.461538,1571.307692,1571.876923,1550.423077,1555.653846,1557.530769,
683.9042059,1528.923077,1538.384615,1538.130769,1533.584615,1542.361538,1530.307692,1535.876923,1539.023077,1542.853846,1529.830769,
684.0942636,1534.623077,1530.984615,1542.430769,1542.584615,1550.161538,1534.607692,1549.076923,1532.823077,1527.653846,1535.430769,
684.2843062,1550.623077,1521.484615,1535.530769,1530.984615,1542.361538,1533.007692,1523.376923,1524.523077,1526.653846,1523.330769,
684.4743336,1524.923077,1520.484615,1532.330769,1521.284615,1509.361538,1510.907692,1504.776923,1510.623077,1513.953846,1533.030769,
684.6643458,1509.923077,1504.384615,1507.530769,1502.184615,1519.461538,1532.407692,1501.976923,1516.523077,1510.953846,1504.530769,
684.8543428,1502.123077,1495.784615,1504.330769,1511.684615,1503.761538,1478.307692,1502.676923,1499.623077,1492.653846,1490.930769,
685.0443247,1490.123077,1489.184615,1487.330769,1500.384615,1491.761538,1496.607692,1494.276923,1475.723077,1483.153846,1488.930769,
685.2342914,1470.823077,1483.584615,1471.830769,1471.184615,1493.561538,1481.907692,1458.476923,1464.323077,1482.353846,1473.130769,
685.4242428,1459.923077,1470.584615,1467.130769,1477.684615,1471.261538,1458.407692,1454.076923,1460.923077,1467.853846,1462.630769,
685.6141791,1455.223077,1476.884615,1450.230769,1438.884615,1474.661538,1479.307692,1458.076923,1470.723077,1449.153846,1465.530769,
685.8041003,1454.023077,1446.384615,1447.930769,1446.784615,1444.461538,1442.807692,1447.276923,1448.123077,1460.953846,1455.430769,
685.9940062,1436.623077,1442.084615,1446.930769,1455.984615,1435.561538,1412.507692,1433.676923,1434.123077,1412.653846,1439.130769,
686.1838969,1442.823077,1451.184615,1431.830769,1452.284615,1447.061538,1445.607692,1427.176923,1435.523077,1442.853846,1438.130769,
686.3737724,1426.023077,1443.984615,1424.230769,1425.884615,1426.861538,1438.907692,1411.776923,1412.223077,1433.053846,1421.830769,
686.5636327,1404.423077,1408.484615,1416.330769,1417.384615,1414.861538,1410.407692,1404.276923,1399.423077,1406.853846,1416.430769,
686.7534778,1391.123077,1410.084615,1394.430769,1408.984615,1411.861538,1420.407692,1409.876923,1404.423077,1407.153846,1378.130769,
686.9433077,1404.823077,1384.684615,1385.530769,1411.984615,1392.461538,1378.607692,1377.876923,1400.123077,1379.853846,1388.030769,
687.1331224,1396.823077,1393.084615,1390.130769,1396.484615,1406.861538,1383.907692,1404.176923,1389.823077,1379.253846,1390.330769,
687.3229219,1390.923077,1365.484615,1363.630769,1381.984615,1382.161538,1369.307692,1368.676923,1376.323077,1370.953846,1379.730769,
687.5127062,1354.123077,1361.984615,1366.830769,1376.984615,1385.961538,1356.107692,1380.976923,1366.523077,1378.353846,1379.230769,
687.7024753,1356.323077,1370.284615,1351.930769,1354.084615,1341.261538,1353.407692,1356.176923,1370.623077,1355.553846,1365.930769,
687.8922291,1354.823077,1351.184615,1340.630769,1344.284615,1346.061538,1348.107692,1359.076923,1337.223077,1342.653846,1360.930769,
688.0819678,1329.023077,1354.784615,1328.230769,1343.484615,1342.061538,1323.307692,1332.076923,1321.223077,1341.853846,1335.030769,
688.2716912,1349.523077,1324.084615,1333.430769,1321.784615,1339.661538,1340.407692,1323.276923,1324.223077,1335.653846,1354.330769,
688.4613993,1334.923077,1327.984615,1332.330769,1333.584615,1337.661538,1304.607692,1304.276923,1335.923077,1328.553846,1310.730769,
688.6510923,1331.623077,1321.384615,1320.830769,1316.284615,1321.161538,1323.607692,1307.776923,1327.523077,1324.553846,1332.530769,
688.84077,1310.323077,1313.784615,1295.630769,1294.084615,1292.161538,1309.007692,1306.076923,1303.123077,1300.853846,1304.330769,
689.0304325,1294.023077,1296.584615,1315.430769,1308.284615,1294.861538,1313.407692,1289.976923,1308.523077,1296.053846,1320.230769,
689.2200798,1286.023077,1293.984615,1292.530769,1313.484615,1289.061538,1285.607692,1274.876923,1285.323077,1276.253846,1296.830769,
689.4097118,1281.823077,1288.184615,1277.230769,1289.484615,1286.861538,1290.407692,1279.576923,1273.823077,1278.853846,1278.730769,
689.5993286,1269.523077,1275.384615,1281.230769,1285.984615,1267.861538,1273.807692,1285.776923,1275.323077,1262.753846,1286.730769,
689.7889301,1293.323077,1265.484615,1268.330769,1277.084615,1280.861538,1271.607692,1256.376923,1261.923077,1257.353846,1262.430769,
689.9785164,1252.223077,1246.684615,1256.530769,1245.484615,1264.361538,1260.607692,1272.776923,1251.323077,1245.353846,1249.230769,
690.1680874,1250.423077,1262.484615,1245.030769,1261.484615,1246.261538,1236.407692,1249.676923,1245.923077,1241.953846,1257.830769,
690.3576432,1237.923077,1242.784615,1225.530769,1239.884615,1226.561538,1224.307692,1240.276923,1230.923077,1232.353846,1247.130769,
690.5471838,1238.523077,1229.784615,1225.430769,1235.484615,1235.261538,1214.107692,1231.376923,1233.223077,1220.953846,1227.430769,
690.7367091,1228.923077,1233.584615,1225.230769,1227.884615,1248.961538,1243.907692,1238.276923,1235.723077,1217.753846,1236.430769,
690.9262191,1213.523077,1209.584615,1207.530769,1213.884615,1220.561538,1221.507692,1206.276923,1225.123077,1213.153846,1212.830769,
691.1157139,1188.823077,1195.584615,1195.230769,1197.184615,1208.861538,1189.907692,1194.476923,1203.423077,1199.353846,1194.030769,
691.3051934,1198.323077,1202.084615,1199.330769,1202.884615,1211.961538,1199.407692,1194.376923,1207.423077,1201.253846,1217.230769,
691.4946576,1192.623077,1195.484615,1206.430769,1177.284615,1211.961538,1178.407692,1193.676923,1181.023077,1193.753846,1181.530769,
691.6841066,1194.523077,1200.584615,1196.430769,1186.984615,1195.561538,1178.707692,1176.476923,1190.323077,1161.453846,1188.730769,
691.8735403,1176.023077,1172.584615,1196.030769,1197.284615,1177.861538,1188.807692,1194.576923,1204.923077,1176.453846,1189.730769,
692.0629588,1184.223077,1175.884615,1168.930769,1179.784615,1181.161538,1172.807692,1163.176923,1158.523077,1161.553846,1180.930769,
692.252362,1152.923077,1155.084615,1159.630769,1180.084615,1171.061538,1165.607692,1153.876923,1152.523077,1160.753846,1164.830769,
692.4417499,1168.323077,1167.784615,1146.330769,1154.184615,1159.161538,1157.107692,1148.276923,1152.723077,1151.153846,1143.630769,
692.6311225,1157.623077,1137.684615,1149.230769,1156.484615,1158.261538,1167.307692,1151.376923,1143.123077,1160.353846,1132.730769,
692.8204798,1148.223077,1146.584615,1147.430769,1155.584615,1136.861538,1138.007692,1136.076923,1152.223077,1130.753846,1155.230769,
693.0098219,1150.423077,1129.784615,1130.930769,1116.584615,1134.861538,1123.307692,1144.476923,1127.123077,1136.153846,1117.030769,
693.1991486,1117.423077,1129.384615,1137.730769,1142.884615,1137.861538,1116.707692,1118.876923,1130.623077,1129.153846,1117.530769,
693.3884601,1112.623077,1119.584615,1122.230769,1107.684615,1109.061538,1102.607692,1120.476923,1117.623077,1106.953846,1109.130769,
693.5777563,1108.423077,1112.484615,1113.530769,1096.684615,1108.361538,1098.607692,1100.076923,1110.323077,1116.753846,1114.330769,
693.7670372,1104.723077,1112.784615,1117.330769,1096.284615,1117.461538,1112.207692,1108.776923,1109.123077,1118.053846,1125.530769,
693.9563028,1086.823077,1088.084615,1107.930769,1098.784615,1071.061538,1085.207692,1096.576923,1091.123077,1078.853846,1090.130769,
694.1455531,1084.723077,1078.784615,1085.930769,1078.584615,1082.461538,1097.407692,1075.776923,1089.623077,1079.653846,1084.630769,
694.3347881,1069.023077,1081.684615,1076.030769,1083.484615,1071.561538,1073.707692,1062.076923,1067.523077,1085.353846,1073.830769,
694.5240078,1060.423077,1069.584615,1069.830769,1079.984615,1062.161538,1066.207692,1054.976923,1074.223077,1061.153846,1067.230769,
694.7132122,1067.323077,1075.684615,1055.130769,1070.984615,1052.161538,1060.007692,1081.576923,1062.623077,1058.453846,1070.730769,
694.9024013,1070.523077,1066.384615,1054.030769,1054.584615,1055.561538,1053.107692,1066.176923,1047.323077,1058.353846,1061.830769,
695.0915751,1051.823077,1056.684615,1059.930769,1069.484615,1070.561538,1063.807692,1042.176923,1057.423077,1046.853846,1056.230769,
695.2807336,1042.123077,1051.084615,1053.130769,1035.184615,1047.161538,1038.307692,1040.976923,1048.123077,1049.253846,1040.830769,
695.4698768,1035.323077,1036.884615,1021.830769,1042.284615,1041.061538,1009.007692,1048.876923,1060.323077,1034.853846,1038.230769,
695.6590046,1026.623077,1030.984615,1026.330769,1029.884615,1025.261538,1020.707692,1023.776923,1034.023077,1033.853846,1027.330769,
695.8481171,1028.923077,1016.084615,1022.130769,1015.484615,1007.761538,1025.607692,1005.676923,1004.323077,993.6538462,1032.630769,
696.0372143,1032.623077,1024.084615,1016.130769,993.8846154,1021.761538,999.2076923,1008.676923,1029.523077,1035.753846,1006.530769,
696.2262962,991.1230769,1002.584615,999.2307692,992.9846154,993.4615385,999.6076923,986.4769231,1012.823077,999.6538462,1000.030769,
696.4153627,1006.423077,1007.784615,1006.830769,999.6846154,1007.861538,1001.307692,993.3769231,1003.823077,1004.453846,996.1307692,
696.604414,999.0230769,988.9846154,1003.130769,990.2846154,988.4615385,990.5076923,1003.476923,998.5230769,991.6538462,976.3307692,
696.7934499,980.9230769,992.9846154,983.8307692,986.0846154,995.6615385,994.9076923,980.8769231,980.9230769,983.3538462,988.3307692,
696.9824704,972.2230769,977.6846154,975.8307692,978.6846154,989.9615385,972.9076923,990.3769231,979.0230769,976.4538462,962.9307692,
697.1714756,964.7230769,988.1846154,999.8307692,970.1846154,978.6615385,976.8076923,970.5769231,970.6230769,968.5538462,983.6307692,
697.3604655,962.2230769,964.8846154,966.0307692,976.9846154,980.8615385,958.9076923,961.6769231,969.0230769,988.3538462,981.6307692,
697.5494401,970.8230769,953.3846154,956.0307692,976.2846154,965.1615385,962.7076923,958.4769231,972.3230769,970.7538462,960.0307692,
697.7383993,946.8230769,946.3846154,954.0307692,965.5846154,941.5615385,947.6076923,947.1769231,939.4230769,950.7538462,957.4307692,
697.9273431,945.8230769,921.3846154,928.5307692,945.0846154,938.3615385,939.5076923,932.6769231,943.9230769,943.5538462,942.3307692,
698.1162716,962.1230769,960.3846154,928.5307692,949.1846154,947.8615385,940.6076923,942.2769231,960.0230769,939.0538462,955.2307692,
698.3051848,942.6230769,936.6846154,933.1307692,961.9846154,930.2615385,920.2076923,942.9769231,926.1230769,916.2538462,921.1307692,
698.4940826,938.0230769,931.0846154,926.8307692,936.8846154,946.5615385,933.0076923,923.0769231,930.8230769,924.2538462,923.7307692,
698.682965,922.5230769,917.9846154,911.5307692,920.6846154,916.2615385,929.0076923,921.1769231,918.5230769,918.9538462,907.3307692,
698.8718321,922.4230769,908.5846154,943.2307692,921.4846154,908.7615385,908.4076923,903.2769231,909.2230769,907.4538462,915.1307692,
699.0606838,911.7230769,921.0846154,917.8307692,908.5846154,895.9615385,912.5076923,914.1769231,897.1230769,915.8538462,912.1307692,
699.2495202,894.1230769,904.5846154,903.8307692,903.7846154,881.2615385,887.1076923,902.6769231,904.0230769,903.1538462,887.0307692,
699.4383412,896.7230769,897.8846154,886.8307692,899.7846154,897.8615385,896.7076923,887.1769231,881.4230769,896.4538462,888.6307692,
699.6271468,879.0230769,887.3846154,911.3307692,886.2846154,887.4615385,880.5076923,886.2769231,883.8230769,894.3538462,891.3307692,
699.8159371,876.8230769,892.7846154,885.4307692,897.7846154,871.7615385,879.5076923,865.7769231,896.9230769,891.6538462,874.8307692,
700.004712,880.4230769,873.6846154,874.6307692,875.3846154,886.3615385,864.4076923,863.4769231,863.0230769,879.7538462,882.2307692,
700.1934715,889.5230769,859.4846154,881.5307692,874.6846154,865.8615385,886.5076923,880.0769231,859.8230769,878.7538462,868.9307692,
700.3822156,862.0230769,856.8846154,861.8307692,862.0846154,862.4615385,865.4076923,864.1769231,872.7230769,867.0538462,863.4307692,
700.5709444,859.3230769,864.1846154,841.4307692,854.8846154,858.8615385,858.9076923,856.2769231,841.1230769,853.9538462,855.1307692,
700.7596577,859.3230769,844.0846154,846.9307692,860.0846154,845.7615385,843.2076923,858.6769231,830.4230769,853.1538462,847.9307692,
700.9483557,864.6230769,855.8846154,852.1307692,855.5846154,852.8615385,842.2076923,854.4769231,838.4230769,828.7538462,851.9307692,
701.1370383,838.1230769,830.8846154,836.4307692,842.5846154,841.7615385,823.8076923,833.2769231,833.8230769,831.2538462,825.4307692,
701.3257055,841.8230769,837.8846154,836.4307692,859.7846154,833.4615385,834.2076923,830.4769231,839.0230769,833.7538462,837.0307692,
701.5143574,833.5230769,831.0846154,813.3307692,828.3846154,819.2615385,823.8076923,826.8769231,819.9230769,819.8538462,832.3307692,
701.7029938,827.7230769,838.5846154,820.1307692,830.5846154,832.7615385,826.8076923,828.4769231,832.3230769,829.6538462,832.8307692,
701.8916148,833.1230769,805.9846154,817.4307692,822.5846154,811.9615385,812.8076923,821.6769231,807.3230769,798.5538462,798.3307692,
702.0802204,828.4230769,805.3846154,809.8307692,814.6846154,823.8615385,818.7076923,812.1769231,823.3230769,811.3538462,817.0307692,
702.2688107,814.6230769,792.1846154,797.7307692,810.0846154,789.7615385,805.1076923,803.8769231,793.1230769,805.3538462,799.7307692,
702.4573855,803.9230769,795.1846154,797.6307692,811.7846154,806.2615385,800.4076923,799.8769231,791.4230769,790.4538462,801.9307692,
702.6459449,797.6230769,809.8846154,780.5307692,795.0846154,797.9615385,798.6076923,787.8769231,797.4230769,798.7538462,792.1307692,
702.8344889,800.4230769,781.0846154,779.0307692,788.1846154,788.4615385,788.5076923,781.9769231,773.6230769,783.0538462,782.7307692,
703.0230175,783.4230769,771.2846154,775.2307692,794.1846154,783.8615385,786.4076923,773.3769231,781.3230769,764.0538462,778.8307692,
703.2115307,782.3230769,776.8846154,772.5307692,789.2846154,785.8615385,774.2076923,782.2769231,776.1230769,760.3538462,786.6307692,
703.4000285,777.2230769,780.9846154,759.3307692,762.8846154,765.8615385,748.6076923,757.3769231,773.7230769,782.9538462,776.2307692,
703.5885108,752.6230769,760.6846154,758.7307692,763.5846154,761.0615385,759.9076923,754.7769231,770.1230769,764.3538462,759.4307692,
703.7769778,776.3230769,776.4846154,751.4307692,747.4846154,762.5615385,766.1076923,749.7769231,767.9230769,768.8538462,753.3307692,
703.9654293,753.3230769,752.1846154,737.1307692,745.1846154,763.7615385,754.2076923,749.1769231,759.7230769,741.3538462,758.8307692,
704.1538654,731.1230769,764.1846154,740.6307692,746.6846154,745.3615385,735.1076923,744.3769231,752.0230769,753.5538462,748.7307692,
704.342286,743.0230769,748.6846154,728.1307692,750.1846154,766.1615385,759.0076923,756.4769231,760.0230769,744.2538462,741.6307692,
704.5306913,736.5230769,731.0846154,730.4307692,730.7846154,738.6615385,728.2076923,734.3769231,728.5230769,743.7538462,731.4307692,
704.719081,719.9230769,731.0846154,723.5307692,716.9846154,739.1615385,728.7076923,735.5769231,711.8230769,719.4538462,737.5307692,
704.9074554,723.7230769,746.7846154,745.2307692,721.3846154,738.5615385,714.7076923,729.4769231,723.7230769,734.7538462,727.1307692,
705.0958143,727.8230769,715.5846154,720.2307692,722.3846154,725.3615385,718.3076923,722.8769231,718.8230769,724.4538462,719.2307692,
705.2841578,723.3230769,720.8846154,724.4307692,707.7846154,726.1615385,704.5076923,717.9769231,719.9230769,717.1538462,710.6307692,
705.4724858,708.7230769,729.2846154,699.5307692,725.9846154,717.3615385,694.1076923,715.3769231,706.3230769,723.3538462,709.6307692,
705.6607984,705.3230769,692.4846154,690.8307692,706.1846154,708.8615385,717.6076923,690.4769231,697.7230769,706.2538462,693.8307692,
705.8490956,699.9230769,707.7846154,705.1307692,699.1846154,715.2615385,710.1076923,709.4769231,694.1230769,701.0538462,701.5307692,
706.0373773,689.6230769,687.9846154,696.7307692,694.7846154,698.0615385,692.4076923,696.9769231,691.9230769,692.3538462,684.7307692,
706.2256435,691.1230769,688.5846154,687.4307692,700.2846154,689.8615385,690.5076923,684.3769231,680.8230769,684.7538462,693.8307692,
706.4138943,692.2230769,702.4846154,699.6307692,676.1846154,691.2615385,679.3076923,679.2769231,686.6230769,674.7538462,699.4307692,
706.6021296,673.2230769,684.0846154,681.3307692,688.1846154,681.0615385,687.2076923,679.7769231,680.9230769,661.9538462,672.6307692,
706.7903495,671.1230769,685.4846154,676.4307692,671.0846154,670.3615385,675.0076923,682.9769231,688.3230769,673.6538462,671.4307692,
706.9785539,680.2230769,675.9846154,679.7307692,676.9846154,675.8615385,659.3076923,661.3769231,665.7230769,673.0538462,670.0307692,
707.1667429,666.1230769,669.1846154,651.1307692,669.7846154,669.0615385,675.0076923,673.8769231,667.3230769,662.2538462,668.4307692,
707.3549163,655.3230769,651.8846154,659.6307692,654.8846154,666.9615385,653.3076923,669.7769231,654.0230769,646.7538462,661.9307692,
707.5430743,649.2230769,642.3846154,662.6307692,656.9846154,656.9615385,651.5076923,653.2769231,649.0230769,648.0538462,652.1307692,
707.7312169,666.5230769,656.0846154,660.0307692,667.3846154,657.6615385,640.5076923,642.8769231,659.3230769,659.9538462,658.1307692,
707.9193439,650.3230769,659.0846154,655.2307692,660.9846154,655.2615385,641.7076923,636.0769231,640.4230769,651.3538462,657.7307692,
708.1074555,649.6230769,653.6846154,615.7307692,640.1846154,654.2615385,624.4076923,637.5769231,637.1230769,654.1538462,628.5307692,
708.2955516,641.6230769,616.8846154,641.3307692,647.9846154,645.9615385,627.1076923,641.6769231,630.9230769,637.8538462,641.2307692,
708.4836323,629.7230769,623.4846154,634.2307692,628.0846154,635.7615385,626.3076923,624.3769231,623.7230769,642.8538462,633.4307692,
708.6716974,630.8230769,642.4846154,618.1307692,630.4846154,649.0615385,633.7076923,615.6769231,636.5230769,605.4538462,622.2307692,
708.8597471,623.3230769,615.5846154,627.1307692,614.5846154,622.7615385,612.0076923,621.3769231,629.4230769,636.6538462,617.6307692,
709.0477812,632.0230769,616.5846154,616.0307692,614.8846154,607.3615385,620.6076923,612.7769231,621.4230769,620.7538462,615.7307692,
709.2357999,616.0230769,620.3846154,615.5307692,614.3846154,610.7615385,612.1076923,621.4769231,611.2230769,609.7538462,628.9307692,
709.4238031,608.1230769,612.6846154,604.4307692,617.4846154,589.1615385,602.8076923,614.2769231,596.9230769,613.6538462,601.7307692,
709.6117908,599.5230769,617.7846154,611.1307692,600.5846154,613.0615385,604.7076923,600.5769231,602.2230769,622.3538462,610.5307692,
709.799763,609.0230769,606.6846154,600.8307692,608.3846154,616.7615385,584.9076923,592.2769231,607.9230769,602.6538462,595.5307692,
709.9877197,606.5230769,590.7846154,609.9307692,596.4846154,609.9615385,597.3076923,605.9769231,586.3230769,596.3538462,583.5307692,
710.1756609,594.6230769,599.1846154,593.0307692,585.5846154,583.4615385,573.7076923,597.8769231,607.9230769,586.8538462,602.3307692,
710.3635865,591.3230769,596.6846154,583.1307692,598.9846154,588.8615385,599.5076923,570.7769231,589.6230769,591.1538462,591.3307692,
710.5514967,588.7230769,591.0846154,591.2307692,571.5846154,580.0615385,583.4076923,573.3769231,578.0230769,582.3538462,594.6307692,
710.7393914,569.8230769,577.2846154,574.0307692,582.5846154,567.1615385,578.7076923,578.1769231,578.4230769,582.9538462,580.0307692,
710.9272705,572.7230769,571.7846154,568.7307692,593.1846154,589.4615385,555.7076923,561.6769231,568.8230769,571.2538462,573.7307692,
711.1151342,584.1230769,565.3846154,571.6307692,568.1846154,583.2615385,558.5076923,564.5769231,563.9230769,565.8538462,576.1307692,
711.3029823,551.1230769,574.5846154,564.4307692,573.6846154,573.1615385,574.4076923,557.9769231,556.9230769,560.9538462,573.5307692,
711.4908149,558.3230769,544.0846154,557.2307692,570.1846154,560.9615385,555.9076923,564.9769231,553.6230769,561.7538462,547.9307692,
711.678632,554.8230769,551.7846154,542.9307692,550.9846154,555.0615385,544.3076923,562.3769231,566.1230769,553.9538462,559.4307692,
711.8664335,557.4230769,556.7846154,549.4307692,555.3846154,552.9615385,546.6076923,543.7769231,559.8230769,542.5538462,546.7307692,
712.0542195,550.0230769,556.4846154,535.0307692,549.7846154,546.4615385,539.4076923,565.2769231,542.6230769,541.2538462,549.7307692,
712.24199,541.9230769,525.8846154,543.0307692,552.1846154,537.1615385,536.8076923,552.2769231,525.6230769,533.3538462,535.9307692,
712.429745,553.6230769,532.9846154,530.8307692,539.9846154,526.0615385,529.0076923,547.0769231,541.9230769,546.9538462,538.1307692,
712.6174844,535.2230769,538.6846154,539.4307692,543.3846154,539.0615385,531.1076923,536.4769231,547.2230769,529.9538462,546.9307692,
712.8052083,531.3230769,521.0846154,525.5307692,532.6846154,543.9615385,527.1076923,538.5769231,523.4230769,529.2538462,525.0307692,
712.9929167,533.1230769,530.0846154,531.8307692,521.0846154,544.6615385,520.1076923,524.6769231,523.3230769,529.7538462,518.2307692,
713.1806095,522.4230769,514.3846154,494.8307692,518.2846154,528.4615385,534.9076923,522.7769231,514.4230769,515.9538462,525.8307692,
713.3682867,526.0230769,526.9846154,517.4307692,512.5846154,517.4615385,525.7076923,526.9769231,531.9230769,506.0538462,537.7307692,
713.5559485,519.0230769,519.6846154,528.4307692,516.0846154,515.6615385,511.9076923,509.1769231,513.4230769,512.8538462,509.6307692,
713.7435946,504.5230769,512.3846154,511.8307692,502.2846154,498.8615385,493.8076923,515.1769231,505.4230769,515.4538462,508.6307692,
713.9312253,507.1230769,504.4846154,515.5307692,500.3846154,507.9615385,500.4076923,495.7769231,506.9230769,517.7538462,501.9307692,
714.1188403,512.6230769,505.0846154,501.8307692,495.3846154,508.3615385,492.7076923,501.1769231,507.6230769,511.0538462,503.7307692,
714.3064398,487.9230769,500.0846154,494.7307692,511.6846154,497.3615385,490.6076923,502.3769231,493.4230769,492.4538462,495.1307692,
714.4940238,495.0230769,499.5846154,484.7307692,509.7846154,500.8615385,501.2076923,493.5769231,511.0230769,497.3538462,501.0307692,
714.6815922,483.4230769,494.1846154,488.4307692,490.7846154,470.2615385,486.5076923,481.2769231,479.7230769,478.1538462,483.6307692,
714.869145,484.8230769,476.9846154,467.6307692,492.7846154,497.6615385,482.4076923,476.5769231,486.4230769,471.9538462,485.7307692,
715.0566823,482.5230769,490.8846154,479.3307692,487.4846154,485.3615385,484.7076923,489.0769231,487.1230769,501.9538462,487.0307692,
715.244204,476.1230769,493.1846154,490.3307692,476.5846154,476.3615385,480.1076923,474.9769231,490.3230769,476.1538462,474.9307692,
715.4317101,467.7230769,478.9846154,470.6307692,466.9846154,466.7615385,476.9076923,481.3769231,465.3230769,473.0538462,478.7307692,
715.6192006,484.0230769,478.5846154,475.4307692,469.7846154,481.7615385,479.4076923,471.9769231,479.2230769,472.4538462,471.2307692,
715.8066756,463.6230769,459.8846154,485.4307692,472.1846154,470.7615385,460.1076923,477.6769231,467.8230769,465.4538462,469.2307692,
715.994135,460.0230769,456.3846154,470.7307692,463.5846154,456.6615385,463.5076923,456.9769231,466.5230769,472.6538462,465.4307692,
716.1815788,466.2230769,444.0846154,440.4307692,444.5846154,462.1615385,451.9076923,457.0769231,449.5230769,454.1538462,441.3307692,
716.369007,465.5230769,460.8846154,454.8307692,465.9846154,468.1615385,458.0076923,451.9769231,449.8230769,448.5538462,446.6307692,
716.5564197,454.6230769,453.4846154,459.7307692,461.4846154,457.3615385,436.5076923,464.9769231,458.5230769,454.3538462,467.0307692,
716.7438167,450.4230769,453.5846154,448.9307692,446.7846154,450.0615385,438.9076923,449.3769231,441.5230769,447.9538462,437.9307692,
716.9311982,429.9230769,443.6846154,450.9307692,452.6846154,457.5615385,440.4076923,443.6769231,447.8230769,446.3538462,446.2307692,
717.1185641,459.6230769,438.1846154,438.4307692,441.3846154,443.9615385,441.0076923,438.7769231,434.5230769,439.6538462,437.0307692,
717.3059144,434.4230769,431.4846154,437.2307692,439.0846154,436.3615385,427.3076923,436.0769231,430.1230769,438.2538462,434.1307692,
717.4932491,434.2230769,424.2846154,428.6307692,443.7846154,436.4615385,429.0076923,427.2769231,417.8230769,423.0538462,427.0307692,
717.6805681,433.4230769,414.7846154,433.7307692,435.2846154,426.2615385,427.2076923,429.3769231,430.4230769,425.8538462,421.6307692,
717.8678716,436.8230769,436.8846154,423.1307692,436.5846154,429.5615385,416.2076923,432.2769231,425.5230769,438.7538462,435.4307692,
718.0551595,431.0230769,427.7846154,419.0307692,437.0846154,419.1615385,421.9076923,413.4769231,416.3230769,433.5538462,419.7307692,
718.2424318,419.5230769,443.8846154,424.6307692,423.7846154,413.5615385,422.8076923,415.2769231,415.4230769,413.5538462,430.6307692,
718.4296884,416.0230769,407.8846154,405.6307692,412.4846154,423.3615385,414.2076923,415.0769231,414.9230769,421.1538462,408.7307692,
718.6169295,424.2230769,418.3846154,403.2307692,405.5846154,409.4615385,409.2076923,409.5769231,406.9230769,424.1538462,410.4307692,
718.8041549,397.4230769,401.4846154,414.9307692,410.7846154,426.5615385,411.4076923,415.5769231,416.6230769,410.3538462,400.3307692,
718.9913648,411.6230769,409.0846154,408.7307692,411.9846154,405.0615385,390.7076923,410.6769231,397.4230769,395.9538462,408.9307692,
719.178559,396.5230769,405.7846154,412.8307692,397.8846154,410.9615385,402.1076923,409.4769231,397.8230769,396.5538462,396.3307692,
719.3657375,401.6230769,396.5846154,409.6307692,399.0846154,395.9615385,408.0076923,410.3769231,388.5230769,403.3538462,415.0307692,
719.5529005,395.4230769,396.7846154,400.5307692,401.3846154,396.8615385,381.4076923,385.7769231,395.2230769,396.6538462,385.4307692,
719.7400478,410.8230769,403.5846154,388.0307692,398.2846154,391.0615385,399.0076923,402.5769231,397.8230769,396.6538462,394.5307692,
719.9271795,402.2230769,389.9846154,386.9307692,394.9846154,397.9615385,382.7076923,392.9769231,373.6230769,395.8538462,387.9307692,
720.1142956,385.2230769,392.3846154,390.7307692,391.9846154,382.8615385,384.6076923,394.3769231,375.7230769,392.0538462,389.5307692,
720.301396,386.9230769,389.3846154,384.0307692,380.2846154,381.4615385,373.5076923,378.9769231,385.2230769,383.5538462,375.8307692,
720.4884808,391.9230769,379.2846154,387.3307692,375.7846154,377.2615385,372.5076923,373.7769231,380.7230769,378.2538462,384.6307692,
720.67555,372.7230769,372.4846154,369.7307692,372.2846154,388.7615385,367.5076923,389.1769231,372.6230769,369.6538462,367.7307692,
720.8626035,378.2230769,387.5846154,379.4307692,377.5846154,388.2615385,380.0076923,373.3769231,376.9230769,369.2538462,368.3307692,
721.0496414,366.8230769,371.0846154,381.5307692,377.9846154,364.3615385,356.3076923,380.7769231,388.9230769,369.0538462,360.3307692,
721.2366636,383.4230769,371.7846154,372.0307692,368.5846154,368.0615385,369.2076923,379.9769231,371.7230769,373.9538462,365.2307692,
721.4236702,365.6230769,373.2846154,351.9307692,355.5846154,370.3615385,360.4076923,366.3769231,359.4230769,368.4538462,363.7307692,
721.6106611,368.0230769,356.3846154,357.6307692,361.5846154,369.1615385,354.7076923,378.2769231,357.3230769,365.0538462,363.0307692,
721.7976364,348.3230769,360.6846154,349.3307692,348.7846154,351.4615385,354.7076923,346.9769231,350.4230769,363.3538462,354.7307692,
721.984596,360.0230769,358.3846154,360.7307692,355.2846154,354.0615385,362.7076923,361.8769231,369.8230769,360.8538462,364.6307692,
722.17154,349.1230769,348.0846154,345.4307692,337.4846154,361.3615385,352.1076923,351.5769231,347.0230769,354.5538462,361.3307692,
722.3584683,354.3230769,361.6846154,342.7307692,349.7846154,350.1615385,355.4076923,357.8769231,356.7230769,352.6538462,355.1307692,
722.5453809,347.0230769,342.5846154,348.2307692,339.3846154,353.6615385,340.6076923,353.0769231,346.3230769,348.6538462,345.1307692,
722.7322779,352.6230769,351.2846154,334.1307692,343.7846154,348.9615385,328.5076923,340.6769231,340.1230769,352.9538462,341.3307692,
722.9191592,333.4230769,336.1846154,343.3307692,331.4846154,352.5615385,345.6076923,340.8769231,343.2230769,340.3538462,344.4307692,
723.1060249,338.6230769,339.8846154,343.8307692,336.1846154,337.9615385,331.0076923,349.5769231,335.1230769,337.4538462,346.7307692,
723.2928749,344.3230769,330.0846154,339.7307692,336.3846154,342.1615385,329.4076923,331.9769231,344.2230769,338.7538462,339.7307692,
723.4797091,345.3230769,338.6846154,344.0307692,338.9846154,352.9615385,332.0076923,336.9769231,328.9230769,325.7538462,342.6307692,
723.6665278,335.5230769,333.4846154,331.6307692,335.8846154,329.0615385,324.0076923,328.3769231,331.9230769,334.3538462,329.0307692,
723.8533307,328.7230769,326.4846154,329.1307692,332.8846154,314.5615385,323.5076923,330.7769231,331.5230769,328.2538462,325.8307692,
724.040118,326.7230769,329.4846154,333.1307692,318.3846154,320.6615385,323.8076923,325.7769231,328.5230769,341.6538462,329.1307692,
724.2268895,340.7230769,337.5846154,312.3307692,334.8846154,337.3615385,314.7076923,321.5769231,318.3230769,318.3538462,322.3307692,
724.4136454,319.9230769,321.1846154,313.1307692,316.4846154,306.5615385,316.3076923,307.8769231,308.2230769,321.7538462,305.9307692,
724.6003856,325.5230769,324.6846154,308.6307692,311.6846154,326.4615385,303.0076923,318.7769231,307.9230769,319.9538462,309.4307692,
724.7871101,328.7230769,317.8846154,309.4307692,306.6846154,311.0615385,314.4076923,311.7769231,324.7230769,311.8538462,311.8307692,
724.9738189,324.9230769,323.1846154,317.3307692,317.8846154,316.5615385,309.4076923,316.8769231,320.4230769,317.9538462,326.1307692,
725.160512,312.0230769,320.3846154,308.3307692,318.6846154,311.7615385,302.5076923,306.5769231,298.5230769,315.7538462,313.3307692,
725.3471895,310.3230769,299.3846154,304.4307692,310.0846154,306.0615385,305.5076923,309.1769231,302.3230769,305.0538462,313.5307692,
725.5338512,310.2230769,309.4846154,302.9307692,301.2846154,312.2615385,299.6076923,309.4769231,314.9230769,314.5538462,308.5307692,
725.7204972,319.0230769,309.6846154,292.7307692,294.1846154,315.5615385,297.2076923,313.8769231,304.5230769,308.0538462,300.3307692,
725.9071275,308.1230769,302.7846154,297.0307692,302.3846154,308.0615385,319.2076923,298.9769231,299.7230769,306.6538462,296.9307692,
726.0937421,304.3230769,313.3846154,310.2307692,306.8846154,296.3615385,307.7076923,302.5769231,310.8230769,306.7538462,305.3307692,
726.280341,294.4230769,292.1846154,293.2307692,293.2846154,293.3615385,283.2076923,301.9769231,284.8230769,297.4538462,284.5307692,
726.4669241,296.0230769,288.9846154,300.5307692,303.9846154,294.8615385,294.3076923,307.5769231,298.0230769,299.6538462,293.2307692,
726.6534916,289.7230769,286.0846154,290.0307692,302.1846154,282.2615385,285.9076923,288.3769231,291.0230769,294.0538462,298.1307692,
726.8400433,301.6230769,289.4846154,293.9307692,296.4846154,291.1615385,295.3076923,297.4769231,296.1230769,297.4538462,298.6307692,
727.0265794,283.0230769,293.6846154,280.2307692,286.6846154,291.0615385,281.0076923,304.6769231,290.0230769,285.8538462,283.8307692,
727.2130996,288.3230769,285.1846154,277.5307692,292.2846154,272.0615385,291.7076923,284.0769231,287.8230769,286.1538462,285.3307692,
727.3996042,289.6230769,296.7846154,275.5307692,285.8846154,281.5615385,276.5076923,283.6769231,283.2230769,279.0538462,278.5307692,
727.5860931,288.2230769,280.7846154,287.0307692,288.4846154,282.5615385,283.5076923,283.6769231,283.2230769,279.6538462,279.3307692,
727.7725662,280.5230769,283.8846154,274.1307692,275.9846154,281.9615385,268.5076923,276.4769231,280.2230769,275.4538462,273.6307692,
727.9590235,279.5230769,278.0846154,276.3307692,259.5846154,281.9615385,282.7076923,270.3769231,282.4230769,281.3538462,285.0307692,
728.1454652,284.5230769,276.3846154,276.4307692,275.1846154,280.5615385,266.3076923,265.7769231,274.8230769,272.7538462,269.7307692,
728.3318911,276.7230769,267.8846154,274.2307692,265.1846154,278.7615385,268.5076923,277.4769231,276.1230769,266.2538462,283.5307692,
728.5183013,265.1230769,266.5846154,274.4307692,261.6846154,263.1615385,273.8076923,265.9769231,273.2230769,263.9538462,260.8307692,
728.7046957,281.0230769,282.8846154,269.7307692,275.2846154,272.4615385,262.5076923,275.8769231,264.5230769,277.9538462,277.7307692,
728.8910744,267.0230769,257.8846154,264.6307692,261.1846154,265.3615385,263.0076923,249.3769231,269.6230769,266.3538462,265.4307692,
729.0774373,264.1230769,262.6846154,265.3307692,273.5846154,266.9615385,272.4076923,272.5769231,273.6230769,275.7538462,265.8307692,
729.2637845,265.7230769,262.6846154,263.1307692,256.4846154,257.3615385,252.7076923,252.9769231,259.1230769,252.0538462,257.2307692,
729.4501159,266.7230769,260.2846154,256.0307692,256.2846154,254.4615385,263.2076923,265.6769231,269.6230769,265.6538462,266.8307692,
729.6364316,254.5230769,255.3846154,254.1307692,272.1846154,264.0615385,264.9076923,253.7769231,255.5230769,262.8538462,248.0307692,
729.8227315,266.5230769,263.1846154,260.0307692,246.1846154,257.1615385,256.2076923,252.5769231,251.5230769,259.7538462,261.3307692,
730.0090156,243.4230769,252.3846154,236.5307692,250.8846154,255.0615385,246.9076923,254.0769231,263.2230769,260.3538462,253.8307692,
730.195284,267.4230769,252.0846154,249.0307692,255.1846154,261.4615385,251.7076923,256.7769231,252.0230769,262.7538462,250.6307692,
730.3815367,260.8230769,255.7846154,251.7307692,259.1846154,241.4615385,245.4076923,252.3769231,248.7230769,256.5538462,244.8307692,
730.5677735,253.5230769,247.8846154,253.2307692,275.8846154,258.5615385,251.9076923,236.0769231,250.7230769,248.8538462,239.2307692,
730.7539946,245.1230769,239.5846154,238.5307692,258.6846154,241.3615385,245.5076923,239.7769231,238.7230769,232.1538462,240.6307692,
730.9402,247.8230769,243.1846154,248.5307692,256.3846154,247.0615385,245.1076923,254.4769231,242.0230769,246.6538462,255.4307692,
731.1263895,235.2230769,253.0846154,238.2307692,249.3846154,247.7615385,236.9076923,249.7769231,248.5230769,244.6538462,241.4307692,
731.3125633,249.1230769,240.6846154,244.2307692,237.1846154,256.8615385,252.5076923,248.6769231,248.1230769,245.2538462,240.3307692,
731.4987213,237.2230769,240.1846154,226.2307692,248.6846154,234.9615385,223.6076923,241.8769231,239.9230769,238.5538462,241.3307692,
731.6848635,253.3230769,242.1846154,243.7307692,251.1846154,249.2615385,246.8076923,238.6769231,234.7230769,245.8538462,260.9307692,
731.8709899,245.2230769,234.8846154,235.5307692,236.2846154,236.8615385,236.1076923,236.1769231,245.2230769,233.1538462,233.4307692,
732.0571006,234.4230769,234.0846154,235.6307692,241.5846154,234.7615385,235.4076923,246.6769231,235.2230769,227.5538462,236.1307692,
732.2431954,236.4230769,235.0846154,231.2307692,247.2846154,234.2615385,230.1076923,237.3769231,223.4230769,223.3538462,233.8307692,
732.4292745,246.4230769,228.2846154,231.3307692,242.8846154,222.0615385,233.3076923,230.1769231,217.8230769,232.2538462,229.1307692,
732.6153378,237.3230769,233.5846154,210.8307692,233.1846154,232.4615385,228.9076923,234.2769231,222.7230769,230.9538462,235.3307692,
732.8013853,229.2230769,228.4846154,247.9307692,236.4846154,234.6615385,228.5076923,242.0769231,233.0230769,229.0538462,224.8307692,
732.9874169,231.6230769,226.6846154,227.9307692,222.4846154,223.5615385,216.0076923,212.8769231,221.9230769,226.6538462,225.7307692,
733.1734328,222.8230769,225.4846154,227.1307692,234.7846154,228.3615385,231.9076923,230.8769231,231.0230769,241.8538462,236.0307692,
733.3594329,229.1230769,236.1846154,217.8307692,223.0846154,225.9615385,225.3076923,213.1769231,221.0230769,228.5538462,225.5307692,
733.5454172,234.7230769,219.8846154,228.3307692,226.1846154,220.8615385,215.0076923,221.5769231,225.4230769,232.1538462,212.3307692,
733.7313856,235.9230769,222.1846154,212.0307692,213.6846154,220.7615385,214.4076923,223.6769231,219.9230769,226.5538462,211.5307692,
733.9173383,224.8230769,226.2846154,217.2307692,222.7846154,222.1615385,224.5076923,215.1769231,210.1230769,222.6538462,220.3307692,
734.1032751,206.1230769,232.4846154,210.3307692,216.6846154,220.9615385,215.4076923,225.9769231,209.6230769,213.9538462,210.2307692,
734.2891962,226.8230769,234.2846154,218.0307692,223.1846154,210.9615385,214.8076923,211.7769231,227.8230769,220.5538462,211.2307692,
734.4751014,208.5230769,214.9846154,206.3307692,211.6846154,208.8615385,210.1076923,203.7769231,223.1230769,207.3538462,205.4307692,
734.6609908,219.4230769,220.6846154,214.1307692,226.6846154,217.6615385,217.4076923,209.7769231,215.8230769,206.9538462,218.6307692,
734.8468643,212.4230769,210.2846154,205.3307692,211.8846154,215.0615385,207.8076923,204.9769231,214.6230769,208.4538462,202.5307692,
735.0327221,210.9230769,205.9846154,202.6307692,218.9846154,202.1615385,208.2076923,212.6769231,210.5230769,205.1538462,200.8307692,
735.218564,201.5230769,205.4846154,214.1307692,206.3846154,206.5615385,201.2076923,209.3769231,203.7230769,206.2538462,213.9307692,
735.4043901,205.7230769,202.2846154,210.6307692,220.7846154,211.6615385,205.7076923,206.2769231,210.9230769,206.5538462,219.9307692,
735.5902003,203.7230769,207.5846154,214.6307692,201.2846154,206.7615385,205.7076923,202.9769231,198.5230769,190.1538462,199.8307692,
735.7759947,210.4230769,205.6846154,206.2307692,202.7846154,197.1615385,202.8076923,200.2769231,204.2230769,188.2538462,215.3307692,
735.9617733,205.7230769,203.5846154,209.1307692,206.1846154,207.5615385,208.3076923,205.2769231,212.1230769,197.4538462,196.6307692,
736.1475361,231.5230769,210.1846154,199.2307692,204.7846154,198.4615385,202.5076923,220.4769231,216.5230769,207.8538462,213.5307692,
736.333283,209.3230769,200.3846154,194.5307692,196.2846154,195.8615385,193.3076923,191.8769231,199.2230769,196.1538462,199.1307692,
736.519014,206.5230769,189.7846154,207.3307692,202.8846154,207.0615385,192.9076923,203.5769231,204.7230769,200.8538462,208.5307692,
736.7047293,197.0230769,192.6846154,197.3307692,198.8846154,204.7615385,200.0076923,194.0769231,186.9230769,182.5538462,192.4307692,
736.8904286,199.9230769,196.6846154,204.7307692,197.6846154,196.2615385,197.8076923,194.5769231,200.0230769,193.3538462,203.0307692,
737.0761121,203.5230769,194.9846154,198.2307692,183.5846154,192.4615385,188.2076923,195.7769231,184.9230769,195.2538462,198.8307692,
737.2617798,197.9230769,197.7846154,196.5307692,198.7846154,195.7615385,198.5076923,205.7769231,196.6230769,202.1538462,198.6307692,
737.4474316,188.5230769,196.6846154,190.5307692,199.3846154,193.3615385,197.3076923,191.8769231,193.2230769,195.7538462,182.1307692,
737.6330675,194.2230769,200.8846154,183.6307692,198.5846154,187.0615385,194.0076923,193.0769231,187.2230769,187.1538462,197.0307692,
737.8186876,190.8230769,190.2846154,176.8307692,186.7846154,195.8615385,183.4076923,185.4769231,185.5230769,188.5538462,180.6307692,
738.0042918,201.0230769,193.2846154,177.3307692,184.0846154,184.4615385,191.4076923,189.2769231,184.0230769,195.8538462,183.4307692,
738.1898802,180.8230769,186.9846154,192.1307692,190.1846154,187.1615385,192.0076923,183.1769231,177.5230769,173.2538462,183.6307692,
738.3754527,184.7230769,181.7846154,193.0307692,190.6846154,192.1615385,180.1076923,190.4769231,183.8230769,177.0538462,192.2307692,
738.5610093,178.6230769,182.6846154,179.4307692,189.6846154,190.0615385,188.2076923,191.7769231,181.7230769,192.8538462,193.1307692,
738.74655,187.0230769,190.2846154,185.5307692,190.7846154,203.6615385,185.6076923,192.6769231,183.5230769,184.5538462,189.9307692,
738.9320749,191.8230769,189.5846154,175.9307692,170.2846154,173.6615385,174.9076923,172.3769231,184.8230769,167.1538462,174.3307692,
739.1175839,196.0230769,193.9846154,182.6307692,188.8846154,202.8615385,193.5076923,183.0769231,180.7230769,186.3538462,191.8307692,
739.303077,184.6230769,175.0846154,183.9307692,169.2846154,183.6615385,185.3076923,178.2769231,178.9230769,184.9538462,174.2307692,
739.4885542,184.4230769,191.1846154,178.8307692,188.5846154,187.8615385,182.1076923,173.1769231,178.9230769,183.9538462,181.0307692,
739.6740156,176.2230769,178.2846154,173.7307692,171.9846154,173.6615385,169.5076923,175.2769231,167.4230769,168.4538462,172.7307692,
739.859461,192.6230769,171.5846154,166.9307692,191.7846154,189.1615385,171.7076923,182.7769231,188.0230769,185.1538462,184.4307692,
740.0448906,175.4230769,172.2846154,171.6307692,180.1846154,179.3615385,174.8076923,168.3769231,156.6230769,181.3538462,172.7307692,
740.2303043,174.4230769,176.2846154,178.5307692,184.6846154,168.5615385,171.8076923,175.9769231,170.5230769,184.5538462,174.1307692,
740.4157021,157.2230769,173.3846154,167.6307692,167.0846154,171.1615385,179.5076923,167.7769231,161.6230769,173.5538462,168.5307692,
740.6010839,182.0230769,173.4846154,187.0307692,174.1846154,181.8615385,166.7076923,176.8769231,171.1230769,168.4538462,183.4307692,
740.7864499,172.3230769,168.3846154,175.4307692,156.1846154,171.3615385,167.9076923,164.1769231,168.4230769,175.6538462,175.0307692,
740.9718,184.0230769,168.9846154,167.9307692,167.8846154,166.3615385,181.4076923,172.4769231,182.0230769,168.6538462,163.1307692,
741.1571342,164.9230769,165.3846154,164.2307692,163.1846154,169.8615385,169.4076923,166.0769231,162.6230769,164.9538462,160.3307692,
741.3424524,169.1230769,175.7846154,158.4307692,173.2846154,175.5615385,167.5076923,167.5769231,179.6230769,175.2538462,169.0307692,
741.5277548,156.7230769,162.8846154,155.9307692,161.3846154,163.7615385,155.1076923,168.2769231,165.3230769,161.8538462,165.1307692,
741.7130412,168.7230769,163.4846154,161.0307692,162.4846154,161.5615385,160.7076923,172.0769231,157.4230769,167.0538462,171.6307692,
741.8983118,171.2230769,166.7846154,163.5307692,169.8846154,168.9615385,153.4076923,153.3769231,167.6230769,169.6538462,155.5307692,
742.0835664,174.1230769,161.8846154,156.2307692,165.3846154,155.2615385,171.6076923,157.0769231,164.5230769,167.1538462,166.3307692,
742.2688051,164.1230769,155.5846154,155.7307692,159.5846154,167.5615385,158.7076923,162.6769231,169.3230769,165.0538462,167.6307692,
742.4540279,175.9230769,174.0846154,162.1307692,166.6846154,168.0615385,153.5076923,158.3769231,156.7230769,167.6538462,168.2307692,
742.6392347,153.9230769,169.6846154,154.0307692,156.4846154,162.6615385,156.9076923,161.7769231,150.6230769,159.5538462,162.1307692,
742.8244256,147.4230769,172.7846154,161.4307692,157.7846154,160.1615385,149.8076923,163.4769231,170.4230769,154.6538462,160.1307692,
743.0096006,155.2230769,148.1846154,161.5307692,160.2846154,150.9615385,146.8076923,163.1769231,152.6230769,157.9538462,157.9307692,
743.1947597,158.3230769,158.8846154,168.0307692,157.9846154,146.9615385,155.8076923,167.8769231,160.3230769,163.2538462,157.1307692,
743.3799028,159.6230769,159.5846154,150.3307692,158.8846154,160.3615385,149.5076923,161.5769231,158.1230769,162.6538462,159.9307692,
743.56503,161.0230769,162.0846154,150.3307692,157.7846154,150.9615385,155.3076923,160.7769231,154.6230769,155.6538462,153.6307692,
743.7501413,157.5230769,164.7846154,143.1307692,154.0846154,156.1615385,149.8076923,153.2769231,154.3230769,151.3538462,151.0307692,
743.9352366,169.9230769,157.6846154,146.6307692,158.2846154,131.1615385,139.4076923,152.4769231,146.5230769,160.5538462,141.2307692,
744.120316,144.0230769,147.4846154,156.2307692,155.5846154,154.6615385,154.3076923,148.6769231,161.5230769,154.6538462,145.8307692,
744.3053794,158.4230769,159.3846154,148.6307692,146.8846154,160.4615385,156.8076923,148.8769231,162.0230769,157.6538462,155.2307692,
744.4904269,147.0230769,144.8846154,143.2307692,154.2846154,155.2615385,154.3076923,145.3769231,156.3230769,158.2538462,160.9307692,
744.6754584,165.4230769,160.9846154,154.3307692,152.8846154,152.4615385,148.9076923,153.8769231,141.9230769,150.4538462,158.3307692,
744.860474,146.2230769,152.9846154,144.7307692,141.5846154,157.7615385,134.5076923,157.3769231,137.3230769,145.2538462,142.5307692,
745.0454736,148.7230769,149.5846154,143.7307692,143.8846154,156.9615385,160.4076923,159.6769231,148.8230769,157.0538462,151.6307692,
745.2304573,140.8230769,137.4846154,148.7307692,149.3846154,143.8615385,132.8076923,150.5769231,139.4230769,147.6538462,145.5307692,
745.415425,147.7230769,159.5846154,143.9307692,153.8846154,146.8615385,144.1076923,151.5769231,155.7230769,145.8538462,143.5307692,
745.6003768,137.3230769,149.5846154,138.8307692,140.8846154,136.1615385,144.9076923,151.5769231,128.4230769,150.4538462,126.5307692,
745.7853125,146.0230769,154.6846154,142.9307692,147.2846154,131.1615385,139.0076923,143.8769231,144.9230769,151.1538462,149.0307692,
745.9702323,144.2230769,142.8846154,144.1307692,135.8846154,144.5615385,144.3076923,143.6769231,151.1230769,139.9538462,148.9307692,
746.1551362,150.6230769,146.1846154,138.6307692,154.6846154,145.8615385,143.9076923,140.7769231,141.8230769,149.2538462,141.2307692,
746.3400241,144.6230769,142.9846154,144.2307692,152.9846154,148.4615385,132.3076923,142.1769231,156.0230769,141.2538462,133.4307692,
746.524896,151.3230769,140.3846154,141.0307692,144.3846154,136.4615385,137.3076923,144.0769231,144.4230769,135.1538462,144.0307692,
746.7097519,147.8230769,149.6846154,137.4307692,134.8846154,136.1615385,135.1076923,145.3769231,130.7230769,145.6538462,134.1307692,
746.8945918,130.0230769,140.2846154,141.3307692,141.1846154,148.0615385,126.8076923,139.6769231,138.5230769,141.9538462,136.2307692,
747.0794158,144.9230769,134.4846154,139.5307692,136.0846154,141.5615385,128.0076923,137.3769231,140.5230769,136.9538462,136.5307692,
747.2642237,139.0230769,138.9846154,131.8307692,144.7846154,140.2615385,137.6076923,142.6769231,139.3230769,148.8538462,137.2307692,
747.4490157,131.9230769,134.8846154,127.5307692,138.4846154,133.7615385,136.4076923,137.1769231,142.2230769,133.4538462,136.5307692,
747.6337917,127.7230769,139.8846154,141.0307692,137.0846154,143.1615385,134.5076923,128.7769231,141.4230769,143.5538462,141.3307692,
747.8185517,142.1230769,128.9846154,128.7307692,137.2846154,142.4615385,134.5076923,127.3769231,136.5230769,119.1538462,150.4307692,
748.0032957,127.4230769,134.1846154,128.6307692,134.1846154,131.2615385,135.0076923,134.3769231,134.9230769,131.0538462,132.7307692,
748.1880238,135.1230769,127.6846154,119.1307692,147.0846154,119.3615385,127.4076923,136.2769231,132.5230769,121.1538462,140.6307692,
748.3727358,134.3230769,140.3846154,139.3307692,125.2846154,140.5615385,128.9076923,127.3769231,138.4230769,135.7538462,129.9307692,
748.5574318,137.9230769,136.8846154,125.8307692,133.1846154,138.8615385,122.1076923,137.9769231,124.1230769,135.1538462,131.2307692,
748.7421118,132.4230769,134.1846154,115.5307692,138.8846154,132.5615385,129.9076923,129.8769231,121.7230769,135.0538462,140.6307692,
748.9267758,137.3230769,119.9846154,125.3307692,119.3846154,138.0615385,117.8076923,118.0769231,135.9230769,134.8538462,124.6307692,
749.1114238,133.4230769,121.1846154,130.5307692,130.9846154,137.3615385,124.0076923,130.6769231,134.3230769,132.1538462,131.2307692,
749.2960558,132.7230769,121.1846154,123.1307692,135.4846154,129.3615385,118.9076923,132.3769231,126.8230769,123.1538462,129.2307692,
749.4806718,136.9230769,142.7846154,127.3307692,140.7846154,122.3615385,128.9076923,138.2769231,127.9230769,133.3538462,129.1307692,
749.6652717,130.7230769,124.5846154,123.4307692,137.8846154,127.1615385,117.8076923,117.8769231,117.2230769,121.1538462,123.9307692,
749.8498557,133.2230769,136.2846154,127.4307692,133.7846154,129.3615385,130.6076923,136.3769231,123.9230769,133.1538462,128.3307692,
750.0344236,128.6230769,115.4846154,120.2307692,125.7846154,124.9615385,121.6076923,128.5769231,125.4230769,121.7538462,115.9307692,
750.2189755,136.6230769,126.7846154,126.6307692,133.2846154,131.2615385,122.2076923,126.5769231,117.2230769,126.8538462,136.0307692,
750.4035114,115.0230769,115.4846154,123.8307692,103.3846154,125.6615385,119.9076923,127.9769231,115.3230769,125.4538462,122.9307692,
750.5880312,126.4230769,125.5846154,119.2307692,123.4846154,127.3615385,127.5076923,118.9769231,133.9230769,119.6538462,126.1307692,
750.772535,114.4230769,107.5846154,118.8307692,118.2846154,126.6615385,119.4076923,110.5769231,103.0230769,125.3538462,121.0307692,
750.9570228,137.2230769,123.6846154,125.5307692,123.5846154,119.9615385,109.2076923,114.5769231,122.0230769,121.9538462,115.3307692,
751.1414946,116.0230769,122.5846154,118.8307692,120.5846154,122.0615385,119.8076923,117.6769231,109.6230769,114.7538462,119.7307692,
751.3259503,114.3230769,122.5846154,120.3307692,128.6846154,124.4615385,116.7076923,118.2769231,125.0230769,124.0538462,128.0307692,
751.5103899,116.5230769,109.4846154,122.6307692,115.5846154,123.2615385,117.9076923,109.9769231,110.2230769,118.8538462,117.2307692,
751.6948136,136.1230769,123.1846154,122.0307692,122.4846154,118.6615385,103.6076923,129.1769231,111.1230769,106.7538462,112.0307692,
751.8792211,130.7230769,110.9846154,113.1307692,112.8846154,119.7615385,110.8076923,111.8769231,124.9230769,108.2538462,120.5307692,
752.0636127,117.4230769,122.7846154,119.6307692,123.0846154,128.5615385,115.2076923,125.1769231,116.9230769,120.9538462,116.9307692,
752.2479882,122.5230769,117.1846154,119.9307692,114.0846154,125.0615385,115.9076923,119.0769231,108.2230769,107.7538462,115.6307692,
752.4323476,122.6230769,125.4846154,109.8307692,125.8846154,131.2615385,111.2076923,131.5769231,117.6230769,119.5538462,122.5307692,
752.616691,112.8230769,114.9846154,102.9307692,108.5846154,111.9615385,107.7076923,99.37692308,117.6230769,110.7538462,116.1307692,
752.8010183,117.0230769,120.2846154,109.2307692,111.0846154,117.4615385,103.4076923,115.1769231,112.3230769,114.2538462,130.6307692,
752.9853296,112.4230769,114.0846154,111.2307692,113.4846154,112.9615385,113.2076923,103.9769231,107.4230769,106.8538462,116.1307692,
753.1696248,117.4230769,106.3846154,104.2307692,113.2846154,115.2615385,109.5076923,103.5769231,108.1230769,108.9538462,112.2307692,
753.3539039,115.2230769,110.1846154,116.1307692,107.3846154,112.1615385,105.4076923,105.4769231,96.02307692,109.8538462,100.5307692,
753.538167,107.4230769,120.0846154,110.9307692,115.5846154,116.6615385,114.9076923,121.4769231,106.7230769,109.3538462,105.7307692,
753.722414,112.9230769,113.5846154,103.8307692,118.0846154,116.1615385,103.5076923,101.5769231,110.5230769,105.7538462,103.7307692,
753.9066449,113.8230769,124.6846154,115.6307692,112.6846154,117.5615385,98.00769231,97.87692308,110.9230769,105.4538462,107.8307692,
754.0908598,114.8230769,107.2846154,111.3307692,109.1846154,105.9615385,95.80769231,112.0769231,101.1230769,101.3538462,110.0307692,
754.2750586,115.3230769,100.2846154,101.7307692,109.9846154,100.4615385,113.8076923,115.1769231,105.2230769,121.7538462,110.7307692,
754.4592413,104.6230769,104.4846154,101.6307692,109.0846154,104.1615385,112.0076923,107.7769231,112.2230769,105.8538462,113.8307692,
754.6434079,109.1230769,114.4846154,100.9307692,106.6846154,108.2615385,101.3076923,113.4769231,103.4230769,98.45384615,112.9307692,
754.8275584,112.3230769,108.1846154,95.83076923,113.4846154,104.3615385,97.30769231,108.6769231,107.2230769,114.7538462,103.7307692,
755.0116929,110.8230769,114.8846154,104.8307692,118.8846154,98.76153846,109.2076923,98.77692308,113.7230769,99.25384615,94.23076923,
755.1958112,102.1230769,102.3846154,92.93076923,110.0846154,100.6615385,96.40769231,98.87692308,102.1230769,101.9538462,97.23076923,
755.3799135,110.6230769,108.5846154,95.13076923,109.9846154,101.1615385,101.2076923,97.47692308,100.4230769,104.9538462,110.8307692,
755.5639997,112.8230769,111.3846154,91.73076923,90.28461538,94.86153846,100.2076923,96.97692308,96.22307692,100.8538462,104.2307692,
755.7480698,111.2230769,105.9846154,108.4307692,109.2846154,110.0615385,100.6076923,96.57692308,98.22307692,103.8538462,99.13076923,
755.9321238,99.62307692,105.9846154,98.93076923,101.5846154,90.26153846,105.0076923,100.3769231,105.7230769,93.65384615,120.4307692,
756.1161617,97.52307692,107.5846154,102.7307692,104.0846154,102.4615385,102.7076923,106.8769231,90.12307692,92.65384615,104.5307692,
756.3001834,101.4230769,103.5846154,103.9307692,96.08461538,92.16153846,99.50769231,104.4769231,105.0230769,91.25384615,100.9307692,
756.4841891,106.9230769,99.28461538,101.6307692,103.9846154,97.56153846,100.6076923,102.4769231,94.52307692,99.05384615,95.93076923,
756.6681787,101.5230769,93.08461538,95.63076923,102.5846154,97.96153846,98.80769231,98.07692308,102.2230769,97.95384615,98.43076923,
756.8521522,109.3230769,94.38461538,98.53076923,101.1846154,95.46153846,90.20769231,98.47692308,91.52307692,93.15384615,100.9307692,
757.0361095,91.02307692,106.2846154,93.13076923,98.88461538,101.0615385,93.90769231,100.0769231,103.1230769,98.55384615,87.73076923,
757.2200507,116.8230769,97.38461538,97.83076923,101.8846154,98.56153846,76.50769231,107.5769231,90.02307692,103.9538462,101.4307692,
757.4039759,96.72307692,87.58461538,85.63076923,93.88461538,104.1615385,99.10769231,85.87692308,83.42307692,92.85384615,93.43076923,
757.5878849,97.02307692,86.38461538,94.03076923,96.98461538,98.66153846,100.3076923,92.17692308,95.72307692,94.35384615,96.03076923,
757.7717777,97.22307692,77.98461538,79.23076923,87.38461538,99.96153846,93.90769231,90.37692308,97.82307692,93.05384615,93.03076923,
757.9556545,97.22307692,94.88461538,97.93076923,100.0846154,89.76153846,91.60769231,97.57692308,88.82307692,111.3538462,97.23076923,
758.1395151,102.6230769,88.28461538,83.43076923,99.28461538,98.76153846,91.30769231,93.27692308,88.02307692,96.75384615,95.13076923,
758.3233596,92.92307692,85.48461538,77.83076923,83.68461538,104.2615385,86.60769231,94.27692308,89.52307692,98.05384615,104.1307692,
758.507188,91.12307692,94.38461538,89.23076923,87.58461538,104.5615385,91.80769231,94.17692308,96.12307692,101.7538462,93.23076923,
758.6910002,94.42307692,88.18461538,87.13076923,92.28461538,98.46153846,88.90769231,89.67692308,95.82307692,98.45384615,88.63076923,
758.8747963,91.22307692,103.4846154,80.03076923,93.78461538,89.46153846,92.60769231,87.37692308,82.52307692,89.15384615,93.73076923,
759.0585763,101.4230769,95.98461538,96.33076923,90.08461538,87.96153846,100.5076923,102.9769231,95.52307692,95.45384615,100.6307692,
759.2423401,92.32307692,83.68461538,97.73076923,92.48461538,99.96153846,80.60769231,89.07692308,94.42307692,100.7538462,89.63076923,
759.4260877,87.82307692,98.38461538,79.83076923,97.68461538,90.06153846,88.70769231,91.37692308,97.82307692,95.05384615,83.93076923,
759.6098193,85.42307692,89.38461538,86.83076923,88.88461538,83.96153846,85.80769231,83.17692308,84.52307692,92.85384615,75.13076923,
759.7935346,97.72307692,93.38461538,88.53076923,96.38461538,98.86153846,92.20769231,93.57692308,86.92307692,90.85384615,95.73076923,
759.9772339,107.9230769,87.38461538,95.03076923,93.58461538,89.26153846,80.80769231,86.27692308,89.92307692,73.85384615,88.93076923,
760.1609169,95.82307692,94.68461538,87.03076923,99.48461538,88.96153846,94.80769231,100.6769231,93.32307692,91.15384615,107.8307692,
760.3445838,97.42307692,96.38461538,85.03076923,89.78461538,88.46153846,79.40769231,79.87692308,91.52307692,89.75384615,84.53076923,
760.5282346,87.42307692,96.58461538,94.93076923,96.88461538,95.26153846,97.10769231,90.27692308,79.32307692,72.35384615,90.43076923,
760.7118692,89.42307692,82.28461538,86.03076923,77.28461538,90.76153846,64.90769231,79.97692308,81.92307692,89.45384615,80.43076923,
760.8954876,93.62307692,98.58461538,80.53076923,101.4846154,88.56153846,91.60769231,96.77692308,85.52307692,85.25384615,79.33076923,
761.0790899,97.62307692,102.4846154,84.13076923,93.68461538,94.36153846,93.50769231,90.47692308,88.42307692,93.45384615,78.13076923,
761.262676,88.52307692,90.58461538,84.83076923,85.78461538,93.46153846,87.30769231,83.57692308,88.02307692,90.75384615,84.73076923,
761.4462459,87.42307692,86.28461538,74.13076923,86.68461538,82.36153846,75.70769231,77.87692308,91.32307692,79.05384615,84.23076923,
761.6297997,80.52307692,78.48461538,83.73076923,76.78461538,81.26153846,83.00769231,84.87692308,81.62307692,88.85384615,81.93076923,
761.8133373,91.42307692,86.08461538,80.13076923,93.08461538,78.96153846,85.40769231,81.17692308,86.42307692,79.15384615,81.83076923,
761.9968587,90.42307692,80.08461538,86.53076923,87.38461538,97.16153846,81.60769231,75.27692308,80.12307692,90.45384615,76.03076923,
762.1803639,85.62307692,96.78461538,76.23076923,74.78461538,70.86153846,74.10769231,82.07692308,71.12307692,75.65384615,85.13076923,
762.3638529,87.22307692,84.08461538,89.93076923,88.98461538,91.26153846,87.20769231,90.17692308,92.02307692,85.95384615,87.23076923,
762.5473258,78.62307692,83.78461538,77.13076923,85.58461538,69.86153846,70.70769231,78.47692308,70.92307692,80.65384615,71.83076923,
762.7307825,89.12307692,92.08461538,78.43076923,94.28461538,79.06153846,81.60769231,94.27692308,87.22307692,78.95384615,84.03076923,
762.9142229,80.32307692,79.18461538,77.93076923,73.98461538,71.26153846,80.20769231,81.87692308,75.02307692,79.95384615,79.73076923,
763.0976472,83.72307692,87.88461538,88.53076923,81.18461538,80.66153846,75.70769231,81.27692308,85.32307692,83.95384615,81.43076923,
763.2810553,92.12307692,68.58461538,84.13076923,77.28461538,78.76153846,84.40769231,71.57692308,79.42307692,82.55384615,82.03076923,
763.4644472,78.32307692,88.08461538,96.33076923,87.78461538,84.26153846,87.80769231,86.17692308,86.22307692,85.65384615,87.53076923,
763.6478229,83.52307692,79.58461538,70.43076923,76.68461538,84.86153846,71.50769231,69.07692308,83.02307692,77.65384615,69.13076923,
763.8311824,85.12307692,75.08461538,88.83076923,89.98461538,89.46153846,72.10769231,79.37692308,82.12307692,77.65384615,79.13076923,
764.0145257,82.02307692,81.08461538,77.83076923,71.48461538,89.86153846,70.20769231,81.47692308,84.52307692,78.05384615,72.63076923,
764.1978528,84.32307692,77.68461538,85.23076923,80.58461538,91.86153846,86.10769231,90.47692308,78.92307692,86.85384615,79.53076923,
764.3811636,73.52307692,78.58461538,74.53076923,90.78461538,73.86153846,75.60769231,83.47692308,73.02307692,75.05384615,74.23076923,
764.5644583,80.92307692,85.08461538,82.33076923,86.58461538,81.36153846,87.50769231,77.67692308,83.02307692,80.55384615,84.23076923,
764.7477367,80.92307692,75.98461538,70.33076923,79.98461538,85.46153846,81.60769231,77.37692308,78.72307692,89.55384615,79.83076923,
764.930999,86.82307692,76.98461538,79.43076923,87.78461538,80.96153846,79.80769231,84.07692308,87.22307692,77.05384615,80.03076923,
765.114245,82.92307692,69.68461538,75.33076923,84.68461538,92.46153846,76.10769231,78.77692308,77.62307692,75.65384615,82.83076923,
765.2974748,83.42307692,83.78461538,73.33076923,83.58461538,81.26153846,69.40769231,80.47692308,80.42307692,75.15384615,70.43076923,
765.4806884,87.72307692,80.58461538,69.53076923,71.78461538,73.86153846,65.00769231,74.47692308,68.72307692,69.15384615,78.03076923,
765.6638857,79.52307692,82.08461538,82.03076923,75.68461538,77.36153846,82.70769231,85.17692308,78.02307692,74.35384615,102.7307692,
765.8470668,71.22307692,70.08461538,65.93076923,75.98461538,75.16153846,64.00769231,66.97692308,68.72307692,71.55384615,81.83076923,
766.0302317,85.32307692,75.48461538,78.03076923,82.18461538,80.86153846,69.60769231,79.87692308,78.22307692,87.15384615,78.23076923,
766.2133803,80.32307692,82.18461538,61.03076923,73.78461538,67.46153846,79.60769231,82.97692308,71.92307692,83.45384615,71.73076923,
766.3965128,75.62307692,80.18461538,83.43076923,82.98461538,75.86153846,71.80769231,74.27692308,93.82307692,87.45384615,78.83076923,
766.5796289,73.32307692,75.98461538,70.73076923,73.88461538,71.86153846,70.90769231,54.27692308,74.72307692,80.55384615,68.63076923,
766.7627289,71.32307692,82.58461538,77.33076923,79.68461538,71.36153846,79.70769231,69.67692308,72.42307692,69.65384615,85.23076923,
766.9458126,73.32307692,77.68461538,75.03076923,71.78461538,74.16153846,73.50769231,74.67692308,79.32307692,69.75384615,65.23076923,
767.12888,84.82307692,70.68461538,75.23076923,82.48461538,82.86153846,75.00769231,72.47692308,72.32307692,79.05384615,82.13076923,
767.3119312,72.92307692,72.58461538,66.93076923,71.28461538,75.06153846,66.10769231,68.37692308,75.02307692,73.05384615,74.83076923,
767.4949662,84.62307692,74.88461538,83.23076923,78.88461538,72.16153846,72.20769231,80.27692308,82.02307692,83.55384615,80.93076923,
767.6779849,81.42307692,74.28461538,71.43076923,74.68461538,83.06153846,72.20769231,74.37692308,73.92307692,75.45384615,72.33076923,
767.8609873,81.22307692,72.58461538,88.03076923,77.28461538,86.36153846,80.90769231,79.37692308,76.92307692,74.65384615,71.43076923,
768.0439735,76.82307692,67.88461538,65.03076923,69.18461538,72.26153846,67.00769231,71.37692308,61.52307692,70.85384615,74.73076923,
768.2269434,75.12307692,70.78461538,84.43076923,68.48461538,80.86153846,79.50769231,78.77692308,70.72307692,65.95384615,85.23076923,
768.4098971,75.82307692,71.68461538,64.53076923,75.28461538,67.36153846,75.40769231,65.57692308,73.02307692,69.85384615,76.03076923,
768.5928345,77.52307692,80.28461538,72.13076923,75.58461538,82.86153846,86.90769231,73.17692308,85.12307692,76.25384615,73.33076923,
768.7757556,78.42307692,84.28461538,71.63076923,68.28461538,64.16153846,71.30769231,67.57692308,74.92307692,63.95384615,62.63076923,
768.9586605,76.42307692,74.48461538,70.33076923,67.98461538,68.86153846,62.50769231,75.77692308,68.22307692,70.15384615,76.13076923,
769.141549,72.42307692,64.98461538,76.03076923,80.68461538,77.86153846,70.80769231,58.67692308,73.72307692,68.35384615,78.13076923,
769.3244214,71.02307692,72.38461538,70.73076923,73.78461538,60.26153846,62.80769231,66.77692308,79.12307692,72.25384615,72.43076923,
769.5072774,70.22307692,78.58461538,66.43076923,72.88461538,76.16153846,65.90769231,59.68461538,64.32307692,65.95384615,71.93076923,
769.6901172,74.82307692,66.98461538,71.13076923,76.08461538,73.56153846,68.00769231,69.57692308,76.12307692,67.35384615,76.33076923,
769.8729406,63.62307692,66.28461538,67.33076923,80.58461538,71.96153846,64.10769231,70.07692308,59.42307692,72.25384615,64.43076923,
770.0557478,81.72307692,70.58461538,70.73076923,81.98461538,79.26153846,80.70769231,76.57692308,70.92307692,79.45384615,80.93076923,
770.2385387,77.12307692,59.08461538,68.03076923,61.98461538,67.76153846,60.80769231,59.87692308,53.32307692,64.35384615,68.43076923,
770.4213133,71.32307692,80.38461538,71.73076923,68.58461538,74.76153846,80.40769231,75.97692308,64.12307692,75.35384615,69.23076923,
770.6040717,78.12307692,81.78461538,56.93076923,79.88461538,76.86153846,75.80769231,78.17692308,62.12307692,67.35384615,69.03076923,
770.7868137,80.32307692,70.18461538,70.83076923,78.08461538,72.26153846,75.50769231,68.87692308,66.02307692,65.65384615,80.73076923,
770.9695394,70.62307692,68.58461538,72.03076923,67.78461538,68.56153846,57.00769231,55.57692308,62.72307692,74.05384615,63.73076923,
771.1522489,65.42307692,63.98461538,67.23076923,63.18461538,71.76153846,72.60769231,76.17692308,75.62307692,74.95384615,61.83076923,
771.334942,71.52307692,73.98461538,74.23076923,71.48461538,74.96153846,61.00769231,78.77692308,60.42307692,72.45384615,58.13076923,
771.5176188,67.52307692,66.08461538,69.33076923,69.98461538,80.46153846,74.40769231,63.37692308,60.92307692,70.05384615,65.03076923,
771.7002794,76.12307692,64.78461538,78.53076923,68.68461538,71.66153846,68.20769231,70.97692308,63.42307692,63.15384615,62.73076923,
771.8829236,72.12307692,65.98461538,69.73076923,74.28461538,68.46153846,65.20769231,78.87692308,78.92307692,71.25384615,71.13076923,
772.0655515,54.82307692,70.48461538,66.23076923,66.98461538,65.86153846,63.10769231,59.37692308,63.22307692,56.95384615,52.33076923,
772.2481631,75.12307692,64.88461538,73.63076923,68.18461538,71.86153846,64.80769231,48.87692308,71.02307692,76.95384615,73.33076923,
772.4307584,59.42307692,64.18461538,60.43076923,64.48461538,63.46153846,72.30769231,70.27692308,61.72307692,67.55384615,58.13076923,
772.6133373,79.02307692,75.38461538,71.93076923,79.28461538,72.76153846,67.60769231,67.77692308,62.82307692,78.75384615,66.33076923,
772.7959,66.32307692,71.08461538,68.43076923,58.38461538,68.06153846,61.40769231,62.27692308,54.02307692,64.35384615,59.43076923,
772.9784463,75.12307692,68.18461538,72.33076923,65.38461538,62.96153846,50.40769231,59.47692308,79.52307692,75.25384615,72.03076923,
773.1609763,73.02307692,60.98461538,56.73076923,71.98461538,58.46153846,64.00769231,61.57692308,63.52307692,67.45384615,61.03076923,
773.34349,74.62307692,64.18461538,69.53076923,75.88461538,68.26153846,54.90769231,58.47692308,74.02307692,68.05384615,71.83076923,
773.5259873,64.22307692,62.18461538,63.73076923,60.78461538,73.26153846,55.70769231,56.97692308,60.12307692,63.65384615,50.53076923,
773.7084683,72.02307692,71.58461538,66.03076923,70.98461538,70.16153846,63.40769231,77.87692308,56.52307692,70.35384615,72.23076923,
773.890933,64.22307692,63.98461538,63.83076923,57.88461538,62.96153846,66.50769231,62.07692308,47.32307692,64.65384615,83.63076923,
774.0733813,66.62307692,67.88461538,62.63076923,67.38461538,60.26153846,62.80769231,72.97692308,65.42307692,60.25384615,66.53076923,
774.2558133,62.82307692,70.58461538,63.53076923,64.28461538,66.86153846,62.10769231,58.67692308,62.42307692,62.35384615,62.83076923,
774.4382289,78.82307692,67.58461538,62.33076923,73.28461538,74.86153846,59.00769231,66.97692308,63.42307692,61.95384615,68.03076923,
774.6206282,78.12307692,54.18461538,63.53076923,53.28461538,55.96153846,60.80769231,69.77692308,63.52307692,71.55384615,56.93076923,
774.8030112,74.02307692,70.68461538,60.13076923,62.68461538,67.16153846,76.00769231,69.07692308,69.82307692,71.35384615,63.53076923,
774.9853778,59.42307692,69.98461538,59.83076923,60.58461538,58.96153846,51.20769231,64.87692308,65.82307692,65.05384615,54.93076923,
775.1677281,58.72307692,70.28461538,52.93076923,62.18461538,60.06153846,67.00769231,70.47692308,69.02307692,67.65384615,65.93076923,
775.350062,61.72307692,71.08461538,57.03076923,56.58461538,62.46153846,62.10769231,64.57692308,58.02307692,51.15384615,56.13076923,
775.5323795,67.02307692,73.78461538,56.53076923,63.08461538,66.86153846,64.80769231,56.77692308,58.82307692,61.75384615,76.03076923,
775.7146807,53.72307692,59.98461538,51.53076923,55.78461538,54.16153846,64.10769231,66.37692308,60.12307692,71.15384615,59.43076923,
775.8969655,66.92307692,50.88461538,52.03076923,65.18461538,55.96153846,67.30769231,51.57692308,61.02307692,68.85384615,65.13076923,
776.079234,63.32307692,58.38461538,60.53076923,67.38461538,71.86153846,47.80769231,57.47692308,58.52307692,58.95384615,48.43076923,
776.2614861,68.32307692,63.58461538,52.23076923,65.28461538,69.26153846,57.70769231,62.67692308,65.02307692,54.95384615,76.33076923,
776.4437218,64.42307692,63.68461538,60.03076923,52.38461538,67.86153846,48.10769231,53.77692308,57.72307692,57.05384615,64.83076923,
776.6259412,68.52307692,54.18461538,63.53076923,62.18461538,71.46153846,65.80769231,66.97692308,63.32307692,61.65384615,69.23076923,
776.8081442,60.42307692,61.18461538,63.73076923,53.08461538,62.76153846,54.30769231,54.17692308,48.72307692,50.25384615,63.73076923,
776.9903308,73.72307692,61.98461538,58.03076923,64.38461538,62.46153846,63.10769231,58.47692308,51.62307692,63.85384615,66.63076923,
777.172501,66.62307692,49.38461538,45.93076923,53.18461538,58.96153846,52.80769231,55.97692308,66.82307692,57.85384615,55.43076923,
777.3546548,53.22307692,55.18461538,59.93076923,76.08461538,59.06153846,64.10769231,61.37692308,46.82307692,66.15384615,58.63076923,
777.5367923,62.72307692,56.88461538,60.43076923,52.48461538,57.66153846,52.80769231,59.17692308,45.02307692,65.65384615,58.33076923,
777.7189134,72.22307692,59.08461538,63.03076923,51.98461538,56.76153846,63.10769231,70.57692308,61.72307692,58.95384615,61.03076923,
777.9010181,58.22307692,66.58461538,52.03076923,52.68461538,51.36153846,60.00769231,51.28461538,54.42307692,61.85384615,53.93076923,
778.0831064,55.62307692,55.28461538,57.63076923,52.88461538,62.06153846,49.80769231,63.77692308,56.42307692,64.15384615,50.13076923,
778.2651783,56.02307692,51.38461538,49.43076923,58.68461538,51.56153846,35.90769231,55.97692308,51.32307692,53.15384615,49.03076923,
778.4472338,57.72307692,54.28461538,54.53076923,68.08461538,56.76153846,54.10769231,53.47692308,54.42307692,61.05384615,55.43076923,
778.6292729,55.52307692,45.98461538,45.73076923,52.44615385,59.36153846,60.20769231,45.27692308,53.82307692,34.75384615,55.63076923,
778.8112956,56.92307692,54.78461538,50.03076923,60.48461538,66.36153846,49.60769231,63.67692308,59.22307692,57.75384615,62.63076923,
778.9933019,51.82307692,61.28461538,48.43076923,50.68461538,54.56153846,50.80769231,60.47692308,57.12307692,53.25384615,57.23076923,
779.1752918,65.82307692,54.98461538,63.53076923,61.58461538,55.26153846,48.60769231,67.87692308,53.72307692,53.85384615,60.83076923,
779.3572653,44.42307692,46.48461538,48.03076923,54.98461538,55.36153846,47.00769231,57.07692308,52.82307692,52.85384615,54.73076923,
779.5392224,55.62307692,54.18461538,53.23076923,52.88461538,55.36153846,47.10769231,47.37692308,54.42307692,55.45384615,51.43076923,
779.7211631,38.42307692,62.78461538,39.43076923,48.08461538,40.06153846,37.30769231,54.07692308,54.02307692,52.75384615,54.63076923,
779.9030874,50.12307692,55.08461538,53.93076923,66.48461538,52.76153846,52.20769231,45.97692308,51.72307692,47.35384615,53.53076923,
780.0849952,49.72307692,46.18461538,47.13076923,46.08461538,52.26153846,56.20769231,44.17692308,40.12307692,51.15384615,55.03076923,
780.2668866,62.42307692,57.68461538,56.33076923,61.38461538,54.46153846,51.10769231,62.37692308,58.52307692,55.25384615,52.23076923,
780.4487617,58.42307692,38.48461538,38.92307692,44.88461538,52.46153846,37.90769231,57.27692308,52.22307692,56.75384615,44.73076923,
780.6306202,56.02307692,60.18461538,41.53076923,57.78461538,60.96153846,50.90769231,52.67692308,57.22307692,57.95384615,56.13076923,
780.8124624,52.42307692,50.58461538,48.33076923,46.58461538,48.36153846,50.20769231,33.77692308,50.53846154,42.77692308,45.73076923,
780.9942881,44.92307692,58.48461538,54.33076923,53.58461538,43.66153846,54.40769231,52.27692308,50.12307692,50.95384615,50.93076923,
781.1760974,59.72307692,45.78461538,45.43076923,51.98461538,50.27692308,42.90769231,52.27692308,47.72307692,46.05384615,52.23076923,
781.3578903,52.92307692,55.38461538,48.73076923,52.88461538,56.26153846,57.60769231,48.67692308,47.22307692,49.85384615,46.53076923,
781.5396667,60.22307692,49.48461538,47.63076923,41.26923077,50.36153846,39.90769231,47.67692308,41.92307692,49.35384615,35.73076923,
781.7214267,59.92307692,55.68461538,54.13076923,54.78461538,63.76153846,43.10769231,50.57692308,59.62307692,63.45384615,55.43076923,
781.9031702,48.82307692,43.88461538,45.53076923,53.68461538,51.36153846,40.90769231,45.97692308,52.02307692,41.65384615,49.53076923,
782.0848973,54.12307692,48.28461538,38.82307692,54.48461538,37.06153846,40.30769231,52.27692308,54.42307692,47.75384615,56.63076923,
782.266608,65.72307692,55.18461538,39.93076923,57.28461538,59.16153846,46.70769231,52.77692308,37.92307692,41.35384615,48.03076923,
782.4483022,49.62307692,50.68461538,52.83076923,47.78461538,48.76153846,44.40769231,45.37692308,41.72307692,40.35384615,46.43076923,
782.6299799,44.52307692,40.88461538,40.21538462,48.78461538,52.36153846,32.30769231,49.47692308,36.22307692,44.55384615,34.53076923,
782.8116412,53.32307692,48.18461538,53.33076923,52.88461538,52.86153846,52.50769231,35.27692308,55.42307692,49.95384615,51.83076923,
782.9932861,51.72307692,47.18461538,42.33076923,47.78461538,37.26153846,36.86923077,35.91538462,44.22307692,43.55384615,57.63076923,
783.1749145,51.02307692,53.88461538,43.83076923,52.78461538,47.26153846,49.10769231,40.97692308,49.72307692,48.85384615,48.83076923,
783.3565264,47.42307692,49.28461538,44.83076923,45.18461538,39.76153846,37.60769231,43.27692308,43.62307692,38.75384615,41.43076923,
783.5381218,51.22307692,48.18461538,46.11538462,45.48461538,64.56153846,47.70769231,48.57692308,52.72307692,53.55384615,45.93076923,
783.7197008,47.82307692,43.08461538,37.43076923,41.38461538,43.66153846,38.60769231,48.07692308,43.92307692,43.45384615,38.13076923,
783.9012634,46.72307692,51.38461538,52.33076923,44.88461538,43.56153846,40.7,52.27692308,47.32307692,39.97692308,51.13076923,
784.0828094,34.13076923,37.58461538,45.93076923,36.28461538,55.96153846,35.70769231,49.07692308,36.72307692,43.65384615,49.33076923,
784.264339,46.72307692,46.78461538,46.43076923,36.58461538,46.26153846,42.80769231,38.97692308,45.47692308,46.05384615,39.73076923,
784.4458521,44.52307692,50.18461538,28.23846154,43.28461538,37.36153846,33.70769231,34.87692308,45.72307692,43.35384615,50.33076923,
784.6273488,40.62307692,38.88461538,34.03076923,45.58461538,61.16153846,43.30769231,47.97692308,30.42307692,45.45384615,33.48461538,
784.8088289,42.32307692,36.78461538,39.43076923,51.28461538,41.66153846,53.80769231,40.57692308,30.72307692,40.88461538,49.93076923,
784.9902926,46.10769231,46.98461538,42.35384615,34.68461538,56.86153846,48.00769231,42.17692308,33.62307692,34.15384615,41.53076923,
785.1717398,52.92307692,45.08461538,35.63076923,43.08461538,36.96153846,35.40769231,32.60769231,43.72307692,47.15384615,49.21538462,
785.3531705,47.52307692,47.58461538,43.11538462,34.08461538,43.36153846,46.10769231,37.47692308,44.12307692,37.37692308,42.33076923,
785.5345847,43.12307692,38.98461538,40.23076923,36.68461538,40.3,38.70769231,44.87692308,49.22307692,58.65384615,32.53076923,
785.7159824,42.22307692,37.38461538,41.33076923,44.38461538,41.76153846,38.50769231,34.41538462,49.52307692,36.65384615,50.23076923,
785.8973636,49.42307692,42.24615385,27.42307692,41.38461538,49.26153846,35.70769231,44.27692308,40.12307692,35.85384615,49.53076923,
786.0787284,43.12307692,41.38461538,52.43076923,47.48461538,46.7,49.90769231,47.07692308,44.62307692,48.55384615,37.93076923,
786.2600766,44.10769231,38.88461538,38.53076923,25.86923077,35.06153846,32.20769231,38.97692308,42.12307692,42.75384615,46.03076923,
786.4414083,53.52307692,40.84615385,43.33076923,48.38461538,45,33.10769231,39.47692308,40.42307692,37.85384615,50.23076923,
786.6227235,44.22307692,40.08461538,37.66923077,45.28461538,39.06153846,34.16923077,32.17692308,30.62307692,36.05384615,39.73076923,
786.8040222,37.52307692,44.98461538,36.26923077,33.06923077,44.16153846,27.50769231,31.57692308,42.62307692,29.35384615,50.33076923,
786.9853044,37.62307692,31.44615385,32.63076923,42.18461538,34.26153846,25.56923077,36.17692308,34.32307692,28.68461538,32.83076923,
787.1665701,41.72307692,45.18461538,48.63076923,34.68461538,47.46153846,37.00769231,49.17692308,34.52307692,44.18461538,41.93076923,
787.3478193,33.72307692,34.88461538,30.43076923,39.78461538,29.06153846,30.70769231,38.77692308,25.76153846,37.25384615,38.73076923,
787.529052,49.92307692,30.98461538,28.53846154,35.38461538,48.56153846,33.00769231,37.37692308,42.12307692,40.15384615,42.03076923,
787.7102681,39.22307692,35.28461538,32.72307692,35.78461538,32.66153846,45.90769231,41.87692308,39.22307692,35.25384615,41.03076923,
787.8914678,48.32307692,35.18461538,43.23076923,44.08461538,35.1,25.41538462,28.44615385,38.07692308,40.95384615,41.13076923,
788.0726509,34.92307692,32.18461538,37.76923077,27.93076923,40.56153846,36.20769231,28.20769231,28.22307692,19.35384615,42.73076923,
788.2538174,38.52307692,29.48461538,33.33076923,38.08461538,41.36153846,31.06923077,31.50769231,38.02307692,27.75384615,36.63076923,
788.4349675,30.92307692,28.78461538,30.73076923,38.98461538,47.56153846,42.20769231,40.97692308,35.52307692,32.17692308,38.33076923,
788.616101,36.63076923,33,32.13076923,35.28461538,35.66153846,35.4,40.46153846,33.52307692,36.51538462,34.23076923,
788.797218,31.9,33.84615385,46.63076923,33.78461538,34.56153846,30.50769231,31.31538462,36.02307692,30.53076923,34.53076923,
788.9783184,45.32307692,45.38461538,40.63076923,36.58461538,50.96153846,40.40769231,36.67692308,40.02307692,39.05384615,45.73076923,
789.1594023,45.92307692,39.18461538,31.83076923,32.24615385,30.98461538,33.60769231,26.67692308,29.14615385,28.35384615,44.43076923,
789.3404697,40.82307692,32.78461538,34.52307692,44.88461538,36.46153846,25.14615385,32.27692308,44.62307692,41.95384615,33.09230769,
789.5215205,29.42307692,29.48461538,33.73846154,25.08461538,33.06153846,40.30769231,38.18461538,22.60769231,32.25384615,37.73076923,
789.7025548,34.82307692,33.84615385,30.03076923,34.08461538,43.96153846,37.20769231,33.07692308,31.62307692,41.45384615,31.53076923,
789.8835726,45.22307692,26.74615385,24.33076923,32.58461538,30.87692308,26.16923077,30.67692308,41.82307692,36.35384615,33.23076923,
790.0645737,40.72307692,31.98461538,39.13076923,39.78461538,39.96153846,37.20769231,32.37692308,24.86923077,36.05384615,48.83076923,
790.2455584,35.52307692,41.78461538,31.13076923,24.35384615,40.53076923,33.00769231,26.88461538,27.52307692,39.25384615,25.63076923,
790.4265265,38.62307692,34.08461538,15.76153846,35.58461538,45.26153846,31.40769231,34.77692308,48.82307692,31.95384615,37.23076923,
790.607478,38.72307692,30.84615385,30.17692308,33.26153846,38.06153846,34.70769231,39.37692308,32.98461538,31.15384615,25.84615385,
790.7884129,43.48461538,33.48461538,31.83076923,30.03076923,41.66153846,32.70769231,37.71538462,36.22307692,24.58461538,38.83076923,
790.9693313,28.12307692,36.94615385,34.33076923,34.36923077,30.16153846,34.20769231,20.80769231,39.52307692,39.17692308,26.03076923,
791.1502332,44.42307692,44.68461538,38.41538462,52.78461538,34.8,35.20769231,37.97692308,31.42307692,41.37692308,39.33076923,
791.3311184,28.52307692,28.68461538,19.56923077,30.48461538,36.36153846,26.20769231,26.67692308,22.1,23.95384615,26.68461538,
791.5119871,34.91538462,34.28461538,37.73076923,30.62307692,43.16153846,35.50769231,32.77692308,31.72307692,32.35384615,28.33076923,
791.6928393,30.72307692,29.44615385,32.23076923,41.68461538,34.06153846,33.90769231,34.16153846,24.93846154,24.55384615,44.53076923,
791.8736748,36.32307692,31.58461538,23.22307692,44.08461538,35.46153846,34.90769231,35.97692308,35.72307692,42.35384615,37.58461538,
792.0544938,34.42307692,33.78461538,23.93076923,41.78461538,24.7,21.60769231,33.27692308,20.92307692,28.75384615,32.63076923,
792.2352962,32.12307692,32.64615385,32.23076923,39.48461538,40.16153846,32.40769231,37.57692308,19.62307692,38.85384615,33.03076923,
792.416082,29.90769231,23.77692308,22.16153846,33.26923077,28.96153846,29.10769231,26.47692308,28.58461538,33.45384615,23.96153846,
792.5968512,36.82307692,44.98461538,25.73076923,30.76923077,26.7,31.80769231,29.36153846,28.42307692,25.35384615,36.73076923,
792.7776039,23.98461538,39.08461538,30.93076923,38.88461538,41.37692308,23.29230769,26.27692308,27.18461538,38.45384615,26.43076923,
792.9583399,43.52307692,29.28461538,32.13076923,32.58461538,31.18461538,22.73846154,35.07692308,22.15384615,31.73076923,31.01538462,
793.1390594,36.72307692,25.04615385,27.33076923,30.98461538,25.58461538,29.76923077,30.30769231,40.62307692,27.25384615,31.83076923,
793.3197623,37.61538462,36.88461538,19.31538462,38.88461538,30.66153846,25.09230769,35.17692308,35.28461538,29.39230769,21.78461538,
793.5004485,28.53076923,28.49230769,24.33076923,34.78461538,28.78461538,34.70769231,23.77692308,17.00769231,34.76153846,31.33076923,
793.6811182,37.71538462,35.28461538,34.43076923,25.66923077,35.36153846,29.68461538,36.50769231,35.87692308,29.67692308,31.88461538,
793.8617713,34.92307692,31.54615385,22.83076923,38.18461538,25.86153846,33.01538462,23.61538462,27.22307692,36.85384615,23.83076923,
794.0424078,25.72307692,38.14615385,34.13076923,28.76923077,35.46923077,30.40769231,28.50769231,22.12307692,29.65384615,27.21538462,
794.2230276,20.23076923,31.08461538,28.93076923,23.88461538,37.96153846,22.16923077,35.47692308,21.90769231,38.45384615,28.13076923,
794.4036309,29.18461538,34.78461538,30.33076923,30.28461538,36.46153846,33.40769231,31.07692308,26.82307692,40.65384615,30.88461538,
794.5842175,29.56923077,22.18461538,16.95384615,25.74615385,25.48461538,29.30769231,24.87692308,33.02307692,24.67692308,26.23076923,
794.7647876,29.50769231,25.00769231,37.63076923,34.48461538,26.63076923,23.60769231,27.51538462,16.20769231,30.37692308,31.33076923,
794.945341,33.52307692,31.28461538,23.46153846,28.98461538,26.86923077,20.01538462,30.91538462,33.82307692,26.95384615,22.08461538,
795.1258778,32.52307692,24.24615385,26.12307692,38.56923077,33.16153846,30.20769231,23.78461538,23.52307692,33.15384615,37.93076923,
795.306398,41.52307692,33.27692308,28.11538462,28.78461538,31.56153846,20.51538462,25.71538462,23.52307692,24.05384615,37.33076923,
795.4869015,30.02307692,33.08461538,22.95384615,43.23076923,30.56153846,22.00769231,26.81538462,23.21538462,34.75384615,33.53076923,
795.6673885,33.02307692,21.74615385,24.91538462,27.24615385,35.36153846,24.93846154,33.87692308,19.42307692,30.15384615,31.28461538,
795.8478588,31.54615385,31.5,38.53846154,31.23076923,40.86153846,18.45384615,27.77692308,35.37692308,24.13846154,39.25384615,
796.0283124,31.88461538,19.90769231,19.73076923,36.98461538,30.46153846,25.20769231,17.41538462,22.74615385,34.51538462,25.35384615,
796.2087495,25.92307692,36.28461538,23.23846154,33.78461538,39.26153846,25.7,30.80769231,26.72307692,28.71538462,32.73076923,
796.3891699,27.23076923,41.58461538,20.73076923,17.13846154,31.06923077,29.53076923,35.3,28.32307692,17.65384615,16.70769231,
796.5695737,29.24615385,26.46153846,36.63076923,33.28461538,32.76153846,26.21538462,28.87692308,33.72307692,31.15384615,27.23076923,
796.7499608,26.12307692,23.95384615,29.53076923,28.58461538,34.16153846,21.6,25.90769231,28.84615385,19.75384615,26.66153846,
796.9303313,29.82307692,27.98461538,27.13076923,36.74615385,24.77692308,28.13076923,30.84615385,34.12307692,24.42307692,31.23076923,
797.1106851,21.76923077,31.88461538,25.73076923,24.38461538,16.65384615,31.00769231,11.14615385,23.94615385,20.63846154,18.17692308,
797.2910223,42.82307692,34.04615385,27.73076923,32.64615385,25.56923077,19.69230769,28.27692308,31.92307692,21.95384615,44.83076923,
797.4713429,39.82307692,28.18461538,25.46153846,39.96923077,30.17692308,20.24615385,16.15384615,23.46153846,17.57692308,26.23076923,
797.6516468,37.73076923,27.60769231,25.13846154,30.90769231,30.56153846,31.70769231,25.48461538,25.62307692,22.75384615,27.28461538,
797.831934,27.12307692,17.24615385,20.33846154,25.88461538,21.08461538,22.43846154,16.18461538,11.19230769,22.47692308,24.85384615,
798.0122046,36.12307692,33.68461538,28.93076923,21.45384615,29.66153846,21.23076923,28.01538462,29.72307692,26.07692308,26.07692308,
798.1924585,30.62307692,18.34615385,29.46923077,29.08461538,20.71538462,28.80769231,27.01538462,18.54615385,33.25384615,26.75384615,
798.3726958,33.53076923,28.24615385,24.76153846,30.66923077,28.46153846,20.96923077,22.27692308,34.57692308,42.55384615,31.83076923,
798.5529164,29.18461538,28.58461538,21.71538462,28.98461538,25.88461538,11.06923077,16.24615385,23.82307692,25.11538462,18.74615385,
798.7331204,29.32307692,32.74615385,25.93846154,26.53076923,26.80769231,26.94615385,18.57692308,29.67692308,26.55384615,30.08461538,
798.9133076,31.92307692,22.54615385,18.06153846,32.04615385,29.86153846,21.90769231,26.08461538,22.97692308,22.22307692,25.25384615,
799.0934782,28.22307692,28.04615385,24.61538462,27.18461538,40.06153846,25.7,23.84615385,19.43846154,27.44615385,30.71538462,
799.2736322,24.32307692,21.84615385,16.06153846,27.76923077,24.48461538,26.64615385,28.47692308,21.47692308,29.51538462,22.08461538,
799.4537694,26.86153846,26.54615385,28.53846154,30.36923077,31.16153846,17.2,36.57692308,25.13846154,21.82307692,29.63076923,
799.63389,24.39230769,19.24615385,24.93846154,33.58461538,32.76153846,16.46923077,20.74615385,23.54615385,22.18461538,20.15384615,
799.8139939,35.12307692,36.74615385,26.33846154,33.28461538,32.71538462,26.70769231,22.27692308,31.92307692,23.7,26.43076923,
799.9940811,20.91538462,13.80769231,19.67692308,32.18461538,29.66153846,15.69230769,14.47692308,37.82307692,24.31538462,27.23076923,
800.1741516,28.91538462,24.89230769,31.53076923,28.78461538,31.96923077,26.34615385,18.54615385,22.02307692,24.24615385,36.03076923,
800.3542054,31.06923077,29.28461538,25.53076923,30.18461538,26.57692308,17.60769231,18.89230769,28.52307692,28.55384615,29.03076923,
800.5342426,27.56153846,27.08461538,19.13076923,35.38461538,32.36923077,18.60769231,30.17692308,26.55384615,24.75384615,26.03846154,
800.714263,20.40769231,34.78461538,21.05384615,22.61538462,31.36153846,13.20769231,16.20769231,23.53846154,21.50769231,18.76153846,
800.8942668,22.80769231,27.19230769,25.06923077,29.98461538,24.4,21.01538462,18.25384615,24.9,33.45384615,24.63076923,
801.0742538,22.12307692,14.53846154,25.65384615,20.56923077,33.16153846,17.13846154,20.41538462,25.63076923,27.18461538,28.06153846,
801.2542242,30.33076923,22.58461538,26.43076923,22.90769231,20.06923077,29.30769231,23.07692308,25.68461538,28.42307692,27.93076923,
801.4341779,26.92307692,23.18461538,25.61538462,29.23076923,25.67692308,22.66923077,29.00769231,26.02307692,19.42307692,23.61538462,
801.6141148,24.22307692,24.44615385,24.33076923,26.48461538,33.26153846,19.90769231,23.04615385,23.14615385,33.45384615,20.68461538,
801.7940351,20.10769231,23.68461538,21.37692308,11.71538462,32.56153846,25.20769231,17.2,23.80769231,15.31538462,17.5,
801.9739386,64.12307692,56.08461538,51.53076923,52.38461538,45.76153846,50.60769231,56.27692308,47.72307692,58.25384615,55.33076923,
802.1538254,17.08461538,26.04615385,15.50769231,28.68461538,21.86923077,17.76923077,16.06153846,23.27692308,17.93076923,19.13076923,
802.3336955,33.22307692,36.64615385,22.76923077,22.58461538,20.3,22.76923077,28.00769231,23.83846154,29.17692308,21.55384615,
802.5135489,25.13076923,20.30769231,23.77692308,24.03076923,15.33076923,19.2,23.96153846,17.45384615,21.91538462,16.87692308,
802.6933856,18.32307692,24.28461538,23.53076923,32.98461538,27.27692308,20.60769231,28.17692308,21.07692308,16.70769231,30.23076923,
802.8732055,19.67692308,15.84615385,9.876923077,22.46923077,17.27692308,20.00769231,18.47692308,17.69230769,17.85384615,18.67692308,
803.0530088,29.92307692,27.38461538,25.12307692,25.78461538,24.28461538,23.43846154,29.87692308,29.66923077,21.27692308,28.97692308,
803.2327953,20.31538462,21.90769231,17.71538462,26.23076923,35.97692308,22.33846154,20.13846154,19.2,21.15384615,23.68461538,
803.412565,23.61538462,28.38461538,21.93076923,37.18461538,15.36923077,28.80769231,27.87692308,22.35384615,18.79230769,29.33076923,
803.5923181,15.20769231,13.99230769,15.67692308,24.78461538,28.76923077,10.06153846,14.12307692,20.59230769,22.63076923,17.9,
803.7720544,23.62307692,30.28461538,18.54615385,31.16923077,22.4,25.24615385,33.86923077,15.16153846,24.33846154,23.66153846,
803.951774,24.14615385,18.20769231,20.60769231,23.18461538,24.58461538,19.70769231,22.07692308,23.22307692,18.78461538,21.95384615,
804.1314768,34.62307692,34.38461538,22.63076923,16.24615385,20.08461538,16.6,20.8,31.53076923,19.9,22.86153846,
804.3111629,25.42307692,20.14615385,27.33846154,18.73076923,31.08461538,12.43846154,20.3,19.98461538,19.06923077,17.78461538,
804.4908322,25.76153846,22,25.52307692,30.28461538,30.96153846,22.60769231,29.77692308,19.28461538,31.35384615,29.83076923,
804.6704848,24.00769231,13.65384615,26.72307692,28.36923077,16.48461538,20.60769231,19.11538462,18.04615385,29.25384615,17.85384615,
804.8501207,31.10769231,27.68461538,21.10769231,26.13076923,27.25384615,28.90769231,20.31538462,15.58461538,30.36153846,34.93076923,
805.0297398,35.02307692,29.08461538,13.83846154,20.26153846,32.56153846,15.40769231,13.64615385,21.53846154,19.43076923,15.11538462,
805.2093421,30.41538462,25.64615385,32.43076923,19.24615385,26.26153846,14.83846154,17.70769231,18.49230769,26.22307692,23.33076923,
805.3889277,24.76153846,17.38461538,15.51538462,11.3,22.77692308,25.60769231,25.74615385,16.45384615,22.13076923,28.23076923,
805.5684965,24.42307692,19.74615385,30.43076923,19.80769231,29.06153846,18.12307692,23.88461538,29.38461538,35.95384615,32.94615385,
805.7480486,25.54615385,20.84615385,10.4,11.21538462,21.90769231,17.16923077,27.40769231,19.60769231,16.22307692,18.2,
805.9275839,31.21538462,22.68461538,24.16923077,24.13076923,24.26153846,17.43076923,19.71538462,23.02307692,28.45384615,24.73076923,
806.1071025,24.24615385,15.46923077,15.95384615,18.48461538,26.00769231,17.56923077,18.53076923,27.43846154,17.22307692,11.19230769,
806.2866043,28.52307692,29.98461538,20.30769231,32.86923077,25.86153846,18.2,34.97692308,20.04615385,16.37692308,30.76153846,
806.4660893,22.20769231,22.84615385,14.03846154,23.18461538,14.11538462,17.76923077,24.97692308,15.19230769,15.17692308,28.13076923,
806.6455575,24.40769231,23.04615385,24.04615385,16.53076923,28.2,22.40769231,25.55384615,17.86923077,28.65384615,13.94615385,
806.825009,26.02307692,13.18461538,19.53846154,30.78461538,22.97692308,22.90769231,13.8,20.03076923,19.17692308,10.96923077,
807.0044436,19.08461538,22.34615385,18.42307692,18.23076923,17.50769231,23.26923077,23.57692308,20.13076923,26.99230769,16.90769231,
807.1838615,14.65384615,20.88461538,23.75384615,22.59230769,20.80769231,15,17.37692308,27.04615385,21.05384615,15.78461538,
807.3632627,29.42307692,18.30769231,18.98461538,27.48461538,20.30769231,18.00769231,25.31538462,24.62307692,30.55384615,18.03076923,
807.542647,17.46153846,13.80769231,22.36153846,18.93076923,16.14615385,28.90769231,19.20769231,24.94615385,11.66923077,27.08461538,
807.7220146,25.16153846,17.88461538,15.88461538,19.08461538,25.76153846,13.23076923,16.78461538,17.14615385,17.46923077,14.58461538,
807.9013653,14.42307692,22.04615385,13.50769231,27.58461538,18.47692308,29.30769231,20.01538462,11.98461538,17.84615385,16.73076923,
808.0806993,24.21538462,23.54615385,18.18461538,24.74615385,23.46153846,22,28.70769231,17.46153846,20.37692308,17.31538462,
808.2600165,23.4,16.38461538,24.56923077,16.57692308,25.86153846,9.315384615,25.97692308,18.2,22.71538462,18.7,
808.4393168,23.12307692,21.38461538,21.93076923,23.54615385,28.46153846,13.30769231,26.57692308,21.6,21.37692308,24.83076923,
808.6186004,11.8,28.28461538,17.2,16.68461538,25.43846154,24.80769231,18.79230769,27.29230769,11.8,8.284615385,
808.7978672,10.77692308,19,36.13846154,17.44615385,19.3,28.50769231,19.43846154,16.83846154,23.47692308,24.33076923,
808.9771172,23.98461538,21.24615385,13.13076923,18.68461538,27.16153846,23.76923077,19.18461538,31.63076923,22.05384615,15.24615385,
809.1563503,32.43076923,20.22307692,25.13076923,17.7,27.21538462,19.16923077,27.07692308,18.70769231,26.85384615,19.85384615,
809.3355667,21.70769231,12.16153846,22.83846154,13.49230769,12.7,12.56923077,28.38461538,17.86923077,15.55384615,16.71538462,
809.5147662,12.86153846,22.08461538,19.46153846,28.78461538,17.66923077,20.7,23.24615385,30.22307692,23.85384615,22.83076923,
809.693949,18.76923077,22.54615385,13.48461538,15.32307692,18.33076923,10.51538462,14.56923077,17.90769231,19.98461538,17.86153846,
809.8731149,20.56923077,21.88461538,11.91538462,18.88461538,24.06153846,17.9,15.74615385,16.30769231,18.61538462,17.41538462,
810.052264,22.02307692,17.74615385,22.53846154,14.73076923,16.76153846,23.36923077,8.607692308,16.93076923,21.73846154,16.23076923,
810.2313963,29.52307692,25.94615385,22.03076923,27.38461538,19.68461538,21.5,29.68461538,35.32307692,27.55384615,20.10769231,
810.4105117,29.62307692,28.14615385,18.87692308,19.18461538,26.82307692,18.49230769,10.17692308,11.66923077,15.74615385,13.64615385,
810.5896103,23.20769231,25.10769231,18.22307692,28.88461538,23.36923077,23.06923077,24.67692308,15.59230769,14.31538462,26.04615385,
810.7686921,21.73846154,23.94615385,15.16923077,11.07692308,21.56153846,19.39230769,15.28461538,23.32307692,12.44615385,19.03076923,
810.9477571,33.22307692,18.00769231,19.87692308,21.38461538,22.79230769,23.70769231,24.78461538,32.46153846,23.44615385,24.48461538,
811.1268052,18.92307692,13.90769231,14.54615385,13.1,29.57692308,20.79230769,10.90769231,15.9,12.93846154,19.76923077,
811.3058365,22.32307692,21.34615385,15.43846154,15.53076923,22.76153846,17.10769231,14.38461538,13.30769231,10.10769231,20.93076923,
811.484851,15.40769231,21.64615385,23.06923077,10.55384615,19.98461538,10.22307692,20.36923077,18.13076923,15.28461538,20.03076923,
811.6638486,30.12307692,17.35384615,16.46153846,17.15384615,23.33076923,18.08461538,27.70769231,15.76153846,15,18.98461538,
811.8428294,12.48461538,18.64615385,20.61538462,22.08461538,13.06153846,18.33076923,20.38461538,10.86923077,19.77692308,11.54615385,
812.0217934,30.50769231,21.90769231,21.06153846,24.34615385,24.03076923,11.21538462,24.38461538,17.06923077,13.08461538,25.35384615,
812.2007404,12.3,13.06923077,12.38461538,13.66153846,23.93076923,12.86153846,16.65384615,20.66153846,10.71538462,22.65384615,
812.3796707,27.22307692,27.74615385,26.53076923,21.81538462,14.1,7.669230769,26.37692308,29.92307692,13.01538462,25.19230769,
812.5585841,19.92307692,17.66923077,14.81538462,17.81538462,20.97692308,13.36923077,14.25384615,15.52307692,8.107692308,17.33846154,
812.7374806,26.21538462,20.54615385,18.17692308,25.84615385,19.56923077,27.80769231,25.87692308,12.67692308,25.86153846,19.5,
812.9163603,13.10769231,15.21538462,15.13076923,12.95384615,15.96923077,12.62307692,16.31538462,24,14.56923077,14.48461538,
813.0952231,15.74615385,22.86153846,17.4,21.66923077,8.746153846,13.23846154,17.50769231,15.59230769,16.56923077,20.73076923,
813.274069,30.52307692,22.84615385,13.93076923,13.91538462,23.18461538,8.207692308,16.10769231,17.56923077,16.54615385,23.03076923,
813.4528981,21.46923077,19.24615385,16.62307692,22.91538462,11.78461538,21.70769231,16.00769231,12.82307692,22.97692308,21.63076923,
813.6317103,24.22307692,19.04615385,16.08461538,9.776923077,21.26153846,15.6,15.08461538,19.04615385,5.953846154,12.65384615,
813.8105057,19.36923077,21.19230769,14.24615385,35.88461538,32.16153846,15.10769231,26.21538462,8.238461538,18.71538462,15.71538462,
813.9892842,16.48461538,18.98461538,11.86153846,16.83846154,10.42307692,12.56923077,20.41538462,16.11538462,15.21538462,21.7,
814.1680458,15.31538462,12.53076923,21.02307692,19,14.62307692,18,25.80769231,17.87692308,23.05384615,17.06923077,
814.3467905,14.56153846,12.89230769,9.692307692,16.06923077,10.30769231,18.84615385,14.03846154,15.92307692,22.87692308,13.91538462,
814.5255184,21.52307692,19.1,17.37692308,16.57692308,21.30769231,8.546153846,24.37692308,20.60769231,19.96923077,15.21538462,
814.7042293,24.58461538,22.70769231,20.15384615,14.96923077,14.87692308,13.63846154,29.50769231,12.30769231,13.92307692,13.05384615,
814.8829234,32.72307692,22.06153846,13.10769231,21.58461538,27.37692308,21.36923077,21.33846154,10.01538462,23.45384615,23.48461538,
815.0616006,20.86153846,14.65384615,13.68461538,11.57692308,19.7,17.07692308,12.17692308,21.83846154,13.24615385,12.68461538,
815.2402609,19.65384615,23.18461538,18.76153846,17.53076923,23.39230769,19.49230769,25.81538462,16.79230769,15.23076923,20.60769231,
815.4189044,27.41538462,16.75384615,12.99230769,16.90769231,18.70769231,19.34615385,14.83846154,7.792307692,11.33076923,10.85384615,
815.5975309,24.32307692,20.80769231,12.33846154,20.16923077,26.56153846,23.30769231,23.61538462,14.65384615,14.65384615,24.51538462,
815.7761405,15.11538462,7.623076923,13.82307692,8.769230769,17.98461538,8.192307692,22.65384615,13.50769231,13.10769231,17.33846154,
815.9547332,15.11538462,11.7,13.30769231,25.91538462,23.56153846,17.29230769,20.18461538,19.68461538,24.15384615,19.58461538,
816.1333091,18.72307692,22.85384615,15.30769231,12.17692308,9.353846154,10.86923077,11.84615385,8.061538462,12.16153846,18.49230769,
816.311868,13.48461538,13.08461538,14.66153846,24.63076923,28.56923077,12.10769231,23.31538462,30.13076923,12.72307692,10.56153846,
816.49041,18.3,16.34615385,9.630769231,14.36923077,12.96923077,18.33076923,19.08461538,18.73846154,13.69230769,12.74615385,
816.6689351,30.62307692,22.56923077,17.45384615,23.03076923,24,14.40769231,14.41538462,18.17692308,16.87692308,7.423076923,
816.8474433,20.20769231,15.3,15.42307692,9.092307692,16.86923077,13.13076923,21.19230769,8.323076923,21.07692308,19.53076923,
817.0259346,22.60769231,10.14615385,18.52307692,17.83076923,26.96923077,16.33076923,15.61538462,19.27692308,33.15384615,13.91538462,
817.204409,18.34615385,24.58461538,13.43076923,15.94615385,11.83076923,14.10769231,21.67692308,16.73846154,13.55384615,17.81538462,
817.3828665,27.22307692,22.04615385,18.06153846,11.32307692,18.8,18.00769231,22.82307692,28.13846154,16.9,15.13076923,
817.561307,14.66153846,19.80769231,22.86923077,22.46923077,13.20769231,15.96923077,13.20769231,11.33076923,15.53846154,15.73076923,
817.7397306,34.22307692,26.58461538,23.67692308,16.41538462,16.97692308,21.70769231,24.11538462,11.48461538,17.37692308,17.58461538,
817.9181373,14.77692308,19.70769231,20.65384615,20.03076923,23.59230769,12.5,16.11538462,12.00769231,22.51538462,11.63076923,
818.0965271,12.07692308,22.04615385,16.20769231,21.63076923,14.13076923,11.48461538,15.11538462,15.47692308,16.08461538,20.03076923,
818.2748999,27.61538462,12.46923077,15.44615385,17.57692308,15.66153846,11.39230769,12.85384615,19,20.81538462,16.20769231,
818.4532558,21.91538462,27.04615385,13.13076923,25.38461538,15.67692308,12.52307692,14.40769231,17.02307692,25.41538462,20.43076923,
818.6315948,7.676923077,19.04615385,12.42307692,16.16153846,14.97692308,19.14615385,14.44615385,12.8,18.77692308,13.59230769,
818.8099168,19.52307692,11.54615385,16.33076923,24.71538462,23.15384615,18.36923077,26.98461538,6.215384615,18.25384615,26.16153846,
818.9882219,22.74615385,15.40769231,15.79230769,16.53076923,16.74615385,6.084615385,12.70769231,11.19230769,8.792307692,18.83076923,
819.1665101,10.79230769,12.64615385,22.18461538,15.23846154,17.95384615,13.83076923,21.46153846,20.04615385,22.57692308,21.23076923,
819.3447813,18.37692308,14.00769231,20.1,11.46153846,9.653846154,14.63846154,13.20769231,10.23846154,18.34615385,21.42307692,
819.5230355,19.85384615,20.80769231,15.76923077,17.56923077,13.58461538,19.40769231,17.17692308,11.89230769,13.81538462,12.28461538,
819.7012728,17.43076923,11.86153846,16.51538462,14.51538462,13.63076923,15.32307692,13.57692308,15.91538462,15.28461538,17.27692308,
819.8794932,16.05384615,20.48461538,10.56153846,18.96923077,24.62307692,15.13846154,23.37692308,14.09230769,18.76153846,12.13076923,
820.0576966,14.74615385,15.04615385,14.87692308,19.43076923,20.46153846,12.00769231,18.64615385,14.09230769,12.57692308,12.76153846,
820.2358831,22.46153846,18.64615385,12.06153846,22.41538462,21.3,18.5,19.2,15.24615385,19.65384615,21.11538462,
820.4140525,15.00769231,13.50769231,15.19230769,7.430769231,11.6,16.65384615,9.815384615,7.776923077,15.85384615,18.00769231,
820.5922051,22.36923077,24.08461538,16.86923077,15.95384615,20.97692308,8.5,16.25384615,22.12307692,9.730769231,24.37692308,
820.7703406,18.33846154,12.76153846,7.615384615,14.66923077,16.05384615,19.06153846,15.8,11.55384615,14.76153846,10.49230769,
820.9484592,21.00769231,14.65384615,22.63846154,18.04615385,24.16153846,19.3,20.92307692,13.05384615,7.730769231,26.43076923,
821.1265609,15.41538462,11.86153846,12.93846154,20.18461538,15.79230769,7,11.50769231,13.54615385,18.57692308,10.68461538,
821.3046455,20.11538462,19.28461538,11.85384615,22.24615385,18.86923077,15.50769231,14.41538462,22.82307692,21.47692308,20.76923077,
821.4827132,17.12307692,12.31538462,19.26923077,25.34615385,9,14.27692308,14.63076923,14.65384615,13.35384615,15.55384615,
821.6607639,17.46153846,20.64615385,20.91538462,19.46923077,15.13846154,23.70769231,20.56923077,17.68461538,17.67692308,20.40769231,
821.8387977,13.45384615,14.43846154,14.87692308,12.91538462,16.80769231,17.76923077,18.36923077,17.12307692,16.03846154,6.307692308,
822.0168144,16.84615385,16.19230769,19.00769231,19.84615385,19.47692308,11.64615385,9.438461538,16.32307692,17.97692308,15.23076923,
822.1948142,11.13076923,18.24615385,13.63076923,15.30769231,6.338461538,17.36923077,13.17692308,13.29230769,8.753846154,25.54615385,
822.372797,24.45384615,18.90769231,13.18461538,14.23076923,26.03076923,12.83076923,24.26153846,10.23076923,12.70769231,19.43076923,
822.5507628,15.74615385,15.44615385,19.71538462,14.59230769,22.32307692,15.16153846,14.84615385,17.12307692,12.59230769,13.06923077,
822.7287116,19.61538462,18.14615385,16.60769231,14.23076923,20.92307692,23.70769231,17.35384615,21.62307692,15.87692308,14.03076923,
822.9066434,22.6,20.16923077,16.60769231,20.36923077,15.44615385,22.68461538,14.55384615,19.13076923,3.576923077,8.546153846,
823.0845582,32.90769231,19.28461538,17.92307692,18.36923077,16.61538462,20.79230769,25.40769231,24.76153846,11.30769231,14.43076923,
823.262456,14.84615385,13.55384615,9.253846154,20.83076923,19.30769231,20.83076923,14.14615385,15.55384615,14.80769231,23.33076923,
823.4403369,24.32307692,15.27692308,20.56923077,8.776923077,9.538461538,15.78461538,8.630769231,22.72307692,17.54615385,13.57692308,
823.6182007,25.93076923,15.40769231,9.553846154,17.3,17.49230769,6.430769231,16.04615385,6.992307692,16.01538462,13.91538462,
823.7960475,13.10769231,14.80769231,20.22307692,20.76923077,13.2,9.353846154,20.66153846,17.96153846,13.2,19.58461538,
823.9738773,18.51538462,13.30769231,11.11538462,21.26923077,8.430769231,17.16153846,18.44615385,18.33846154,25.21538462,17.07692308,
824.1516901,20.06923077,15.95384615,14.40769231,21.26923077,18.96923077,18.53076923,19.42307692,19.20769231,18.70769231,16.56153846,
824.3294859,16.15384615,16.69230769,15.82307692,15.33076923,21.11538462,18.66153846,20.07692308,8.746153846,4.653846154,18.53076923,
824.5072647,21.62307692,20.38461538,12.01538462,8.207692308,12.1,18.29230769,15.76153846,17.20769231,22.61538462,12.35384615,
824.6850264,16.56153846,18.84615385,19.36153846,10.98461538,8.915384615,9.4,19.30769231,11.00769231,15.88461538,21.88461538,
824.8627711,11.53846154,11.79230769,16.66923077,17.34615385,19.76153846,15.2,16.54615385,17.31538462,23.37692308,10.51538462,
825.0404989,8.076923077,11.02307692,13.54615385,11.89230769,23.51538462,15.70769231,18.97692308,6.176923077,11.88461538,15.05384615,
825.2182095,18.03076923,27.68461538,19.95384615,8.730769231,20.06153846,23.15384615,15.91538462,14.58461538,21.00769231,19.74615385,
825.3959032,20.76153846,9.776923077,16.46153846,12.1,10.97692308,18.51538462,12.20769231,14.77692308,10.26153846,7.192307692,
825.5735798,18.26923077,12.5,15.97692308,19.14615385,12.49230769,13.86923077,12.20769231,20.46153846,13.28461538,21.68461538,
825.7512395,10.26153846,11.8,17.13846154,16.26923077,9.738461538,4.807692308,13.26923077,8.784615385,8.430769231,11.25384615,
825.928882,9.107692308,22.14615385,20.86923077,16.49230769,21.66153846,9.269230769,9.915384615,18.91538462,27.41538462,22.31538462,
826.1065076,14.25384615,13.30769231,11.91538462,15.49230769,11,7.169230769,7.161538462,10.20769231,16.05384615,15.86153846,
826.2841161,22.14615385,11.05384615,17.13846154,12.04615385,19.01538462,14.38461538,15.71538462,9.669230769,10.88461538,6.115384615,
826.4617075,10.46923077,12.96153846,9.584615385,17.76923077,11.62307692,8.561538462,24.20769231,10.06153846,10.25384615,17.61538462,
826.6392819,19.52307692,19.54615385,12.45384615,18.16153846,8.853846154,20.30769231,18.39230769,10.03846154,28.05384615,18.35384615,
826.8168393,11.33076923,18.30769231,17.32307692,15.96153846,11.43076923,13.62307692,12.20769231,13.73846154,8.084615385,8.707692308,
826.9943796,20.89230769,15.84615385,19.96923077,16.94615385,27.56153846,16.18461538,13.3,16.26923077,18.39230769,12.86153846,
827.1719029,18.82307692,15.93846154,9.069230769,14.44615385,18.62307692,8.015384615,11.67692308,12.13076923,4.015384615,20.46153846,
827.3494091,15.50769231,16.32307692,16.30769231,7.869230769,22.98461538,16.90769231,28.11538462,13.96923077,14.33846154,25.38461538,
827.5268982,16.40769231,11.52307692,4.830769231,19.20769231,7.046153846,11.14615385,17.87692308,15.64615385,15.66923077,6.753846154,
827.7043703,10.04615385,21.31538462,17.54615385,11.02307692,9.338461538,13.53076923,20.84615385,22.92307692,10.54615385,15.48461538,
827.8818254,22.46153846,9.746153846,17.06923077,13.56923077,9.753846154,8.446153846,9.576923077,20.42307692,15.10769231,17.29230769,
828.0592634,12.22307692,9.923076923,15.87692308,11.43076923,22.76153846,13.87692308,21.57692308,12.36923077,11.57692308,17.27692308,
828.2366843,14.92307692,11.51538462,10.21538462,16.34615385,12.38461538,14.33076923,16.55384615,9.307692308,12.04615385,13.23076923,
828.4140881,14.63076923,10.40769231,7.769230769,22.16923077,12.68461538,19.43846154,16.15384615,14.15384615,14.18461538,15.18461538,
828.5914749,9.292307692,13.60769231,15.76923077,12.16923077,8.692307692,6.969230769,10.90769231,5.130769231,14.22307692,8.184615385,
828.7688446,8.861538462,16.94615385,13.22307692,19.55384615,20.97692308,20.46153846,18.90769231,16.37692308,18.27692308,12.36923077,
828.9461972,19.13846154,12.10769231,7.553846154,15.04615385,15.72307692,8.738461538,9.838461538,15.3,7.676923077,10.53846154,
829.1235328,8.615384615,10.45384615,20.26923077,19.61538462,19.92307692,11.43076923,11.45384615,7.676923077,21.82307692,18.48461538,
829.3008513,25.91538462,15.55384615,7.676923077,15.3,16.15384615,13.96923077,15.39230769,16.55384615,8.553846154,16.9,
829.4781526,22.14615385,12.62307692,16.95384615,16.08461538,11.40769231,14.00769231,12.73846154,13.04615385,19.64615385,15.43076923,
829.6554369,10.2,12.33846154,15.74615385,20.7,11.48461538,16.61538462,14.95384615,12.58461538,26.85384615,13.91538462,
829.8327042,29.63076923,10.10769231,15.21538462,12.41538462,11.70769231,26.40769231,17.46153846,18.84615385,23.91538462,13.45384615,
830.0099543,13,12.70769231,9.007692308,12.69230769,18.90769231,13.98461538,12.11538462,8.476923077,8.576923077,11.89230769,
830.1871873,17.14615385,7.815384615,11.77692308,17.56923077,18.66923077,15.93076923,10.59230769,20.94615385,22.71538462,25.43076923,
830.3644033,11.45384615,9.930769231,10.33076923,12.37692308,13.13076923,14.32307692,12.59230769,20.96923077,13.06153846,9.007692308,
830.5416021,14.40769231,7.353846154,17.46923077,11.90769231,17.80769231,20.67692308,19.33076923,12.71538462,19.35384615,14.6,
830.7187839,13.6,18.04615385,5.084615385,17.50769231,11.38461538,10.83846154,9.292307692,7.207692308,10.33846154,17.77692308,
830.8959485,19.40769231,9.776923077,16.37692308,22.88461538,13.67692308,14.25384615,18.52307692,19.33846154,20.75384615,8.984615385,
831.0730961,19.69230769,18.04615385,11.35384615,13.42307692,10.86153846,11.70769231,21.12307692,19.35384615,18.09230769,12.18461538,
831.2502265,19.72307692,11.83846154,17.38461538,19.50769231,15.16923077,15.79230769,11.08461538,7.884615385,9.184615385,14.56923077,
831.4273398,24.62307692,14.71538462,12.88461538,9.192307692,16.69230769,15.9,15.65384615,7.315384615,11.91538462,7.684615385,
831.604436,8.930769231,20.20769231,12.34615385,11.01538462,15.21538462,9.792307692,21.36153846,17.06153846,14.6,15.3,
831.7815151,10.72307692,8.838461538,3.484615385,12.01538462,9.346153846,13.31538462,11.25384615,10.53846154,10.36153846,10.95384615,
831.9585771,16.25384615,17.3,10.90769231,9.907692308,10.42307692,15.92307692,14.8,11.70769231,16.47692308,17.40769231,
832.135622,17.76153846,13.36153846,17.82307692,10.16153846,8.261538462,13.63076923,12.72307692,7.946153846,9.438461538,12.19230769,
832.3126497,11.18461538,20.34615385,5.615384615,12.92307692,19.96923077,12.53846154,18.69230769,24.29230769,6.107692308,14.73076923,
832.4896604,11.83076923,6.469230769,13.57692308,15.54615385,7.407692308,9.376923077,18.84615385,10.44615385,15.12307692,9.307692308,
832.6666539,14.71538462,3.623076923,20.75384615,20.68461538,17.22307692,10.32307692,10.50769231,17.38461538,12.04615385,12.46153846,
832.8436302,17.91538462,8.684615385,6.746153846,11.35384615,8.053846154,8.569230769,13.88461538,20.10769231,12.06923077,7.738461538,
833.0205895,20.03076923,17.30769231,16.16923077,16.33076923,21.46153846,16.56153846,21.76153846,15.3,13.33846154,22.75384615,
833.1975316,18.72307692,7.430769231,8.123076923,10.91538462,12.13076923,11.28461538,21.15384615,8.607692308,11.8,19.18461538,
833.3744566,20.57692308,17.30769231,11.46923077,20.93076923,12,7.238461538,10.46923077,16.06153846,19.26923077,16.36923077,
833.5513644,9.507692308,8.507692308,5.684615385,9.507692308,10.79230769,10.54615385,12.11538462,11.35384615,6.323076923,18.56923077,
833.7282551,20.46153846,6.676923077,17.53846154,9.569230769,18.40769231,10.85384615,14.73076923,10.34615385,10.97692308,20.85384615,
833.9051286,23.91538462,4.438461538,11.1,13.61538462,7.746153846,9.438461538,10.41538462,14.96923077,12.16153846,13.98461538,
834.081985,22.82307692,6.669230769,13.69230769,12.43076923,13.98461538,15.94615385,9.161538462,18.23846154,10,28.76923077,
834.2588243,12.60769231,14.21538462,11.46923077,12.31538462,15.3,9.130769231,7.938461538,10.18461538,12.87692308,6.846153846,
834.4356464,15.94615385,9.069230769,17.81538462,20.40769231,13.54615385,8.923076923,10.99230769,11.90769231,11.80769231,18.66923077,
834.6124514,18.56153846,6.930769231,5.553846154,8.992307692,14.47692308,10.80769231,18.90769231,8.6,7.215384615,7.223076923,
834.7892392,17.64615385,27.04615385,14.35384615,20.08461538,20.16153846,16.46153846,15.81538462,23.07692308,21.62307692,14.55384615,
834.9660098,15.71538462,10.51538462,11.45384615,10.94615385,8.023076923,11.69230769,9.830769231,10.83076923,12.60769231,9.146153846,
835.1427633,18.50769231,14.98461538,10.84615385,9.892307692,21.46923077,12.39230769,10.52307692,14.62307692,14.6,14.76923077,
835.3194996,8.123076923,16.92307692,6.492307692,17.94615385,8.761538462,8.323076923,11.91538462,13.39230769,9.653846154,16.13846154,
835.4962188,18.04615385,16.94615385,18.07692308,14.57692308,6.923076923,19.2,21.15384615,10.42307692,15.73846154,12.24615385,
835.6729208,17.16153846,12.09230769,15,8.030769231,17.30769231,8.076923077,7.076923077,10.26923077,6.892307692,12.17692308,
835.8496056,15.32307692,15.10769231,13.65384615,12.26153846,16.4,18.26923077,9.692307692,14.18461538,16.2,16.84615385,
836.0262733,10.86153846,11.92307692,21.63846154,9.2,20.18461538,12.32307692,10.64615385,9.684615385,16.93846154,11.34615385,
836.2029237,12.24615385,18.50769231,15.73846154,18.03846154,26.87692308,14.37692308,18.84615385,15.80769231,12.26153846,13.57692308,
836.379557,11.40769231,14.66153846,6.130769231,16.50769231,20.66153846,15.89230769,7.207692308,4.623076923,12.67692308,8.853846154,
836.5561732,14.06923077,15.99230769,20.63846154,10.50769231,9.638461538,14.16153846,11.91538462,9.038461538,18.93076923,9.807692308,
836.7327721,12.18461538,5.907692308,10.76923077,11.09230769,6.307692308,5.038461538,11.15384615,15.27692308,13.77692308,12.63076923,
836.9093539,19.51538462,17.70769231,21.78461538,8.346153846,25.27692308,16.94615385,18.63846154,19.69230769,8.946153846,9.969230769,
837.0859185,15.34615385,17.10769231,13.01538462,13.23076923,13.51538462,4.284615385,8.369230769,7.523076923,14.82307692,15.36923077,
837.2624658,7.253846154,12.90769231,11.6,13.89230769,9.269230769,4.138461538,5.146153846,20.28461538,11.18461538,21.75384615,
837.438996,13.45384615,10.27692308,17.39230769,11.3,18.93846154,17.40769231,15.84615385,13.30769231,15.30769231,11.10769231,
837.615509,25.21538462,14.54615385,16.70769231,15.67692308,18.46153846,11.52307692,16.34615385,8.661538462,12.77692308,17.2,
837.7920048,16.00769231,12.24615385,7.653846154,16.03076923,10.25384615,13.22307692,6.407692308,11.80769231,10.7,12.93846154,
837.9684834,5.746153846,3.861538462,16.17692308,7.815384615,17.03076923,11.48461538,16.06153846,7.938461538,13.32307692,12.1,
838.1449449,9.423076923,6.646153846,10.70769231,5,10.90769231,7.007692308,6.876923077,8.353846154,10.75384615,18.93076923,
838.3213891,12.36923077,12.89230769,27.83076923,7.846153846,11.23846154,9.692307692,13.42307692,14.1,21.15384615,11.23846154,
838.4978161,7.753846154,9.853846154,20.26153846,15.79230769,12.13076923,11.12307692,13.97692308,10.64615385,7.7,11.34615385,
838.6742258,11.66923077,20.10769231,21.73076923,10.66153846,13.85384615,12.81538462,7.092307692,12.38461538,17.47692308,20.44615385,
838.8506184,11.06923077,12.24615385,16.53076923,14.52307692,10.2,14.13846154,18.17692308,11.68461538,5.853846154,16.25384615,
839.0269938,20.21538462,8.569230769,9.346153846,19.11538462,11.46153846,10.46153846,18.85384615,9.376923077,16.63846154,13.28461538,
839.2033519,8.969230769,10.54615385,6.638461538,10.43076923,12.08461538,10.87692308,8.438461538,4.192307692,5.369230769,11.78461538,
839.3796929,18.21538462,27.60769231,9.976923077,12.42307692,18.06153846,7.623076923,15.51538462,20.19230769,18.88461538,14.28461538,
839.5560166,19.19230769,7.569230769,3.807692308,7.184615385,11.72307692,7.623076923,9.353846154,12.16923077,15.83846154,6.515384615,
839.7323231,8.607692308,16.04615385,19.93846154,20.98461538,15.33076923,9.838461538,11.48461538,15.65384615,17.41538462,13.63076923,
839.9086124,15.90769231,5.884615385,14.76923077,14.94615385,9.661538462,4.461538462,8.353846154,10.48461538,9.530769231,12.39230769,
840.0848844,20.63076923,17.62307692,9.153846154,14.09230769,22.08461538,20.4,22.73846154,18.60769231,9.830769231,19.63076923,
840.2611392,3.838461538,14.96923077,15.65384615,8.184615385,10.11538462,12.64615385,13.13846154,10.95384615,16.06923077,14.53076923,
840.4373768,8.8,15.44615385,10.13076923,15.36153846,22.8,11.69230769,5.915384615,13.09230769,11.57692308,18.15384615,
840.6135971,13.83846154,19.90769231,11.68461538,15.65384615,13,8.107692308,14.11538462,7.492307692,12.16153846,11.39230769,
840.7898002,12.99230769,15.40769231,19.81538462,9.123076923,31.06153846,6.930769231,13,7.315384615,18.92307692,17.53076923,
840.9659861,11.20769231,11.44615385,9.776923077,7.230769231,6.692307692,10.47692308,11.84615385,8.184615385,8.838461538,14.31538462,
841.1421547,19.62307692,22.98461538,20.97692308,17.84615385,18.2,16.02307692,11.71538462,20.54615385,13.39230769,12.53846154,
841.3183061,18.66153846,14.12307692,3.384615385,6.923076923,7.115384615,9.115384615,5.376923077,13.38461538,5.084615385,17.55384615,
841.4944403,9.838461538,12.69230769,7.253846154,16.16923077,8.984615385,11.86153846,8.3,9.853846154,15.06153846,15.51538462,
841.6705572,8.761538462,5.746153846,6.123076923,9.484615385,15.58461538,15.96153846,11.75384615,10.46153846,19.28461538,6.238461538,
841.8466568,8.284615385,11.8,15.77692308,20.08461538,18.28461538,8.092307692,9.523076923,12.99230769,19.58461538,9.076923077,
842.0227392,12.00769231,9.661538462,15.66923077,11.89230769,17.46153846,12.13076923,16.70769231,12.71538462,14.34615385,10,
842.1988043,18.26923077,16.64615385,12.35384615,13.21538462,15.61538462,7.638461538,7.453846154,26.28461538,13.41538462,7.584615385,
842.3748522,12.16153846,15.56923077,19.66923077,11.12307692,9.523076923,9.592307692,7.138461538,11.08461538,10.42307692,20.37692308,
842.5508828,18.51538462,16.60769231,18.04615385,13.70769231,17.01538462,15.59230769,6.515384615,12.3,17.26153846,22.75384615,
842.7268961,9.938461538,11.33846154,6.669230769,11.96923077,12.98461538,10.83076923,4.815384615,10.98461538,7.046153846,7.730769231,
842.9028922,13.86923077,17.50769231,17.73076923,20.22307692,12.96923077,10.32307692,19.87692308,10.89230769,21.20769231,20.63076923,
843.078871,19.52307692,13.40769231,11.77692308,9.330769231,8.007692308,10.4,3.2,8.884615385,10.66153846,3.484615385,
843.2548326,19.05384615,9.169230769,16.52307692,16.36923077,9.746153846,10.8,10.31538462,11.13076923,12.88461538,16.28461538,
843.4307768,18.91538462,21.24615385,3.438461538,17.39230769,4.069230769,9.238461538,8.376923077,5.723076923,14.35384615,7.361538462,
843.6067038,21.84615385,19.10769231,17.50769231,16.56923077,21.26153846,15.66153846,11.20769231,23.93846154,14.4,17.73076923,
843.7826135,9.338461538,15.50769231,11.03846154,12.76153846,11.50769231,7.669230769,6.738461538,7.907692308,10.12307692,4.153846154,
843.958506,14.22307692,20.28461538,10.68461538,10.55384615,12.27692308,14.53076923,15.78461538,5.523076923,13.23846154,18.51538462,
844.1343811,14.24615385,8.246153846,4.584615385,19.01538462,5.484615385,6.192307692,12.09230769,9.846153846,5.584615385,6.738461538,
844.310239,12.33846154,15.41538462,16.15384615,13.01538462,15.49230769,15.50769231,16.80769231,18.72307692,11.43846154,22.23076923,
844.4860795,13.85384615,8.553846154,13.52307692,12.33846154,6.9,11.86923077,13.11538462,8.407692308,14.4,7.823076923,
844.6619028,16.97692308,10.06923077,7.584615385,10.87692308,9.607692308,9.253846154,15.48461538,7.546153846,10.74615385,9.453846154,
844.8377088,5.853846154,16.44615385,12.19230769,9.515384615,7.215384615,6.838461538,14.41538462,15.74615385,9.261538462,17.93076923,
845.0134975,20.46153846,15.12307692,12.26923077,14.87692308,13.63846154,12.03076923,18.81538462,12.29230769,18.92307692,17.28461538,
845.1892689,14.62307692,19.99230769,13.31538462,6.684615385,10.03846154,9.084615385,15.50769231,6.546153846,6.869230769,9.007692308,
845.365023,15.71538462,10.86923077,11.1,11.95384615,18.23076923,10.36153846,18.72307692,11.48461538,19.97692308,8.9,
845.5407598,14.16923077,10.50769231,6.815384615,12.53076923,7.823076923,5.623076923,9.584615385,14.43846154,6.769230769,18.33076923,
845.7164793,13.94615385,19.70769231,10.92307692,14.05384615,14.86153846,16.55384615,10.33846154,12.46153846,14.21538462,12.26153846,
845.8921815,14.17692308,15.5,10.61538462,11.5,20.97692308,11.35384615,24.65384615,7.807692308,11.57692308,9.861538462,
846.0678664,12.21538462,18.68461538,10.00769231,7.753846154,10.64615385,14.76923077,11.59230769,8.061538462,12.07692308,10.06153846,
846.243534,15.96923077,12.16153846,10.82307692,17.01538462,7.246153846,7.630769231,17.76923077,8.615384615,13.56153846,8.615384615,
846.4191842,13.09230769,18.86923077,20.43076923,16.86923077,8.884615385,7.030769231,13.5,13.81538462,10.58461538,12.05384615,
846.5948172,6.646153846,9,15.54615385,16.78461538,16.57692308,7.953846154,5.869230769,6.738461538,14.74615385,4.653846154,
846.7704328,15.52307692,12.70769231,18.93846154,18.83076923,3.869230769,13.28461538,18.17692308,4.769230769,12.14615385,20.10769231,
846.9460311,15.52307692,13.24615385,21.13076923,11.05384615,9.623076923,7.184615385,12.12307692,10.75384615,9.023076923,16.23076923,
847.1216121,18.50769231,13.12307692,8.115384615,11.63076923,8.315384615,9.153846154,12.58461538,6.992307692,2.376923077,12.13846154,
847.2971757,18.95384615,7.430769231,9.992307692,19.73076923,7.230769231,9.761538462,12.46153846,7.923076923,14.36153846,13.32307692,
847.472722,14.39230769,13.7,7.7,11.93076923,14.63846154,11.52307692,9.238461538,20.2,15.41538462,20.73076923,
847.648251,3.484615385,15.12307692,6.146153846,5.607692308,9.992307692,5.192307692,6.546153846,11.03076923,2.161538462,4.784615385,
847.8237627,16.70769231,8.730769231,19.12307692,12.94615385,11.13076923,10.49230769,16.36923077,9.169230769,7.561538462,10.66153846,
847.999257,12.11538462,11.01538462,2.561538462,13.07692308,7.123076923,6.392307692,8.7,10.95384615,7.053846154,10.95384615,
848.174734,9.176923077,14.16153846,14.44615385,19.39230769,14.22307692,14.33846154,16.91538462,6.169230769,16.55384615,14.26923077,
848.3501936,16.86923077,11.90769231,13.81538462,9.238461538,21.22307692,6.284615385,11.57692308,7.538461538,9.1,11.04615385,
848.5256359,14.42307692,22.68461538,12.18461538,10.74615385,11.71538462,11.13846154,12.22307692,18.54615385,18.81538462,20.83076923,
848.7010608,15.92307692,5.023076923,6.946153846,13.82307692,15.98461538,8.192307692,7.538461538,7.938461538,5.138461538,9.661538462,
848.8764684,15.24615385,11.40769231,13.99230769,22.25384615,10.91538462,11.69230769,15.65384615,16.16923077,17.21538462,10.3,
849.0518587,16.40769231,11.55384615,9.1,3.523076923,14.08461538,5.092307692,9.415384615,13.45384615,5.576923077,5.530769231,
849.2272316,12.19230769,8.823076923,9.453846154,18.81538462,10.72307692,6.584615385,15.21538462,7.546153846,13.92307692,10.92307692,
849.4025871,8.730769231,9.376923077,9.369230769,9.953846154,4.115384615,11.20769231,7.246153846,9.753846154,10.08461538,6.607692308,
849.5779253,8.046153846,9.223076923,10.17692308,18.03076923,16.16153846,9.707692308,16.81538462,12.53076923,13.39230769,12.36153846,
849.7532461,11.35384615,6.384615385,11.40769231,19,15.4,10.16153846,12.79230769,8.469230769,11.55384615,13.05384615,
849.9285496,12.71538462,11.74615385,13.84615385,8.330769231,17.02307692,8.838461538,12.75384615,6.723076923,15.06923077,8.4,
850.1038357,7.261538462,5.723076923,10.8,7.815384615,8.730769231,9,6.007692308,14.25384615,8.923076923,5.8,
850.2791044,13.59230769,10.00769231,16.03846154,6.792307692,16.32307692,18.39230769,8,11.78461538,14.1,19.01538462,
850.4543558,18.76923077,10.30769231,13.55384615,18.41538462,8.376923077,10.02307692,12.62307692,13.56923077,9.038461538,16.55384615,
850.6295898,15.06153846,14.04615385,9.584615385,7.892307692,15.46923077,5.223076923,20.00769231,16.47692308,6.6,9.823076923,
850.8048064,12.03076923,8.230769231,8.423076923,6.792307692,9.023076923,12.56153846,13.32307692,9.784615385,8.961538462,11.03076923,
850.9800056,25.83076923,13.60769231,13.49230769,2.230769231,14.02307692,11.76923077,12.81538462,9.846153846,12.00769231,11.45384615,
851.1551875,9.269230769,12,10.2,15.65384615,7.446153846,14.95384615,11.31538462,13.83846154,6.876923077,14.62307692,
851.330352,15.50769231,9.069230769,10.74615385,13.99230769,14.74615385,15.99230769,15.91538462,14.04615385,17.82307692,20.63846154,
851.5054991,5.569230769,3.323076923,9.484615385,16.23846154,11.60769231,6.792307692,5.953846154,8.961538462,5.507692308,9.038461538,
851.6806288,14.30769231,16.54615385,10.42307692,14.31538462,9.7,14.43076923,11.87692308,24.42307692,18.43846154,11.26153846,
851.8557411,11.53076923,15.56153846,6.223076923,12.69230769,11.1,14.03846154,7.769230769,8.661538462,9.138461538,13.5,
852.030836,16.01538462,10.76923077,10.05384615,14.97692308,20.86153846,10.06153846,12.51538462,18.16923077,13.98461538,12.04615385,
852.2059135,14.83076923,12.97692308,13.56153846,16.73076923,15.71538462,9.146153846,12.82307692,8.838461538,7.292307692,9.246153846,
852.3809737,19.41538462,10.67692308,14.26923077,10.43076923,7.084615385,17.36923077,8.546153846,14.25384615,7.9,5.946153846,
852.5560164,6.546153846,9.607692308,9.784615385,15.31538462,13.35384615,3.961538462,10.73846154,14.41538462,10.23846154,13.60769231,
852.7310417,23.52307692,15.04615385,9.153846154,14.43846154,16.86153846,11.6,8.238461538,13.83076923,13.30769231,9.238461538,
852.9060497,15.35384615,11.67692308,14.12307692,11.86923077,13.16153846,3.830769231,17.67692308,11.53076923,6.123076923,5.169230769,
853.0810402,14.02307692,8.846153846,20.63076923,21.66923077,13.89230769,8.830769231,13.70769231,8.176923077,5.961538462,20.63076923,
853.2560133,12.08461538,13.42307692,11.93846154,6.115384615,14.2,6.330769231,11.94615385,11.22307692,8.830769231,15.63076923,
853.430969,11.55384615,10.72307692,6.092307692,13.83076923,10.83846154,3.015384615,6.692307692,15.36923077,10.00769231,10.6,
853.6059073,14.72307692,6.207692308,9,3.623076923,14.7,12.3,12.49230769,9.623076923,8.784615385,11.76923077,
853.7808282,11.86923077,15.00769231,13.5,6.553846154,17.66923077,8.769230769,19.20769231,15.3,20.34615385,14.61538462,
853.9557316,10.10769231,7.653846154,5.053846154,6.192307692,12.68461538,10.19230769,17.65384615,7.530769231,2.030769231,7.384615385,
854.1306177,23.61538462,10.76923077,6.407692308,14.85384615,14.03846154,14.76923077,11.28461538,23.00769231,9.9,7.330769231,
854.3054863,10.38461538,6.715384615,7.815384615,14.63076923,9.484615385,10.02307692,10.41538462,5.576923077,7.4,13.11538462,
854.4803375,15.80769231,4.815384615,12.85384615,23.08461538,14.00769231,8.138461538,15.96923077,13.54615385,14.56923077,17.08461538,
854.6551712,20.67692308,19.86153846,12.55384615,7.769230769,9.723076923,11.71538462,13.39230769,11.63846154,7.330769231,7.284615385,
854.8299876,12.69230769,13.24615385,11.28461538,13.06923077,11.56923077,9.192307692,10.99230769,12.92307692,15.06153846,15.23076923,
855.0047865,8.492307692,14.90769231,5.661538462,16.33076923,19.28461538,10.20769231,16.45384615,11.35384615,11.33076923,11,
855.1795679,13.03076923,17.28461538,19.17692308,14.56153846,22.89230769,12.43846154,17.40769231,9.715384615,15.18461538,15.88461538,
855.3543319,9.646153846,15.44615385,9.761538462,4.853846154,7.461538462,9.461538462,13.26923077,15.90769231,5.923076923,9.353846154,
855.5290785,13.06153846,15.10769231,14.44615385,17.06923077,24.86153846,19.94615385,13.73076923,15.27692308,7.207692308,14.98461538,
855.7038077,9.646153846,12.15384615,9.223076923,6.023076923,7.023076923,6.184615385,7.246153846,12.20769231,7.138461538,11.53846154,
855.8785194,10.54615385,12.94615385,16.15384615,12.6,19.07692308,14.19230769,14.51538462,11.45384615,7.5,11.03846154,
856.0532136,13.83076923,9.346153846,5.530769231,9.876923077,15.97692308,4.969230769,9.323076923,10.04615385,12.49230769,3.561538462,
856.2278904,20.73076923,15.16153846,12.38461538,13.7,14.26923077,6.323076923,7.784615385,19.43076923,9.161538462,19.10769231,
856.4025498,10.07692308,4.530769231,19.53846154,9.969230769,10.01538462,5.476923077,6.676923077,7.923076923,6.392307692,9.653846154,
856.5771917,14.43846154,9.007692308,13.90769231,12.83846154,18.46153846,10.49230769,16.14615385,16.71538462,11.64615385,16.86153846,
856.7518161,10.56153846,6.207692308,11.05384615,13.1,11.32307692,7.538461538,13.38461538,6.123076923,6.261538462,16.57692308,
856.9264231,10.7,16.56153846,17.77692308,17.24615385,16.26923077,10.75384615,13.86153846,13.48461538,13.73076923,11.26923077,
857.1010126,11.40769231,7.284615385,6.184615385,12.41538462,16.67692308,9.261538462,12.05384615,5.346153846,16.53076923,10.51538462,
857.2755846,12.9,14.35384615,13.76923077,15.54615385,10.44615385,9.561538462,11.37692308,14.44615385,15.23846154,4.784615385,
857.4501392,12.58461538,7.753846154,10.06923077,5.976923077,7.153846154,6.269230769,7.469230769,9.546153846,13.25384615,10.71538462,
857.6246763,13.30769231,8.607692308,18.52307692,16.37692308,11.83846154,12.12307692,12.96923077,10.34615385,7.992307692,17.26923077,
857.799196,7.307692308,8.330769231,14.06923077,8.076923077,16.34615385,11.39230769,9.884615385,8.815384615,11.13846154,8.115384615,
857.9736982,25.6,18.86153846,19.41538462,15.01538462,7.315384615,11.5,17.01538462,11.07692308,9.184615385,8.823076923,
858.1481829,7.730769231,6.546153846,10.29230769,21.85384615,9.153846154,10.19230769,7.446153846,14.03076923,6.492307692,7.884615385,
858.3226501,24.19230769,12.17692308,16.93846154,3.392307692,15.98461538,6.838461538,8.607692308,13.34615385,16.44615385,21.23076923,
858.4970998,11.43846154,12.44615385,5.492307692,5.476923077,14.21538462,5.492307692,19.73076923,5.938461538,10.82307692,9.2,
858.6715321,5.938461538,12.20769231,12.24615385,10.41538462,18.87692308,19.91538462,15.58461538,7.392307692,14.06923077,15.18461538,
858.8459468,17.21538462,15.11538462,2.238461538,14.4,10.50769231,10.83076923,13.66923077,8.292307692,12.29230769,1.607692308,
859.0203441,15.65384615,24.20769231,15.36923077,14.77692308,12.62307692,11.54615385,13.68461538,10.36153846,14.52307692,12.41538462,
859.1947239,17.69230769,7.492307692,9.261538462,12.46153846,17.36153846,4.830769231,7.915384615,6.992307692,6.838461538,13.88461538,
859.3690862,12.53076923,25.5,6.461538462,9.323076923,23.73076923,8.192307692,10.50769231,9.046153846,13.65384615,9.884615385,
859.543431,14.59230769,4.123076923,5.638461538,12.82307692,10.44615385,13.23076923,12.67692308,7.146153846,5.615384615,11.34615385,
859.7177583,9.307692308,15.4,14.55384615,8.915384615,19.17692308,10.6,11.18461538,11.77692308,5.253846154,4.469230769,
859.8920681,9.815384615,17.94615385,12.52307692,6.723076923,10.98461538,13.87692308,14.7,5.861538462,13.57692308,16.01538462,
860.0663604,7.576923077,15.06923077,9.015384615,8.853846154,18.24615385,5.623076923,9.884615385,9.046153846,12.89230769,3.715384615,
860.2406352,11.85384615,6.461538462,11.36923077,5.869230769,12.90769231,12.09230769,7.369230769,16.20769231,11.23076923,9.815384615,
860.4148925,18.96153846,20.41538462,3.530769231,12.93846154,9.238461538,15.90769231,13.86153846,7.738461538,9.4,18.20769231,
860.5891322,9.584615385,11.45384615,7.715384615,9.176923077,10.13076923,2.776923077,15.31538462,11.30769231,0.376923077,14.8,
860.7633545,15.78461538,18.11538462,10.25384615,12.63076923,12.09230769,16.09230769,13.21538462,14.31538462,11.1,9.292307692,
860.9375592,9.830769231,11.8,11.2,9.869230769,8.369230769,4.607692308,13.37692308,11.54615385,5.246153846,15.61538462,
861.1117465,7.438461538,17.85384615,10.43076923,7.761538462,17.31538462,11.01538462,16.70769231,20.43076923,8.976923077,11.68461538,
861.2859162,13.8,11.86923077,8.615384615,9.553846154,11.57692308,11.98461538,12.95384615,6.353846154,2.146153846,10.59230769,
861.4600684,15.48461538,9.184615385,11.14615385,13.74615385,12.19230769,11.96923077,14.03846154,7.130769231,18.05384615,9.753846154,
861.634203,8.7,6.107692308,7.430769231,13.64615385,5.415384615,17.26153846,14.44615385,8.615384615,2.469230769,13.86923077,
861.8083202,13.4,17.46923077,12.14615385,15.13076923,15.21538462,7.3,16,5.2,12.77692308,12.88461538,
861.9824198,4.884615385,5.3,6.538461538,15.43076923,13.46923077,6.653846154,4.269230769,6.876923077,7.884615385,10.90769231,
862.1565019,5.530769231,15.56153846,11.55384615,13.07692308,11.36153846,10.26923077,8.938461538,11.23076923,13.79230769,8.976923077,
862.3305664,9.592307692,8.746153846,3.838461538,5.007692308,7.923076923,4.138461538,7.684615385,8,5.407692308,13.35384615,
862.5046134,11.70769231,18.98461538,6.407692308,14.96923077,9.669230769,7.992307692,7.776923077,6.369230769,9.446153846,10.18461538,
862.6786429,8.915384615,11.74615385,9.484615385,10.73076923,1.253846154,9.561538462,15.51538462,7.569230769,8.653846154,6.638461538,
862.8526548,14.75384615,16.46923077,11.42307692,11.9,17.00769231,10.83846154,9.776923077,12.96153846,6.030769231,16.33076923,
863.0266492,17.13846154,7.515384615,6.784615385,11.94615385,13.74615385,12.72307692,6.184615385,10.83076923,6.461538462,7.2,
863.200626,11.13076923,10.62307692,9.615384615,20.36923077,21.04615385,24.69230769,14.63846154,8.738461538,15.93846154,12.75384615,
863.3745853,11.53076923,11.33076923,8.984615385,13.19230769,8.523076923,14.13846154,3.553846154,8.415384615,7.176923077,6.9,
863.548527,11.03846154,7.823076923,13.22307692,15.27692308,12.66923077,16.93846154,22.78461538,12.18461538,8.569230769,6.992307692,
863.7224512,18.00769231,15.7,8.807692308,4.438461538,6.369230769,7.507692308,11.78461538,10.80769231,6.461538462,11.98461538,
863.8963578,22.36153846,11.92307692,7.407692308,14.27692308,12.98461538,15.74615385,10.85384615,15.23846154,17.3,17.13076923,
864.0702469,14.03076923,9.969230769,6.615384615,12.9,16.21538462,13.76153846,5.646153846,9.023076923,2.846153846,14.35384615,
864.2441184,16.26923077,16.82307692,9.876923077,12.33846154,11.8,13.93846154,13.48461538,19.4,10.48461538,9.015384615,
864.4179723,4.553846154,15.04615385,7.692307692,12.47692308,6.107692308,5.323076923,14.22307692,15.84615385,11.76923077,12.68461538,
864.5918087,22.32307692,8.8,11.87692308,9.946153846,20.49230769,9.538461538,8.923076923,11.64615385,17.08461538,13.79230769,
864.7656275,11.52307692,12.08461538,6.307692308,10.90769231,13.73076923,2.130769231,8,16.41538462,5.538461538,6.053846154,
864.9394288,18.74615385,18.02307692,9.784615385,9.546153846,4.584615385,7.207692308,11.36153846,12.08461538,4.546153846,9.453846154,
865.1132124,15.26153846,17.34615385,7.738461538,3.807692308,11.33076923,5.7,3.207692308,9.492307692,4.969230769,11.44615385,
865.2869785,21.41538462,14.3,4.523076923,13.97692308,11.85384615,13.66923077,5.830769231,14.22307692,10.90769231,9.284615385,
865.460727,16.55384615,13.56153846,8.784615385,11.3,11.9,6.638461538,10.94615385,3.576923077,8.2,8.453846154,
865.6344579,11.10769231,9.884615385,7.407692308,15.2,15.82307692,12.20769231,20.07692308,16.57692308,12.24615385,16.06153846,
865.8081713,12.71538462,13.72307692,2.730769231,4.369230769,13.29230769,8.969230769,8.469230769,8.838461538,6.723076923,16.53846154,
865.9818671,9.384615385,12.82307692,21.12307692,5.5,9.830769231,20.07692308,7.076923077,18.75384615,15.23076923,11.61538462,
866.1555452,7.946153846,10.1,5.376923077,12.16153846,11.50769231,4.892307692,9.984615385,5.253846154,12.01538462,6.592307692,
866.3292058,17.86923077,11.19230769,10.21538462,17.53076923,10.33076923,11.8,7.723076923,12.81538462,10.84615385,13.56923077,
866.5028488,9.2,12.96153846,11.85384615,13.43076923,12.40769231,9.830769231,5.107692308,11.09230769,12.74615385,9.830769231,
866.6764742,11.62307692,14.10769231,22.76923077,20.81538462,20.1,7.307692308,13.45384615,24.34615385,11.47692308,9.976923077,
866.850082,15.33846154,19.24615385,8.923076923,14.7,10.58461538,7.853846154,9.384615385,7.092307692,12.05384615,5.223076923,
867.0236722,12.70769231,8.669230769,14.76153846,16.44615385,12.6,9.6,18.8,14.36923077,15.30769231,12.83076923,
867.1972448,9.030769231,8.123076923,5.646153846,7.407692308,12.99230769,9.392307692,11.17692308,7.015384615,7.338461538,8.169230769,
867.3707998,19.16923077,15.26923077,10.85384615,5.061538462,4.561538462,12.48461538,11.46153846,10.43846154,11.37692308,12.83846154,
867.5443372,5.876923077,4.476923077,8.369230769,5.276923077,3.592307692,4.807692308,5.323076923,10.81538462,8.276923077,4.069230769,
867.717857,20.60769231,14.47692308,11.14615385,18.16923077,13.08461538,8.569230769,5.869230769,10.59230769,6.569230769,17.13846154,
867.8913592,18.60769231,7.207692308,8.553846154,9.3,6.792307692,6.153846154,11.44615385,4.853846154,9.169230769,10.71538462,
868.0648437,17.19230769,8.107692308,10.56923077,18.11538462,10.50769231,14.5,14.82307692,13.83846154,14.13846154,17.08461538,
868.2383106,17.10769231,11.84615385,9.9,12.83846154,10.02307692,9.176923077,13.79230769,7.146153846,12.00769231,8.476923077,
868.41176,15.55384615,14.70769231,8.946153846,15.37692308,13.14615385,9.715384615,14.85384615,14.79230769,19.66923077,11.13076923,
868.5851917,19.78461538,8.576923077,4.907692308,3.423076923,10.28461538,10.73846154,6.907692308,10.51538462,8.323076923,7.946153846,
868.7586057,15.8,4.807692308,12.04615385,9.584615385,14.78461538,9.584615385,9.469230769,9.338461538,13.56923077,9.769230769,
868.9320022,18.71538462,11.46923077,6.1,9.946153846,11.7,12.65384615,13.08461538,9.330769231,8.723076923,8,
869.105381,18.96923077,7.869230769,13.73076923,15.00769231,7.730769231,9.561538462,4.407692308,8.638461538,9.246153846,9.030769231,
869.2787422,4.969230769,5.876923077,4.730769231,7.215384615,9.923076923,14.46923077,9.784615385,6.746153846,4.807692308,9.446153846,
869.4520858,15.94615385,11.33846154,3.584615385,20.73076923,12.31538462,13.96923077,14.54615385,8.261538462,13.73846154,8.007692308,
869.6254117,8.169230769,14.45384615,11.02307692,18.32307692,12.32307692,20.4,9.953846154,8.753846154,11.28461538,19.19230769,
869.79872,12.71538462,4.838461538,9.830769231,18.86923077,13.8,15.03076923,12.62307692,15.36153846,6.069230769,21.17692308,
869.9720106,16.01538462,7.792307692,18.46923077,7.130769231,12.63846154,7.330769231,5.053846154,10.63846154,13.61538462,10.83846154,
870.1452836,20.51538462,12.88461538,10.10769231,10.8,12.61538462,6.4,14.68461538,10.00769231,7.284615385,15.6,
870.3185389,6.453846154,17.00769231,8.730769231,6.838461538,8.346153846,6.038461538,12.23846154,9.384615385,3.738461538,14.70769231,
870.4917766,21.01538462,14.64615385,9.392307692,20.76153846,15.58461538,13.6,10.48461538,6.284615385,8.353846154,14.16153846,
870.6649967,9.369230769,11.11538462,11.1,5.3,8.084615385,10.88461538,7.461538462,7.223076923,7.953846154,14.86923077,
870.8381991,9.753846154,10.98461538,15.76923077,9.607692308,17.06153846,12.01538462,15.21538462,4.776923077,6.738461538,6.992307692,
871.0113838,5.092307692,5.930769231,5.976923077,8.376923077,14.23076923,2.576923077,4.730769231,5.769230769,3.284615385,18.78461538,
871.1845509,5.061538462,15.59230769,5.769230769,5.615384615,10.46153846,8.323076923,11.17692308,14.6,6.7,15.26153846,
871.3577004,15.06153846,6.876923077,6.084615385,11.03846154,16.57692308,16.62307692,3.269230769,8.046153846,13.09230769,5.784615385,
871.5308321,15.20769231,14.43846154,16.94615385,17.03846154,1.1,11.18461538,14.72307692,15.06153846,17.58461538,8.423076923,
871.7039462,8.5,14.50769231,6.546153846,9.869230769,11.52307692,5.453846154,8.307692308,6.730769231,12.9,5.869230769,
871.8770427,17.76153846,16.24615385,12.09230769,15.90769231,11.61538462,11.09230769,20.68461538,12.2,10.29230769,11.83846154,
872.0501214,9.453846154,7.938461538,11.73076923,20.63076923,8.446153846,9.207692308,10.23076923,9.261538462,3.084615385,9.576923077,
872.2231825,21.64615385,5.823076923,9.784615385,14.93076923,11.84615385,17.5,12.34615385,5.923076923,8.476923077,12.06153846,
872.3962259,25.02307692,13.76923077,9.207692308,5.976923077,8.861538462,11.36923077,6.353846154,12.44615385,11.56923077,7.476923077,
872.5692517,10.6,8.738461538,18.95384615,15.76923077,9.861538462,8.338461538,17.4,13.5,12.26153846,9.253846154,
872.7422597,16.71538462,9.915384615,8.330769231,15.56923077,2.153846154,3.438461538,10.16153846,8.576923077,6.053846154,9.953846154,
872.9152501,17.93846154,8.861538462,12.22307692,13.44615385,12.65384615,6.215384615,13.59230769,18.4,8.9,5.853846154,
873.0882228,18.43076923,7.876923077,4.107692308,15.01538462,9.023076923,4.692307692,8.023076923,12.60769231,6.630769231,16.78461538,
873.2611778,12.90769231,6.123076923,11.89230769,12.15384615,15.61538462,7.884615385,9.5,14.17692308,10.17692308,9.9,
873.4341151,9.923076923,6.023076923,12.95384615,11.44615385,10.63846154,5.276923077,9.546153846,4.615384615,17.26923077,9.538461538,
873.6070348,13.6,12.9,4.038461538,14.81538462,10.39230769,5.907692308,15.99230769,14.75384615,6.453846154,10.76153846,
873.7799367,14.71538462,10.32307692,3.815384615,13.01538462,12.96923077,5.507692308,10.9,8.084615385,10.17692308,12.00769231,
873.9528209,11.89230769,7.669230769,4.323076923,17.95384615,12.30769231,5.907692308,6.215384615,6.776923077,12.91538462,15.53846154,
874.1256875,4.915384615,9.192307692,4.238461538,13.29230769,9.015384615,8.9,11.9,9.138461538,4.376923077,13.16153846,
874.2985363,15.21538462,5.376923077,11.09230769,12.23076923,9.4,2.438461538,10.17692308,10.72307692,10.32307692,12.03076923,
874.4713675,8.746153846,10.16923077,2.084615385,6.423076923,3.684615385,8.253846154,10.26153846,11.3,11.65384615,5.207692308,
874.6441809,15.45384615,10.23846154,13.44615385,5.969230769,12.51538462,8.661538462,9.969230769,15.30769231,16.53846154,12.2,
874.8169766,14.22307692,11.64615385,10.64615385,8.169230769,8.107692308,15.83846154,9.823076923,6.992307692,4.876923077,16.51538462,
874.9897546,19.66923077,13.4,7.638461538,14.04615385,13.11538462,13.73076923,16.31538462,11.56923077,16.15384615,12.68461538,
875.1625149,18.74615385,6.669230769,9.892307692,2.630769231,9.3,10.03076923,4.515384615,15.83076923,3.484615385,11.71538462,
875.3352575,17.94615385,10.93076923,9.969230769,8.369230769,9.376923077,11.53846154,11.82307692,8.161538462,9.638461538,14.21538462,
875.5079824,5.615384615,6.1,6.4,9.215384615,7.123076923,5.5,11.00769231,4.9,6.8,7.076923077,
875.6806895,17.32307692,17.68461538,14.67692308,14.5,21.50769231,14.54615385,12.37692308,13.98461538,10.5,17.97692308,
875.8533789,12.82307692,7.715384615,6.961538462,12.13846154,15.46153846,6.738461538,2.992307692,9.246153846,10.32307692,10.29230769,
876.0260506,17.17692308,13.84615385,7.684615385,13.50769231,10.14615385,9.292307692,6.4,10.34615385,11.10769231,10.13076923,
876.1987046,22.78461538,8.869230769,10.54615385,11.84615385,7.530769231,7.153846154,6.684615385,4.746153846,8.330769231,12.86153846,
876.3713408,10.74615385,20.76153846,11.56153846,9.546153846,11.14615385,7.653846154,4.407692308,5.446153846,6.8,15.43846154,
876.5439593,12.83846154,10.54615385,4.092307692,17.50769231,11.39230769,7.884615385,5.738461538,7.553846154,5.192307692,4.4,
876.7165601,11.36153846,10.13076923,16.82307692,17.32307692,23.00769231,8.992307692,16.46923077,9.261538462,4.830769231,16.83846154,
876.8891431,19.15384615,20.60769231,2.669230769,12.36153846,14.66923077,3.784615385,7.207692308,5.769230769,12.1,11.19230769,
877.0617084,12.94615385,12.83846154,14.05384615,12.56153846,19.25384615,13.35384615,5.438461538,12.61538462,14.64615385,8.484615385,
877.234256,8.892307692,11.60769231,9.615384615,11.46153846,4.907692308,3.669230769,7.223076923,7.184615385,11.10769231,16.23846154,
877.4067858,14.25384615,10.60769231,15.53846154,13.36923077,14.6,9.930769231,16.07692308,5.553846154,12.55384615,20.96153846,
877.5792978,9.669230769,10.90769231,3.723076923,9.561538462,5.8,6.538461538,6.507692308,9.307692308,8.192307692,7.315384615,
877.7517921,11.88461538,4.015384615,11.72307692,16.25384615,14.62307692,4.415384615,15.94615385,18.88461538,15.26153846,13.1,
877.9242687,7.8,10.91538462,9.361538462,9.738461538,3.553846154,2.584615385,12.17692308,9.169230769,2.3,9.523076923,
878.0967275,15.14615385,17.04615385,8.192307692,21.44615385,8.807692308,8.046153846,12.70769231,6.161538462,17.58461538,10.99230769,
878.2691686,10.21538462,3.115384615,7.153846154,8.492307692,6.892307692,5.484615385,6.523076923,7.230769231,12.79230769,11.2,
878.4415918,19.56153846,9.315384615,17.25384615,4.761538462,18.75384615,12.58461538,7.453846154,15.98461538,12.39230769,13.21538462,
878.6139974,13.15384615,8.684615385,9.661538462,7.115384615,9.176923077,7.738461538,7.323076923,8.9,6.130769231,12.90769231,
878.7863851,8.084615385,16.94615385,11.51538462,8.330769231,15.51538462,6.146153846,10.76923077,13.53846154,8.815384615,18.44615385,
878.9587551,10.11538462,3.276923077,7.992307692,8.938461538,5.846153846,10.6,8.7,9.092307692,11.96923077,17.61538462,
879.1311073,10.53076923,9.484615385,9.669230769,18.70769231,14.07692308,7.215384615,7.646153846,13.1,14.04615385,16.13076923,
879.3034418,13.93076923,11.20769231,6.646153846,3.615384615,9.9,4.515384615,6.6,9.253846154,6.930769231,9.3,
879.4757585,7.523076923,15.14615385,9.453846154,13.92307692,11.35384615,10.38461538,16.48461538,13.01538462,10.87692308,11.28461538,
879.6480574,12.66923077,14.15384615,4.169230769,5.446153846,14.76923077,4.123076923,2.876923077,8.038461538,10.77692308,7.538461538,
879.8203385,10.17692308,23.98461538,14.24615385,12.76923077,11.26153846,15.01538462,11.31538462,9.6,15.09230769,8.107692308,
879.9926019,5.469230769,6.469230769,8.661538462,15.03076923,8.292307692,12.30769231,8.576923077,7.692307692,10.73846154,21.23076923,
880.1648474,19.07692308,12,8.276923077,6.076923077,15.18461538,10.42307692,6.746153846,8.723076923,8.084615385,5.523076923,
880.3370752,7.769230769,9.584615385,12.8,13.29230769,7.469230769,2.8,12.91538462,3.176923077,8.276923077,5.207692308,
880.5092852,11.6,13.00769231,5.207692308,6.446153846,10.3,10.93076923,6.153846154,8.476923077,15.13076923,12.31538462,
880.6814774,8.107692308,7.1,11.13846154,9.661538462,7.892307692,6.423076923,11.83076923,3.669230769,12.16153846,3.169230769,
880.8536518,11.9,14.70769231,8.3,15.66923077,14.9,10.79230769,8.992307692,12.53846154,13.86923077,18.38461538,
881.0258084,7.376923077,16.2,10.49230769,15.73076923,7.423076923,7.253846154,7.984615385,10.62307692,7.707692308,8.107692308,
881.1979472,16.91538462,15.94615385,12.43846154,13.93076923,8.323076923,13.63076923,17.56153846,17.53846154,19.05384615,16.54615385,
881.3700682,9.069230769,11.22307692,7.2,6.246153846,7.076923077,4.692307692,3.2,5.292307692,5.415384615,11.81538462,
881.5421714,12.2,11.04615385,9.676923077,15.84615385,11.79230769,9.384615385,7.4,7.384615385,17.96153846,14.76153846,
881.7142568,13.27692308,9.107692308,6.407692308,8.492307692,10.00769231,8.176923077,3.623076923,6.407692308,9.907692308,1.976923077,
881.8863244,9.584615385,10.93846154,13.48461538,21.16923077,7.869230769,10.56153846,2.853846154,12.54615385,8.461538462,4.553846154,
882.0583742,15.62307692,12.01538462,5.915384615,11.73076923,13.53076923,6.323076923,2.615384615,2.738461538,6.138461538,9.4,
882.2304062,13.90769231,10.1,9.076923077,4.1,15.25384615,5.2,7.384615385,6.523076923,10.36923077,4.269230769,
882.4024204,2.746153846,9.707692308,6.923076923,12.37692308,12.53076923,5.784615385,8.469230769,7.769230769,10.59230769,10.7,
882.5744167,12.06923077,11.04615385,7.269230769,21.4,8.638461538,13.81538462,14.60769231,11.89230769,11.95384615,5.369230769,
882.7463952,11.43076923,13.99230769,11.56923077,8.738461538,18.8,6.223076923,6.846153846,4.438461538,16.60769231,10.93846154,
882.9183559,18.40769231,5.838461538,15.46153846,20.98461538,6.730769231,12.6,18.83846154,14.84615385,15.41538462,12.34615385,
883.0902988,14.37692308,10.16153846,4.184615385,7.953846154,12.06153846,5.407692308,10.82307692,4.6,5.3,11.45384615,
883.2622239,7.407692308,7.415384615,5.315384615,14.06153846,11.96923077,16.23846154,8.246153846,16.28461538,15.68461538,17.21538462,
883.4341311,6.507692308,10.26923077,13.80769231,8.7,7,8.423076923,6.053846154,14.34615385,8.176923077,20.15384615,
883.6060205,10.03076923,8.053846154,6.053846154,9.107692308,8.669230769,11.03076923,6.961538462,11.73076923,8.123076923,16.63846154,
883.777892,13.22307692,8.507692308,10.24615385,9.261538462,14.52307692,3.376923077,10.88461538,5.1,5.923076923,3.661538462,
883.9497457,18.93846154,13.01538462,22.63076923,5.438461538,16.16923077,16.69230769,5.446153846,12.53076923,12.50769231,12.81538462,
884.1215816,17.60769231,8.769230769,7,10.96153846,14.25384615,8.361538462,10.28461538,6.761538462,10.63076923,14.36923077,
884.2933997,15.3,9.453846154,5.238461538,16.93076923,12.25384615,12.99230769,6.023076923,10.03076923,14.53846154,14.76153846,
884.4651998,11.71538462,12.46153846,5.453846154,8.207692308,7.976923077,7.338461538,6.723076923,12.62307692,14.58461538,6.130769231,
884.6369822,16.60769231,8.215384615,14.12307692,11.73076923,11.79230769,15.74615385,13.60769231,7.223076923,7.561538462,11.04615385,
884.8087467,10.03076923,8.907692308,11.76153846,10.61538462,9.561538462,6.4,7.853846154,6.907692308,6.676923077,5.938461538,
884.9804933,12.47692308,16.54615385,10.68461538,13.61538462,6.923076923,5.469230769,12.08461538,12.13076923,9.961538462,16.6,
885.1522221,10.65384615,7.469230769,4.838461538,5.946153846,4.4,5.530769231,10.79230769,9.823076923,7.638461538,8.707692308,
885.3239331,13.59230769,13.84615385,6.192307692,14.16923077,17.06923077,14.97692308,19.85384615,16.26923077,10.90769231,16.74615385,
885.4956262,12.90769231,6.746153846,8.476923077,11.15384615,15.36923077,6.376923077,9.761538462,11.91538462,17.8,5.946153846,
885.6673014,11.29230769,14.02307692,12.53076923,17.13846154,12.02307692,16.06923077,7.484615385,6.769230769,12.46153846,8.930769231,
885.8389587,11.13076923,14.70769231,2.961538462,6.138461538,11.61538462,8.623076923,4.338461538,7.569230769,9.569230769,13.15384615,
886.0105982,15.66923077,15.76153846,10.53846154,7.084615385,14.38461538,6.538461538,13.31538462,11.88461538,12.47692308,8.523076923,
886.1822198,7.969230769,13.61538462,10.05384615,5.146153846,5.176923077,10.41538462,9.1,7.707692308,6.653846154,9.2,
886.3538236,14.02307692,14.70769231,9.753846154,14.99230769,15.7,11.49230769,11.12307692,10.04615385,7.830769231,7.146153846,
886.5254095,14.74615385,13.36923077,9.5,8.523076923,9.007692308,10.33846154,15.87692308,5.476923077,12.33846154,5.284615385,
886.6969775,21.50769231,14.54615385,7.3,4.238461538,11.03846154,11.10769231,10.78461538,3.215384615,14.45384615,11.68461538,
886.8685276,10.92307692,8.930769231,9.392307692,9.715384615,14.4,10.86923077,2.915384615,6.307692308,9.330769231,5.715384615,
887.0400599,11.91538462,12.36923077,12.54615385,14.65384615,9.376923077,5.469230769,9.3,11.28461538,18.81538462,18.68461538,
887.2115742,10.93846154,17.43846154,3.384615385,20.00769231,21.93076923,6.776923077,16.33076923,9.938461538,7.923076923,9.907692308,
887.3830707,18.00769231,18.54615385,11.10769231,19.19230769,20.80769231,11.10769231,17.27692308,9.907692308,12.93846154,11.19230769,
887.5545493,9.761538462,15.24615385,8.3,15.31538462,4.084615385,3.915384615,12.91538462,10.85384615,10.53076923,11.78461538,
887.72601,11.9,12.30769231,12.92307692,16.2,14.01538462,12.56923077,12.42307692,19.84615385,9.407692308,8.776923077,
887.8974528,10.5,7.315384615,7.376923077,7.646153846,3.276923077,5.407692308,10.8,5.484615385,10.43846154,6.438461538,
888.0688777,18.77692308,13.60769231,6.7,10.33076923,16.58461538,9.261538462,7.923076923,12.36153846,5.538461538,5.653846154,
888.2402848,10.01538462,10.93076923,6.207692308,10.89230769,8.030769231,5.646153846,9.746153846,8.153846154,6.438461538,14.67692308,
888.4116739,14.65384615,15.46923077,9.969230769,19.76923077,5.507692308,5.861538462,20.98461538,6.230769231,7.546153846,10.9,
888.5830451,6.938461538,13.58461538,6.507692308,8.615384615,16.24615385,4.246153846,13.11538462,13.96153846,5.253846154,8.761538462,
888.7543984,23.11538462,16.73076923,9.261538462,9.723076923,13.9,11.04615385,5.030769231,8.8,11.54615385,13.13846154,
888.9257338,18.08461538,14.49230769,6.953846154,8.676923077,11,9.161538462,3.938461538,7.8,11.44615385,10.48461538,
889.0970513,8.215384615,13.73846154,5.938461538,15.06923077,14.46153846,6.284615385,14.13846154,12.26923077,5.361538462,11.11538462,
889.2683509,5.053846154,5.669230769,3.507692308,13.05384615,5.553846154,14.09230769,6.023076923,10.30769231,12.62307692,8.392307692,
889.4396326,13.62307692,14.34615385,5.261538462,2.123076923,16.23846154,8.469230769,10.32307692,14.6,5.046153846,9.569230769,
889.6108963,21.73846154,16.63846154,17.63076923,4.015384615,12.90769231,5.892307692,9.007692308,2.238461538,9.623076923,12.63846154,
889.7821422,13.58461538,8.092307692,6.984615385,9.023076923,19.13846154,8.769230769,8.861538462,5.853846154,7.530769231,7.776923077,
889.9533701,13.5,18.50769231,4.469230769,12.24615385,7.630769231,5.484615385,7.384615385,7.146153846,10.34615385,10.56153846,
890.1245801,16.00769231,12.84615385,24.73076923,19.15384615,14.38461538,5.661538462,14.35384615,7.346153846,14.99230769,11.4,
890.2957721,10.6,9.515384615,4.830769231,5.530769231,5.892307692,10.11538462,6.176923077,9.330769231,9.446153846,10.04615385,
890.4669463,15.91538462,6.384615385,10.76923077,13.55384615,11.02307692,6.838461538,9,16.52307692,10.42307692,9.976923077,
890.6381025,16.07692308,3.361538462,12.66923077,6.553846154,11.57692308,8.438461538,10.59230769,12.33846154,4.707692308,6.392307692,
890.8092408,10.18461538,18.34615385,10.4,11.06153846,18.07692308,8.484615385,8.961538462,15.76153846,9.653846154,17.14615385,
890.9803611,7.884615385,9.569230769,8.846153846,5.553846154,8.407692308,4.592307692,8.123076923,4.661538462,4.376923077,4.715384615,
891.1514635,14.48461538,13.22307692,9.876923077,16.3,15.90769231,10.05384615,13.76923077,0.9,2.353846154,10.15384615,
891.322548,11.09230769,4.876923077,3.653846154,8.946153846,4.2,7.176923077,3.484615385,4.446153846,7.523076923,10.58461538,
891.4936145,6.430769231,13.04615385,5.138461538,7.469230769,12.13076923,9.676923077,9.007692308,6.507692308,10.20769231,11.23076923,
891.6646631,4.669230769,9.407692308,11.83846154,6.284615385,18.8,10.23076923,4.4,6.684615385,5.038461538,4.830769231,
891.8356937,12.51538462,12.70769231,9.153846154,10.96923077,11.12307692,14.49230769,11.07692308,8.638461538,16.83076923,14.25384615,
892.0067064,13.46923077,9.361538462,6.1,9.338461538,12.98461538,12.64615385,18.20769231,9.869230769,6.553846154,9.184615385,
892.1777011,20.57692308,13.34615385,16.26923077,13.04615385,5.553846154,10.56153846,13.83076923,16.59230769,12.23846154,11.58461538,
892.3486778,15.68461538,8.907692308,13.34615385,10.45384615,14.52307692,9.192307692,4.346153846,12.02307692,5.661538462,11.55384615,
892.5196367,14.76153846,15.20769231,10.5,8.430769231,13.22307692,12.7,11.17692308,10.97692308,9.338461538,5.946153846,
892.6905775,6.261538462,2.815384615,12.86923077,16.00769231,6.338461538,4.369230769,8.476923077,6.815384615,8.523076923,7.4,
892.8615004,22.39230769,10.91538462,15.88461538,10.32307692,11.75384615,11.59230769,11.6,13.32307692,7.992307692,8.207692308,
893.0324053,5.653846154,12.04615385,6.484615385,7.361538462,5.992307692,5.546153846,9.038461538,5.730769231,6.046153846,8.053846154,
893.2032923,8.930769231,4.569230769,8.7,11.84615385,11.43076923,14.69230769,7.461538462,14.26153846,9.746153846,7.061538462,
893.3741613,7.646153846,11.89230769,4.076923077,11.91538462,15.55384615,10.86923077,15.96153846,10.28461538,10.44615385,9.769230769,
893.5450123,15.7,11.40769231,10.84615385,17.30769231,25.26923077,11.46153846,7.107692308,15.53846154,4.561538462,9.015384615,
893.7158453,14.92307692,12.24615385,7.161538462,7.492307692,4.923076923,9.984615385,6.953846154,2.746153846,12.8,10.9,
893.8866604,8.453846154,16.70769231,10.76923077,17.78461538,11.99230769,11.54615385,9.723076923,10.3,13.3,18.31538462,
894.0574575,9.876923077,6.523076923,11.42307692,11.93076923,9.761538462,8.415384615,9.353846154,8.715384615,13.23076923,13.28461538,
894.2282366,19.03846154,16.35384615,10.43846154,6.953846154,10.50769231,5.138461538,8.323076923,14.74615385,7.692307692,14.08461538,
894.3989977,1.938461538,6.907692308,6.792307692,4.484615385,18.46923077,5.369230769,11.18461538,7.115384615,5.992307692,5.115384615,
894.5697408,16.33076923,9.361538462,7.407692308,18.03076923,12.09230769,8.384615385,9.084615385,5.692307692,14.64615385,10.89230769,
894.740466,22.21538462,7.130769231,3.861538462,10.89230769,6.484615385,9.692307692,7.169230769,1.992307692,4.623076923,8.615384615,
894.9111731,9.961538462,19.11538462,7.123076923,10.37692308,12.13846154,6.846153846,9.115384615,7.153846154,12.9,16.33846154,
895.0818623,10.39230769,7.269230769,10.26153846,7.776923077,10.41538462,12.96153846,5.630769231,6.469230769,3.630769231,7.292307692,
895.2525334,19.69230769,5.115384615,19.31538462,10.35384615,19.75384615,10.4,2.384615385,15.36153846,6.907692308,8.384615385,
895.4231866,14.85384615,8.269230769,10.9,12.39230769,12.98461538,8.969230769,9.346153846,4.446153846,4.738461538,9.607692308,
895.5938218,11.30769231,6.876923077,10.86153846,15.26153846,11.00769231,7.276923077,7.323076923,10.98461538,14.83846154,10.42307692,
895.7644389,11.36923077,9.407692308,13.63846154,13.57692308,9.830769231,4.807692308,11.8,8.746153846,5.984615385,2.107692308,
895.9350381,7.361538462,18.90769231,6.438461538,10.73846154,11.2,14.80769231,14.90769231,6.007692308,9.707692308,6.138461538,
896.1056192,10.56923077,10.15384615,8.607692308,8.638461538,14.96153846,3.146153846,10.78461538,7.923076923,12.35384615,6.876923077,
896.2761823,10.29230769,14.74615385,18.91538462,11.07692308,5.576923077,8.715384615,22.04615385,8.015384615,10.87692308,14.45384615,
896.4467275,8.784615385,9.415384615,8.961538462,8.015384615,11.82307692,10.23846154,7.838461538,9.376923077,8.161538462,7.361538462,
896.6172546,20.75384615,10.73846154,17.04615385,7.861538462,10.4,7.284615385,13.85384615,3.369230769,18.76153846,9.7,
896.7877637,7.646153846,8.792307692,14.22307692,5.892307692,4.584615385,6.392307692,7.992307692,10.49230769,11.96923077,10.67692308,
896.9582547,12.96153846,18.78461538,5.3,14.53076923,7.053846154,17.7,13.71538462,6.5,8.284615385,9.784615385,
897.1287278,13.35384615,12.84615385,8.138461538,10.7,9.907692308,8.807692308,3.107692308,5.438461538,11.24615385,12.62307692,
897.2991828,16.69230769,13.76923077,11.81538462,7.976923077,7.938461538,11.67692308,4.369230769,1.984615385,5.684615385,5.730769231,
897.4696198,11.45384615,5.861538462,8.946153846,10.34615385,17.14615385,3.130769231,12.00769231,5.623076923,6.946153846,13.02307692,
897.6400387,6.684615385,8.976923077,9.176923077,14.53076923,14.54615385,19.45384615,8.869230769,11.30769231,18.70769231,17.21538462,
897.8104397,11,14.20769231,9.815384615,6.576923077,8.238461538,5.469230769,11.32307692,5.676923077,7.853846154,6.3,
897.9808226,10.41538462,8.576923077,12.32307692,12.93076923,11.84615385,6.6,23.21538462,8.546153846,7.684615385,14.8,
898.1511874,3.669230769,12.16923077,9.5,8.530769231,16.16153846,5.992307692,5.261538462,13.43076923,1.115384615,13.82307692,
898.3215343,19.42307692,11.26923077,13.19230769,11.27692308,8.553846154,10.29230769,5.084615385,11.56923077,8.146153846,7.746153846,
898.491863,9.407692308,13.86923077,6.946153846,7.4,11.1,17.46923077,8.384615385,5.084615385,18.60769231,9.184615385,
898.6621738,19.42307692,6.976923077,3.723076923,11.81538462,9.623076923,14.53846154,8.684615385,20.27692308,10.92307692,13.58461538,
898.8324664,5.523076923,7.923076923,12.15384615,9.030769231,5.4,11.52307692,9.523076923,4.3,6.5,14.26153846,
899.0027411,18.52307692,6.830769231,11.95384615,11.15384615,9.761538462,5.515384615,10.28461538,6.784615385,4.353846154,16.25384615,
899.1729977,7.192307692,8.853846154,12.87692308,17.18461538,13.46923077,3.607692308,12.53076923,13.26153846,13.06153846,5.9,
899.3432362,11.8,12.62307692,8.707692308,13.72307692,12.06153846,12.71538462,9.846153846,13.69230769,8.984615385,10.01538462,
899.5134567,11.45384615,9.630769231,7.553846154,5.146153846,11.48461538,3.2,1.776923077,2.446153846,6.407692308,4.023076923,
899.6836591,5.823076923,5.9,14.47692308,9.592307692,12.23846154,13.76923077,17.06153846,14.21538462,10.43846154,15.08461538,
899.8538434,13.94615385,12.04615385,7.576923077,9.8,10.23846154,17.56923077,12.87692308,6.030769231,5.5,14.74615385,
900.0240097,8.061538462,4.607692308,13.60769231,10.84615385,11.04615385,14.03846154,7.961538462,6.738461538,10.83846154,11.82307692,
900.1941579,16.45384615,11.54615385,7,11.42307692,8.053846154,8,8.846153846,7.915384615,5.353846154,10.82307692,
900.3642881,14.33076923,10.41538462,8.5,13.80769231,7.292307692,13.29230769,13.03076923,7.692307692,18.67692308,11.77692308,
900.5344002,12.59230769,5.376923077,7.323076923,8.684615385,8.538461538,6.538461538,6.438461538,11.41538462,8.307692308,5.792307692,
900.7044942,13.12307692,16.00769231,10.58461538,16.61538462,11.03846154,11.24615385,12.92307692,10.2,4.223076923,12.37692308,
900.8745701,11.55384615,14.66923077,7.423076923,15.39230769,7.184615385,8.823076923,3.946153846,6.961538462,8.238461538,7.338461538,
901.044628,8.838461538,8.223076923,12.65384615,14.16923077,12.66923077,2.215384615,12.96923077,10.88461538,10.64615385,15.20769231,
901.2146678,9.815384615,2.376923077,9.661538462,11.94615385,13.27692308,6.023076923,6.923076923,3.623076923,7.392307692,10.35384615,
901.3846895,6.538461538,10.48461538,10.59230769,7.561538462,14.68461538,5.446153846,7.230769231,16.36923077,15.41538462,11.98461538,
901.5546931,9.284615385,4.838461538,6.361538462,7.823076923,8.615384615,5.992307692,7.9,4.469230769,15.35384615,10.03846154,
901.7246786,8.884615385,11.6,10.9,11.83076923,9.046153846,10.58461538,20.60769231,10.89230769,8.215384615,5.830769231,
901.894646,5.4,11.74615385,10.75384615,12.16923077,11.91538462,9.323076923,12.21538462,7.138461538,6.9,11.50769231,
902.0645953,14.16153846,20.02307692,10.55384615,15.67692308,12.31538462,12.96923077,12.29230769,4.761538462,15.74615385,7.915384615,
902.2345266,6.084615385,14.22307692,5.092307692,9.053846154,12.03076923,13.25384615,13.62307692,15.54615385,11.79230769,6.223076923,
902.4044397,14.96153846,5.392307692,4.515384615,5.830769231,8.353846154,1.969230769,8.815384615,10.16923077,16.90769231,8.330769231,
902.5743348,8.984615385,4.715384615,5.015384615,6.661538462,4.392307692,2.853846154,8.230769231,14.54615385,15.18461538,9.861538462,
902.7442117,4.476923077,16,5.123076923,11.85384615,18.7,2.076923077,12.97692308,5.769230769,7.784615385,9.130769231,
902.9140705,10.13076923,7.515384615,5.792307692,7.507692308,7.353846154,5.038461538,9.084615385,13.01538462,2.146153846,13.47692308,
903.0839113,20.72307692,15.30769231,9.653846154,15.68461538,10.76923077,8.961538462,6.676923077,14.43076923,15.73076923,10.83846154,
903.2537339,20.72307692,14.32307692,9.653846154,16.38461538,8.107692308,7.669230769,6.676923077,14.43076923,15.73076923,10.83846154,
903.4235384,20.72307692,14.32307692,9.653846154,12.94615385,6.123076923,4.915384615,6.676923077,14.43076923,15.73076923,10.83846154,
903.5933248,20.72307692,1713.907692,9.653846154,1710.584615,3403.169231,8493.461538,6.676923077,14.43076923,15.73076923,10.83846154,
903.763093,20.72307692,14.90769231,9.653846154,12.94615385,7.607692308,5.430769231,6.676923077,14.43076923,15.73076923,10.83846154,
903.9328432,20.72307692,14.32307692,9.653846154,12.94615385,7.207692308,5.915384615,6.676923077,14.43076923,15.73076923,10.83846154,
904.1025752,20.72307692,14.32307692,9.653846154,14.98461538,7.584615385,4.915384615,6.676923077,14.43076923,15.73076923,10.83846154,
904.2722891,20.72307692,14.32307692,9.653846154,12.94615385,10.40769231,10.18461538,6.676923077,14.43076923,15.73076923,10.83846154,
904.4419849,20.72307692,18.00769231,9.653846154,12.94615385,6.969230769,6.507692308,6.676923077,14.43076923,15.73076923,10.83846154,
904.6116626,20.72307692,16.90769231,9.653846154,12.94615385,6.123076923,4.915384615,6.676923077,14.43076923,15.73076923,10.83846154,
904.7813221,20.72307692,14.32307692,9.653846154,12.94615385,9.507692308,6.584615385,6.676923077,14.43076923,15.73076923,10.83846154,
904.9509635,20.72307692,14.32307692,9.653846154,12.94615385,7.907692308,8.907692308,6.676923077,14.43076923,15.73076923,10.83846154,
905.1205867,20.72307692,16.00769231,9.653846154,13.48461538,10.66923077,9.123076923,6.676923077,14.43076923,15.73076923,10.83846154,
905.2901918,20.72307692,14.80769231,9.653846154,12.94615385,6.123076923,7.107692308,6.676923077,14.43076923,15.73076923,10.83846154,
905.4597788,20.72307692,14.32307692,9.653846154,12.94615385,8.007692308,7.392307692,6.676923077,14.43076923,15.73076923,10.83846154,
905.6293476,20.72307692,16.60769231,9.653846154,14.48461538,10.20769231,12.1,6.676923077,14.43076923,15.73076923,10.83846154,
905.7988983,20.72307692,15.60769231,9.653846154,12.94615385,6.407692308,5.761538462,6.676923077,14.43076923,15.73076923,10.83846154,
905.9684309,20.72307692,14.32307692,9.653846154,12.94615385,6.507692308,5.692307692,6.676923077,14.43076923,15.73076923,10.83846154,
906.1379452,20.72307692,17.20769231,9.653846154,12.94615385,13.26923077,8.407692308,6.676923077,14.43076923,15.73076923,10.83846154,
906.3074415,20.72307692,14.32307692,9.653846154,13.68461538,6.123076923,9.646153846,6.676923077,14.43076923,15.73076923,10.83846154,
906.4769195,20.72307692,14.70769231,9.653846154,13.18461538,7.469230769,12.96153846,6.676923077,14.43076923,15.73076923,10.83846154,
906.6463794,20.72307692,15.50769231,9.653846154,13.18461538,9.969230769,9.869230769,6.676923077,14.43076923,15.73076923,10.83846154,
906.8158212,20.72307692,16.70769231,9.653846154,12.94615385,11.46923077,13.74615385,6.676923077,14.43076923,15.73076923,10.83846154,
906.9852448,20.72307692,14.32307692,9.653846154,13.28461538,6.123076923,6.392307692,6.676923077,14.43076923,15.73076923,10.83846154,
907.1546502,20.72307692,15.20769231,9.653846154,14.18461538,10.76923077,13.14615385,6.676923077,14.43076923,15.73076923,10.83846154,
907.3240375,20.72307692,14.90769231,9.653846154,12.94615385,9.807692308,11.46923077,6.676923077,14.43076923,15.73076923,10.83846154,
907.4934066,20.72307692,16.30769231,9.653846154,14.28461538,13.66923077,7.253846154,6.676923077,14.43076923,15.73076923,10.83846154,
907.6627575,20.72307692,16.60769231,9.653846154,14.48461538,8.884615385,7.9,6.676923077,14.43076923,15.73076923,10.83846154,
907.8320902,20.72307692,14.40769231,9.653846154,13.08461538,10.76923077,7.969230769,6.676923077,14.43076923,15.73076923,10.83846154,
908.0014048,20.72307692,14.32307692,9.653846154,13.48461538,10.06923077,8,6.676923077,14.43076923,15.73076923,10.83846154,
908.1707012,20.72307692,16.70769231,9.653846154,12.94615385,10.56923077,13.46153846,6.676923077,14.43076923,15.73076923,10.83846154,
908.3399794,20.72307692,18.40769231,9.653846154,14.08461538,8.507692308,14.06153846,6.676923077,14.43076923,15.73076923,10.83846154,
908.5092394,20.72307692,16.30769231,9.653846154,13.38461538,9.369230769,7.723076923,6.676923077,14.43076923,15.73076923,10.83846154,
908.6784812,20.72307692,18.20769231,9.653846154,12.94615385,9.707692308,11.8,6.676923077,14.43076923,15.73076923,10.83846154,
908.8477048,20.72307692,14.32307692,9.653846154,15.08461538,13.16923077,11.89230769,6.676923077,14.43076923,15.73076923,10.83846154,
909.0169103,20.72307692,15.00769231,9.653846154,12.94615385,6.207692308,9.684615385,6.676923077,14.43076923,15.73076923,10.83846154,
909.1860975,20.72307692,18.20769231,9.653846154,12.94615385,10.06923077,16.96153846,6.676923077,14.43076923,15.73076923,10.83846154,
909.3552666,20.72307692,14.32307692,9.653846154,13.38461538,8.584615385,7.169230769,6.676923077,14.43076923,15.73076923,10.83846154,
909.5244175,20.72307692,16.60769231,9.653846154,14.48461538,8.184615385,12.96153846,6.676923077,14.43076923,15.73076923,10.83846154,
909.6935501,20.72307692,17.80769231,9.653846154,13.28461538,11.96923077,7.023076923,6.676923077,14.43076923,15.73076923,10.83846154,
909.8626646,20.72307692,16.00769231,9.653846154,12.94615385,15.56923077,12.84615385,6.676923077,14.43076923,15.73076923,10.83846154,
910.0317608,20.72307692,16.90769231,9.653846154,14.28461538,10.40769231,11.44615385,6.676923077,14.43076923,15.73076923,10.83846154,
910.2008388,20.72307692,16.00769231,9.653846154,12.94615385,12.10769231,7.323076923,6.676923077,14.43076923,15.73076923,10.83846154,
910.3698987,20.72307692,14.80769231,9.653846154,12.94615385,6.984615385,5.376923077,6.676923077,14.43076923,15.73076923,10.83846154,
910.5389403,20.72307692,19.30769231,9.653846154,13.88461538,7.569230769,14.26153846,6.676923077,14.43076923,15.73076923,10.83846154,
910.7079637,20.72307692,19.00769231,9.653846154,12.94615385,9.269230769,7.646153846,6.676923077,14.43076923,15.73076923,10.83846154,
910.8769688,20.72307692,18.30769231,9.653846154,13.48461538,11.16923077,10.66923077,6.676923077,14.43076923,15.73076923,10.83846154,
911.0459558,20.72307692,14.40769231,9.653846154,12.94615385,11.56923077,8.623076923,6.676923077,14.43076923,15.73076923,10.83846154,
911.2149245,20.72307692,14.32307692,9.653846154,14.68461538,11.36923077,11.08461538,6.676923077,14.43076923,15.73076923,10.83846154,
911.383875,20.72307692,14.90769231,9.653846154,15.38461538,8.007692308,8.446153846,6.676923077,14.43076923,15.73076923,10.83846154,
911.5528073,20.72307692,16.40769231,9.653846154,14.58461538,6.484615385,9.646153846,6.676923077,14.43076923,15.73076923,10.83846154,
911.7217214,20.72307692,16.80769231,9.653846154,13.58461538,7.907692308,6.707692308,6.676923077,14.43076923,15.73076923,10.83846154,
911.8906172,20.72307692,17.10769231,9.653846154,13.28461538,6.407692308,8.207692308,6.676923077,14.43076923,15.73076923,10.83846154,
912.0594947,20.72307692,15.40769231,9.653846154,12.94615385,8.469230769,8.069230769,6.676923077,14.43076923,15.73076923,10.83846154,
912.2283541,20.72307692,15.40769231,9.653846154,14.38461538,9.169230769,14.25384615,6.676923077,14.43076923,15.73076923,10.83846154,
912.3971952,20.72307692,14.32307692,9.653846154,12.94615385,7.707692308,5.823076923,6.676923077,14.43076923,15.73076923,10.83846154,
912.566018,20.72307692,17.60769231,9.653846154,12.94615385,13.76923077,10.6,6.676923077,14.43076923,15.73076923,10.83846154,
912.7348226,20.72307692,14.32307692,9.653846154,12.94615385,8.384615385,13.48461538,6.676923077,14.43076923,15.73076923,10.83846154,
912.903609,20.72307692,17.20769231,9.653846154,12.94615385,10.26923077,14.38461538,6.676923077,14.43076923,15.73076923,10.83846154,
913.0723771,20.72307692,15.40769231,9.653846154,16.18461538,8.807692308,8.546153846,6.676923077,14.43076923,15.73076923,10.83846154,
913.241127,20.72307692,14.32307692,9.653846154,12.94615385,7.269230769,16.38461538,6.676923077,14.43076923,15.73076923,10.83846154,
913.4098586,20.72307692,19.20769231,9.653846154,12.94615385,10.26923077,14.56923077,6.676923077,14.43076923,15.73076923,10.83846154,
913.5785719,20.72307692,17.00769231,9.653846154,13.58461538,8.569230769,12.74615385,6.676923077,14.43076923,15.73076923,10.83846154,
913.747267,20.72307692,15.60769231,9.653846154,12.94615385,10.38461538,8.923076923,6.676923077,14.43076923,15.73076923,10.83846154,
913.9159439,20.72307692,16.90769231,9.653846154,14.58461538,9.169230769,16.7,6.676923077,14.43076923,15.73076923,10.83846154,
914.0846024,20.72307692,18.70769231,9.653846154,15.68461538,11.16923077,8.2,6.676923077,14.43076923,15.73076923,10.83846154,
914.2532427,20.72307692,20.00769231,9.653846154,12.94615385,6.884615385,7.230769231,6.676923077,14.43076923,15.73076923,10.83846154,
914.4218647,20.72307692,16.40769231,9.653846154,13.48461538,8.084615385,12.85384615,6.676923077,14.43076923,15.73076923,10.83846154,
914.5904685,20.72307692,17.20769231,9.653846154,12.94615385,9.569230769,11.06153846,6.676923077,14.43076923,15.73076923,10.83846154,
914.759054,20.72307692,15.10769231,9.653846154,13.28461538,6.807692308,10.08461538,6.676923077,14.43076923,15.73076923,10.83846154,
914.9276212,20.72307692,16.90769231,9.653846154,13.68461538,8.169230769,13.24615385,6.676923077,14.43076923,15.73076923,10.83846154,
915.0961701,20.72307692,15.40769231,9.653846154,16.98461538,8.107692308,9.546153846,6.676923077,14.43076923,15.73076923,10.83846154,
915.2647008,20.72307692,16.40769231,9.653846154,12.94615385,6.407692308,10.69230769,6.676923077,14.43076923,15.73076923,10.83846154,
915.4332131,20.72307692,15.50769231,9.653846154,13.08461538,7.769230769,11.1,6.676923077,14.43076923,15.73076923,10.83846154,
915.6017072,20.72307692,14.32307692,9.653846154,12.94615385,14.56923077,11.14615385,6.676923077,14.43076923,15.73076923,10.83846154,
915.770183,20.72307692,16.00769231,9.653846154,14.48461538,6.584615385,7.384615385,6.676923077,14.43076923,15.73076923,10.83846154,
915.9386405,20.72307692,14.32307692,9.653846154,12.94615385,8.907692308,11.96153846,6.676923077,14.43076923,15.73076923,10.83846154,
916.1070797,20.72307692,14.60769231,9.653846154,13.68461538,9.407692308,10.40769231,6.676923077,14.43076923,15.73076923,10.83846154,
916.2755006,20.72307692,14.80769231,9.653846154,13.58461538,13.96923077,17,6.676923077,14.43076923,15.73076923,10.83846154,
916.4439032,20.72307692,15.40769231,9.653846154,12.94615385,10.50769231,15.54615385,6.676923077,14.43076923,15.73076923,10.83846154,
916.6122875,20.72307692,15.30769231,9.653846154,15.88461538,8.307692308,9.569230769,6.676923077,14.43076923,15.73076923,10.83846154,
916.7806535,20.72307692,16.00769231,9.653846154,12.94615385,8.507692308,12.34615385,6.676923077,14.43076923,15.73076923,10.83846154,
916.9490012,20.72307692,17.00769231,9.653846154,16.98461538,8.969230769,8.392307692,6.676923077,14.43076923,15.73076923,10.83846154,
917.1173306,20.72307692,18.00769231,9.653846154,14.98461538,11.66923077,8.9,6.676923077,14.43076923,15.73076923,10.83846154,
917.2856416,20.72307692,15.00769231,9.653846154,12.94615385,9.907692308,8.361538462,6.676923077,14.43076923,15.73076923,10.83846154,
917.4539344,20.72307692,14.80769231,9.653846154,13.88461538,9.907692308,11.78461538,6.676923077,14.43076923,15.73076923,10.83846154,
917.6222089,20.72307692,16.20769231,9.653846154,12.94615385,10.06923077,7.292307692,6.676923077,14.43076923,15.73076923,10.83846154,
917.790465,20.72307692,14.32307692,9.653846154,13.88461538,7.307692308,10.56923077,6.676923077,14.43076923,15.73076923,10.83846154,
917.9587028,20.72307692,17.20769231,9.653846154,12.94615385,12.56923077,9,6.676923077,14.43076923,15.73076923,10.83846154,
918.1269223,20.72307692,14.32307692,9.653846154,12.94615385,7.707692308,10.88461538,6.676923077,14.43076923,15.73076923,10.83846154,
918.2951234,20.72307692,17.20769231,9.653846154,12.94615385,9.869230769,19.36153846,6.676923077,14.43076923,15.73076923,10.83846154,
918.4633063,20.72307692,15.60769231,9.653846154,13.48461538,8.069230769,8.046153846,6.676923077,14.43076923,15.73076923,10.83846154,
918.6314708,20.72307692,15.40769231,9.653846154,15.18461538,10.36923077,11.36923077,6.676923077,14.43076923,15.73076923,10.83846154,
918.799617,20.72307692,14.40769231,9.653846154,15.48461538,10.76923077,13.36153846,6.676923077,14.43076923,15.73076923,10.83846154,
918.9677448,20.72307692,17.60769231,9.653846154,12.94615385,6.869230769,18.16153846,6.676923077,14.43076923,15.73076923,10.83846154,
919.1358543,20.72307692,14.80769231,9.653846154,13.68461538,8.484615385,7.176923077,6.676923077,14.43076923,15.73076923,10.83846154,
919.3039455,20.72307692,14.80769231,9.653846154,13.48461538,12.16923077,11.76153846,6.676923077,14.43076923,15.73076923,10.83846154,
919.4720183,20.72307692,14.32307692,9.653846154,12.94615385,11.76923077,12.56153846,6.676923077,14.43076923,15.73076923,10.83846154,
919.6400728,20.72307692,15.20769231,9.653846154,12.94615385,9.469230769,9.353846154,6.676923077,14.43076923,15.73076923,10.83846154,
919.8081089,20.72307692,16.70769231,9.653846154,12.98461538,11.86923077,9.4,6.676923077,14.43076923,15.73076923,10.83846154,
919.9761267,20.72307692,17.00769231,9.653846154,12.94615385,7.369230769,11.02307692,6.676923077,14.43076923,15.73076923,10.83846154,
920.1441261,20.72307692,15.20769231,9.653846154,12.94615385,10.46923077,7.084615385,6.676923077,14.43076923,15.73076923,10.83846154,
920.3121072,20.72307692,15.50769231,9.653846154,14.08461538,10.86923077,8.723076923,6.676923077,14.43076923,15.73076923,10.83846154,
920.4800699,20.72307692,15.60769231,9.653846154,12.94615385,6.907692308,9.969230769,6.676923077,14.43076923,15.73076923,10.83846154,
920.6480143,20.72307692,15.60769231,9.653846154,15.38461538,8.769230769,14.18461538,6.676923077,14.43076923,15.73076923,10.83846154,
920.8159403,20.72307692,16.20769231,9.653846154,15.18461538,7.007692308,10.34615385,6.676923077,14.43076923,15.73076923,10.83846154,
920.9838479,20.72307692,14.32307692,9.653846154,14.88461538,8.969230769,9.3,6.676923077,14.43076923,15.73076923,10.83846154,
921.1517372,20.72307692,16.40769231,9.653846154,14.08461538,7.769230769,10.58461538,6.676923077,14.43076923,15.73076923,10.83846154,
921.3196081,20.72307692,17.80769231,9.653846154,16.88461538,11.56923077,14.86153846,6.676923077,14.43076923,15.73076923,10.83846154,
921.4874606,20.72307692,15.20769231,9.653846154,13.88461538,9.269230769,7.307692308,6.676923077,14.43076923,15.73076923,10.83846154,
921.6552948,20.72307692,15.10769231,9.653846154,14.48461538,10.36923077,14.46153846,6.676923077,14.43076923,15.73076923,10.83846154,
921.8231105,20.72307692,16.80769231,9.653846154,12.94615385,12.96923077,10.25384615,6.676923077,14.43076923,15.73076923,10.83846154,
921.9909079,20.72307692,16.20769231,9.653846154,14.28461538,9.869230769,9.7,6.676923077,14.43076923,15.73076923,10.83846154,
922.158687,20.72307692,15.30769231,9.653846154,13.08461538,6.123076923,11.98461538,6.676923077,14.43076923,15.73076923,10.83846154,
922.3264476,20.72307692,19.60769231,9.653846154,12.94615385,13.36923077,12.38461538,6.676923077,14.43076923,15.73076923,10.83846154,
922.4941898,20.72307692,14.32307692,9.653846154,14.98461538,6.784615385,8.484615385,6.676923077,14.43076923,15.73076923,10.83846154,
922.6619137,20.72307692,14.32307692,9.653846154,13.68461538,9.269230769,9.484615385,6.676923077,14.43076923,15.73076923,10.83846154,
922.8296192,20.72307692,14.32307692,9.653846154,12.94615385,6.907692308,12.16153846,6.676923077,14.43076923,15.73076923,10.83846154,
922.9973063,20.72307692,14.90769231,9.653846154,14.48461538,10.36923077,14.86153846,6.676923077,14.43076923,15.73076923,10.83846154,
923.164975,20.72307692,14.70769231,9.653846154,12.94615385,9.669230769,6.207692308,6.676923077,14.43076923,15.73076923,10.83846154,
923.3326252,20.72307692,18.70769231,9.653846154,12.98461538,8.869230769,7.507692308,6.676923077,14.43076923,15.73076923,10.83846154,
923.5002571,20.72307692,19.80769231,9.653846154,12.94615385,6.907692308,11.66153846,6.676923077,14.43076923,15.73076923,10.83846154,
923.6678706,20.72307692,17.40769231,9.653846154,17.08461538,9.307692308,5.215384615,6.676923077,14.43076923,15.73076923,10.83846154,
923.8354657,20.72307692,15.60769231,9.653846154,14.68461538,9.269230769,10.1,6.676923077,14.43076923,15.73076923,10.83846154,
924.0030424,20.72307692,16.90769231,9.653846154,12.94615385,13.56923077,16.56153846,6.676923077,14.43076923,15.73076923,10.83846154,
924.1706006,20.72307692,16.40769231,9.653846154,15.68461538,10.76923077,6.507692308,6.676923077,14.43076923,15.73076923,10.83846154,
924.3381405,20.72307692,17.90769231,9.653846154,12.94615385,10.90769231,7.507692308,6.676923077,14.43076923,15.73076923,10.83846154,
924.5056619,20.72307692,14.90769231,9.653846154,12.94615385,9.769230769,10.10769231,6.676923077,14.43076923,15.73076923,10.83846154,
924.673165,20.72307692,17.00769231,9.653846154,14.68461538,11.66923077,12.04615385,6.676923077,14.43076923,15.73076923,10.83846154,
924.8406496,20.72307692,14.32307692,9.653846154,13.98461538,8.107692308,7.1,6.676923077,14.43076923,15.73076923,10.83846154,
925.0081158,20.72307692,17.60769231,9.653846154,13.78461538,8.307692308,7.769230769,6.676923077,14.43076923,15.73076923,10.83846154,
925.1755635,20.72307692,15.20769231,9.653846154,14.58461538,8.969230769,7.669230769,6.676923077,14.43076923,15.73076923,10.83846154,
925.3429928,20.72307692,15.00769231,9.653846154,17.18461538,7.369230769,11.95384615,6.676923077,14.43076923,15.73076923,10.83846154,
925.5104037,20.72307692,14.40769231,9.653846154,15.08461538,8.569230769,11.32307692,6.676923077,14.43076923,15.73076923,10.83846154,
925.6777962,20.72307692,17.00769231,9.653846154,12.94615385,10.86923077,20.46153846,6.676923077,14.43076923,15.73076923,10.83846154,
925.8451702,20.72307692,19.00769231,9.653846154,12.94615385,9.469230769,11.38461538,6.676923077,14.43076923,15.73076923,10.83846154,
926.0125258,20.72307692,16.80769231,9.653846154,13.28461538,11.16923077,8.553846154,6.676923077,14.43076923,15.73076923,10.83846154,
926.179863,20.72307692,14.32307692,9.653846154,13.88461538,11.76923077,12.6,6.676923077,14.43076923,15.73076923,10.83846154,
926.3471817,20.72307692,18.60769231,9.653846154,13.98461538,8.169230769,8.784615385,6.676923077,14.43076923,15.73076923,10.83846154,
926.514482,20.72307692,14.40769231,9.653846154,14.28461538,8.984615385,11.18461538,6.676923077,14.43076923,15.73076923,10.83846154,
926.6817638,20.72307692,16.20769231,9.653846154,14.18461538,8.069230769,10.80769231,6.676923077,14.43076923,15.73076923,10.83846154,
926.8490272,20.72307692,14.32307692,9.653846154,15.28461538,7.969230769,9.084615385,6.676923077,14.43076923,15.73076923,10.83846154,
927.0162722,20.72307692,16.90769231,9.653846154,13.08461538,11.10769231,11.56153846,6.676923077,14.43076923,15.73076923,10.83846154,
927.1834986,20.72307692,15.20769231,9.653846154,14.88461538,7.507692308,12.46153846,6.676923077,14.43076923,15.73076923,10.83846154,
927.3507067,20.72307692,14.32307692,9.653846154,12.94615385,7.907692308,10.84615385,6.676923077,14.43076923,15.73076923,10.83846154,
927.5178962,20.72307692,14.32307692,9.653846154,12.94615385,8.807692308,10.48461538,6.676923077,14.43076923,15.73076923,10.83846154,
927.6850673,20.72307692,16.00769231,9.653846154,17.08461538,9.469230769,11.30769231,6.676923077,14.43076923,15.73076923,10.83846154,
927.85222,20.72307692,15.30769231,9.653846154,12.94615385,12.20769231,8.661538462,6.676923077,14.43076923,15.73076923,10.83846154,
928.0193542,20.72307692,16.00769231,9.653846154,12.94615385,6.884615385,10.86153846,6.676923077,14.43076923,15.73076923,10.83846154,
928.1864699,20.72307692,16.60769231,9.653846154,12.94615385,6.284615385,7.007692308,6.676923077,14.43076923,15.73076923,10.83846154,
928.3535671,20.72307692,16.00769231,9.653846154,14.08461538,8.569230769,10.52307692,6.676923077,14.43076923,15.73076923,10.83846154,
928.5206459,20.72307692,18.00769231,9.653846154,12.94615385,6.384615385,12,6.676923077,14.43076923,15.73076923,10.83846154,
928.6877062,20.72307692,16.60769231,9.653846154,13.68461538,8.069230769,6.153846154,6.676923077,14.43076923,15.73076923,10.83846154,
928.854748,20.72307692,14.40769231,9.653846154,13.08461538,7.069230769,10.14615385,6.676923077,14.43076923,15.73076923,10.83846154,
929.0217713,20.72307692,15.00769231,9.653846154,15.58461538,8.769230769,15.26153846,6.676923077,14.43076923,15.73076923,10.83846154,
929.1887762,20.72307692,14.80769231,9.653846154,12.98461538,7.207692308,7.153846154,6.676923077,14.43076923,15.73076923,10.83846154,
929.3557625,20.72307692,19.90769231,9.653846154,13.68461538,9.769230769,7.392307692,6.676923077,14.43076923,15.73076923,10.83846154,
929.5227304,20.72307692,14.32307692,9.653846154,12.94615385,9.069230769,11.4,6.676923077,14.43076923,15.73076923,10.83846154,
929.6896798,20.72307692,15.20769231,9.653846154,12.94615385,8.469230769,13.1,6.676923077,14.43076923,15.73076923,10.83846154,
929.8566107,20.72307692,16.60769231,9.653846154,16.68461538,8.307692308,9.461538462,6.676923077,14.43076923,15.73076923,10.83846154,
930.0235231,20.72307692,16.40769231,9.653846154,14.68461538,9.169230769,15.16153846,6.676923077,14.43076923,15.73076923,10.83846154,
930.190417,20.72307692,17.60769231,9.653846154,12.94615385,9.007692308,12.16153846,6.676923077,14.43076923,15.73076923,10.83846154,
930.3572924,20.72307692,17.00769231,9.653846154,15.78461538,12.86923077,11.76153846,6.676923077,14.43076923,15.73076923,10.83846154,
930.5241493,20.72307692,17.60769231,9.653846154,14.18461538,7.707692308,7.484615385,6.676923077,14.43076923,15.73076923,10.83846154,
930.6909877,20.72307692,14.32307692,9.653846154,12.94615385,8.807692308,12.86153846,6.676923077,14.43076923,15.73076923,10.83846154,
930.8578076,20.72307692,17.10769231,9.653846154,14.78461538,10.16923077,7.846153846,6.676923077,14.43076923,15.73076923,10.83846154,
931.024609,20.72307692,14.40769231,9.653846154,12.94615385,8.807692308,9.069230769,6.676923077,14.43076923,15.73076923,10.83846154,
931.1913919,20.72307692,16.80769231,9.653846154,13.68461538,9.569230769,12.76153846,6.676923077,14.43076923,15.73076923,10.83846154,
931.3581563,20.72307692,17.20769231,9.653846154,13.28461538,11.06923077,9.684615385,6.676923077,14.43076923,15.73076923,10.83846154,
931.5249021,20.72307692,18.40769231,9.653846154,14.68461538,6.507692308,12.86923077,6.676923077,14.43076923,15.73076923,10.83846154,
931.6916295,20.72307692,14.40769231,9.653846154,14.78461538,9.607692308,5.984615385,6.676923077,14.43076923,15.73076923,10.83846154,
931.8583383,20.72307692,15.20769231,9.653846154,14.88461538,7.607692308,11.44615385,6.676923077,14.43076923,15.73076923,10.83846154,
