lambda,1,2,3,4,5,6,7,8,9,10
200.1568973,13.98461538,13.60769231,20.26153846,7.876923077,12.18461538,10.67692308,8.815384615,11.33076923,15.05384615,7.861538462
200.3759475,12.74615385,3.415384615,8.392307692,9.223076923,15.95384615,9.323076923,5.153846154,12.36153846,12.08461538,9.8
200.5949882,11.58461538,8.623076923,14.73846154,7.538461538,16.03846154,24.06153846,14.41538462,20.22307692,12.69230769,20.14615385
200.8140194,9.207692308,10.54615385,5.392307692,8.038461538,5.623076923,19.03076923,10.6,9.3,9.715384615,8.138461538
201.0330411,10.96923077,9.153846154,9.4,14.83076923,8.607692308,12.64615385,13.19230769,9.346153846,15.65384615,0.907692308
201.2520534,5.069230769,16.77692308,4.692307692,11.69230769,11.26153846,13.96153846,15.36153846,12.00769231,9.584615385,5.461538462
201.4710561,5.830769231,17.77692308,12.21538462,13.06153846,15.54615385,15.35384615,11.28461538,11.70769231,11.20769231,12.96923077
201.6900493,5.869230769,11.23846154,14.52307692,6.553846154,9.384615385,15.72307692,7.538461538,17.16153846,11.83076923,6.246153846
201.9090331,11.89230769,15.37692308,14.72307692,9.976923077,4.569230769,11.63076923,14.5,20.7,1.076923077,15.72307692
202.1280073,8.246153846,12.67692308,14.43076923,6.6,6.138461538,9.276923077,7.646153846,11.05384615,16.33076923,9.8
202.346972,7.853846154,12.10769231,28.42307692,16.6,21.62307692,11.46923077,21.66923077,12.08461538,6.161538462,10.34615385
202.5659272,11.24615385,12.16923077,7.146153846,12.96923077,15.90769231,5.869230769,18.7,13.73076923,10.64615385,8.969230769
202.784873,12.16153846,12.55384615,7.023076923,9.738461538,13.04615385,12.39230769,7.176923077,8.023076923,17.95384615,16.09230769
203.0038092,18.00769231,2.253846154,15.76153846,9.407692308,7.8,6.592307692,7.676923077,6.138461538,7.115384615,4.1
203.2227359,13.56923077,7.976923077,17.42307692,25.32307692,16.03846154,9.415384615,13.36923077,19.1,11.68461538,26.45384615
203.441653,9.038461538,9.446153846,6.284615385,12.3,5.861538462,13.30769231,16.5,8.538461538,1.815384615,7.876923077
203.6605607,13.62307692,19.13076923,12.97692308,15.81538462,12.14615385,8.569230769,8.053846154,12.33846154,14.00769231,6.138461538
203.8794588,17.46923077,5.723076923,8.138461538,9.023076923,9.884615385,10.62307692,5.630769231,2.661538462,4.592307692,0.669230769
204.0983474,16.16153846,10.46153846,7.907692308,13.37692308,15.44615385,18.72307692,10.63846154,17.39230769,18.45384615,12.96153846
204.3172265,7.615384615,6.038461538,10.8,3.484615385,3.830769231,9.523076923,13.26923077,9.646153846,5.392307692,8.484615385
204.5360961,5.946153846,19.88461538,6.953846154,8.576923077,18.81538462,14.45384615,17.73076923,8.015384615,14.78461538,9.023076923
204.7549561,9.846153846,12.95384615,7.946153846,7.284615385,10.46923077,17.5,4.007692308,13.92307692,9.507692308,7.884615385
204.9738066,16.18461538,6.992307692,7.038461538,14.24615385,14.12307692,20.67692308,11.63846154,18.00769231,10.57692308,11.73846154
205.1926476,7.730769231,9.3,14.28461538,9.930769231,9.469230769,8.830769231,9.4,21.34615385,12.47692308,18.38461538
205.411479,21.37692308,14.44615385,11.82307692,14.41538462,18.61538462,11.7,16.81538462,13.86923077,17.08461538,10.13076923
205.6303009,5.676923077,6.5,15.03076923,10.6,12.66923077,8.330769231,14.30769231,18.06923077,9.915384615,10.30769231
205.8491133,6.376923077,13.08461538,5.838461538,14.8,5.8,9.853846154,9.223076923,14.93846154,12.7,9.861538462
206.0679161,13.90769231,16.96923077,7.738461538,12.26153846,7.9,7.523076923,12.49230769,6.646153846,7.676923077,10.28461538
206.2867093,19.16153846,11.62307692,17.07692308,20.33076923,7.838461538,9.807692308,8.930769231,6.661538462,15.45384615,8.369230769
206.505493,11.23076923,13.16153846,4.9,19.27692308,8.623076923,19.9,13.63076923,8.253846154,9.807692308,9.776923077
206.7242672,12.19230769,15.8,6.853846154,12.57692308,12.62307692,21.17692308,15.81538462,11.25384615,12.28461538,5.738461538
206.9430318,9.8,7.276923077,4.823076923,7.761538462,7.969230769,11.87692308,10.7,11.38461538,7.138461538,5.230769231
207.1617868,15.90769231,26.25384615,10.52307692,5.661538462,9.546153846,12.20769231,14.47692308,8.653846154,3.984615385,12.94615385
207.3805323,17.98461538,3.7,8.653846154,8.476923077,11.51538462,8.807692308,8.507692308,14.38461538,8.146153846,9.876923077
207.5992682,18.48461538,12.37692308,9.330769231,8.4,9.453846154,15.71538462,7.861538462,7.530769231,13.41538462,5.669230769
207.8179946,11.65384615,17.73076923,11.86923077,10.62307692,8.730769231,18.8,12.63846154,7.984615385,10.45384615,4.715384615
208.0367114,7.130769231,13.64615385,11.02307692,14.56153846,13.90769231,18.70769231,17.18461538,11.80769231,7.876923077,14.96153846
208.2554186,8.269230769,11.93076923,13.37692308,11.25384615,11.86153846,12.39230769,8.030769231,15.04615385,10.48461538,18.46153846
208.4741162,18.46923077,14.72307692,8.907692308,9.015384615,11.73846154,12.35384615,15.67692308,16.67692308,16.12307692,8.038461538
208.6928043,9.761538462,11.02307692,14.32307692,12.10769231,13.64615385,14.46923077,5.584615385,10.04615385,12.60769231,5.992307692
208.9114828,6.630769231,20.18461538,25.46153846,7.292307692,11.49230769,16.72307692,14.9,26.56153846,13.33846154,11.83076923
209.1301517,14.68461538,10.36923077,5.446153846,10.09230769,6.138461538,9.684615385,6.607692308,9.953846154,9.123076923,8.023076923
209.3488111,13.96923077,12.47692308,12.67692308,13.45384615,19.06153846,13.42307692,12.52307692,12.4,10.46153846,16
209.5674608,13.05384615,11.53076923,13.93846154,5.030769231,14.53076923,21.08461538,18.04615385,6.169230769,11.83846154,10.81538462
209.786101,9.792307692,10.60769231,11.46923077,16.34615385,12.14615385,10.27692308,20.02307692,13.88461538,11.03076923,18.4
210.0047316,13.43846154,6.792307692,11.08461538,11.77692308,14.06153846,9.261538462,17.46923077,12.41538462,7.115384615,9.023076923
210.2233526,8.107692308,18.63076923,12.97692308,13.86153846,12.13846154,16.40769231,19.50769231,11.03076923,10.67692308,14.13846154
210.441964,8.615384615,10.93076923,4.038461538,6.384615385,10.92307692,9.215384615,6.253846154,11.87692308,11.75384615,4.607692308
210.6605658,6.669230769,16.71538462,18.66153846,10.25384615,13.43846154,10.90769231,9.953846154,10.12307692,13.81538462,12.26153846
210.879158,11.33076923,13.37692308,14.31538462,12.96923077,7.923076923,4.561538462,5.230769231,12.60769231,11.43846154,10.80769231
211.0977406,15.64615385,8.584615385,14.38461538,9.353846154,9.846153846,12.60769231,14.92307692,15.92307692,20.08461538,5.646153846
211.3163136,4.946153846,10.2,11.85384615,15.43076923,7.123076923,5.115384615,4.861538462,9.769230769,3.269230769,10.52307692
211.534877,15.29230769,7.392307692,4.469230769,13.3,7.807692308,8.338461538,11.64615385,16.64615385,11.2,8.738461538
211.7534308,17.76153846,12.36923077,8.346153846,8.923076923,5.353846154,18.2,14.93076923,8.938461538,9.630769231,4.346153846
211.971975,9.607692308,13.67692308,13.96153846,17.56923077,8.623076923,12.89230769,15.86153846,9.723076923,24.45384615,14.24615385
212.1905096,3.8,7.653846154,7.946153846,0,12.68461538,1.515384615,16.83846154,11.68461538,4.715384615,5.4
212.4090345,14.39230769,12.59230769,10.14615385,13.3,19.34615385,13.17692308,15.98461538,8.846153846,11.72307692,12
212.6275499,13.46153846,12.73846154,18.58461538,7.323076923,9.123076923,16.80769231,11.33076923,8.8,8.092307692,7.784615385
212.8460556,12.13076923,12.9,10.10769231,10.93846154,10.68461538,14.63846154,18.76923077,15.44615385,13.25384615,1.323076923
213.0645517,16.03076923,12.20769231,10.33846154,13.66923077,16.24615385,6.792307692,15.64615385,10.96153846,12.73076923,13.53076923
213.2830381,19.56153846,14.46153846,8.892307692,15.81538462,14.08461538,24.10769231,5.053846154,14.32307692,19.63076923,18.40769231
213.501515,15.27692308,9.953846154,6.769230769,13.5,3.484615385,6.507692308,7.476923077,9.523076923,16.45384615,7.130769231
213.7199822,16.74615385,10.44615385,8.8,11.74615385,12.28461538,8.446153846,4.3,6.446153846,14.61538462,9.338461538
213.9384398,17.89230769,7.515384615,12.77692308,6.761538462,2.284615385,10.23076923,8.353846154,14.46153846,12.08461538,11.59230769
214.1568877,16.53076923,10.20769231,17.96153846,7.461538462,6.530769231,7.153846154,10.40769231,19.08461538,14.76153846,11.82307692
214.3753261,24.46153846,20.08461538,16.38461538,15.03846154,7.084615385,11.17692308,13.18461538,18.93846154,10.2,1.323076923
214.5937547,18.92307692,13.27692308,6.115384615,23.96923077,9.146153846,16.11538462,14.16923077,15.00769231,10.91538462,7.215384615
214.8121738,17.96923077,15.30769231,8.969230769,10.95384615,4.861538462,8.753846154,9.361538462,8.176923077,8.384615385,9.769230769
215.0305832,9.923076923,7.807692308,5.838461538,10.5,9.323076923,20.03076923,19.62307692,12.33076923,19.53076923,8.630769231
215.2489829,10.52307692,11.32307692,12.02307692,8.184615385,9.630769231,7.815384615,10.13846154,8.353846154,1.176923077,11.5
215.467373,10.53076923,12.56923077,8.838461538,12.62307692,6.446153846,10.6,20.96923077,5.007692308,13.59230769,14.40769231
215.6857534,8.330769231,7.3,16.10769231,5.807692308,4.7,15.81538462,15.88461538,13.16923077,11.59230769,0.692307692
215.9041242,14.47692308,13.13076923,11.66923077,15.76923077,18.86153846,8.1,16.33076923,11.15384615,10.03076923,17.3
216.1224854,6.407692308,13.42307692,7.4,10.40769231,16.06153846,7.369230769,10.74615385,3.453846154,7.084615385,7.453846154
216.3408368,14.83076923,9.369230769,12.47692308,14.95384615,10.36923077,15.58461538,16.18461538,24.33076923,17.46153846,13.86153846
216.5591787,17.31538462,9.992307692,8.853846154,3.423076923,5.7,14.65384615,4.553846154,16.6,7.907692308,11.87692308
216.7775108,13.78461538,14.65384615,17.40769231,5.546153846,13.62307692,20.36923077,17.04615385,16.32307692,10.78461538,8.230769231
216.9958333,14.15384615,12.62307692,10.37692308,4.092307692,12.20769231,16.78461538,14.44615385,11.33076923,15.18461538,11.56153846
217.2141461,5.3,12.41538462,10.07692308,13.3,11.16923077,9.684615385,6.8,19.03076923,9.730769231,14.86153846
217.4324493,12.45384615,7.4,4.407692308,5.815384615,4.838461538,10.39230769,7.6,8.915384615,11.66153846,6.507692308
217.6507427,10.3,13.73076923,11.71538462,12.44615385,6.723076923,17.43076923,11.24615385,9.961538462,8.084615385,17.51538462
217.8690265,11.10769231,18.95384615,9.984615385,12.00769231,8.184615385,12.65384615,14.05384615,5.176923077,13,6.246153846
218.0873007,9.623076923,10.00769231,8,5.423076923,9.146153846,10.5,8.438461538,12.16153846,9.161538462,14
218.3055651,9.838461538,17.30769231,11.58461538,6.9,6.3,15.72307692,5.576923077,12.31538462,8.869230769,8.369230769
218.5238199,14.06923077,21.33076923,8.853846154,12.14615385,8.8,15.72307692,15.4,11.46153846,15.58461538,12.62307692
218.7420649,12.53076923,14.44615385,6.753846154,13.56923077,6.669230769,12.19230769,6.346153846,12.76153846,7.546153846,14.95384615
218.9603003,8.261538462,11.43846154,9.384615385,17.07692308,15.02307692,10.8,11.3,13.94615385,16.9,13.72307692
219.178526,7.176923077,9.776923077,10.27692308,8.207692308,17.02307692,19.43076923,15.96923077,7.923076923,13.60769231,9.161538462
219.396742,18.18461538,8.538461538,18.63846154,10.26153846,11.95384615,12.42307692,16.80769231,18.23076923,15.86153846,8.553846154
219.6149484,6,8.392307692,8.161538462,10.00769231,8.569230769,10,13.76923077,5.630769231,7.838461538,12.57692308
219.833145,15.46923077,14.4,20.33846154,11.13076923,14.48461538,15.37692308,17.9,13.92307692,10.62307692,16.93076923
220.0513319,11.27692308,15.78461538,12.83846154,9.453846154,10.80769231,5.969230769,8.153846154,3.930769231,15.80769231,5.953846154
220.2695091,18.63076923,6.123076923,18.63846154,9.746153846,16.07692308,13.97692308,15.7,18.22307692,14.87692308,10.73076923
220.4876766,11.05384615,11.96923077,7.315384615,9.230769231,9.561538462,8.907692308,7.884615385,5.907692308,13.07692308,16.03846154
220.7058344,13.72307692,16.40769231,15.71538462,18.32307692,10.38461538,7.684615385,11.50769231,13.22307692,12.78461538,9.053846154
220.9239825,13.43846154,11.58461538,10.33846154,8.969230769,4.638461538,9.2,9.730769231,11.46153846,8.976923077,2.507692308
221.1421209,12.82307692,26.32307692,16.86153846,10.54615385,7.946153846,13.4,9.723076923,21.16153846,16.99230769,15.64615385
221.3602496,1.638461538,14.92307692,6.853846154,9.584615385,6.969230769,13.40769231,10.95384615,4.369230769,11.3,10.70769231
221.5783685,11.97692308,15.24615385,18.00769231,12.23846154,12.00769231,22.36153846,15.65384615,18.24615385,7.169230769,5.330769231
221.7964777,8.907692308,12.38461538,9.715384615,4.1,10.9,7.330769231,12.11538462,14.7,13.54615385,5.484615385
222.0145773,10.18461538,12.9,8.907692308,8.823076923,13.28461538,11.36153846,15.36153846,19.96153846,13.23846154,12.93846154
222.232667,10.03076923,8.438461538,14.46923077,15.7,8.7,9.253846154,15.37692308,15.96153846,13.56923077,8.461538462
222.4507471,22.03076923,13.36923077,19.04615385,6.361538462,11.80769231,17.36923077,12.51538462,5.1,19.89230769,13.86153846
222.6688174,16.82307692,10.05384615,3.023076923,12.35384615,19.7,10.8,9.184615385,6.007692308,13.16923077,15.86153846
222.886878,11.45384615,11.33846154,15.39230769,8.161538462,7.623076923,11.72307692,11.88461538,15.76153846,17.48461538,9.153846154
223.1049289,11.01538462,15.76923077,8.661538462,4.846153846,9.461538462,7.307692308,6.953846154,7.715384615,4.384615385,4.769230769
223.3229701,9.530769231,19.43076923,15.53076923,13.46923077,9.846153846,13.54615385,21.36923077,19.68461538,9.976923077,13.11538462
223.5410015,14.66153846,9.115384615,3.646153846,9.115384615,6.184615385,11.01538462,14.65384615,8.115384615,5.215384615,14.05384615
223.7590231,14.46153846,17.55384615,17.34615385,10.52307692,16.36153846,17.98461538,18.43076923,11.07692308,22.20769231,1.661538462
223.977035,4.115384615,9.776923077,14.1,7.715384615,9.215384615,4.969230769,8.776923077,7.153846154,5.084615385,9.138461538
224.1950372,13.00769231,9.538461538,11.2,9.315384615,29.36153846,18.01538462,22.08461538,21.18461538,15.16153846,16.34615385
224.4130296,3.653846154,13.17692308,6.984615385,8.153846154,15.03846154,18.82307692,6.646153846,9.315384615,16.23846154,12.13076923
224.6310123,12.26153846,9.792307692,9.684615385,13.23846154,18.42307692,14.60769231,8.461538462,16.58461538,13.95384615,10.63076923
224.8489852,7.407692308,14.31538462,18.73846154,17.38461538,8.661538462,7.030769231,9.7,10.04615385,9.569230769,7.1
225.0669484,25.16153846,11.67692308,16.92307692,9.430769231,16.28461538,9.261538462,17.28461538,14.61538462,11.59230769,9.392307692
225.2849018,9.615384615,7.923076923,17.40769231,12.91538462,13.03076923,9.038461538,15.86923077,18.1,15.33846154,6.176923077
225.5028454,7.353846154,14.08461538,16.26153846,6.761538462,20.74615385,8.630769231,11,16.04615385,18.79230769,15.29230769
225.7207793,12.05384615,8.576923077,5.892307692,14.81538462,7.076923077,9.215384615,19.36923077,10.19230769,7.730769231,6.053846154
225.9387034,15.88461538,21.06153846,16.43076923,7.815384615,14.82307692,14.98461538,14.37692308,21.33076923,8.169230769,15.8
226.1566178,8.815384615,18.39230769,14.24615385,3.492307692,7.546153846,7.007692308,9.507692308,10.99230769,10.26153846,11.51538462
226.3745224,16.33076923,16.34615385,16.96153846,10.64615385,15.62307692,18.81538462,12.33846154,14.22307692,26.43076923,15.3
226.5924172,8.461538462,8.184615385,13.56923077,9.769230769,8.446153846,6.730769231,16.23846154,8.784615385,10.43846154,12.9
226.8103022,10.66923077,11.97692308,10.85384615,14.62307692,11.61538462,21.09230769,15.77692308,10.56923077,15.21538462,6.353846154
227.0281775,12.12307692,14.77692308,6.4,9.407692308,19.60769231,13.91538462,10.88461538,9.523076923,5.538461538,8.907692308
227.2460429,11.46923077,20.94615385,14.68461538,11.87692308,6.546153846,16.1,21.63846154,11.03846154,9.592307692,11.75384615
227.4638986,15.70769231,23.57692308,10.54615385,18.49230769,10.73846154,9.823076923,15.85384615,13.84615385,9.061538462,7.130769231
227.6817445,5.638461538,18.55384615,10.5,9.184615385,10,13.52307692,17.63846154,18.44615385,14.19230769,14.87692308
227.8995807,9.053846154,12.33076923,3.907692308,12.87692308,14.03846154,14.41538462,17.88461538,9.9,9.307692308,14.70769231
228.117407,15.38461538,17.50769231,8.084615385,9.146153846,12.4,15.96153846,21.35384615,22.23076923,12.63846154,10.16923077
228.3352236,10.09230769,7.892307692,15.14615385,6.830769231,8.538461538,15.38461538,14.16153846,14.48461538,18.08461538,2.830769231
228.5530303,12.12307692,15.76153846,19.3,13.27692308,10.10769231,14.83846154,11.39230769,11.39230769,16.27692308,9.107692308
228.7708273,10.43076923,10.57692308,12.01538462,10.56923077,3.492307692,14.69230769,13.9,7.315384615,18.9,10.33846154
228.9886144,6.676923077,14.66153846,14.16923077,19.39230769,23.12307692,13.56923077,6.423076923,14.76153846,15.20769231,23.12307692
229.2063918,10.54615385,12.6,11.24615385,9.576923077,8.4,26.02307692,5.307692308,13.56153846,4.946153846,9.038461538
229.4241593,15.65384615,10.62307692,14.17692308,10.32307692,13.76153846,11.89230769,11.50769231,24.2,14.21538462,7.976923077
229.6419171,13.08461538,17.98461538,9.530769231,9.861538462,9.761538462,15.78461538,13.22307692,12.84615385,8.823076923,7.438461538
229.859665,12.92307692,10.23076923,11.95384615,4.923076923,8.292307692,11.29230769,11.26923077,13.22307692,4.030769231,10.49230769
230.0774032,6.053846154,5.907692308,8.707692308,3.176923077,8.123076923,16.70769231,11.85384615,6.869230769,12.48461538,8.515384615
230.2951315,11.50769231,19.07692308,11.92307692,19.92307692,11.82307692,16.82307692,15.13846154,8.430769231,15.26923077,14.35384615
230.51285,14.99230769,11.86153846,6.584615385,14.86923077,11.96153846,13.05384615,15.72307692,3.207692308,13.25384615,8.607692308
230.7305587,18.66153846,6.9,8.469230769,10.49230769,17.5,14.22307692,10.87692308,5.407692308,9.253846154,8.876923077
230.9482575,13.12307692,24.29230769,15.85384615,11.9,8.246153846,21.9,10.96153846,8.669230769,7.784615385,8.307692308
231.1659466,17.86153846,11.6,11.73846154,16.73846154,13.10769231,14.32307692,16.76153846,15.93076923,9.730769231,17.22307692
231.3836258,7.369230769,8.246153846,8.130769231,12.27692308,8.8,20.70769231,10.75384615,6.707692308,8.946153846,8.546153846
231.6012952,17.70769231,17.10769231,4.946153846,16.28461538,10.17692308,12.19230769,6.561538462,6.323076923,15.48461538,10.91538462
231.8189547,8.015384615,7.453846154,13.06153846,15.57692308,10.02307692,8.476923077,14.16153846,11.70769231,10.09230769,12.54615385
232.0366045,8.623076923,10.66153846,12.72307692,13.1,7.523076923,15.95384615,15.88461538,8.615384615,19.33846154,15.76153846
232.2542444,13.74615385,10.04615385,7.007692308,4.646153846,6.223076923,10.86153846,13.04615385,9.607692308,7.915384615,6.4
232.4718744,14.96923077,18.49230769,8.507692308,3.784615385,12.56923077,14.94615385,16.03076923,15.53846154,19.09230769,8.6
232.6894946,10.90769231,9.384615385,18.27692308,6.138461538,7.323076923,12.06923077,11.34615385,12.66153846,8.523076923,9.646153846
232.907105,15.09230769,18.53076923,13.06153846,14.10769231,14.87692308,9.615384615,22.33076923,15.65384615,12.38461538,12.82307692
233.1247055,15.75384615,13.71538462,4.323076923,15.61538462,9.592307692,3.830769231,10,21.42307692,5.430769231,5.576923077
233.3422962,8.838461538,11.69230769,8.184615385,5.969230769,8.284615385,15.57692308,13.08461538,17.98461538,15.48461538,13.62307692
233.559877,19.00769231,12.32307692,13.57692308,4.292307692,2,9.815384615,7.253846154,7.015384615,8.792307692,6.115384615
233.777448,11.02307692,9.430769231,21.16153846,22.66153846,15.00769231,9.661538462,15.04615385,19.53846154,16.49230769,14.40769231
233.9950092,6.615384615,8.784615385,11.21538462,10.8,7.469230769,14.05384615,7.838461538,6.961538462,9.523076923,10.76153846
234.2125604,14.54615385,15.52307692,12.24615385,16.34615385,11.41538462,28.82307692,16.10769231,19.33846154,11.8,8.776923077
234.4301018,11.45384615,23.27692308,8.730769231,7,14.16153846,18.46153846,14.16153846,8.061538462,18.66153846,10.04615385
234.6476334,11.47692308,12.62307692,21.85384615,18.92307692,17.6,12.52307692,27.16923077,12.48461538,12.31538462,10.9
234.8651551,18.28461538,8.007692308,8.169230769,8.707692308,11.67692308,11.99230769,14.08461538,2.323076923,6.646153846,16.10769231
235.0826669,17.96923077,17.82307692,13.50769231,18.86153846,6.707692308,12.84615385,12.69230769,6.292307692,9.907692308,11.73076923
235.3001688,11.61538462,18.18461538,12.19230769,19.76923077,8,13.12307692,12.09230769,5.1,5.976923077,11.23846154
235.5176609,7.538461538,19.39230769,19.84615385,9.176923077,14.38461538,10.20769231,11.13076923,8.115384615,15.16153846,10.11538462
235.7351431,9.730769231,7.615384615,10.34615385,15.41538462,8.423076923,15.03076923,13.37692308,16.66153846,9.692307692,8.523076923
235.9526155,7.376923077,14.81538462,15.14615385,12.49230769,16.5,10.2,17.36923077,14.10769231,18.23846154,9.253846154
236.1700779,12.93076923,11.95384615,8.753846154,5.553846154,8.861538462,13.39230769,6.653846154,3.753846154,12.38461538,13.46153846
236.3875305,6.184615385,15.8,9.823076923,13.41538462,16.34615385,18.81538462,14.9,7.661538462,16.64615385,11.38461538
236.6049732,13.36153846,11.26923077,9.269230769,9.661538462,21.14615385,15.6,15.31538462,12.66153846,2.9,11.45384615
236.822406,8.8,16.56923077,15.53076923,12.76923077,21.36153846,18.93076923,13.12307692,15.03846154,10.75384615,11.53846154
237.0398289,8.669230769,10.74615385,14.04615385,13.36923077,15.04615385,22.83846154,15.94615385,18.62307692,15.66153846,4.084615385
237.2572419,11.58461538,17.93846154,15.4,9.246153846,15.87692308,11.6,11.5,16.03076923,20.11538462,10.57692308
237.474645,12.86923077,13.39230769,11.26923077,11.72307692,8.730769231,8.015384615,6.076923077,16.36923077,10.13076923,10.28461538
237.6920383,4.053846154,11.2,14.19230769,11.20769231,21.28461538,13.78461538,19.05384615,11.96923077,16.56153846,6.130769231
237.9094216,10.47692308,6.653846154,4.192307692,14.99230769,20.43846154,8.769230769,5.884615385,3.138461538,7.846153846,11.16923077
238.126795,9.015384615,10.63076923,8.476923077,7.115384615,14.6,11.43076923,14.90769231,10.08461538,17.46153846,9.215384615
238.3441586,7.346153846,11.54615385,11.24615385,10.3,5.446153846,12.83076923,21.65384615,11.04615385,12.98461538,11.88461538
238.5615122,16.23076923,13.58461538,12.16923077,9.015384615,14.65384615,10.8,17.35384615,20.84615385,18.46153846,18.40769231
238.7788559,10.97692308,17.61538462,2,5.2,9.246153846,4.523076923,13.51538462,11.06923077,10.63076923,14.1
238.9961897,15.96153846,11.74615385,10.87692308,14.53846154,13.88461538,10.59230769,17.76923077,12.57692308,13.99230769,11.43076923
239.2135136,7.092307692,7.446153846,13.71538462,13.62307692,10.54615385,8.261538462,13.47692308,9.553846154,14.63076923,5.969230769
239.4308276,20.40769231,17.90769231,14.56923077,18.19230769,16.82307692,15,13.92307692,9.207692308,15.06153846,18.51538462
239.6481317,10.25384615,7.792307692,12.06153846,13.17692308,8.869230769,11.90769231,21.5,7.015384615,14.85384615,11.19230769
239.8654259,10.77692308,14.23846154,10.63846154,11.26153846,15.77692308,18.90769231,22.03076923,11.50769231,11.65384615,5.961538462
240.0827101,8.730769231,13.28461538,21.30769231,9.361538462,5.715384615,10.04615385,10.32307692,17.19230769,16.73846154,6.392307692
240.2999844,11.71538462,17.19230769,13.07692308,21.97692308,19.4,23.39230769,15.94615385,20.13846154,15.50769231,1.869230769
240.5172488,8.192307692,11.94615385,13.77692308,9.446153846,14.92307692,17.53846154,16.76153846,7.923076923,9.792307692,8.753846154
240.7345032,18.23076923,11.98461538,21.86153846,18.82307692,14.53076923,9.892307692,17.30769231,15.46923077,20.85384615,5.476923077
240.9517477,7.553846154,5.246153846,11.67692308,7.607692308,10.17692308,15.38461538,5.253846154,12.52307692,6.723076923,11.23846154
241.1689823,22.66923077,12.86923077,12.89230769,17.94615385,12.54615385,16.29230769,15.29230769,19.16153846,19.80769231,12.63076923
241.386207,11.8,10.1,11.99230769,2.384615385,12,16.40769231,13.68461538,11.58461538,9.969230769,10.30769231
241.6034217,12.64615385,15.70769231,15.03076923,17.66923077,15.38461538,16.35384615,15.3,14.18461538,12.60769231,14.25384615
241.8206264,9.769230769,14.35384615,8.315384615,4.130769231,9.6,16.2,14.24615385,6.930769231,1.815384615,8.869230769
242.0378213,14.74615385,8.530769231,11.7,7.292307692,16.72307692,20.5,9.592307692,13.9,22.83076923,11.96153846
242.2550061,8.284615385,7.730769231,7.784615385,15.16923077,8.438461538,12.93846154,18.6,14.05384615,6.9,11.56153846
242.4721811,8.761538462,18.09230769,16.23076923,15.16153846,6,8.607692308,14.16923077,16.55384615,9.584615385,8.369230769
242.689346,5.776923077,13.75384615,15.45384615,7.307692308,10.5,15.05384615,11.19230769,8.069230769,8.6,7.253846154
242.9065011,15.86923077,16.63846154,12.87692308,12.88461538,12.23076923,14.9,17.76923077,17.9,13.96923077,12.28461538
243.1236461,11.94615385,13.08461538,12.35384615,12.28461538,9.046153846,10.86153846,10.90769231,12.84615385,6.923076923,16.89230769
243.3407812,17.57692308,11.60769231,11.84615385,7.561538462,19.96153846,18.28461538,19.74615385,12.07692308,20.1,13.93076923
243.5579064,19.38461538,10.11538462,7.392307692,7.507692308,16.10769231,9.207692308,11.15384615,11.53076923,3.423076923,9.092307692
243.7750216,17.43076923,14.61538462,12.59230769,16.00769231,12.82307692,15.96153846,12.46923077,10.44615385,7.761538462,7.046153846
243.9921268,12.61538462,10.13846154,13.1,4.015384615,10.07692308,12.58461538,12.84615385,14.61538462,11.32307692,8.615384615
244.2092221,15.95384615,15.09230769,16.45384615,14.37692308,13.15384615,16.08461538,13.95384615,15.43076923,11.98461538,17.09230769
244.4263073,11.38461538,14.54615385,11.66153846,12.16923077,14.10769231,5.146153846,24.44615385,14.12307692,19.72307692,10.60769231
244.6433826,19.84615385,23.01538462,17.22307692,8.476923077,9.476923077,16.4,22.74615385,14.92307692,18.95384615,13.83846154
244.860448,16.86153846,10.7,11.19230769,5.192307692,5.892307692,8.853846154,13.76153846,13.38461538,7.038461538,14.32307692
245.0775033,9.146153846,10.5,6.7,18.63076923,14.62307692,23.1,11.93076923,13.24615385,14.75384615,11.45384615
245.2945487,16.53076923,12.86923077,11.32307692,6.292307692,11.26153846,5.507692308,8.438461538,19.28461538,10.32307692,3.515384615
245.5115841,14.22307692,9.861538462,7.138461538,9.853846154,13.92307692,20.16923077,11.47692308,14,14.96153846,5.130769231
245.7286095,10.46923077,14.63846154,16.79230769,10.98461538,5.484615385,8.592307692,4.546153846,6.469230769,10.66923077,9.315384615
245.945625,13.30769231,13.58461538,11.17692308,20.90769231,15.7,9.138461538,21.44615385,12.29230769,19.03076923,4.761538462
246.1626304,13.55384615,14.58461538,5.4,10.54615385,10.76923077,15.7,10.06153846,12.03076923,10.08461538,7.761538462
246.3796258,20.56153846,9.007692308,18.73076923,10.05384615,6.423076923,16.81538462,18.08461538,22.24615385,18.66153846,9.061538462
246.5966113,13.8,13.24615385,9.946153846,6.938461538,5.784615385,6.684615385,15.13846154,10.10769231,13.76923077,13.83846154
246.8135867,12.82307692,9.353846154,7.307692308,10.76153846,13.70769231,10.26923077,12.5,9.138461538,10.16153846,14.44615385
247.0305522,9.269230769,14.47692308,11.60769231,18.63076923,5.730769231,23.7,18.48461538,6.815384615,7.715384615,8.561538462
247.2475076,16.30769231,16.13076923,19.57692308,12.26923077,6,22.22307692,19.96923077,13.84615385,20.53076923,8.953846154
247.4644531,10.03076923,11.78461538,10.87692308,20.26923077,8.476923077,7.915384615,6.492307692,11.48461538,13.50769231,9.484615385
247.6813885,10.90769231,15.45384615,13.43076923,16.61538462,14.30769231,21.56153846,25.33076923,11.83076923,13.27692308,16.54615385
247.898314,12.03846154,11.53076923,12.76153846,6.415384615,10.54615385,8.769230769,10.43846154,18.42307692,15.86923077,8.330769231
248.1152294,12.52307692,19.03846154,7.407692308,18.7,12.42307692,14.04615385,15.28461538,14.36153846,18.76923077,12.73846154
248.3321348,11.25384615,10.53076923,9.876923077,8.092307692,18.9,16.91538462,11.74615385,8.253846154,9.838461538,10.97692308
248.5490302,9.292307692,16.97692308,22.00769231,10.22307692,17.66923077,9.9,11.78461538,14.58461538,17.95384615,14.04615385
248.7659155,8.623076923,11.2,16.06153846,12.79230769,12.92307692,15.16923077,10.25384615,8.830769231,8.792307692,17.17692308
248.9827909,14.20769231,7.261538462,17.20769231,20.75384615,7.3,20.53846154,12.22307692,13.2,12.63846154,16.76923077
249.1996562,17.06153846,7.892307692,19.92307692,18.06153846,13.80769231,11.12307692,16.11538462,12.50769231,17.99230769,11.50769231
249.4165115,23.98461538,10.02307692,17.51538462,10.07692308,15.47692308,17.57692308,15.06923077,10.89230769,17.83076923,12.13076923
249.6333568,15.20769231,16.04615385,14.65384615,12.65384615,12.51538462,6.123076923,11.3,4.269230769,10.89230769,10.28461538
249.850192,18.38461538,20.71538462,14.85384615,18.37692308,15.58461538,17.66153846,19.69230769,11.76923077,14.32307692,14.46923077
250.0670172,15.99230769,13.39230769,11.63076923,13.00769231,14.16153846,5.4,8.992307692,8.369230769,16.11538462,12.25384615
250.2838324,15.78461538,9.815384615,15.73076923,14.3,13.46153846,15.5,17.03846154,9.438461538,10.86153846,13.26153846
250.5006376,14.93076923,12.93846154,7.615384615,6.538461538,13.58461538,8.292307692,19.83076923,10.62307692,7.876923077,4.592307692
250.7174327,17.50769231,8.476923077,16.75384615,8.015384615,13.3,13.48461538,15.86153846,21.12307692,10.83076923,12.52307692
250.9342177,9.876923077,14.89230769,11.80769231,9.638461538,7.592307692,12.30769231,8.407692308,6.415384615,9.238461538,8.653846154
251.1509927,6.807692308,18.66153846,14.92307692,7.284615385,8.638461538,13.17692308,22.76923077,6.530769231,17.15384615,17.73076923
251.3677577,12.50769231,12.85384615,18.96153846,15.46153846,12.74615385,16.69230769,11.82307692,15.46923077,12.68461538,4.9
251.5845126,18.20769231,26.68461538,24.84615385,12.58461538,20.06153846,20.52307692,13.48461538,17.62307692,15.6,10.43846154
251.8012574,12.88461538,16.03076923,7.592307692,9.684615385,7.015384615,13.8,15.08461538,10.84615385,11.53846154,12.30769231
252.0179922,10.10769231,15.50769231,7.384615385,7.884615385,10.78461538,12.73076923,15.43846154,6.153846154,18.26923077,9.315384615
252.234717,21.68461538,16.23846154,6.269230769,5.507692308,11.26153846,15.37692308,16.6,11.51538462,7.015384615,7
252.4514317,10.33076923,14.17692308,11.90769231,14.76923077,8.838461538,11.03846154,18.85384615,14.93076923,8.930769231,10.91538462
252.6681363,4.646153846,16.30769231,7.592307692,13.12307692,8.384615385,12.1,16.31538462,1.730769231,7.323076923,9.907692308
252.8848309,14.63076923,5.653846154,12.39230769,14.94615385,9.323076923,12.90769231,5.661538462,14.15384615,14.49230769,13.2
253.1015153,5.307692308,4.538461538,12.80769231,16.22307692,16.16153846,11.34615385,13.3,14.44615385,10.66153846,7.284615385
253.3181898,20.78461538,16.01538462,17.5,12.45384615,14.3,14.88461538,14.19230769,12.70769231,3.1,11.06923077
253.5348541,16.42307692,6.038461538,12.72307692,13.5,11.8,11.32307692,19.10769231,9.807692308,6.023076923,7.369230769
253.7515084,5.8,20.05384615,27.57692308,12.23076923,13.42307692,18.39230769,11.12307692,11.82307692,9.430769231,10.48461538
253.9681526,15.47692308,14.67692308,13.52307692,10.43846154,7.615384615,10.29230769,12.8,6.1,10.92307692,8.323076923
254.1847867,14,18.16153846,11.99230769,10.90769231,19.5,10.45384615,15.29230769,15.76923077,16.70769231,9.330769231
254.4014108,7.753846154,7.938461538,10.79230769,13.94615385,4.176923077,10.5,15.14615385,9.653846154,10.61538462,9.038461538
254.6180247,20.92307692,11.97692308,11.19230769,14.72307692,16.44615385,12.66153846,17.84615385,13.46153846,11.20769231,9.153846154
254.8346286,10.56923077,19.03076923,11.26153846,10.09230769,16.06153846,22.46153846,19.48461538,7.753846154,11.2,1.776923077
255.0512224,20.64615385,21.21538462,15.30769231,10.66153846,11.37692308,13.13846154,24.33076923,27.63846154,22.55384615,16.58461538
255.2678061,10.80769231,11.46153846,12.03076923,12.66153846,4.561538462,11.53846154,11.33846154,13.35384615,16.8,11.20769231
255.4843797,11.51538462,25.53076923,17.81538462,18.15384615,13.2,8.976923077,13.01538462,12.82307692,22.36153846,14.99230769
255.7009432,5.746153846,12.16153846,10.6,6.676923077,14.28461538,10.01538462,10.60769231,11.04615385,17.45384615,11.73076923
255.9174966,16.04615385,11.36153846,10.73846154,11.55384615,19.64615385,17.49230769,16.9,11.07692308,12.55384615,9.407692308
256.1340399,12.11538462,16.36153846,12.47692308,2.353846154,12.80769231,9.546153846,12.82307692,13.03076923,13.63846154,5.407692308
256.3505731,9.923076923,10.33846154,8.592307692,7.307692308,9.161538462,15.43846154,18.76153846,14.1,11.86153846,8.1
256.5670961,8.561538462,13.89230769,13.41538462,8.030769231,9.969230769,13.30769231,12.88461538,14.48461538,5.838461538,9.607692308
256.7836091,14.54615385,9.146153846,12.70769231,12.4,12.2,27.23076923,11.86153846,15.85384615,23,13.13076923
257.000112,9.9,7.530769231,4.792307692,10.28461538,8.961538462,16.61538462,8.915384615,6.723076923,7.184615385,12.16153846
257.2166048,10.83846154,16.26153846,14.27692308,10.15384615,11.89230769,19.88461538,7.061538462,14.34615385,15.6,25.80769231
257.4330874,12.38461538,11.63076923,5.707692308,8.507692308,11.94615385,7.746153846,16.73076923,10.24615385,18.6,6.2
257.6495599,14.96153846,14.77692308,11.44615385,10.44615385,8.946153846,23.41538462,13.26923077,6.469230769,12.65384615,14.96153846
257.8660223,11.43846154,4.907692308,16.00769231,9.307692308,5.092307692,8.115384615,17.18461538,0.215384615,9.338461538,14.4
258.0824746,16.30769231,11.6,19.18461538,10.99230769,9.053846154,17.90769231,9.069230769,12.18461538,13.01538462,19.34615385
258.2989168,14.53846154,10.40769231,6.438461538,6.207692308,14.86153846,7.261538462,4.846153846,9.546153846,10.70769231,10.43846154
258.5153488,10.53076923,15.44615385,11.78461538,13.6,14.8,13.23076923,13.39230769,14.54615385,16.90769231,10.62307692
258.7317707,7.215384615,10.37692308,18.47692308,10.26153846,10.83076923,14.05384615,12.93846154,12.16923077,12.53846154,11.07692308
258.9481825,6.115384615,7.176923077,16.16153846,8.292307692,14.08461538,20.33846154,10.60769231,9.669230769,21.95384615,12.13846154
259.1645841,12.13846154,16.13846154,8.261538462,8.153846154,4.207692308,18.60769231,8.5,7.638461538,3.953846154,15.97692308
259.3809756,14.34615385,10.03846154,13.79230769,7.384615385,18.46153846,17.95384615,10.12307692,17.32307692,10.13076923,9.715384615
259.597357,15.26153846,11.13846154,12.14615385,16.23076923,7.023076923,16.67692308,8.938461538,11,10.1,8.453846154
259.8137282,16.45384615,16.83076923,17.62307692,17.72307692,13.46923077,12.86923077,15.12307692,13.00769231,14.06153846,6.261538462
260.0300893,8.869230769,15.99230769,17.44615385,18.63846154,13.05384615,14.62307692,18.56923077,17.39230769,5.876923077,7.053846154
260.2464402,7.292307692,21.55384615,18.25384615,25.66923077,14.73076923,17.5,15.36923077,21.6,11.63846154,7.984615385
260.462781,13.56153846,17.27692308,8.330769231,10.45384615,18.12307692,8.876923077,13.25384615,12.08461538,12.66153846,6.692307692
260.6791116,16.83076923,12.56153846,6.915384615,15.85384615,14.42307692,16.20769231,18.70769231,15.93076923,18.86153846,8.353846154
260.8954321,3.307692308,22.21538462,16.08461538,15.07692308,13.36923077,17.46153846,16.23846154,11.29230769,9.584615385,4.007692308
261.1117424,13.78461538,19.45384615,13.40769231,17.1,21.82307692,20.65384615,17.87692308,9.923076923,11.70769231,9.376923077
261.3280426,5.3,21.95384615,9.461538462,8.961538462,4.369230769,12.04615385,17.53846154,6.561538462,15.62307692,5.5
261.5443326,16.15384615,17.12307692,12.51538462,9.623076923,16.37692308,14.46923077,10.96923077,14.09230769,14.00769231,18.16923077
261.7606124,14.66153846,13.54615385,10.97692308,6.230769231,10.77692308,9.546153846,19.24615385,20.02307692,15.56153846,17.98461538
261.9768821,11.4,14.19230769,17.96153846,9.376923077,15.66153846,13.7,14.86153846,15.41538462,4.107692308,13.54615385
262.1931415,13.66153846,10.77692308,11.48461538,6.592307692,5.853846154,12.07692308,15.92307692,15.32307692,13.73076923,14.83076923
262.4093909,16.66153846,13.52307692,11.83076923,20.86923077,5.453846154,14.59230769,17.75384615,14.71538462,8.869230769,24.53846154
262.62563,13.6,19.4,12.5,10.06923077,15.8,10.93846154,13.06923077,12.28461538,8.469230769,17.00769231
262.841859,15.06923077,15.94615385,15.07692308,13.86153846,16.7,5.776923077,20.81538462,18.22307692,12.14615385,6.346153846
263.0580778,11.1,12.01538462,8.076923077,4.7,12.56153846,5.2,9.169230769,8.107692308,9.123076923,8.630769231
263.2742864,18.61538462,9.730769231,13.38461538,16.67692308,7.253846154,12.57692308,12.57692308,9.238461538,10.24615385,17.60769231
263.4904849,16.86923077,11.72307692,14.42307692,11.1,13.5,15.93076923,17.73076923,13.33076923,6.823076923,9.292307692
263.7066731,16.08461538,13.58461538,10.43846154,9.369230769,23.36153846,12.78461538,19.13846154,17.73076923,14.46153846,12.95384615
263.9228512,20.31538462,13.65384615,7.469230769,15.59230769,2.2,17.62307692,9.7,13.12307692,9.692307692,10.73846154
264.139019,8.561538462,16.22307692,14.98461538,11,17.03076923,9.938461538,21.83076923,12.02307692,17.92307692,22.13846154
264.3551767,11.22307692,12.97692308,12.29230769,7.376923077,17.48461538,6.346153846,8.861538462,9.630769231,8.830769231,12.06923077
264.5713242,18.20769231,13.80769231,8.276923077,11.63846154,14.00769231,24.51538462,10.63076923,13.93076923,12.98461538,20.06153846
264.7874615,8.976923077,10.63846154,10.82307692,14.76153846,11.31538462,10.56153846,9.923076923,15.72307692,18.56153846,8.538461538
265.0035886,15.76153846,23.33076923,10.47692308,13.12307692,17.4,7.407692308,7.638461538,16.11538462,10.96153846,14.18461538
265.2197055,7.4,10.58461538,12.94615385,9.207692308,8.7,9.930769231,13.60769231,12.16153846,19.23846154,11.48461538
265.4358121,17.73846154,15.80769231,17.86153846,15.40769231,17.3,19.76923077,15.02307692,13.17692308,4.292307692,7.038461538
265.6519086,11.13076923,9.561538462,12.70769231,2.707692308,8.3,12.44615385,7.976923077,20.01538462,7.153846154,2.576923077
265.8679949,13.1,17.07692308,17.86923077,11.05384615,9.276923077,21.2,15.73076923,18.63846154,18.63846154,12.08461538
266.0840709,8.892307692,9.123076923,13.99230769,18.97692308,13.56923077,15.16923077,9.407692308,9.776923077,8.453846154,7.538461538
266.3001368,16.18461538,7.530769231,13.48461538,11.57692308,19.14615385,15.10769231,18.66923077,23.56153846,17.78461538,8.307692308
266.5161924,8.607692308,12,13.27692308,6.515384615,2,12.17692308,8.869230769,10.26153846,8.430769231,7.7
266.7322378,18.32307692,6.869230769,19.60769231,12.76153846,14.54615385,15.22307692,14.72307692,19.6,13.15384615,15.16153846
266.948273,13.46923077,13.94615385,16.36153846,7.146153846,8.538461538,6.753846154,18.19230769,16.5,18.51538462,8.369230769
267.1642979,13.70769231,13.17692308,16.27692308,14.50769231,12.53846154,13.97692308,12.53076923,25.93846154,10.6,13.26153846
267.3803126,15.96153846,13.49230769,13.52307692,10.33076923,6.684615385,7.238461538,8.961538462,15.84615385,15.72307692,4.392307692
267.5963171,15.48461538,23.84615385,18.63076923,9.561538462,22.27692308,13.00769231,8.369230769,6.5,23.37692308,8.815384615
267.8123114,5.484615385,23.09230769,9.515384615,16.13076923,8.884615385,9.615384615,11.02307692,15.2,7.569230769,11.19230769
268.0282954,17.50769231,11.28461538,18.06153846,20.82307692,10.6,17.22307692,14.93076923,10.64615385,14.91538462,25.30769231
268.2442692,12.7,13.27692308,10.54615385,12.27692308,0.461538462,13.8,15.18461538,7.846153846,8.292307692,4.015384615
268.4602328,4.484615385,15.35384615,8.3,8.438461538,11.84615385,12.48461538,16.16923077,12.98461538,13.43076923,7.507692308
268.6761861,10.00769231,9.176923077,12.12307692,3.692307692,14.02307692,14.6,12.61538462,3.038461538,16.03076923,2.461538462
268.8921292,17.23076923,5.669230769,17.18461538,17.45384615,7.946153846,11.82307692,21.43076923,12.64615385,14.21538462,14.89230769
269.108062,12.12307692,14.21538462,13.03846154,4.715384615,8.5,5.507692308,13.83076923,8.976923077,14.92307692,11.26923077
269.3239846,12.82307692,12.37692308,16.43846154,13.92307692,9.561538462,20.10769231,6.492307692,15.72307692,8.123076923,17.65384615
269.5398969,13.43076923,13.43846154,7.823076923,6.138461538,16.54615385,11.14615385,14.60769231,10.06153846,10.11538462,5.884615385
269.755799,10.96153846,11.72307692,19.13076923,14.8,7.815384615,10.61538462,14.63846154,14.06923077,18.35384615,18.64615385
269.9716908,9.330769231,9.9,16.68461538,11.14615385,5.446153846,6.653846154,8.346153846,11.34615385,16.10769231,2.069230769
270.1875724,8.284615385,16.26153846,6.907692308,8.830769231,17.62307692,20.73846154,10.41538462,18.17692308,27.93076923,12.22307692
270.4034437,11.33846154,3.223076923,9.061538462,12.76153846,17.46153846,11.16923077,7.369230769,9.869230769,9.015384615,1.207692308
270.6193047,13.38461538,8.561538462,10.89230769,14.15384615,15.63846154,21.29230769,18.50769231,12.60769231,20.5,10.16923077
270.8351555,14.96153846,11.91538462,6.8,10.41538462,9.584615385,12.49230769,13.76923077,5.415384615,11.18461538,11.26153846
271.050996,17.66153846,14.53846154,10.51538462,6.084615385,17.33846154,25.61538462,22.91538462,18.95384615,15.9,11.91538462
271.2668262,4.738461538,9.069230769,16.79230769,9.830769231,6.538461538,15.6,18.35384615,15.16153846,12.82307692,12.6
271.4826462,9.853846154,14.48461538,13.67692308,6.484615385,7.053846154,17.06923077,13.04615385,13.62307692,14.96153846,13.33076923
271.6984559,8.484615385,9.484615385,8.038461538,14.35384615,14.38461538,4.807692308,12.80769231,7.053846154,9.323076923,6.053846154
271.9142553,14.00769231,17.62307692,21.72307692,11.47692308,14.50769231,16.33846154,21.64615385,12.34615385,11.26153846,10.38461538
272.1300444,17.3,13,10.36153846,12.47692308,12.66923077,18.64615385,7.215384615,18.73846154,11.28461538,14.35384615
272.3458233,18.86153846,9.7,17.62307692,14.89230769,18.62307692,14.37692308,23.56923077,8.4,19.79230769,9.792307692
272.5615919,14.63076923,19.77692308,11.89230769,6.538461538,13.04615385,18.37692308,4.976923077,5.746153846,14.08461538,9.346153846
272.7773501,16.08461538,12.76153846,8.092307692,14.51538462,8.661538462,24.88461538,19.89230769,21.83846154,7.046153846,9.707692308
272.9930981,12.81538462,12.79230769,15.84615385,13.66923077,14.19230769,13.25384615,13.1,18.5,21.36153846,4.615384615
273.2088358,13.44615385,12.17692308,15.03846154,18.23846154,15.29230769,12.39230769,13.26923077,16.93846154,11.11538462,11.96923077
273.4245632,12.60769231,14.34615385,12.07692308,8.607692308,14.6,16.94615385,13.99230769,5.492307692,13.53846154,9.461538462
273.6402803,11.83076923,20.25384615,12.28461538,15.8,17.06923077,12.23846154,10.16153846,19.56153846,8.753846154,11.05384615
273.8559871,16.67692308,15.01538462,4.2,13.17692308,5.730769231,9.153846154,7.269230769,14.03076923,12.08461538,8.276923077
274.0716836,21.78461538,24.43846154,22.36153846,12.56153846,20.72307692,14.25384615,9.876923077,21.23846154,9.838461538,22.01538462
274.2873698,12.70769231,16.4,9.392307692,19.56153846,6.630769231,14.10769231,13.38461538,9.276923077,3.530769231,6.361538462
274.5030457,10.71538462,13.83846154,15.52307692,12.10769231,9.115384615,24.3,14.03076923,11.58461538,24.23076923,8.6
274.7187113,13.86923077,24.8,6.692307692,17.09230769,14.42307692,17.03076923,10.85384615,8.476923077,10,16.23076923
274.9343666,11.61538462,12.12307692,17.32307692,17.52307692,16.93846154,18.42307692,14.20769231,9.115384615,8.261538462,15.43076923
275.1500116,12.02307692,12.65384615,12.87692308,4.653846154,8.223076923,8.446153846,11.24615385,2.815384615,11.18461538,7.607692308
275.3656462,18.50769231,7.107692308,15.46153846,5.992307692,14.6,18.01538462,20.63846154,13.93846154,10.86153846,15.23076923
275.5812705,13.23076923,8.746153846,7.230769231,9,16.76153846,12.32307692,5.769230769,6.7,8.961538462,16.96153846
275.7968845,8.307692308,19.8,13.1,7.869230769,14.36153846,14.05384615,18.20769231,21.89230769,19.55384615,14.5
276.0124882,12.74615385,18.15384615,4.946153846,4.269230769,4.807692308,12.40769231,22.33076923,11.52307692,9.784615385,13.40769231
276.2280816,11.96153846,16.95384615,28.23076923,8.3,14.43846154,20.40769231,13.24615385,12.22307692,11.60769231,18.42307692
276.4436646,11.59230769,12,6.984615385,13.21538462,4.761538462,11.11538462,17.19230769,18.62307692,15.92307692,13.17692308
276.6592373,9.423076923,18.74615385,14.69230769,10.49230769,15.08461538,16.02307692,10.23076923,24.23846154,13.50769231,11.10769231
276.8747997,7.738461538,10.86153846,9.607692308,8.307692308,6.684615385,14.42307692,8.869230769,4.9,15.45384615,9.084615385
277.0903517,11.85384615,12.30769231,7.730769231,12.3,15.13076923,9.707692308,7.207692308,20.2,23.73076923,11.13076923
277.3058934,16.58461538,11.9,19.33846154,5.007692308,10.06923077,12.50769231,19.63076923,6.876923077,8.015384615,12.40769231
277.5214248,15.26153846,8.061538462,11.24615385,11.53846154,14.66153846,13.29230769,21.25384615,10.25384615,19.45384615,15.77692308
277.7369458,11.44615385,15.98461538,12.67692308,7.061538462,7.684615385,14.7,10.73846154,16.84615385,13.60769231,9.915384615
277.9524564,14.22307692,18.53846154,16.73846154,12.2,17.06153846,17.80769231,10.41538462,21.96153846,12.58461538,9.930769231
278.1679567,6.730769231,10.44615385,12.72307692,10.81538462,9.3,16.94615385,11.93846154,18.4,9.692307692,14.02307692
278.3834467,9.792307692,9.638461538,17.57692308,15.66153846,9.223076923,10.65384615,5.769230769,16.90769231,23.05384615,17.90769231
278.5989263,10.23076923,6.707692308,4.153846154,3.315384615,13.57692308,10.03846154,7.915384615,17.9,13.55384615,10.86153846
278.8143956,18.64615385,17.8,20.38461538,12.63846154,18.48461538,15.14615385,18.26923077,15.43846154,17.55384615,9.253846154
279.0298545,11.26153846,16.43076923,11.32307692,5.138461538,10.23076923,14.2,22.33076923,5.661538462,7.407692308,9.3
279.245303,11.90769231,20.4,11.86153846,18.73846154,19.12307692,17,21.76923077,12.46153846,18.83846154,12.73846154
279.4607412,7.684615385,8.392307692,13.3,8.630769231,11.96153846,16.96923077,11.99230769,6.4,8.392307692,22.61538462
279.676169,15.29230769,16.90769231,16.1,7.146153846,24.03846154,18.64615385,19.54615385,17.23076923,11.68461538,9.146153846
279.8915865,7.192307692,7.123076923,14.14615385,11.82307692,18.42307692,8.723076923,14.58461538,17.63076923,6.107692308,7.715384615
280.1069936,5.5,12.76923077,12.44615385,15.57692308,16.2,7.807692308,22.15384615,21.93846154,10.33846154,10.98461538
280.3223903,14.3,10.97692308,10.76923077,16.72307692,15.25384615,8.692307692,8.076923077,9.315384615,10.56923077,2.869230769
280.5377766,14.90769231,19.32307692,8.361538462,13.96923077,22.44615385,12.5,25.33846154,12.40769231,16.35384615,16.36153846
280.7531526,10.21538462,7.223076923,11.03846154,13.96153846,7.984615385,9.038461538,18.91538462,14.66153846,7.123076923,9.638461538
280.9685182,14.80769231,16.71538462,11.54615385,9.330769231,12.63076923,18.38461538,14.16153846,13.56923077,14.05384615,19.46153846
281.1838734,5.2,13.16153846,12.2,13.33846154,8.961538462,8.884615385,16.45384615,9.869230769,5.246153846,3.446153846
281.3992182,17.13076923,11.16923077,19.96153846,20.86153846,14.02307692,18.6,22.73076923,7.023076923,9.030769231,15.86923077
281.6145526,10.79230769,12,12.59230769,12.73076923,6.046153846,15.56153846,8.830769231,10.10769231,15.86153846,2.992307692
281.8298766,15.90769231,18,13,18.71538462,9.392307692,20.51538462,10.86923077,16.9,10.62307692,13.73076923
282.0451903,10.47692308,11.18461538,5.838461538,11.13846154,7.3,7.369230769,15.26153846,12.64615385,9.046153846,1.207692308
282.2604936,8.169230769,15.36923077,10.83076923,26.26153846,10.46153846,11.76153846,21.23076923,13.02307692,12.02307692,13.4
282.4757864,13.86923077,15.82307692,8.792307692,10.33846154,15.38461538,18.07692308,13.89230769,25.04615385,18.80769231,5.438461538
282.6910689,8.469230769,12.77692308,12.03846154,25.16923077,15.16153846,23.95384615,20.83076923,10.46923077,15.63076923,15.46923077
282.9063409,12.7,18.49230769,15.62307692,2.738461538,21.32307692,17.03076923,15.32307692,15.16153846,10.50769231,8.953846154
283.1216026,19.58461538,21,23.52307692,9.307692308,12.93846154,13.7,11.01538462,12.91538462,7.907692308,12.46153846
283.3368538,1.238461538,16.7,4.823076923,11.16153846,13.21538462,6.084615385,8.846153846,4.376923077,5.661538462,12.35384615
283.5520947,13.50769231,16.75384615,9.469230769,11.18461538,14.33076923,14.5,17.26153846,13.05384615,14.03076923,16.33846154
283.7673251,14.29230769,12.56923077,12.75384615,10.32307692,9.361538462,12.31538462,20.13846154,6.769230769,7.115384615,7.815384615
283.9825452,16.62307692,15.46923077,26.56153846,17.86153846,14.13076923,12.52307692,10.41538462,17.31538462,10.68461538,7.838461538
284.1977548,15.38461538,7.907692308,12.90769231,13.57692308,23.86153846,13.00769231,15.19230769,18.28461538,11.18461538,12.98461538
284.4129539,23.33076923,16.16153846,10.33076923,17.93846154,17.74615385,8.607692308,16.08461538,27.83846154,11.4,17.57692308
284.6281427,7.692307692,15.92307692,12.84615385,4.261538462,6.730769231,8.361538462,10.82307692,13.60769231,9.376923077,12.23846154
284.8433211,16.84615385,20.56153846,5.092307692,9.069230769,12.68461538,10.07692308,23.9,9.161538462,6.1,12.36923077
285.058489,12.27692308,10.76153846,14.6,8.746153846,17.16923077,18.60769231,18.66923077,6.669230769,21.65384615,6.346153846
285.2736465,11.5,17.60769231,21.08461538,14.56153846,16.26153846,8.207692308,8.284615385,9.846153846,9.623076923,5.407692308
285.4887935,15.14615385,12.92307692,17.67692308,5.723076923,11.46923077,8.384615385,19.11538462,12.59230769,9.438461538,2.292307692
285.7039302,15.3,10.67692308,16.99230769,16.27692308,9.207692308,27.87692308,12.89230769,20.65384615,14.36923077,17.98461538
285.9190564,10.39230769,8.192307692,13.53846154,11.66153846,12.48461538,14.95384615,15.88461538,15.52307692,8.9,16.66923077
286.1341721,17.50769231,17.05384615,17.50769231,21.46153846,13.42307692,23.71538462,16.20769231,26.13846154,12.13846154,9.807692308
286.3492775,16.35384615,10.04615385,9.2,7.907692308,6.969230769,17.04615385,8.646153846,11.02307692,8.569230769,9.438461538
286.5643723,23.46153846,16.14615385,9.730769231,17.36153846,15.2,13.09230769,21.18461538,24.14615385,11.84615385,17.1
286.7794568,9.507692308,16.39230769,17.27692308,19.23076923,15.26153846,18.27692308,15.65384615,10,15.8,10.4
286.9945308,10.55384615,14.53076923,18.86153846,12.25384615,11.21538462,16.78461538,18.05384615,17.16153846,16.48461538,3.815384615
287.2095943,13.7,19.69230769,1.169230769,14.37692308,8.361538462,11.00769231,5.838461538,11.80769231,10.28461538,9.538461538
287.4246474,10.29230769,17.03076923,19.02307692,15.6,10.16923077,17.43076923,23.63076923,18.08461538,11.26153846,17.07692308
287.63969,16.5,15.53076923,9.953846154,7.107692308,7.207692308,11.95384615,8.3,17.63076923,13.85384615,15.7
287.8547222,12.60769231,17.5,7.823076923,14.76153846,8.730769231,11.70769231,14.31538462,10.62307692,20.29230769,12.23076923
288.0697439,6.169230769,14.88461538,16.6,7.092307692,9.461538462,15.54615385,15.27692308,12.63076923,12.66923077,7.753846154
288.2847552,10.76923077,6.446153846,8.038461538,10.03076923,19.59230769,13.95384615,13.28461538,16.96153846,13.86153846,11.18461538
288.499756,20.28461538,15.7,11.05384615,14.26153846,18.63846154,12.16923077,11.90769231,10.19230769,13.99230769,17.60769231
288.7147463,10.53846154,16.42307692,11.67692308,19.66153846,21.73846154,15.59230769,23.73076923,16.26923077,12.06153846,10.76153846
288.9297262,9.530769231,11.63846154,14.58461538,2.823076923,14.13076923,9.892307692,7.676923077,17.66153846,14.76153846,6.776923077
289.1446956,6.023076923,7.184615385,15.03076923,14.6,16.86923077,13.34615385,19.09230769,19.56153846,11.42307692,10.86923077
289.3596545,9.630769231,17.85384615,8.084615385,9.923076923,15.50769231,8.792307692,15.55384615,13.28461538,16.65384615,12.27692308
289.5746029,13.48461538,15.28461538,15.84615385,17.09230769,19.56153846,13.80769231,28.23076923,15.75384615,14.66153846,15.09230769
289.7895409,11.43846154,19.26153846,3.653846154,8,12.90769231,15.68461538,11.15384615,13.92307692,8.984615385,6.853846154
290.0044684,14.29230769,15.66923077,16.3,23.06923077,8.107692308,16.99230769,21.73076923,15.78461538,15.49230769,20.22307692
290.2193854,13.46923077,17.41538462,17.16923077,12.97692308,12.98461538,10.24615385,21.23846154,14.02307692,13.11538462,9.715384615
290.4342919,13.66923077,13.65384615,14.24615385,7.8,21.82307692,15.46153846,19.96153846,16.06153846,15.19230769,9.507692308
290.6491879,10.85384615,11.23846154,12.88461538,10.91538462,8.8,13.22307692,20.46153846,11.86923077,18.69230769,11.70769231
290.8640735,16.53076923,21.07692308,14.34615385,15.66923077,17.4,11.17692308,10.75384615,15.52307692,9.915384615,22.39230769
291.0789485,15.23076923,8.130769231,15.18461538,10.9,12.77692308,5.569230769,10.21538462,14.60769231,11.45384615,14.26153846
291.2938131,18.56153846,17.01538462,11.27692308,14.37692308,11.53076923,17.34615385,19.5,23.46923077,12.57692308,13.00769231
291.5086671,10.36153846,19.33076923,6.861538462,17.23846154,14.56153846,8.584615385,11.92307692,16.13076923,11.15384615,7.138461538
291.7235107,9.553846154,20.02307692,16.97692308,16.76923077,23.82307692,17.6,12.46153846,9.030769231,12.77692308,3.646153846
291.9383437,14.13846154,14.37692308,5.207692308,14.7,16.31538462,4.276923077,9.607692308,14.13846154,12.26153846,15.3
292.1531663,21.46153846,15.26153846,8.838461538,15.33076923,6.069230769,19.69230769,14.86923077,23.9,14.88461538,14.49230769
292.3679783,7.330769231,13.14615385,11.97692308,11.88461538,8.438461538,14.19230769,17.13846154,10.47692308,17.26153846,5.653846154
292.5827798,12.48461538,15.26153846,13.97692308,9.284615385,18.17692308,23.57692308,10.80769231,5.153846154,12.39230769,22.00769231
292.7975709,10.16923077,13.04615385,15.12307692,12.66153846,12.14615385,8.469230769,7.207692308,12.63846154,16.53846154,13.5
293.0123514,15.51538462,18.45384615,17.72307692,6.323076923,19.77692308,4.930769231,15.53076923,13.23846154,8.492307692,17.45384615
293.2271214,13.99230769,14.01538462,10.03846154,20.26153846,7.946153846,10.90769231,8.738461538,3.561538462,10.63076923,11.89230769
293.4418808,13.57692308,15.29230769,10.12307692,8.615384615,8.592307692,16.23076923,13.26923077,16,10.98461538,9.746153846
293.6566298,12.82307692,4.315384615,15.13076923,9.415384615,10.44615385,13.63076923,9.646153846,18.23846154,13.98461538,11.79230769
293.8713682,9.946153846,19.66923077,7.123076923,16.51538462,14.37692308,18.22307692,17.14615385,18.58461538,11.96153846,20.23076923
294.0860961,12.28461538,9.053846154,9.138461538,9.523076923,7.915384615,10.99230769,17.24615385,5.7,6.623076923,17.64615385
294.3008135,13.16153846,14.97692308,20.74615385,20.72307692,15.97692308,17.9,27.36923077,24.5,15.41538462,14.4
294.5155203,13.67692308,9.307692308,18.63846154,3.646153846,10.53846154,11.95384615,16.23846154,8.3,16.26153846,9.684615385
294.7302166,11.93846154,13.5,18.33076923,14.59230769,25.56153846,24.42307692,13.12307692,10.63846154,10.26153846,8.807692308
294.9449024,7.384615385,19.68461538,10.37692308,10.2,14.14615385,8.753846154,7.8,12.2,15.23076923,10.13076923
295.1595776,16.36153846,9.546153846,13.83076923,16.12307692,19.4,11.07692308,20.33076923,18.7,8.553846154,5.1
295.3742423,19.98461538,12.33076923,14.17692308,11.26923077,14.22307692,7.538461538,14.82307692,13.08461538,14.88461538,17.80769231
295.5888964,14.00769231,17.12307692,17.45384615,7.376923077,20.26153846,13.35384615,20.96923077,16.06153846,15.09230769,9.269230769
295.80354,7.538461538,12.80769231,13.62307692,7.438461538,9.669230769,12.57692308,10.08461538,4.215384615,10.16153846,9.753846154
296.0181731,15.48461538,7.530769231,14.33076923,17.49230769,14.52307692,26.62307692,13.33076923,15.94615385,17.85384615,11
296.2327956,8.684615385,12.92307692,13.90769231,12.99230769,15.8,21.60769231,6.723076923,11.76153846,16.22307692,18.61538462
296.4474075,18.09230769,17.21538462,9.223076923,12.07692308,16.75384615,25.3,10.86923077,19.46153846,17.89230769,18.59230769
296.6620089,9.923076923,15.41538462,9.630769231,6.553846154,16.14615385,7,16.58461538,19.3,4.9,12.33846154
296.8765997,17.96153846,24.24615385,21.08461538,15.76153846,17.54615385,17.98461538,13.46923077,9.876923077,11.24615385,7.592307692
297.09118,16.99230769,13.52307692,10.00769231,19.63846154,16.16153846,13.23846154,6.515384615,14.61538462,2.561538462,26.66923077
297.3057497,13.20769231,17.58461538,21.56153846,18.96923077,22.56153846,25.7,11.94615385,10.76923077,14.04615385,7.515384615
297.5203089,9.823076923,8.415384615,13.65384615,23.62307692,13.60769231,14.09230769,12.50769231,23.33846154,8.615384615,6.623076923
297.7348574,22.19230769,15.97692308,16.35384615,16.36923077,19.93076923,15.51538462,19.46153846,19.46153846,12.50769231,22.89230769
297.9493955,10.66923077,12.70769231,13.06153846,8.353846154,15.54615385,14.58461538,8.984615385,23.76153846,14.39230769,9.669230769
298.1639229,12.17692308,18.51538462,12.16923077,7.123076923,10.20769231,18.83846154,24.23846154,16.04615385,15.45384615,8.192307692
298.3784397,10.68461538,10.45384615,8.676923077,6.523076923,16.1,19.43076923,12.36923077,13.02307692,6.707692308,15.53076923
298.592946,16.82307692,13.45384615,12.72307692,15.11538462,14.03846154,16.33076923,23.69230769,9.292307692,3.315384615,9.453846154
298.8074417,13.07692308,13.84615385,11.22307692,12.79230769,16.92307692,5.130769231,8.053846154,7.546153846,12.58461538,11.8
299.0219269,16.97692308,14.64615385,9.869230769,12.01538462,17.38461538,15.09230769,21.6,9.115384615,18.26153846,13.64615385
299.2364014,16.14615385,11.37692308,19.30769231,13.77692308,18.45384615,13.5,9.661538462,15.94615385,14.69230769,13.02307692
299.4508653,17.76923077,16.52307692,18.74615385,19.76153846,23.5,28.09230769,12.83846154,18.66923077,16.62307692,19.56923077
299.6653187,4.261538462,9.876923077,14.11538462,7.3,14.66153846,13.61538462,5.846153846,12.02307692,12.03846154,7.523076923
299.8797615,20.53076923,19.37692308,18.61538462,4.161538462,9.161538462,17.16923077,10.27692308,11.71538462,15.45384615,7.8
300.0941936,23.46153846,11.19230769,10.73846154,11.03846154,10.43076923,10.84615385,12.71538462,20.76923077,9.415384615,11.51538462
300.3086152,8.969230769,20.65384615,10.66923077,14.69230769,12.7,18.53846154,21.23076923,16.88461538,13.43846154,8.846153846
300.5230262,6.015384615,16.47692308,8.076923077,13.11538462,14.08461538,8.330769231,11.22307692,9.846153846,7.853846154,8.438461538
300.7374266,12.34615385,13.66923077,7.253846154,9.169230769,16.23846154,18.01538462,9.9,13.33846154,14.43076923,10.83076923
300.9518164,8.561538462,17.37692308,5.638461538,15.16153846,10.54615385,14.38461538,20.11538462,7.592307692,15.63076923,11.36153846
301.1661955,11.82307692,17.67692308,11.79230769,14.83846154,23.1,19.23846154,8.623076923,15.19230769,4.8,16.66153846
301.3805641,15.60769231,17.01538462,15.26923077,8.776923077,15.40769231,10.80769231,13.25384615,16.00769231,10.93846154,5.969230769
301.594922,15.27692308,14.60769231,17.94615385,13.28461538,10.18461538,15.95384615,15.23846154,11.51538462,11.95384615,9.384615385
301.8092694,12.06153846,13.16923077,8.876923077,13.81538462,11.96153846,9.830769231,19.70769231,14.72307692,5.661538462,10.64615385
302.0236061,20.72307692,15.2,12.86923077,16.46923077,16.08461538,20.66923077,13.83076923,10.54615385,14.58461538,9.015384615
302.2379322,12.45384615,4.646153846,7.315384615,5.153846154,11.42307692,12.20769231,8.376923077,13.46923077,14.06923077,3.223076923
302.4522477,26.96923077,14.36923077,19.36153846,10.94615385,25.46153846,23,20,27.76153846,16.88461538,18.59230769
302.6665525,9.369230769,12.51538462,10.66923077,9.130769231,16.20769231,12.80769231,13.93076923,12.76923077,18.98461538,17.84615385
302.8808468,13.46923077,11.38461538,14.19230769,23.22307692,17.43846154,10.83076923,15.70769231,20.53076923,17.78461538,7.507692308
303.0951304,15.78461538,12.48461538,6.823076923,9.123076923,13.16153846,13.71538462,15.46923077,16.74615385,8.653846154,14.41538462
303.3094033,11.23846154,10.5,19.09230769,9.769230769,13.86923077,15.59230769,22.50769231,25.44615385,18.80769231,12
303.5236657,9.669230769,3.884615385,11.66153846,7.369230769,12.18461538,5.030769231,14.68461538,6.723076923,19.20769231,10.73846154
303.7379174,19.24615385,25.30769231,12.26153846,13.39230769,15.19230769,14.74615385,16.59230769,9.807692308,14.8,9.769230769
303.9521585,3.992307692,14.41538462,11.92307692,13.85384615,16.1,16.3,18.60769231,9.007692308,11.05384615,12.70769231
304.1663889,18.92307692,17.29230769,19.99230769,15.21538462,22.24615385,17.04615385,20.66153846,23.46153846,16.2,11.80769231
304.3806087,11.73076923,12.32307692,14.13846154,5.423076923,7.861538462,11.82307692,14.92307692,10.98461538,13.12307692,4.3
304.5948178,20.79230769,23.03076923,25.14615385,11.55384615,14.16153846,18.60769231,18.31538462,15.06153846,17.09230769,20.28461538
304.8090163,11.87692308,14.67692308,15.14615385,8.4,1.846153846,13,14.94615385,13.90769231,12.19230769,12.51538462
305.0232042,12.63846154,22.52307692,15.72307692,20.31538462,12.42307692,19.6,13.30769231,18.06153846,14.33076923,13.15384615
305.2373813,15.76153846,13.06923077,12.93076923,13.03846154,11.52307692,13.66923077,8.1,10.63076923,11.58461538,7.484615385
305.4515479,28.16153846,11.14615385,7.869230769,14.8,18.28461538,10.46923077,17.96923077,12.97692308,6.969230769,15.12307692
305.6657038,12.31538462,19.35384615,10.42307692,9.876923077,11.03076923,12.57692308,12.18461538,18.4,16.77692308,13.90769231
305.879849,18.26153846,12.65384615,13.72307692,15.26923077,9.007692308,17.7,20.18461538,14.23076923,16.29230769,9.346153846
306.0939835,10.47692308,15.11538462,14.06153846,13.33846154,14.30769231,8.646153846,17.58461538,7.576923077,3.261538462,9.253846154
306.3081074,6.138461538,11.29230769,24.87692308,12.08461538,7.723076923,21,16.90769231,16.80769231,15.71538462,9.207692308
306.5222207,15.88461538,15.49230769,12.6,7.661538462,12.08461538,21.21538462,9.684615385,20.19230769,14.56923077,13.36153846
306.7363232,19.93076923,31.23076923,16.6,13.71538462,21.38461538,20.00769231,32.45384615,9.292307692,17.53076923,16.66923077
306.9504151,8.223076923,12.61538462,12.22307692,15.46923077,14.63846154,9.1,16.61538462,15.23076923,11.46153846,10.8
307.1644963,18.93076923,14.71538462,14.63076923,8.607692308,15.92307692,17.98461538,16.93076923,14.32307692,21.98461538,9.123076923
307.3785669,7.492307692,12.33076923,9.592307692,9.053846154,13.53076923,5.584615385,13.06923077,12.24615385,17.55384615,10.7
307.5926267,19.36153846,14.45384615,18.13076923,19.36153846,17.16153846,23.4,16.60769231,16.42307692,10.90769231,16.89230769
307.8066759,14.76153846,17.08461538,8.492307692,8.292307692,18.58461538,6.907692308,12.62307692,12.26923077,12.13076923,13.73846154
308.0207144,16.88461538,21.76923077,23.03076923,7.353846154,16.88461538,12.84615385,14.03846154,15.68461538,20.73076923,8.253846154
308.2347422,16.06153846,11.38461538,8.769230769,10.66153846,10.91538462,15.80769231,8.961538462,20.46153846,12.66923077,14.84615385
308.4487593,10.05384615,6.646153846,15.67692308,6.184615385,15.05384615,14.92307692,11,14.23076923,11.6,15.36923077
308.6627657,8.638461538,12.52307692,9.884615385,17.70769231,7.707692308,8.353846154,14.18461538,5.8,11.63076923,4.915384615
308.8767615,18.82307692,12.43846154,14.76153846,17.1,23.96153846,13.40769231,21.93076923,16.76153846,16.56153846,16.96153846
309.0907465,16.27692308,6.2,10.69230769,12.52307692,24.36153846,8.723076923,13.67692308,16.43076923,19.41538462,8.6
309.3047209,19.08461538,14.08461538,19.01538462,15.25384615,24.8,14.22307692,18.02307692,18.82307692,8.438461538,22.45384615
309.5186845,8.030769231,14.7,15.03846154,6.169230769,10.1,10,10.67692308,9.684615385,8.346153846,6.069230769
309.7326374,6.646153846,20.00769231,12.56153846,18.76153846,25.40769231,16.92307692,22.71538462,7.084615385,20.18461538,7.476923077
309.9465797,9.030769231,13.71538462,10.38461538,6.876923077,16.90769231,12.16923077,10.94615385,10.30769231,13.23076923,7.061538462
310.1605112,11.96923077,16.88461538,16.29230769,7.461538462,13.48461538,14.00769231,21.34615385,18.06923077,16.73076923,12.23846154
310.374432,11.76153846,17.07692308,14.68461538,14.40769231,15.38461538,15.21538462,15.06153846,14.8,17.36153846,6.415384615
310.5883421,23.18461538,24.75384615,15.55384615,18.20769231,10.00769231,17.5,25.8,17.59230769,19.7,19.61538462
310.8022415,11.22307692,11.62307692,17.61538462,9.907692308,16.86923077,7.746153846,5.084615385,17.89230769,15.08461538,11.77692308
311.0161302,22.48461538,17.62307692,13.29230769,10.37692308,16.83846154,17.52307692,9.753846154,20.82307692,15.03076923,9.376923077
311.2300081,13.50769231,12.51538462,11.7,7.761538462,10.5,18.4,13.82307692,10.56923077,12.04615385,15.86153846
311.4438754,24.91538462,10.28461538,7.761538462,12.76153846,17.6,14.11538462,18.44615385,15.42307692,18.29230769,14.33846154
311.6577319,15.04615385,10.26153846,12.06923077,9.861538462,12.97692308,19.96923077,6.715384615,11.95384615,9.046153846,8.1
311.8715776,17.33076923,28.12307692,19.03076923,27.46923077,8.946153846,16.73076923,21.73076923,19.99230769,12.5,8.176923077
312.0854127,14.78461538,23.60769231,15.90769231,16.13846154,15.10769231,11.58461538,6.707692308,13.37692308,19.85384615,9.669230769
312.299237,19.08461538,23.93076923,8.476923077,17.17692308,16.83076923,23.63846154,19.54615385,30.06153846,20.13076923,7.969230769
312.5130506,15.42307692,18.1,15.03076923,18.66923077,16.40769231,4.346153846,12.73846154,9.192307692,17.55384615,13.62307692
312.7268534,13.63846154,21.15384615,6.846153846,16.1,17.05384615,22.53076923,20.04615385,13.04615385,15.72307692,17.3
312.9406455,14.90769231,8.553846154,10.67692308,13.1,16.32307692,11.62307692,11.2,10.76153846,16.36153846,3.4
313.1544269,17.92307692,16.33076923,15.57692308,12.77692308,15.9,10.26923077,16.80769231,17.03846154,16.48461538,15.30769231
313.3681975,17.30769231,8.707692308,9.684615385,11.26153846,16.2,14.03846154,10.12307692,19.6,12.46153846,12.39230769
313.5819574,14.56923077,24.23076923,17.26153846,17.92307692,13.93846154,13.21538462,14.07692308,12.61538462,9.561538462,11.76923077
313.7957065,12.70769231,22.73076923,14.44615385,17.22307692,14.32307692,12.33846154,17.00769231,15.53846154,2.707692308,8.115384615
314.0094449,20.36923077,15.29230769,16.49230769,20.34615385,18.3,20.89230769,16.06923077,10.83076923,17.04615385,13.03076923
314.2231725,14.29230769,10.56153846,12.96153846,10.92307692,11.76923077,12.34615385,12.20769231,16.40769231,15.07692308,14.04615385
314.4368893,26.38461538,16.91538462,21.97692308,17.40769231,26.18461538,18.43846154,24.86923077,20.13846154,18.06153846,15.75384615
314.6505955,13.18461538,13.13846154,11.76923077,9.892307692,16.28461538,19.00769231,8.684615385,11.55384615,11.47692308,12.76923077
314.8642908,13.26153846,15.75384615,8.892307692,17.65384615,9.169230769,16.16923077,17.68461538,10.79230769,12.71538462,10.97692308
315.0779754,14.80769231,10.18461538,5.946153846,11.97692308,19.48461538,9.407692308,15.03846154,17.23076923,18.69230769,10.21538462
315.2916492,20.70769231,11.36153846,14.62307692,12.75384615,11.55384615,23.48461538,14.96923077,8.446153846,11.3,19.93846154
315.5053122,11.56153846,11.92307692,5.892307692,20.8,11.24615385,15.88461538,4.761538462,18.83076923,18.06153846,7.7
315.7189645,14.24615385,18.85384615,12.69230769,9.769230769,21.16153846,24.4,10.96923077,16.8,14.96153846,11.76923077
315.932606,19.9,20.89230769,4.869230769,11.89230769,11.39230769,22.75384615,16.13076923,12.84615385,14.87692308,10.95384615
316.1462367,16.5,12.67692308,13.10769231,14.56923077,16.64615385,20.60769231,19.44615385,20.9,11.51538462,20.33846154
316.3598567,9.238461538,19.38461538,8.407692308,8.546153846,9.215384615,8.661538462,12.6,9.730769231,11.48461538,12.71538462
316.5734659,18.36153846,23.71538462,24.27692308,8.230769231,14.91538462,21.64615385,16.58461538,17.93076923,18.31538462,10.96153846
316.7870642,19.56153846,13.44615385,17.44615385,15.61538462,15.97692308,13.04615385,7.061538462,9.184615385,20.18461538,11.54615385
317.0006518,16.86153846,24.32307692,14.92307692,15.06153846,19.19230769,21.8,19.34615385,11.01538462,22.93076923,11.94615385
317.2142286,6.076923077,15.15384615,5.069230769,8.646153846,7.892307692,15.7,7.361538462,20.80769231,9.330769231,11.66923077
317.4277947,22.34615385,16.92307692,16.49230769,14.13076923,22.66153846,9.707692308,16.78461538,12.53846154,14.70769231,11.48461538
317.6413499,16.43846154,13.91538462,12.73076923,11.52307692,14.48461538,4.176923077,12.8,8.930769231,10.79230769,19.55384615
317.8548943,7.430769231,13.52307692,15.83846154,14.42307692,12.84615385,14.83076923,15.9,19.36153846,13.78461538,22.2
318.068428,19.22307692,18.10769231,15.32307692,15.54615385,5.884615385,14.91538462,15.30769231,17.75384615,15.16153846,12.03076923
318.2819508,15.39230769,13.12307692,11.9,11.69230769,12.86923077,19.17692308,19.13846154,15.82307692,17.19230769,13.85384615
318.4954629,14.82307692,17.32307692,17.07692308,9.469230769,11.36153846,12.22307692,12.50769231,18.22307692,13.71538462,5.823076923
318.7089641,14.3,12.84615385,18.92307692,7.776923077,14.64615385,13.9,28.53076923,21.35384615,19.16153846,19.33076923
318.9224545,7.353846154,10,10.60769231,15.29230769,15.3,18.71538462,13.4,16.98461538,11.25384615,12.11538462
319.1359341,13.78461538,19.23076923,27.72307692,11.25384615,18.32307692,15.00769231,13.28461538,14.52307692,16.56153846,21.13076923
319.3494029,14.27692308,16.89230769,15.45384615,16.41538462,9.907692308,19.81538462,21.03076923,14.28461538,14.6,12.73076923
319.5628609,17.66923077,14.28461538,22.67692308,17.86153846,17.79230769,12.94615385,14.41538462,17.93846154,17.37692308,16.43076923
319.7763081,14.93076923,14.65384615,14.2,15.93076923,12.88461538,10.72307692,16.56153846,13.9,7.661538462,11.71538462
319.9897444,17.20769231,23.70769231,15.42307692,15.80769231,16.03846154,13.53846154,11.68461538,7.269230769,13.56923077,12.2
320.20317,9.030769231,20.44615385,13.73076923,12.95384615,15.91538462,19.39230769,14.94615385,7.776923077,11.91538462,8.415384615
320.4165847,10.35384615,22.6,9.723076923,11.94615385,28.73846154,10.10769231,17.93076923,13.76153846,16.33076923,21.96153846
320.6299886,13.80769231,13.64615385,15.12307692,6.623076923,9.023076923,27.7,17.18461538,17.46153846,12.11538462,9.115384615
320.8433816,13.52307692,23.9,18.85384615,15.41538462,22.9,22.83846154,26.06923077,26.1,11.92307692,11.82307692
321.0567638,9.253846154,16.98461538,10.32307692,18.80769231,9.746153846,12.3,15.24615385,5.223076923,10.58461538,12.07692308
321.2701352,17.46153846,21.58461538,13.50769231,10.71538462,23.86153846,20.33076923,18.24615385,13.66153846,28.16153846,13.06923077
321.4834958,18.13076923,13.36923077,15.32307692,14.53846154,15.33846154,8.092307692,18.26153846,8.346153846,20.25384615,6.5
321.6968455,22.80769231,18.69230769,16.53846154,17.6,11.51538462,21.85384615,16.85384615,18.33846154,18.18461538,15.1
321.9101844,15.88461538,11.56923077,13.83846154,16.06153846,16.73076923,10.10769231,11.48461538,14.21538462,9.676923077,9.269230769
322.1235124,13.62307692,19.98461538,22.16153846,19.87692308,16.4,15.1,15.92307692,9.684615385,9.184615385,14.43846154
322.3368296,15.46923077,9.315384615,7.653846154,11.21538462,14.04615385,20.60769231,14.31538462,16.57692308,16.08461538,13.76153846
322.5501359,11.60769231,16.56923077,9.107692308,7.815384615,10.05384615,16.23846154,9.907692308,20.03846154,5.476923077,10.50769231
322.7634314,8.484615385,14.8,8.869230769,12.03846154,5.261538462,14.22307692,11.33846154,8.030769231,13.41538462,10.82307692
322.9767161,10.8,21.73076923,16.67692308,6.684615385,10.13846154,14.20769231,18.43076923,23.93846154,16.33076923,6.669230769
323.1899898,6.515384615,15.25384615,9.876923077,15.4,14.57692308,5.815384615,15.9,22.82307692,25.73846154,10.23076923
323.4032528,20.75384615,18.53076923,22.87692308,7.553846154,16.46923077,12.1,18.60769231,21.06153846,24.15384615,10.57692308
323.6165048,13.66923077,18.36923077,17.23076923,7.292307692,12.51538462,16.79230769,19.68461538,7.492307692,29.45384615,11.77692308
323.829746,16.49230769,15.17692308,10.61538462,20.96923077,10.72307692,20.42307692,17.34615385,19.84615385,15.29230769,15.60769231
324.0429764,10.66923077,19.20769231,16.45384615,14.84615385,7.6,13.59230769,19.58461538,7.746153846,10.96153846,16.15384615
324.2561958,21.85384615,18.23076923,14.90769231,16.09230769,14.83076923,18.93076923,13.46153846,13.74615385,25.83076923,12.02307692
324.4694044,14.22307692,15.18461538,8.792307692,9.976923077,13.14615385,16.79230769,16.79230769,11.58461538,3.430769231,5.853846154
324.6826021,21.26923077,24.53076923,18.93076923,15.4,10.19230769,17.1,19.54615385,16.84615385,12.43846154,20.40769231
324.895789,13.38461538,16.70769231,11.6,24.4,24.17692308,17.72307692,10.36153846,12.12307692,17.93846154,12.58461538
325.108965,14.88461538,18.04615385,23.53846154,14.50769231,12.96153846,16.42307692,13.13846154,13.43076923,17.58461538,21.86923077
325.3221301,13.06923077,12.21538462,15.84615385,4.815384615,9.5,7.976923077,18.05384615,14.58461538,12.60769231,24.38461538
325.5352843,12.56153846,16.89230769,21.82307692,21.16153846,29.2,21.86923077,19.24615385,24.52307692,20.53076923,21.18461538
325.7484276,9.407692308,15.83076923,18.6,8.223076923,16.12307692,19,10.9,11.94615385,12.77692308,18.16923077
325.96156,17.02307692,20.96923077,9.707692308,17.76153846,13.12307692,16.32307692,17.46153846,22.24615385,19.99230769,16.74615385
326.1746816,15.00769231,14.76153846,9.4,14.1,4.192307692,19.40769231,11.03076923,11.94615385,11.25384615,10.53076923
326.3877923,19,16.69230769,15.93076923,20.32307692,18.1,16.71538462,23.46153846,26.63846154,7.946153846,15.86153846
326.600892,4.992307692,13.29230769,21.76153846,17.06923077,8.661538462,16.52307692,14.68461538,18.20769231,14.36923077,7.861538462
326.8139809,22.97692308,23.74615385,15.90769231,17.1,14.92307692,6.223076923,11.92307692,12.89230769,14.07692308,7.715384615
327.0270589,13.78461538,9.638461538,15.58461538,14.95384615,11.76153846,18.33076923,8.030769231,7.553846154,19.38461538,14.94615385
327.2401259,15.96923077,8.746153846,14.97692308,12.76153846,15.94615385,21.2,16.02307692,21.44615385,12.2,7.646153846
327.4531821,14.80769231,9.815384615,16.10769231,13.81538462,4.638461538,8.992307692,12.73076923,7.653846154,4.715384615,7.976923077
327.6662274,19.46153846,15.97692308,14.84615385,20.67692308,18.53076923,14.92307692,20.2,20.36153846,13.63076923,10.7
327.8792617,18.58461538,16.92307692,10.9,5.269230769,13.18461538,14.58461538,9.569230769,10.43846154,14.67692308,22.56923077
328.0922851,14.49230769,21.33076923,20.76153846,16.5,15.42307692,20.22307692,18.73076923,15.76153846,21.83076923,11.83846154
328.3052977,14.55384615,7.953846154,10.25384615,12.46923077,15.48461538,13.7,15.83846154,11.29230769,20.16153846,9.623076923
328.5182993,10.13846154,21.23846154,15.06923077,11.41538462,19.46153846,14.23076923,15.83076923,6.176923077,18.98461538,12.03846154
328.73129,6.315384615,10.63076923,16.46923077,14.02307692,9.761538462,12.36923077,11.53076923,9.161538462,17.80769231,7.492307692
328.9442698,8.023076923,11.19230769,11.03846154,11.67692308,14.90769231,22.82307692,25.33076923,28.73846154,20.85384615,13.05384615
329.1572386,13.39230769,18.98461538,11.73076923,13.80769231,14.14615385,12.63076923,11.54615385,13.74615385,11.53076923,15.52307692
329.3701965,16.16153846,11.48461538,20.54615385,11.71538462,23.07692308,17.93076923,12.83076923,16.46153846,20.73076923,17.42307692
329.5831435,10.71538462,9.892307692,16.17692308,10.80769231,23.28461538,11.43076923,14.60769231,10.43846154,16.23076923,20.93846154
329.7960796,26.86153846,16.17692308,16.77692308,14.66153846,15.16153846,19.5,20.23846154,24.3,16.78461538,10.57692308
330.0090047,7.530769231,16.06153846,12.55384615,9.007692308,15.04615385,16.76153846,12.54615385,15.62307692,13.88461538,8.707692308
330.2219189,10.96923077,18.19230769,21.63076923,17.53076923,20.72307692,27.62307692,10.59230769,7.946153846,25.33076923,9.930769231
330.4348222,23.20769231,19.19230769,14.47692308,8.723076923,16,14.96923077,12.81538462,19.99230769,19,15.42307692
330.6477145,11.93076923,17.03076923,17.30769231,18.26153846,23,17.26153846,19.96923077,19.72307692,18.88461538,18.36923077
330.8605959,11.23076923,12.79230769,13.55384615,8.146153846,16.16153846,9.8,21.23076923,15.55384615,17.83846154,8.353846154
331.0734663,19.20769231,18.48461538,23.74615385,13.26153846,19.27692308,23.71538462,19.62307692,12.72307692,14.98461538,4.069230769
331.2863258,20.93846154,14.81538462,11.55384615,14.77692308,11.30769231,21.48461538,16.46153846,10.16923077,10.22307692,18.58461538
331.4991744,11.02307692,9.584615385,17.38461538,16.86153846,17.12307692,13.60769231,24.15384615,19.09230769,16.24615385,18.13076923
331.7120119,11.29230769,8.784615385,13.59230769,6.492307692,15.28461538,25.73076923,19.48461538,8.138461538,25.48461538,6.084615385
331.9248386,12.90769231,14.37692308,14.87692308,21.96923077,13.82307692,20.23076923,26.93076923,24.26153846,13.83846154,16.4
332.1376542,8.130769231,15.21538462,18.53846154,11.31538462,20.86153846,14.46153846,16.68461538,13.20769231,12.24615385,11.86153846
332.350459,21.16153846,19.68461538,16.23846154,17.33076923,21,23.16153846,22.23076923,17.76153846,16.66923077,14.68461538
332.5632527,16.2,9.361538462,22.76153846,9.230769231,16.28461538,12.75384615,17.48461538,21.74615385,15.39230769,4.2
332.7760355,14.09230769,13.28461538,13.49230769,15.6,21.93846154,19,24.43076923,14.94615385,12.07692308,11.92307692
332.9888073,24.98461538,16.96923077,7.9,12.26923077,11.66153846,11.19230769,8.692307692,12.73846154,16.60769231,19.96923077
333.2015682,11.38461538,25.58461538,12.59230769,13.53076923,15.53076923,15.78461538,19.99230769,16.2,21.23076923,10.62307692
333.4143181,11.2,14.66923077,19.69230769,8.923076923,17.90769231,11.85384615,11.70769231,8.707692308,7.884615385,13.28461538
333.627057,18.56153846,13.6,10.25384615,16.64615385,15.76153846,21.5,13.76923077,17.64615385,7.415384615,17.36923077
333.8397849,10.56923077,8.5,9.9,26.16153846,16.38461538,9.461538462,10.56153846,11.14615385,14.83846154,9.653846154
334.0525019,16.01538462,14.84615385,15.03846154,16.37692308,10.26153846,27.35384615,19.96923077,17.56923077,27.36153846,13.72307692
334.2652078,19.08461538,17.02307692,17.96153846,11.36153846,22.41538462,11.30769231,4.646153846,11.22307692,14.45384615,12.46153846
334.4779028,17.90769231,14.81538462,13.59230769,18.61538462,13.80769231,15.89230769,20.73076923,17.64615385,20.18461538,16.79230769
334.6905868,11.25384615,19.75384615,11.06923077,11.36153846,10.80769231,11.66923077,16.13076923,11.33076923,17.05384615,13.30769231
334.9032598,12.50769231,12.70769231,20.56153846,17.21538462,12.87692308,19.72307692,10.99230769,12.24615385,19.23076923,18.56923077
335.1159219,10.00769231,16.18461538,18.20769231,11.76153846,5.923076923,7.538461538,16.16153846,12.84615385,15.3,7.507692308
335.3285729,16.69230769,11.79230769,18.03076923,13.31538462,10.19230769,28.34615385,14.93846154,10.83076923,13.89230769,21.94615385
335.5412129,24.30769231,16.10769231,12.3,11.95384615,12.23846154,18.88461538,17.83076923,16.12307692,16.78461538,11.79230769
335.753842,30.92307692,27.56153846,20.04615385,13.19230769,12.43846154,25.76153846,17.94615385,18.82307692,23.66153846,22.03846154
335.96646,14.68461538,17.96153846,9.515384615,8.638461538,9.946153846,14.55384615,12.32307692,11.00769231,9.876923077,11.16153846
336.1790671,14.98461538,18.25384615,16.26923077,14.97692308,19.64615385,13.33846154,19.15384615,15.82307692,16.76153846,8.823076923
336.3916631,10.48461538,13.64615385,8.930769231,11.15384615,9.338461538,14.5,15.33846154,20.34615385,18.76153846,11.77692308
336.6042481,15.34615385,11.26923077,17.50769231,5.092307692,19.82307692,16.44615385,16.73846154,14.02307692,17.74615385,7.9
336.8168221,12.63076923,12.04615385,12.23846154,12.72307692,15.74615385,19.2,12.43846154,16.64615385,14.78461538,13.33076923
337.0293851,18.48461538,10.28461538,24.12307692,16.47692308,24.16153846,18.46923077,15.43846154,14.46923077,14.12307692,15.15384615
337.2419371,16.71538462,12.16923077,17.2,6.130769231,26.66153846,21.49230769,20.43076923,16.80769231,11.50769231,11.93076923
337.4544781,13.04615385,27.63076923,18.10769231,16.86923077,12.16153846,20.73846154,22.54615385,13.32307692,20.73076923,13.70769231
337.667008,7.915384615,11.84615385,9.346153846,10.67692308,10.74615385,19.7,19.23076923,5.130769231,12.47692308,15.63076923
337.8795269,23.06153846,20.85384615,19.54615385,20.75384615,22.22307692,20.95384615,24.78461538,19.68461538,23.43076923,17.42307692
338.0920348,11.34615385,10.96153846,14.06153846,9.507692308,9.876923077,11.35384615,13.25384615,17.60769231,10.1,15.65384615
338.3045317,11.24615385,15.26923077,9.161538462,22.94615385,10.34615385,10.31538462,9.746153846,21.93846154,23.25384615,14.23846154
338.5170176,14.32307692,9.569230769,12.16923077,10.57692308,14.71538462,14.78461538,20.6,8.530769231,18.14615385,9.207692308
338.7294924,21.96923077,20.91538462,8.046153846,13.19230769,14.07692308,12.45384615,14.90769231,24.5,21.36153846,27.75384615
338.9419562,22.72307692,10.16153846,19.01538462,11.06923077,17.52307692,17.63846154,15.73076923,14.23076923,19.78461538,15.62307692
339.1544089,18.86153846,15.96153846,20.83846154,21.49230769,20.37692308,24.70769231,15.90769231,22.26153846,14.56153846,20.63846154
339.3668506,11.12307692,12.50769231,14.67692308,7.838461538,7.523076923,16.81538462,8.376923077,16.29230769,12.18461538,5.761538462
339.5792813,16,22.75384615,7.830769231,16.33076923,18.1,22.3,19.30769231,13.71538462,16.37692308,21.73076923
339.7917009,9.369230769,9.146153846,12.93846154,15.95384615,15.76923077,14.29230769,9.661538462,6.115384615,16.15384615,20.93846154
340.0041095,13.61538462,15.61538462,16.04615385,19.3,18.04615385,29.38461538,23.53076923,23.03846154,16.89230769,24.4
340.216507,15.78461538,18.38461538,13.84615385,6.8,13.86153846,15.63846154,16.23076923,10.12307692,10.07692308,15.17692308
340.4288935,16.98461538,20.76153846,21.62307692,14.31538462,18.38461538,25.5,15.76153846,13.96923077,11.66153846,19.13846154
340.6412689,15.36153846,19.5,13.57692308,8.123076923,9.269230769,12.7,13.26923077,10.71538462,13.06923077,14.53846154
340.8536332,25.26153846,22.02307692,19.14615385,15.15384615,11.56153846,19.92307692,18.26923077,16.1,16.02307692,9.930769231
341.0659865,16.78461538,18.83846154,15.07692308,7.6,13.66923077,15.09230769,10.32307692,12.44615385,9.892307692,11.36153846
341.2783288,16.84615385,23.09230769,11.17692308,10.61538462,18.57692308,18.12307692,16.63076923,17.33846154,21.75384615,25.50769231
341.49066,15.04615385,16.23846154,13.24615385,23.85384615,19.18461538,29.50769231,19.98461538,4.538461538,21.26153846,15.09230769
341.7029801,11.6,15.92307692,12.66153846,10.69230769,17.21538462,15.11538462,20.28461538,19.33076923,16.06153846,16.93846154
341.9152891,9.169230769,15.15384615,11.46153846,11.53076923,7.946153846,11,10.42307692,10.3,19.33846154,9.630769231
342.1275871,13.96153846,22.5,13.54615385,23.06153846,14.04615385,16.41538462,9.807692308,11.6,11.01538462,12.89230769
342.339874,11.89230769,17.5,7.061538462,10.9,11.63846154,11.92307692,5.184615385,19.3,15.62307692,7.123076923
342.5521498,5.930769231,10.66923077,14,11.48461538,18.19230769,11.62307692,11.83076923,18.50769231,17.33076923,9.607692308
342.7644146,18.09230769,14.22307692,9.446153846,17.47692308,10.84615385,13.94615385,11.66153846,17.26153846,16.12307692,13.36153846
342.9766683,16.1,14.10769231,11.65384615,11.6,31.12307692,11.76153846,22.09230769,23.86153846,12.63076923,16.62307692
343.1889108,18.00769231,12.42307692,12.66153846,18.7,15.66153846,6.453846154,19.2,16.80769231,18.56153846,9.715384615
343.4011424,17.48461538,16.65384615,18.26153846,21.23846154,22.42307692,20.25384615,23.43076923,18.69230769,16.96153846,22.26153846
343.6133628,11.32307692,8.230769231,12.99230769,4.753846154,10.23076923,9.884615385,13.30769231,7.684615385,10.84615385,13.75384615
343.8255721,13.27692308,13.86923077,20.30769231,18.87692308,7.784615385,19.56153846,21.7,14.76153846,22.55384615,10.13846154
344.0377703,13.23846154,12.46923077,12.03076923,10.69230769,23.24615385,17.46153846,19.80769231,14.93076923,12.17692308,10.64615385
344.2499575,23.66923077,22.47692308,18.80769231,17.56923077,27.52307692,18.8,14.54615385,14.63076923,4.492307692,14.10769231
344.4621335,13.22307692,10.57692308,15.80769231,11.2,11.8,11.75384615,21.80769231,9.030769231,8.530769231,8.7
344.6742984,23.58461538,17.92307692,16.03846154,17.4,16.02307692,20.37692308,24.63076923,17,14.4,13.92307692
344.8864523,9.907692308,17.20769231,10.04615385,16.26923077,15.06153846,14.28461538,8.8,11.71538462,16.71538462,11.49230769
345.098595,13.8,21.09230769,15.94615385,21.17692308,14.83076923,15.43076923,17.84615385,12.46153846,15.68461538,15.04615385
345.3107267,9.569230769,12.73846154,20.18461538,16.54615385,17.24615385,15.02307692,20.76153846,12.84615385,12.75384615,13.01538462
345.5228472,14.47692308,14.19230769,18.97692308,14.03846154,12.94615385,16.35384615,15.44615385,20.93846154,20.16153846,7.153846154
345.7349566,10.56153846,9.046153846,18.86153846,13.80769231,11.46153846,12.26153846,17.95384615,10.44615385,11.08461538,6.384615385
345.9470549,21.14615385,25.63076923,21.17692308,30.76153846,14.4,20.80769231,24.74615385,20.14615385,13.44615385,23.98461538
346.1591421,17.74615385,21.33076923,10.31538462,5.2,12.79230769,15.83846154,13.5,20.02307692,11.69230769,6.830769231
346.3712181,17.72307692,16.88461538,12.56923077,24.96153846,28.24615385,15.63846154,18.19230769,20.22307692,20.46153846,8.738461538
346.583283,14.77692308,14.4,15.59230769,8.076923077,8.861538462,12.66923077,14.96923077,13.8,13.75384615,15.04615385
346.7953369,17.77692308,24.24615385,14.64615385,17.72307692,20.79230769,18.1,22.74615385,15.83076923,19.80769231,10.46153846
347.0073796,11.52307692,17.04615385,10.32307692,21.93846154,10.8,14.85384615,14.70769231,10.33076923,10.46153846,13.58461538
347.2194111,18.06153846,18.95384615,20.90769231,21.33076923,22.38461538,20.49230769,12.03846154,13.89230769,13.59230769,16.63076923
347.4314315,16.1,13.58461538,10.43076923,10.48461538,13.13076923,18.05384615,17.22307692,10.30769231,13.27692308,18.63076923
347.6434408,18.28461538,18.99230769,16.79230769,15.75384615,23.56153846,25.12307692,19.30769231,11.69230769,25.23076923,21.82307692
347.855439,11.36923077,18.62307692,15.66153846,10.76923077,14.62307692,24.42307692,21.93076923,12.4,6.184615385,11.23846154
348.067426,12.42307692,22.13076923,18.12307692,7.823076923,17.55384615,24.93846154,21.47692308,27.73846154,14.63076923,17.53846154
348.2794019,7.823076923,13.76923077,16.36923077,19.15384615,10.88461538,10.7,17.55384615,13.63076923,15.97692308,18.60769231
348.4913666,21.53076923,20.49230769,15.07692308,20.85384615,21.12307692,22.2,16.54615385,24.63846154,8.461538462,15.53846154
348.7033202,18.14615385,11.91538462,12.49230769,6.253846154,2.161538462,18.71538462,8.284615385,14.80769231,19.16153846,10.93076923
348.9152627,11.96153846,11.95384615,19.8,17.76923077,22.32307692,25.7,19.77692308,18.32307692,18.19230769,17.73076923
349.127194,12.78461538,10.49230769,15.9,9.030769231,20.08461538,16.09230769,8.807692308,20.8,13.09230769,12.42307692
349.3391141,11.96153846,19.26923077,14.92307692,15.62307692,18.88461538,16.89230769,13.36153846,19.72307692,18.09230769,10
349.5510231,15.40769231,20.18461538,5.053846154,16.16153846,21.5,12.30769231,13.76923077,11.93076923,9.007692308,8.215384615
349.7629209,15.46923077,15.34615385,20.36153846,15.17692308,16.52307692,29.1,25.74615385,21.94615385,13.56153846,10.96923077
349.9748076,18.06153846,9.676923077,14.33846154,14.5,11.96923077,20,16.53076923,8.861538462,27.73076923,10.53846154
350.1866831,14.40769231,17.30769231,17.16153846,22.62307692,20.78461538,16.24615385,25.38461538,14.54615385,21.23076923,11.76923077
350.3985474,12.12307692,15.2,14.92307692,17.46153846,11.67692308,15.59230769,22.32307692,15.2,12.32307692,19.36923077
350.6104006,14.45384615,19.94615385,17.06153846,21.26153846,11.52307692,17.07692308,23.46923077,18.93846154,23.06153846,22.56923077
350.8222426,10.59230769,13.06923077,17.64615385,11.62307692,12.54615385,17.2,11.81538462,12.00769231,9.315384615,14.12307692
351.0340734,21.36153846,16.50769231,15.31538462,21.4,18.96923077,23.2,21.5,19.93846154,25.03076923,17.55384615
351.2458931,14.56153846,24.75384615,18.33076923,8.661538462,19.24615385,10.24615385,12.93846154,18.76153846,12.92307692,12.23846154
351.4577016,17.52307692,19.65384615,11.79230769,21.25384615,22.24615385,13.41538462,21.46153846,11.37692308,17.36153846,14.06153846
351.6694989,7.238461538,19.08461538,9.507692308,14.76153846,16.00769231,13.45384615,12.72307692,21.83846154,17.22307692,12.97692308
351.881285,23.92307692,23.05384615,14.87692308,9.753846154,17.47692308,19.93076923,19.36923077,24.76153846,21.6,23.73846154
352.0930599,14.91538462,25.79230769,15.46153846,20.5,13.6,15.64615385,11.95384615,18.76153846,9.3,16.01538462
352.3048237,13.49230769,21.77692308,25.91538462,13.78461538,6.4,22.58461538,16.60769231,20.85384615,10.68461538,18.56153846
352.5165763,20.79230769,30.83076923,19.44615385,18,16.93846154,7.307692308,10.33846154,6.592307692,17.23076923,8.538461538
352.7283176,18.66923077,22.40769231,13.13846154,19.33846154,11.2,11.50769231,20.56923077,15.83076923,19.73076923,11.09230769
352.9400478,7.792307692,23.41538462,20.23076923,18.36153846,14.88461538,16.06923077,26.13076923,14.86153846,18.33076923,8.107692308
353.1517668,9.846153846,16.84615385,16.20769231,17.96923077,10,18.86153846,18.86153846,13.1,11.17692308,16.56923077
353.3634746,17.46153846,15.29230769,16.63076923,14.5,24.56153846,12.53076923,12.67692308,16.74615385,7.161538462,13.88461538
353.5751711,23.06153846,18.8,15.86153846,16.46923077,9.446153846,15.35384615,18.65384615,16.02307692,26.05384615,17.97692308
353.7868565,13.80769231,12.90769231,17.5,13.06923077,16.92307692,15.49230769,15.16153846,19.90769231,12.96923077,11.67692308
353.9985307,16.96153846,25.18461538,18.46153846,22.07692308,16.32307692,20.3,14.00769231,8.2,17.78461538,14.80769231
354.2101936,10.73076923,13.68461538,20.21538462,21.39230769,18.27692308,22.29230769,20.70769231,5.446153846,19.89230769,12.00769231
354.4218454,26.66153846,19.89230769,18.42307692,21.86153846,15.93846154,18.66153846,15.2,12.79230769,9.453846154,12.00769231
354.6334859,17.03076923,11.31538462,7.830769231,10.03076923,20.44615385,20.86153846,15.91538462,15.54615385,12.82307692,10.76923077
354.8451153,15.76153846,15.36153846,17.82307692,16.76923077,14.68461538,19.11538462,12.73076923,22.50769231,8.630769231,10.60769231
355.0567334,17.38461538,15.46153846,26.46153846,5.669230769,18.68461538,23.49230769,13.23846154,8.738461538,20.22307692,14.19230769
355.2683402,22.02307692,20.49230769,13.42307692,12.66153846,24.69230769,21.34615385,23.93076923,17.36923077,20.86153846,16.76923077
355.4799359,15.96923077,12.06923077,10.63846154,15.22307692,12.6,18.32307692,29.96153846,15.26153846,26.23846154,18.26153846
355.6915203,18.03076923,20.03076923,23.16153846,13.1,16.60769231,21.20769231,16.5,24.13846154,19.45384615,17.36153846
355.9030936,15.42307692,14.11538462,13.17692308,14.56153846,15.82307692,17.04615385,13.24615385,11.94615385,13.76153846,13.87692308
356.1146555,24.16153846,23.23076923,20.26153846,15.23076923,16.03846154,8.561538462,21.73076923,18.15384615,16.33076923,14.8
356.3262063,15.60769231,15.54615385,19.93846154,9.761538462,9.523076923,12.09230769,17.2,7.253846154,13.73076923,11.05384615
356.5377458,21.60769231,26.6,18.23076923,23.36923077,14.97692308,18.98461538,19.89230769,22.59230769,13.05384615,20.46153846
356.7492741,22.96153846,26.23076923,15.83846154,7.876923077,20.88461538,17.75384615,25.54615385,14.33076923,10.7,19.52307692
356.9607911,14.44615385,22.89230769,11.03846154,23.83846154,25.96153846,19.95384615,20.20769231,22.4,21.48461538,14.9
357.1722969,10.70769231,15.93076923,10.27692308,12.24615385,12.79230769,23.63076923,12.34615385,19.55384615,14.36153846,4.261538462
357.3837914,15.56153846,18.62307692,22.88461538,10.8,14.64615385,14.46923077,16.81538462,27.63846154,23.48461538,15.62307692
357.5952747,11.44615385,11.7,23.21538462,25.1,13.78461538,15.7,27.18461538,17.44615385,10.95384615,16.44615385
357.8067468,23.48461538,23.6,14.04615385,9.923076923,15.06153846,18.2,23.53076923,20.7,13.85384615,10.86923077
358.0182076,13.68461538,16.55384615,12.53846154,12.37692308,11.47692308,13.50769231,13.57692308,18.63846154,13.95384615,11.29230769
358.2296571,15.41538462,25.69230769,23.77692308,22.19230769,19.63076923,20.48461538,21.43076923,22.02307692,16.66153846,14.07692308
358.4410954,23.73076923,12.51538462,20.26153846,25.36153846,20.66153846,11.60769231,18.63076923,17.12307692,14.76153846,19.92307692
358.6525224,16.56923077,34.63076923,17.66153846,18.46153846,21.88461538,17.8,19.64615385,24.13076923,13.55384615,18.84615385
358.8639382,17.68461538,10.23846154,15.65384615,14.81538462,7.6,10.6,8,20.58461538,15.64615385,14.23076923
359.0753427,21.87692308,14.91538462,22.29230769,12.17692308,17.73846154,19.58461538,19.92307692,14.08461538,15.21538462,11.01538462
359.286736,22.1,9.146153846,23.97692308,14.40769231,15.28461538,23.17692308,21.07692308,16.68461538,14.78461538,10.33846154
359.4981179,19.66923077,25.23076923,15.30769231,27.86153846,26,23.1,14.5,36.1,25.95384615,17.00769231
359.7094886,10.75384615,8.653846154,18.23076923,16.21538462,14.87692308,16.3,18.46923077,17.44615385,17.68461538,7.738461538
359.920848,20.06923077,23.12307692,21.53076923,22.6,14,14.50769231,19.76923077,16.33076923,23.09230769,13.72307692
360.1321962,25.86153846,17.79230769,12.42307692,15.03846154,15.32307692,21.1,10.76153846,15.84615385,17.36153846,19.26153846
360.3435331,14.47692308,22.77692308,13.37692308,8.730769231,25.76153846,15.22307692,19.26153846,21.06153846,23.36153846,15.96923077
360.5548586,14.86153846,22.85384615,11.08461538,16.36923077,15.66153846,18.36153846,16.12307692,17.82307692,5.738461538,16.54615385
360.7661729,13.20769231,22.73076923,13.40769231,14.37692308,20.54615385,14.60769231,25.63076923,14.08461538,11.18461538,18.63076923
360.977476,10.81538462,17.66153846,22.31538462,6.815384615,10.38461538,24.66923077,9.576923077,11.60769231,14.92307692,12.00769231
361.1887677,12.58461538,28.83846154,20.93076923,10.80769231,12.52307692,26.16923077,11.66923077,22.32307692,18.04615385,25.66923077
361.4000481,18.50769231,8.076923077,14.94615385,7.076923077,12.19230769,9.676923077,25.8,15.60769231,6.507692308,6.146153846
361.6113173,25.36153846,17.72307692,17.51538462,7.492307692,16.68461538,19.18461538,20.77692308,26.18461538,17.6,16.39230769
361.8225751,12.33076923,17.52307692,17.84615385,25.8,23.38461538,20.2,19.36923077,11.33076923,13.66153846,17.50769231
362.0338217,13.58461538,10.59230769,18.28461538,26.96153846,13.32307692,18.26923077,19.84615385,15.33846154,12.78461538,10.90769231
362.2450569,18.00769231,16.94615385,10.59230769,13.02307692,5.7,16.20769231,13.69230769,15.23076923,19.18461538,7.507692308
362.4562809,20.56153846,17.28461538,24.46153846,22.52307692,14.1,20.1,18.63076923,14.53846154,24.63076923,19.58461538
362.6674935,20.7,18.02307692,10.64615385,17.76153846,17.55384615,11.51538462,17.04615385,12.40769231,11.36923077,12.30769231
362.8786949,14.38461538,22.53846154,14.22307692,16.7,11.46923077,27.10769231,23.46923077,17.03846154,18.43076923,8.776923077
363.0898849,16.02307692,13.50769231,13.6,7.5,16.64615385,16.26153846,19.87692308,14.42307692,14.27692308,5.661538462
363.3010636,15.26923077,22.53076923,18.89230769,15.3,16.38461538,17.28461538,13.26923077,29.63846154,13.83076923,17.89230769
363.512231,12,14.76923077,17.90769231,16.07692308,14.84615385,15.9,19.27692308,6.015384615,18.13076923,8.869230769
363.7233871,11.18461538,26.23846154,23.16153846,17.81538462,26.44615385,19.19230769,24.00769231,21.16153846,16.73076923,15.63846154
363.9345319,24.48461538,10.3,8.992307692,10.66923077,14.24615385,21.01538462,21.83076923,11.00769231,13.28461538,13.03846154
364.1456653,7.923076923,22.92307692,18.64615385,16.92307692,11.02307692,23.7,23.85384615,23.02307692,12.25384615,20.53076923
364.3567874,17.08461538,18.05384615,18.83076923,8.430769231,14.23076923,12.38461538,16.78461538,6.430769231,18.40769231,14.23846154
364.5678982,20.76153846,21.43076923,9.507692308,14.9,11.53076923,27.6,17.76923077,23.1,21.56153846,20.13076923
364.7789977,8.676923077,15.31538462,12.00769231,11.97692308,18.99230769,10.18461538,16.28461538,12.53076923,13.92307692,12.56923077
364.9900858,23.96153846,14.23076923,25.32307692,19.37692308,30.56153846,23.02307692,21.31538462,13.9,26.66153846,11.96923077
365.2011626,23.9,14.10769231,14.08461538,17.18461538,15.66153846,13.17692308,16.14615385,12.29230769,22.99230769,16.24615385
365.4122281,19.98461538,16.65384615,23.12307692,18.76923077,17.76923077,21.05384615,19.40769231,18.17692308,20.08461538,11.59230769
365.6232822,14.68461538,21.07692308,9.407692308,13.33076923,5.523076923,13.07692308,9.7,16.72307692,5.330769231,24.06923077
365.834325,10.07692308,22.83076923,27.20769231,24.65384615,16.87692308,13.01538462,21.68461538,22.53076923,21.53076923,19.00769231
366.0453564,24.96153846,10.86923077,12.46153846,11.13076923,15.14615385,13.70769231,20.04615385,12.26153846,7.761538462,22.90769231
366.2563765,19.74615385,13.99230769,14.99230769,15.5,23.76153846,18.09230769,22.73076923,22.62307692,14.23076923,17.9
366.4673853,11.85384615,24.78461538,18.57692308,17.57692308,20.16153846,15.43076923,18.27692308,15.88461538,13.63846154,20.96153846
366.6783827,19.64615385,20.49230769,23.36153846,12.32307692,23.16153846,22.71538462,24.4,22.04615385,19.22307692,11.95384615
366.8893687,13.65384615,16.37692308,14.37692308,14.53846154,9.107692308,20.03076923,19.86153846,10.58461538,13.45384615,17.75384615
367.1003434,24.36153846,13.58461538,13.50769231,14.2,15.56923077,20.41538462,20.84615385,13.54615385,22.66153846,17.60769231
367.3113067,13.50769231,22.17692308,29.66153846,18.3,16.89230769,20.29230769,9.561538462,15.2,19.17692308,13.96153846
367.5222587,14.21538462,18.35384615,17.3,13.2,3.323076923,28.8,16.83076923,17.03076923,20.30769231,12.17692308
367.7331993,20.83076923,9.253846154,19.26153846,15.66153846,10.61538462,17.81538462,16.98461538,20.6,14.49230769,10.72307692
367.9441285,26.36153846,21.3,22.42307692,22.46923077,16.14615385,20.29230769,13.26153846,32.84615385,21.83076923,19.71538462
368.1550464,14.90769231,19.23846154,14.56153846,14.7,13.18461538,15.37692308,17.30769231,13.81538462,10.90769231,13.7
368.3659529,16.72307692,18.3,21.03846154,16,31.04615385,12.83846154,22.97692308,14.19230769,14.63846154,18.26923077
368.576848,24.46153846,18.39230769,19.43846154,16.65384615,24.8,15.97692308,15.5,13.88461538,12.72307692,14
368.7877317,23.98461538,16.42307692,17.10769231,18.28461538,20.67692308,20.92307692,23.11538462,21.13846154,15.03846154,17.20769231
368.9986041,16.92307692,14.9,13.99230769,10.06153846,8.684615385,13.52307692,10.76153846,14.1,12.18461538,8.569230769
369.2094651,30.8,15.26153846,16.35384615,13.71538462,21.44615385,34.52307692,27.36153846,23.1,18.43076923,15.26923077
369.4203147,13.8,19.35384615,13.6,20.46923077,15.94615385,18.79230769,20.43076923,15.33846154,13.98461538,25.79230769
369.6311529,18.34615385,19.14615385,21.00769231,21.92307692,15.3,30.25384615,17.36153846,29.66923077,16.30769231,27.99230769
369.8419798,18.94615385,19.14615385,14.76153846,15.63846154,10.42307692,18.68461538,24.16923077,14.65384615,15.86153846,16.38461538
370.0527952,19.64615385,21.16153846,19.37692308,20.86153846,26.65384615,15.10769231,21.4,17.40769231,23.27692308,19.03846154
370.2635993,20.39230769,20.13076923,11.7,12.67692308,7.938461538,15.74615385,13.2,18.8,24.88461538,22.89230769
370.4743919,25.78461538,22.60769231,17.3,24.8,19.46153846,18.00769231,18.32307692,21.46153846,11.80769231,16.39230769
370.6851732,24.24615385,9.8,22.56153846,18.00769231,13.27692308,19.08461538,11.36923077,11.95384615,13.46153846,12.73846154
370.895943,16.31538462,30.32307692,29.52307692,14.26153846,19.02307692,13.73076923,23.56923077,20.47692308,18.53846154,25.59230769
371.1067015,19.56153846,16.42307692,14.49230769,17.27692308,17.42307692,15.22307692,15.99230769,13.07692308,13.85384615,19.85384615
371.3174486,18.16153846,20.07692308,12.48461538,24.55384615,13.26923077,28.2,16.5,20.33846154,13.81538462,15.54615385
371.5281842,17.30769231,19.32307692,12.76923077,10.66153846,10.7,13.62307692,14.13076923,7.5,15.24615385,6.115384615
371.7389085,17.95384615,23.45384615,17.25384615,10.7,24.36153846,29.6,15.34615385,23.1,30.06153846,15.46923077
371.9496213,19.62307692,11.42307692,15.7,24.31538462,24.5,28.8,23.93076923,13.82307692,24.73076923,10.68461538
372.1603227,17.68461538,21.47692308,16.26153846,19.07692308,13.94615385,18.26153846,24.19230769,17.48461538,12.13076923,13.93846154
372.3710127,12.2,17.15384615,14.46153846,8.584615385,24.06153846,14.55384615,10.46923077,14.04615385,16.82307692,17.53846154
372.5816913,18.95384615,21.03076923,24.11538462,18.27692308,19.16153846,21.7,15.33076923,15.96153846,17.43846154,9.861538462
372.7923584,21.86153846,18.53076923,16.03076923,20.2,17.03076923,26.99230769,14.87692308,16.35384615,16.08461538,13.41538462
373.0030142,24.66153846,28.09230769,17.96923077,27.06153846,17.22307692,23.40769231,21.46923077,20.16153846,22.06153846,21.32307692
373.2136585,17.92307692,14.66153846,18.36153846,16.64615385,14.52307692,23.93076923,19.76153846,21.64615385,12.7,12.24615385
373.4242914,15.48461538,26.77692308,7.592307692,31.52307692,16.9,19.13076923,18.93076923,16.75384615,22.56153846,16.41538462
373.6349128,14.06153846,7.215384615,8.384615385,13.03076923,14.66923077,18.09230769,18.24615385,16.26923077,10.84615385,17.28461538
373.8455228,30.16153846,22.63076923,27.80769231,24.96923077,15.46923077,26.96923077,20.36923077,25.13846154,27.23076923,20.7
374.0561214,11.19230769,11.73846154,15.61538462,14.41538462,20.04615385,12.19230769,23.5,13.76153846,20.26153846,7.238461538
374.2667086,23.68461538,19.1,21.43076923,24.26153846,19.72307692,18.8,29.13076923,9.784615385,22.95384615,20.26923077
374.4772843,13.52307692,18.4,16.06153846,15.54615385,15.96153846,11.02307692,13.58461538,21.16153846,14.37692308,15.5
374.6878485,19.96923077,25.43076923,17.58461538,7.569230769,12.40769231,25.66923077,24.96923077,22.73846154,18.28461538,18.93846154
374.8984014,14.52307692,9.792307692,7.230769231,11.60769231,19.34615385,18.82307692,16.43076923,15.78461538,15.26153846,13.01538462
375.1089427,20.68461538,20.4,20.14615385,18.00769231,24.76153846,13.53076923,36.53076923,22.36153846,15.61538462,20.93846154
375.3194726,17.48461538,25.50769231,23.73076923,18.67692308,11.45384615,23.81538462,14.06153846,20.26153846,20.63076923,9.438461538
375.5299911,12.88461538,16.02307692,18.23846154,25.16153846,14.46923077,11.50769231,33.56923077,25.12307692,11.06153846,14.4
375.7404981,20.55384615,24.09230769,9.776923077,11.83076923,17.06153846,24.28461538,14.97692308,16.62307692,10.62307692,19.02307692
375.9509937,20.40769231,18.99230769,10.77692308,16.43076923,14.02307692,10.5,27.73076923,27.02307692,25.69230769,12.70769231
376.1614778,21.78461538,17.51538462,18.23846154,16.45384615,10.41538462,20.37692308,16.88461538,20.70769231,25.36153846,19.18461538
376.3719504,23.86153846,28.25384615,27.46153846,21.76923077,22.54615385,20.98461538,19.88461538,36.34615385,17.1,15.26153846
376.5824116,20.84615385,4.938461538,15.53076923,9.523076923,18.75384615,8.876923077,19.2,20.96923077,14.87692308,10.9
376.7928613,28.50769231,17.84615385,28.82307692,11.51538462,8.869230769,28.93076923,24.08461538,22.13846154,26.23076923,10.25384615
377.0032995,24.86153846,18.39230769,23.96153846,14.76923077,11.98461538,20.63846154,13.51538462,16.42307692,24.56923077,14.83846154
377.2137263,26.66153846,30.3,13.79230769,16.75384615,22.36153846,15.56153846,19.40769231,7.138461538,29.30769231,9.669230769
377.4241415,11.93076923,11,10.85384615,14.06153846,14.06923077,16.80769231,18.24615385,11.46153846,14.01538462,6.361538462
377.6345454,13.88461538,19.1,13.03846154,20.06923077,22.10769231,20.89230769,30.56923077,11.19230769,15.69230769,22.66923077
377.8449377,13.76923077,22.01538462,14.53076923,9.546153846,26.23076923,14.76923077,14.54615385,14.45384615,12.87692308,20.67692308
378.0553185,19.90769231,22.87692308,18.99230769,24.60769231,24.94615385,19.71538462,26.33076923,18.21538462,21.36153846,16.99230769
378.2656879,21.58461538,12.04615385,10.29230769,8.976923077,13.16153846,19.7,17.50769231,15.26923077,16.91538462,8.007692308
378.4760458,18.76153846,19.19230769,21.22307692,11.36923077,18.30769231,9.315384615,15.75384615,29.89230769,18.7,17.56153846
378.6863922,16.50769231,14.33846154,15.61538462,14.46153846,20.23076923,23.76923077,15.46923077,7.815384615,15.6,8.869230769
378.8967271,15.21538462,16.94615385,10.83076923,11.40769231,20.8,26.15384615,21.30769231,13.22307692,17.26153846,19.05384615
379.1070505,21.10769231,13.63076923,9.707692308,5.953846154,18.9,16.10769231,22.63076923,22.2,15.42307692,16.43076923
379.3173624,28.58461538,16.91538462,19.10769231,9.553846154,26.15384615,10.46153846,15.02307692,21.16153846,25.16153846,15.03846154
379.5276628,14.70769231,15.82307692,10.73076923,18.79230769,24.50769231,18.33846154,18.89230769,17.20769231,11.14615385,11.54615385
379.7379517,16.79230769,27.83076923,23.43076923,21.06923077,16.2,18.67692308,31.75384615,19.31538462,29.63076923,14.6
379.9482291,14.44615385,20.56153846,23.34615385,9.969230769,6.192307692,19.44615385,17.73076923,13.56923077,11.78461538,11.68461538
380.158495,20.16153846,27.73076923,18.06153846,13.72307692,25.46153846,15.82307692,13.43076923,22.86923077,18.18461538,9.015384615
380.3687494,15.86153846,24.83076923,7.976923077,19.1,15.36923077,17.41538462,20.73076923,15.54615385,15.88461538,17.93846154
380.5789923,23.26153846,24.11538462,9.9,19.86153846,28.66153846,19.6,27.73076923,27.86153846,14.19230769,21.84615385
380.7892236,16.47692308,15.08461538,22.85384615,13.53076923,17.09230769,19.3,20.66923077,21.64615385,16.34615385,14.20769231
380.9994435,13.87692308,26.85384615,22.3,21.23846154,20.74615385,28.5,21.93076923,15.61538462,26.13076923,25.70769231
381.2096518,10.63846154,14.74615385,15.66153846,14.98461538,13.16153846,21.72307692,28.14615385,23.20769231,17.82307692,20.63846154
381.4198486,20.68461538,18.03076923,19.62307692,17.97692308,15.53076923,18.04615385,22.06153846,20.03846154,28.25384615,23.06923077
381.6300339,17.36923077,18.89230769,18.57692308,14.6,17.60769231,25.12307692,18.30769231,13.13076923,20.53076923,7.315384615
381.8402077,15.40769231,22.83076923,26.76153846,14.5,29.5,22.82307692,21.06923077,22.83846154,24.30769231,19.10769231
382.0503699,17.45384615,24.35384615,12.6,8.992307692,13.20769231,18.01538462,25.13076923,22.03846154,10.73846154,10.39230769
382.2605206,25.06153846,26.39230769,25.97692308,20.7,14.03076923,21.1,22.56923077,19.86923077,18.56153846,17.07692308
382.4706598,20.58461538,21.03076923,12.25384615,12.53076923,22.68461538,20.35384615,28.83076923,29.06153846,23.35384615,18.9
382.6807874,18.97692308,25.49230769,22.24615385,24.76923077,12,14.70769231,20.74615385,33.33846154,17.86153846,12.98461538
382.8909035,32.28461538,22.52307692,16.06153846,26.16153846,24.16153846,17.46923077,20.79230769,24.33846154,10.35384615,16.63076923
383.1010081,17.03076923,10.98461538,19.06153846,17.25384615,31.12307692,22.87692308,21.43076923,18.86153846,19.5,11.04615385
383.3111011,20.33076923,14.23076923,11.46153846,14.4,15.42307692,14.25384615,15.28461538,19.18461538,15.88461538,13.91538462
383.5211826,18.18461538,12.20769231,26.46153846,20.46153846,26.36153846,26,20.84615385,16.98461538,19.96923077,17.79230769
383.7312525,15.26923077,13.64615385,25.06153846,17.72307692,9.869230769,18.09230769,27.93076923,10.86923077,18.82307692,17.26153846
383.9413109,30.06153846,29.03076923,18.46153846,17.37692308,16.75384615,16.42307692,24.83076923,23.24615385,22.55384615,16.44615385
384.1513577,17.87692308,24.92307692,14.84615385,18.53076923,15.78461538,15.1,15.66923077,13.46153846,17.76153846,18.47692308
384.361393,11.83076923,20.4,16.89230769,22.7,23.3,21.1,22.77692308,21,17.75384615,10.8
384.5714167,9.846153846,15.39230769,12.66153846,12.47692308,12.24615385,21.20769231,22.47692308,20.54615385,23.02307692,15.06153846
384.7814289,20.1,26.4,28.47692308,17.45384615,16.52307692,17.73076923,21.79230769,20.58461538,23.43076923,10.52307692
384.9914295,18.93076923,22.08461538,20.53076923,14.57692308,16.08461538,14.04615385,22.33076923,22.53846154,24.26153846,19.64615385
385.2014185,21.80769231,23.33076923,21.91538462,12.90769231,24.16153846,20.91538462,30.23076923,29.7,30.48461538,21.46923077
385.411396,19.98461538,16.91538462,27.61538462,9.2,16.72307692,19.3,20.66923077,16.33076923,11.73076923,8.484615385
385.6213619,35.68461538,21.06923077,29.81538462,27.36153846,29.3,29.5,27.34615385,25.2,20.66153846,13.05384615
385.8313162,16.86153846,23.83076923,13.71538462,13.39230769,14.43846154,18.3,21.64615385,19.28461538,21.83076923,16.83846154
386.041259,28.48461538,24.44615385,19.88461538,20.26153846,16.48461538,23.78461538,24.19230769,30.44615385,28.43846154,16.68461538
386.2511902,16.83846154,23.02307692,22.36923077,8.238461538,21.5,14.71538462,13.05384615,18.6,13.20769231,12.53076923
386.4611098,19.13076923,26.46153846,23.33076923,20.43846154,17.01538462,28.58461538,21.79230769,29.13846154,27.03076923,26.86923077
386.6710178,23.00769231,16.67692308,16.76153846,12.57692308,22.06153846,13.54615385,17,15.51538462,17.58461538,18.20769231
386.8809142,17.30769231,23.98461538,14.03846154,21.20769231,33.51538462,16.73076923,22.56923077,26.52307692,17.68461538,17.86923077
387.0907991,18.36923077,20.67692308,17.49230769,17.36923077,23.57692308,14.9,22.33076923,27.23846154,21.70769231,11.89230769
387.3006723,24.16153846,16.64615385,32.36153846,29.46153846,24.16153846,21.1,25.33076923,17.96153846,26.63076923,11.53846154
387.510534,20.46153846,14.54615385,14.42307692,12.57692308,12.93846154,17.1,16.50769231,22.63846154,19.68461538,11.11538462
387.7203841,27.00769231,15.71538462,26.36153846,26.46153846,11.88461538,26.53076923,27.23076923,18.62307692,22.6,22.33846154
387.9302226,13.36153846,22.45384615,15.78461538,18.80769231,19.66153846,21.49230769,13.26923077,17.44615385,23.15384615,23.86153846
388.1400495,19.56153846,28.63076923,9.607692308,23.91538462,17.46923077,22.23846154,20.86153846,21.42307692,19.52307692,25.9
388.3498648,11.73846154,19.55384615,16.62307692,22.13846154,13.98461538,28.6,20.7,24.2,10.81538462,19.07692308
388.5596684,32.11538462,21.30769231,28.16153846,23,22.90769231,23.5,29.74615385,22.03076923,21.05384615,22.5
388.7694605,21.98461538,19.16923077,15.69230769,19.46153846,18.36153846,21.50769231,16.73076923,23.83846154,18.46153846,15.02307692
388.979241,15.56153846,18.53076923,19.66923077,16.02307692,25.33846154,19.30769231,10.29230769,19.63846154,28.13076923,16.26923077
389.1890099,18.18461538,26.78461538,18.93846154,17.63076923,22.52307692,25.38461538,14.14615385,11.86923077,24.93076923,9.161538462
389.3987671,21.50769231,22.43076923,25.46153846,22.26153846,13.02307692,23.39230769,22.84615385,15.56153846,22.68461538,25.82307692
389.6085127,23.86153846,19.1,14.31538462,16.49230769,15.29230769,17.99230769,19.46923077,16.26153846,19.28461538,12.06153846
389.8182468,25.08461538,32.83076923,24.53076923,21.18461538,21.96153846,22.43076923,22.7,25.4,22.78461538,17.94615385
390.0279692,20.26153846,21.33076923,22.96153846,19.89230769,23.44615385,22.53076923,17.56153846,19.17692308,25.75384615,11.58461538
390.2376799,17.00769231,24.83076923,30.76153846,23.77692308,27.14615385,29.1,22.83076923,20.21538462,24.55384615,17.04615385
390.4473791,23.1,17.33846154,22.26153846,7.723076923,20.1,12.24615385,22.93076923,19.96923077,12.80769231,6.430769231
390.6570666,19.58461538,25.23076923,21.47692308,21.56153846,20.5,18.92307692,30.94615385,25.62307692,12.96153846,17.63076923
390.8667425,12.1,16.38461538,11.62307692,13.91538462,15.43846154,23.38461538,23.76923077,17.82307692,13.06153846,20.40769231
391.0764068,22.26153846,29.30769231,15.37692308,25.86153846,10.82307692,13.49230769,15.48461538,22.76153846,20.46153846,21.52307692
391.2860594,19.04615385,18.68461538,17.12307692,12.51538462,14.81538462,27.39230769,14.04615385,15.59230769,14.03846154,14.06923077
391.4957004,18.13846154,22.63076923,17.74615385,19.46153846,21.96153846,25.98461538,15.59230769,20.94615385,9.507692308,11.00769231
391.7053298,23.06153846,21.71538462,12.56153846,14.34615385,13.73076923,18.02307692,18.66923077,22.5,13.45384615,16.23076923
391.9149475,33.70769231,21.83076923,18,12.46153846,25.62307692,28.9,27.13076923,16.1,22.06153846,23.4
392.1245536,18.44615385,20.23846154,16.27692308,15.67692308,17.83076923,23.13076923,12.58461538,26.8,19.56153846,10.9
392.334148,11.29230769,25.55384615,25.46153846,30.36153846,15.57692308,27.1,25.73076923,14.26923077,17.23076923,7.923076923
392.5437308,17.16153846,18.52307692,22.93076923,23.28461538,8.538461538,17.06923077,18.14615385,15.66153846,19.55384615,15.43846154
392.7533019,22.59230769,20.96153846,24.66153846,32.26153846,22.48461538,25.62307692,18.50769231,26.16153846,26.53076923,32.99230769
392.9628614,20.66153846,17.52307692,12.22307692,4.492307692,10.3,12.47692308,21.93076923,19.30769231,16.56153846,9.338461538
393.1724092,20.66153846,23.84615385,20.07692308,24.2,15.86923077,26.21538462,18.33076923,23.23846154,17.75384615,26.66923077
393.3819454,15.18461538,18.20769231,17.01538462,15,17.63846154,19.76153846,25.78461538,18.36153846,17.45384615,7.638461538
393.5914699,28.78461538,16.50769231,19.87692308,25.26153846,20.56153846,33.26923077,27.64615385,17.52307692,20.57692308,21.85384615
393.8009827,20.10769231,19.3,20.49230769,18.73846154,15.36153846,23.86923077,19.06923077,20.62307692,23.43076923,12.96153846
394.0104839,25.08461538,28.13846154,25.86153846,26.06153846,15.98461538,25.8,26.23076923,34.03846154,14.20769231,26.30769231
394.2199734,21.70769231,23.6,25.70769231,21.43076923,22.78461538,16.35384615,32.28461538,18.63076923,14.77692308,17.90769231
394.4294512,29.10769231,12.43846154,20.01538462,18.26923077,19.91538462,21.12307692,25.26923077,28.23846154,16.90769231,22.17692308
394.6389174,10.84615385,17.16153846,12.99230769,12.69230769,19.26153846,19.12307692,25,21.16153846,12.00769231,13.53076923
394.8483719,22.36153846,23.93076923,23.06153846,26.46153846,16.88461538,18.73076923,19.26153846,26.33846154,20.31538462,28.17692308
395.0578147,22.68461538,16.23846154,18.96153846,16.01538462,24.14615385,23.1,11.33846154,21.33846154,12.93076923,22.70769231
395.2672458,23.02307692,30.63076923,31.36153846,21.66153846,19.26153846,28.02307692,29.43076923,14.54615385,19.66153846,15.40769231
395.4766652,21.78461538,14.57692308,26.16153846,24.5,20.93846154,28.9,24.13076923,21.33846154,23.86153846,14.31538462
395.686073,23.86153846,23.39230769,30.26153846,21.2,27.16153846,27.90769231,25.46923077,24.83846154,22.75384615,19.55384615
395.8954691,17.36153846,21.00769231,25.66153846,21.66153846,23.32307692,27.82307692,17.15384615,19.79230769,21.10769231,20.43846154
396.1048535,27.4,21,17.77692308,24.93076923,31.46153846,30.7,29.33076923,30.73846154,13.68461538,24.36153846
396.3142262,20.46153846,24.78461538,18.07692308,18.06153846,23.06923077,12.23076923,27.50769231,18.36153846,15.43076923,19.93076923
396.5235872,29.98461538,34.03076923,21.6,17.81538462,26.26153846,17.30769231,15.2,15.82307692,24.93076923,29.16923077
396.7329365,9.146153846,19.22307692,18.03076923,10.53076923,20.6,19.91538462,24.95384615,16.29230769,24.49230769,18.40769231
396.9422741,23.06153846,18.45384615,25.57692308,24.28461538,32.66153846,30.06923077,20.03076923,28.9,25.56153846,18.3
397.1516,20.86153846,18.97692308,16.54615385,14.23846154,18.4,16.5,23.23076923,8.630769231,16.30769231,20.1
397.3609142,21.80769231,30.23076923,22.56153846,22.02307692,21.4,18.40769231,34.23076923,29.8,21.91538462,16.87692308
397.5702167,20.76153846,16.77692308,20.72307692,19.33076923,24.86153846,14.77692308,23.96923077,28.93076923,20.87692308,14.01538462
397.7795074,24.76153846,19.65384615,18.93076923,31.56153846,29.3,22.7,30.74615385,18.62307692,20.5,27.40769231
397.9887865,17.22307692,18.91538462,18.81538462,25.66153846,24.58461538,31.3,19.96923077,20.92307692,12.26153846,24.14615385
398.1980539,30.12307692,26.13076923,33.76153846,21.70769231,27.06153846,24.26153846,26.76923077,28.93846154,30.76153846,11.71538462
398.4073095,19.33076923,19.38461538,12.73076923,16.95384615,14.73846154,24.2,17.67692308,13.00769231,14.38461538,12.83846154
398.6165534,31.96153846,26.52307692,25.81538462,19.83076923,32.74615385,29.7,19.63846154,21.75384615,19.85384615,19.03076923
398.8257856,12.58461538,22.5,19.44615385,23.8,20.62307692,16.18461538,14.56153846,17.72307692,16.29230769,17.26923077
399.0350061,21.16153846,22.42307692,20.16153846,19.50769231,28.94615385,18,35.03076923,31.73846154,26.93076923,29.96923077
399.2442149,18.66153846,22.82307692,21.18461538,20.9,23.64615385,16.71538462,11.96923077,17,28.63076923,21.25384615
399.4534119,23.86153846,32.23076923,24.73846154,30.06153846,21.73846154,17.60769231,22.31538462,29,21.39230769,20.70769231
399.6625972,19.20769231,19.1,15.28461538,16.14615385,14.08461538,16.36153846,19.33076923,17.78461538,22.58461538,19.07692308
399.8717707,34.66153846,33.49230769,25.44615385,14.23846154,24.05384615,30,26.83076923,26.32307692,21.85384615,18.01538462
400.0809326,20.63076923,20.01538462,20.82307692,17.66923077,23.37692308,27.23076923,23.7,12.2,20.72307692,11.34615385
400.2900827,19.38461538,27.02307692,23.08461538,20.5,27.96153846,29.3,30.93076923,31.33846154,34.93076923,26.60769231
400.499221,15.48461538,22.59230769,15.23076923,22.39230769,24.8,14.1,7.215384615,14.43076923,26.73076923,27.16923077
400.7083476,25.6,26.83076923,27.06153846,27,13.42307692,25,15.21538462,24.84615385,29.13076923,22.59230769
400.9174625,15.50769231,18.89230769,27.62307692,24.32307692,22.76153846,22.86153846,24.83076923,28.03846154,27.03846154,12.70769231
401.1265656,28.50769231,25.28461538,27.26153846,26.86153846,22.06153846,32.1,27.03076923,31.6,16.10769231,14.93076923
401.3356569,15.33076923,17.47692308,20.53076923,16.87692308,23.3,20.7,24.08461538,18.61538462,13.30769231,12.73076923
401.5447366,20.52307692,23.03846154,28.27692308,22.46923077,28.56153846,32.6,34.13076923,31.43846154,35.03076923,25.10769231
401.7538044,29.36153846,20.53076923,28.24615385,14.5,21.86153846,31.22307692,26.76923077,19.6,23.13076923,21.83846154
401.9628605,26.96923077,23.95384615,22.03076923,34.16153846,26.16153846,19.8,27.23076923,22.53846154,31.23076923,23.02307692
402.1719048,17.09230769,30.73076923,12.14615385,14.76153846,20.72307692,32.86923077,16.43076923,31.23846154,21.93076923,15.13846154
402.3809374,23.46153846,28.13076923,23.36153846,32.56153846,33.67692308,36.32307692,27.55384615,30.93846154,20.4,15.30769231
402.5899582,19.46153846,27.29230769,14.6,17.1,15.80769231,25.06923077,24.84615385,20.86153846,34.23076923,20.83076923
402.7989673,12.63076923,23.52307692,20.46153846,24.05384615,22.36153846,25.70769231,24.43076923,26.53846154,24.96153846,14.26923077
403.0079646,23.46153846,25.65384615,19.99230769,27.86153846,20.62307692,25.56153846,11.65384615,28.63846154,21.53076923,18.62307692
403.2169501,31.86153846,24.55384615,28.76153846,20.66153846,25.5,28.81538462,31.54615385,40.53846154,32.53076923,23.46923077
403.4259238,28.56153846,19.89230769,24.22307692,13.41538462,27.62307692,26.38461538,20.23076923,23.46153846,23.67692308,28.36923077
403.6348857,23.66153846,25.8,18.23846154,23.96153846,22.18461538,23.53846154,17.90769231,23.83846154,26.30769231,14.46923077
403.8438359,21.7,34.53076923,25.66153846,14.15384615,23,29.3,19.11538462,24.43846154,24.96153846,17.81538462
404.0527743,25.64615385,27.43076923,29.63846154,25.46153846,29.06153846,31.5,30.34615385,23.03076923,23.73076923,27.81538462
404.2617009,17.76153846,20.79230769,20.7,20.16153846,27.96153846,15.40769231,20.83076923,32.03846154,25.53076923,24.70769231
404.4706157,27.08461538,33.83076923,28.56153846,25.07692308,32.36153846,34.09230769,25.47692308,28.04615385,21.83846154,31.56923077
404.6795188,26.50769231,17.63076923,34.10769231,20.96153846,23.34615385,30.2,34.73076923,19.94615385,20.67692308,32.36923077
404.88841,32.42307692,26.13076923,30.10769231,26.2,34.8,25.12307692,24.83076923,37.13846154,27.23076923,27.86923077
405.0972895,20.70769231,18.36153846,22.27692308,23.96153846,28.33846154,28.01538462,25.06923077,28.63846154,25.16153846,15.8
405.3061571,34.56153846,24.88461538,35.66153846,29.56153846,35.76153846,33.7,30.73076923,33.43846154,28.73076923,30.83846154
405.515013,17.86153846,31.53076923,26.93076923,31.76153846,17.2,41.5,32.43076923,30.83846154,27.86153846,18.61538462
405.723857,29.86153846,39.93076923,20.63076923,31.26153846,28.76153846,33.8,27.63076923,29.83846154,33.73076923,22.30769231
405.9326893,30.86153846,38.09230769,31.54615385,27.66153846,19.06153846,29.4,22.33076923,25.46153846,41.83076923,27.49230769
406.1415097,32.46153846,31.03076923,23.16153846,34.27692308,32.46153846,42.18461538,27.03076923,24.23846154,28.76153846,28.2
406.3503183,30.56153846,29.29230769,26.86153846,30.22307692,32.32307692,24.48461538,32.16923077,35.13846154,26.03076923,24.7
406.5591152,23.26153846,37.42307692,35.36153846,31.16153846,24.16153846,38.3,36.33076923,32.92307692,34.73076923,20.82307692
406.7679002,35.86153846,31.55384615,27.73076923,32.96153846,32.66153846,35.2,26.59230769,23.53846154,29.33076923,30.36923077
406.9766734,38.16153846,44.13076923,41.76153846,32.46153846,46.36153846,36.8,34.16153846,40.63846154,35.03076923,34.2
407.1854348,30.86153846,27.43076923,28.26153846,36.86153846,26.76153846,31.6,32.63076923,29.13846154,34.63076923,35.02307692
407.3941843,37.96153846,39.73076923,36.56153846,38.26153846,46.06153846,45.9,39.63076923,36.83846154,31.26153846,29.46923077
407.6029221,26.26153846,33.73076923,34.46153846,33.46153846,42.76153846,22.41538462,39.63076923,28.03846154,46.63076923,24.16923077
407.811648,48.26153846,49.33076923,49.06153846,34.56153846,49.66153846,54.8,37.63076923,46.53846154,36.8,33.34615385
408.0203621,40.76153846,38.23076923,28.13076923,41.76153846,36.26153846,43.9,43.53076923,41.43846154,33.79230769,42.16923077
408.2290643,32.16153846,36.73076923,34.06153846,36.46153846,36.26153846,41.30769231,45.63076923,39.63846154,48.93076923,36.76923077
408.4377547,50.46153846,34.8,48.86153846,39.96153846,37.64615385,34.3,36.33076923,28.96153846,32.43076923,40.06923077
408.6464333,48.96153846,50.03076923,39.66153846,35.55384615,43.66153846,49.5,35.85384615,42.33846154,46.13076923,26.06923077
408.8551001,48.86153846,41.13076923,42.16153846,38.26153846,51.96153846,42.22307692,53.93076923,43.53846154,30.73076923,46.70769231
409.063755,58.56153846,50.13076923,48.76153846,39.76153846,50.16153846,44.7,47.73076923,39.03846154,42.06153846,39.16923077
409.2723981,46.16153846,48.23076923,53.56153846,44.76153846,43.76153846,52.8,37.83076923,49.83846154,43.33076923,46.26923077
409.4810293,55.96153846,53.93076923,51.86153846,45.36153846,52.96153846,52,55.63076923,56.73846154,59.23076923,50.66923077
409.6896487,35.82307692,57.13076923,46.86153846,38.06153846,44.46153846,57.6,42.34615385,54.23846154,60.03076923,42.3
409.8982562,58.16153846,48.23076923,55.56153846,43.46153846,52.56153846,53.9,51.23076923,51.73846154,55.03076923,41.66923077
410.1068519,55.76153846,52.43076923,46.16153846,47.76153846,57.36153846,44.3,56.83076923,57.03846154,54.13076923,51.56923077
410.3154357,59.86153846,45.43076923,50.36153846,61.16153846,59.76153846,59.8,64.83076923,55.63846154,55.33076923,55.86923077
410.5240077,54.46153846,57.03076923,61.66153846,55.26153846,56.86153846,56.7,53.74615385,57.73846154,58.63076923,48.96923077
410.7325678,66.16153846,61.13076923,58.46153846,62.36153846,60.96153846,62.8,68.63076923,59.23846154,56.63076923,68.86923077
410.941116,62.36153846,56.03076923,59.26153846,56.36153846,53.86153846,60.4,70.83076923,70.13846154,68.53076923,63.56923077
411.1496524,74.76153846,64.93076923,60.86153846,68.16153846,71.26153846,67.4,76.13076923,77.03846154,77.83076923,65.66923077
411.3581769,74.26153846,71.43076923,69.76153846,65.86153846,73.26153846,78.6,78.83076923,64.33846154,65.33076923,72.96923077
411.5666896,73.36153846,74.63076923,86.16153846,69.56153846,71.96153846,77.6,79.53076923,75.93846154,85.73076923,69.06923077
411.7751904,74.16153846,76.33076923,75.96153846,68.46153846,81.66153846,70.3,79.13076923,79.93846154,77.23076923,74.06923077
411.9836793,93.06153846,70.33076923,73.76153846,80.46153846,83.96153846,80.6,78.43076923,95.13846154,87.73076923,67.26923077
412.1921563,77.06153846,90.53076923,78.46153846,93.26153846,78.36153846,78.7,91.63076923,85.33846154,83.23076923,89.46923077
412.4006215,97.86153846,82.73076923,87.06153846,83.16153846,92.56153846,80.4,90.43076923,84.23846154,79.03076923,85.36923077
412.6090747,85.06153846,77.13076923,85.16153846,88.86153846,104.0615385,86.4,84.63076923,87.33846154,98.43076923,92.06923077
412.8175161,98.66153846,100.2307692,95.66153846,96.56153846,96.76153846,96.4,97.63076923,96.53846154,98.23076923,95.76923077
413.0259456,105.6615385,104.3307692,99.56153846,91.36153846,96.36153846,95.8,116.9307692,102.9384615,107.1307692,91.96923077
413.2343632,92.26153846,112.5307692,105.0615385,96.46153846,116.0615385,107.1,106.9307692,101.5384615,102.9307692,111.4692308
413.442769,105.1615385,99.93076923,105.8615385,102.8615385,93.36153846,102.3,110.1307692,103.1384615,95.03076923,98.56923077
413.6511628,112.2615385,115.4307692,107.3615385,108.2615385,108.1615385,107.7,101.2307692,115.5384615,105.7307692,108.3692308
413.8595447,125.1615385,126.2307692,105.6615385,100.7615385,105.2615385,122.5,121.2307692,103.1384615,114.0307692,108.6692308
414.0679148,124.7615385,130.6307692,124.4615385,125.1615385,129.4615385,134.2,131.0307692,127.2384615,125.7307692,125.6692308
414.2762729,129.2615385,123.9307692,129.1615385,122.2615385,123.1615385,129.1,130.1307692,124.8384615,124.4307692,121.2692308
414.4846191,129.2615385,128.2307692,130.2615385,127.3615385,125.2615385,127.3,129.7307692,128.3384615,143.9307692,123.6692308
414.6929535,123.0615385,131.8307692,128.8615385,117.4615385,137.9615385,130.3,138.2307692,129.9384615,131.9307692,125.2692308
414.9012759,143.8615385,143.9307692,145.8615385,139.9615385,149.6615385,150.5,152.8307692,143.8384615,152.2307692,145.0692308
415.1095864,139.5615385,151.1307692,140.2615385,138.8615385,148.0615385,147.5,138.9307692,147.1384615,139.7307692,143.2692308
415.317885,154.1615385,149.2307692,145.0615385,150.5615385,142.1615385,148.9,150.1307692,143.0384615,151.6307692,142.5692308
415.5261717,154.3615385,151.8307692,157.9615385,159.2615385,150.7615385,160.2,144.0307692,165.6384615,158.7307692,154.0692308
415.7344465,168.2615385,162.2307692,163.3615385,169.5615385,158.7615385,165.9,175.5307692,165.3384615,148.7307692,159.3692308
415.9427093,168.7615385,158.0307692,164.9615385,162.5615385,162.0615385,175.1,158.4307692,161.2384615,164.0307692,157.2692308
416.1509603,168.1615385,171.0307692,181.8615385,172.8615385,174.0615385,172.3,173.4307692,170.7384615,177.6307692,177.1692308
416.3591993,180.3615385,165.2307692,175.0615385,172.2615385,171.0615385,176.5,177.9307692,173.3384615,177.1307692,172.2692308
416.5674264,177.9615385,187.5307692,183.4615385,179.2615385,179.8615385,190.4,191.1307692,177.6384615,176.7307692,175.5692308
416.7756415,194.4615385,183.8307692,188.7615385,185.0615385,192.0615385,197.8,194.1307692,185.3384615,184.3307692,189.5692308
416.9838447,199.9615385,197.6307692,206.6615385,201.7615385,201.3615385,196.5,197.9307692,201.5384615,206.9307692,205.3692308
417.192036,210.2615385,210.1307692,216.3615385,193.4615385,202.4615385,202.5,208.2307692,206.2384615,204.4307692,190.6692308
417.4002154,208.8615385,215.8307692,208.9615385,215.4615385,217.2615385,207.5,216.0307692,205.3384615,202.8307692,214.2692308
417.6083828,210.9615385,203.6307692,206.3615385,200.2615385,204.4615385,209.3,214.6307692,202.9384615,196.1307692,207.9692308
417.8165383,237.4615385,216.5307692,221.8615385,212.8615385,216.1615385,221.9,222.9307692,227.2384615,222.0307692,235.5692308
418.0246818,222.6615385,235.9307692,229.1615385,229.9615385,230.4615385,236.1,233.1307692,229.9384615,245.3307692,213.7692308
418.2328134,242.8615385,245.0307692,253.4615385,236.6615385,253.1615385,241.2,239.5307692,247.7384615,243.1307692,225.5692308
418.440933,234.5615385,237.3307692,233.2615385,243.2615385,240.5615385,237.9,242.8307692,246.0384615,241.6307692,237.2692308
418.6490407,262.1615385,267.7307692,261.5615385,251.4615385,251.4615385,275,266.1307692,267.5384615,252.1307692,251.8692308
418.8571364,261.0615385,279.0307692,271.6615385,261.1615385,263.4615385,268.2,267.8307692,271.1384615,280.3307692,268.9692308
419.0652202,284.6615385,276.2307692,276.6615385,290.8615385,278.3615385,281.6,289.2307692,277.6384615,276.5307692,266.2692308
419.273292,269.5615385,271.6307692,270.2615385,269.7615385,278.2615385,279.7,274.6307692,282.3384615,274.5307692,263.6692308
419.4813519,290.2615385,280.5307692,278.7615385,286.8615385,278.7615385,292.9,288.4307692,292.0384615,277.1307692,283.4692308
419.6893998,305.3615385,307.8307692,303.0615385,302.2615385,306.2615385,294.1,310.4307692,291.2384615,306.3307692,301.4692308
419.8974357,329.4615385,325.1307692,318.1615385,324.5615385,312.6615385,316.7,327.8307692,312.0384615,322.0307692,333.8692308
420.1054597,313.6615385,318.0307692,324.4615385,316.2615385,299.9615385,319.9,316.9307692,313.8384615,315.7307692,315.4692308
420.3134716,339.7615385,336.9307692,327.8615385,321.1615385,324.0615385,335.3,320.2307692,324.0384615,325.7307692,331.4692308
420.5214717,330.0615385,333.9307692,316.0615385,329.8615385,339.8615385,336.2,320.8307692,332.9384615,333.7307692,318.8692308
420.7294597,347.7615385,353.4307692,334.7615385,343.6615385,356.4615385,350.9,351.8307692,347.9384615,338.8307692,332.2692308
420.9374358,353.9615385,352.2307692,347.5615385,354.1615385,358.9615385,347.1,346.0307692,346.3384615,350.8307692,364.0692308
421.1453999,378.1615385,377.1307692,380.6615385,369.7615385,390.2615385,376.7,381.9307692,374.4384615,376.1307692,378.7692308
421.353352,371.6615385,378.4307692,381.1615385,382.9615385,372.2615385,387.9,378.8307692,372.4384615,379.3307692,381.4692308
421.5612921,402.7615385,393.0307692,400.4615385,399.0615385,403.0615385,401.3,417.6307692,394.6384615,408.1307692,396.3692308
421.7692202,414.0615385,415.3307692,401.0615385,405.5615385,410.4615385,397.7,407.8307692,399.6384615,401.2307692,401.6692308
421.9771364,427.5615385,437.3307692,432.1615385,431.6615385,426.7615385,432.8,430.1307692,430.6384615,425.0307692,432.1692308
422.1850405,417.3615385,410.7307692,412.8615385,405.9615385,411.0615385,424.1,427.9307692,409.5384615,428.7307692,403.8692308
422.3929327,459.6615385,455.1307692,452.1615385,460.1615385,448.9615385,449.8,459.7307692,461.6384615,451.3307692,454.6692308
422.6008128,463.6615385,461.6307692,458.1615385,459.5615385,450.7615385,469.9,468.1307692,475.1384615,471.0307692,464.7692308
422.808681,464.2615385,475.9307692,469.4615385,468.4615385,473.5615385,486.5,476.9307692,483.9384615,472.4307692,473.2692308
423.0165371,475.8615385,481.8307692,478.3615385,448.4615385,471.2615385,477.9,476.0307692,478.4384615,473.7307692,478.0692308
423.2243813,501.9615385,501.7307692,496.4615385,490.1615385,496.4615385,505.8,502.9307692,519.7384615,492.4307692,486.7692308
423.4322135,517.5615385,512.6307692,523.3615385,514.5615385,513.3615385,507.8,525.3307692,521.9384615,513.6307692,501.2692308
423.6400336,511.6615385,517.1307692,517.3615385,522.5615385,516.1615385,514.6,525.9307692,520.1384615,526.5307692,510.9692308
423.8478417,569.2615385,557.1307692,545.6615385,545.2615385,553.1615385,570.7,565.5307692,554.8384615,569.1307692,557.3692308
424.0556378,549.9615385,557.6307692,555.6615385,534.6615385,553.8615385,560.9,543.5307692,555.4384615,565.2307692,554.1692308
424.2634219,600.0615385,586.6307692,584.8615385,577.9615385,581.8615385,590.4,586.9307692,581.1384615,576.6307692,583.9692308
424.471194,603.7615385,593.5307692,604.6615385,584.8615385,598.2615385,584.2,602.3307692,591.9384615,603.2307692,603.3692308
424.6789541,596.8615385,596.1307692,596.9615385,603.4615385,590.2615385,586.9,600.4307692,591.4384615,607.7307692,599.8692308
424.8867021,642.6615385,631.9307692,630.0615385,632.8615385,614.2615385,635.2,642.5307692,632.2384615,632.8307692,629.5692308
425.0944381,637.1615385,653.1307692,650.8615385,646.9615385,656.7615385,649.9,644.6307692,651.1384615,653.3307692,644.1692308
425.3021621,663.9615385,655.4307692,671.4615385,662.8615385,670.5615385,646.7,651.5307692,662.4384615,664.1307692,655.3692308
425.5098741,679.1615385,673.3307692,695.7615385,692.2615385,684.0615385,695.2,675.7307692,690.0384615,692.3307692,677.5692308
425.717574,712.8615385,716.0307692,696.9615385,703.2615385,704.6615385,712.6,712.8307692,700.3384615,721.2307692,686.2692308
425.9252619,712.7615385,734.9307692,707.8615385,713.3615385,707.0615385,715,711.7307692,716.0384615,715.2307692,710.0692308
426.1329377,742.9615385,734.1307692,725.5615385,750.3615385,746.8615385,740.5,738.6307692,733.5384615,745.1307692,732.0692308
426.3406015,787.9615385,764.2307692,770.0615385,765.2615385,787.5615385,767.6,770.4307692,766.7384615,762.0307692,773.5692308
426.5482533,813.8615385,819.9307692,819.5615385,821.2615385,832.8615385,818.9,820.3307692,819.5384615,828.3307692,802.4692308
426.755893,811.8615385,818.7307692,819.9615385,834.9615385,808.6615385,804.4,816.3307692,827.3384615,834.7307692,819.8692308
426.9635207,844.9615385,832.2307692,829.8615385,832.2615385,838.0615385,844.4,833.8307692,839.1384615,836.7307692,827.9692308
427.1711363,868.4615385,866.5307692,867.4615385,862.8615385,876.6615385,872.2,872.1307692,877.0384615,875.0307692,883.0692308
427.3787399,912.5615385,900.0307692,909.3615385,896.8615385,921.1615385,898.9,887.8307692,902.4384615,919.3307692,908.4692308
427.5863314,908.8615385,917.3307692,912.6615385,905.3615385,913.8615385,926.7,925.7307692,909.0384615,911.0307692,912.4692308
427.7939109,970.0615385,960.6307692,969.2615385,961.8615385,967.4615385,953.7,969.1307692,956.8384615,962.6307692,940.1692308
428.0014783,982.7615385,989.8307692,1001.461538,1000.161538,986.6615385,996.5,998.1307692,1002.138462,1011.030769,1004.269231
428.2090336,1041.061538,1058.930769,1040.461538,1041.261538,1052.061538,1059.2,1068.730769,1061.238462,1054.930769,1037.269231
428.4165769,1028.661538,1025.130769,1025.761538,1029.861538,1021.361538,1025.1,1017.130769,1019.738462,1029.630769,1029.869231
428.6241081,1093.361538,1091.730769,1104.861538,1089.161538,1086.861538,1113.2,1087.030769,1079.038462,1100.030769,1092.269231
428.8316272,1101.361538,1098.130769,1086.861538,1107.061538,1085.861538,1079.2,1099.330769,1107.638462,1099.030769,1074.269231
429.0391343,1089.661538,1084.330769,1095.561538,1096.461538,1122.661538,1106.8,1118.930769,1122.838462,1088.930769,1088.869231
429.2466293,1101.161538,1111.130769,1100.961538,1104.961538,1100.261538,1106.2,1097.630769,1121.438462,1098.830769,1095.469231
429.4541122,1187.561538,1207.630769,1209.061538,1192.861538,1198.461538,1211.4,1195.930769,1208.938462,1196.630769,1220.669231
429.661583,1267.761538,1288.330769,1285.761538,1283.661538,1288.861538,1276.7,1278.130769,1270.138462,1265.530769,1277.569231
429.8690418,1218.061538,1236.330769,1223.861538,1222.761538,1223.461538,1224.7,1221.330769,1226.038462,1230.930769,1226.169231
430.0764885,1308.561538,1286.230769,1301.961538,1303.361538,1281.861538,1295.8,1294.730769,1311.838462,1303.030769,1314.769231
430.283923,1274.161538,1261.030769,1258.661538,1285.361538,1286.661538,1265.9,1265.930769,1277.438462,1283.330769,1275.569231
430.4913455,1340.061538,1329.730769,1344.261538,1336.761538,1337.361538,1329.3,1336.330769,1323.638462,1328.030769,1332.269231
430.6987559,1445.461538,1426.430769,1415.961538,1435.561538,1424.861538,1439.7,1427.830769,1416.438462,1441.930769,1426.569231
430.9061543,1435.661538,1427.130769,1427.961538,1412.161538,1423.561538,1427.7,1439.930769,1443.638462,1426.830769,1415.569231
431.1135405,1452.261538,1442.530769,1450.361538,1434.261538,1464.961538,1438,1448.730769,1454.738462,1455.630769,1452.269231
431.3209146,1507.461538,1498.230769,1500.161538,1503.361538,1502.561538,1505.6,1500.930769,1515.138462,1500.930769,1498.069231
431.5282766,1554.461538,1549.230769,1538.261538,1532.161538,1548.861538,1547.1,1554.330769,1564.838462,1552.430769,1536.569231
431.7356265,1663.261538,1622.530769,1630.061538,1639.461538,1621.561538,1620.6,1638.130769,1630.838462,1625.030769,1644.469231
431.9429643,1709.961538,1698.530769,1701.761538,1703.361538,1701.761538,1719,1705.130769,1714.938462,1706.030769,1683.369231
432.15029,1646.261538,1683.830769,1675.561538,1692.561538,1685.261538,1695.9,1659.230769,1669.238462,1686.830769,1668.569231
432.3576036,1683.761538,1694.830769,1706.161538,1713.861538,1671.461538,1698.8,1707.830769,1697.138462,1685.030769,1690.669231
432.5649051,1777.261538,1781.130769,1779.561538,1764.961538,1781.461538,1791,1775.030769,1802.338462,1767.430769,1794.069231
432.7721945,1824.761538,1825.830769,1846.861538,1800.961538,1821.961538,1809.5,1847.530769,1839.638462,1815.530769,1837.069231
432.9794717,1908.061538,1906.830769,1925.461538,1906.761538,1908.761538,1907.1,1913.330769,1915.738462,1893.430769,1887.169231
433.1867368,1912.661538,1932.730769,1937.461538,1934.361538,1932.161538,1957.2,1958.530769,1947.938462,1941.930769,1936.569231
433.3939898,1976.461538,1954.530769,1971.361538,1943.861538,1944.861538,1999.7,1939.330769,1932.738462,1970.430769,1958.669231
433.6012307,2116.661538,2099.830769,2096.561538,2105.161538,2112.261538,2140.2,2115.430769,2123.838462,2137.930769,2116.369231
433.8084595,2154.061538,2144.030769,2153.561538,2149.261538,2148.861538,2146.8,2130.130769,2115.038462,2163.930769,2137.869231
434.0156761,2136.661538,2131.730769,2133.461538,2133.161538,2150.361538,2146.2,2143.330769,2148.938462,2133.530769,2147.569231
434.2228806,2249.861538,2223.730769,2236.661538,2241.661538,2239.461538,2237.2,2246.230769,2214.238462,2220.130769,2232.369231
434.4300729,2378.861538,2388.930769,2394.261538,2399.961538,2413.261538,2384.1,2387.130769,2394.638462,2376.630769,2379.769231
434.6372532,2333.261538,2354.030769,2369.361538,2359.161538,2337.061538,2359.6,2354.630769,2362.938462,2332.130769,2353.769231
434.8444212,2531.161538,2498.130769,2527.061538,2525.361538,2508.061538,2524.8,2508.530769,2496.138462,2546.530769,2507.569231
435.0515772,2570.861538,2546.930769,2553.261538,2535.761538,2543.061538,2549.2,2522.030769,2576.038462,2546.530769,2534.469231
435.258721,2554.261538,2561.230769,2545.461538,2542.461538,2559.961538,2548.8,2549.030769,2532.438462,2553.230769,2533.969231
435.4658526,2603.861538,2591.730769,2606.561538,2623.961538,2604.061538,2591.1,2588.630769,2603.638462,2611.030769,2585.469231
435.6729721,2613.261538,2604.230769,2605.761538,2613.261538,2595.361538,2619,2610.230769,2612.638462,2612.230769,2601.269231
435.8800795,2723.861538,2762.030769,2717.761538,2728.161538,2747.061538,2757.3,2745.230769,2736.638462,2745.330769,2755.569231
436.0871747,2903.161538,2906.330769,2904.061538,2926.561538,2912.761538,2894.3,2902.630769,2916.038462,2897.130769,2900.069231
436.2942577,2978.461538,2962.330769,2962.061538,2955.161538,2952.461538,2966.4,2981.730769,2974.538462,2964.230769,2936.669231
436.5013286,2950.861538,2930.430769,2977.761538,2926.261538,2956.061538,2966,2937.730769,2964.938462,2935.930769,2947.169231
436.7083873,2992.261538,2970.430769,2984.961538,2993.361538,2978.761538,3002.4,2977.130769,2983.438462,3003.030769,2980.469231
436.9154338,3143.361538,3097.130769,3125.861538,3129.061538,3106.661538,3115.7,3124.430769,3134.238462,3125.930769,3120.869231
437.1224682,3234.261538,3256.030769,3228.361538,3231.861538,3218.261538,3242.9,3247.830769,3247.338462,3259.930769,3254.269231
437.3294904,3263.361538,3276.830769,3268.461538,3226.461538,3255.261538,3261.8,3266.530769,3269.338462,3262.830769,3302.969231
437.5365005,3425.961538,3456.230769,3440.161538,3445.261538,3430.161538,3459.9,3417.830769,3457.338462,3448.630769,3443.469231
437.7434984,3488.861538,3529.930769,3522.461538,3524.861538,3523.961538,3524.5,3497.630769,3515.638462,3506.630769,3522.669231
437.9504841,3497.061538,3487.830769,3506.361538,3473.261538,3489.661538,3498.4,3508.430769,3507.638462,3481.030769,3480.969231
438.1574576,3698.361538,3713.730769,3716.861538,3700.661538,3693.761538,3702,3710.530769,3718.938462,3707.830769,3691.869231
438.3644189,3887.761538,3880.930769,3859.961538,3875.861538,3860.061538,3888.3,3859.030769,3878.138462,3897.030769,3890.769231
438.5713681,3960.661538,3962.430769,3947.361538,3950.461538,3949.161538,3948.5,3933.330769,3931.738462,3974.830769,3917.769231
438.7783051,3972.061538,3991.830769,4005.061538,3997.361538,3990.661538,3962.9,3963.030769,4017.138462,3993.530769,3980.469231
438.9852298,4248.161538,4227.430769,4258.661538,4256.661538,4230.361538,4266.7,4255.930769,4259.838462,4227.030769,4232.269231
439.1921424,4196.361538,4209.130769,4197.561538,4213.461538,4194.461538,4224.2,4210.830769,4214.638462,4210.930769,4200.969231
439.3990428,4369.661538,4391.530769,4400.461538,4386.861538,4391.961538,4387.6,4386.030769,4397.038462,4361.630769,4380.369231
439.6059311,4353.761538,4363.730769,4363.661538,4351.561538,4364.661538,4365.6,4380.830769,4388.138462,4325.730769,4336.669231
439.8128071,4639.061538,4649.730769,4645.761538,4643.361538,4653.761538,4650.2,4655.430769,4632.738462,4629.630769,4658.169231
440.0196709,4926.561538,4970.330769,4939.361538,4907.261538,4929.661538,4937.4,4937.430769,4927.638462,4924.630769,4942.169231
440.2265225,4883.161538,4892.430769,4904.161538,4906.661538,4896.861538,4874.9,4876.630769,4874.338462,4890.530769,4890.669231
440.4333619,4862.161538,4887.130769,4901.661538,4869.761538,4861.561538,4900.3,4861.230769,4891.938462,4879.630769,4872.069231
440.6401891,5044.961538,5100.030769,5104.961538,5101.561538,5100.561538,5098.1,5100.730769,5088.138462,5121.230769,5078.769231
440.8470041,5102.761538,5146.630769,5131.161538,5092.761538,5103.661538,5126.4,5132.130769,5139.738462,5121.130769,5110.669231
441.0538068,5243.161538,5264.830769,5247.361538,5249.461538,5261.961538,5243.4,5251.130769,5278.338462,5231.030769,5202.569231
441.2605974,5591.161538,5617.230769,5603.261538,5579.061538,5616.461538,5593.7,5599.230769,5609.638462,5595.830769,5594.169231
441.4673758,5563.161538,5558.630769,5553.661538,5536.061538,5550.061538,5570.3,5568.030769,5548.238462,5548.130769,5547.269231
441.6741419,5737.261538,5772.130769,5784.861538,5774.461538,5751.761538,5775,5765.530769,5762.338462,5736.730769,5739.669231
441.8808958,5966.061538,5985.130769,5967.161538,5985.361538,6022.361538,5977.2,5988.530769,5971.938462,5954.630769,5975.569231
442.0876375,6148.961538,6171.930769,6170.361538,6133.561538,6142.861538,6158.1,6122.730769,6149.038462,6124.230769,6095.569231
442.2943669,6162.161538,6181.230769,6143.461538,6141.261538,6147.061538,6179.7,6153.030769,6185.038462,6190.330769,6144.169231
442.5010841,6274.261538,6293.630769,6290.861538,6281.961538,6278.561538,6298.2,6266.030769,6285.138462,6277.730769,6284.569231
442.7077891,6475.161538,6510.730769,6460.461538,6487.761538,6483.261538,6479.2,6493.930769,6497.838462,6454.030769,6485.869231
442.9144819,6732.361538,6727.930769,6711.961538,6758.661538,6745.761538,6718,6707.530769,6740.238462,6731.830769,6745.569231
443.1211624,7079.761538,7073.130769,7047.461538,7046.261538,7067.661538,7070.7,7063.430769,7086.538462,7041.030769,7057.869231
443.3278307,6877.861538,6924.030769,6939.661538,6881.161538,6939.361538,6923.8,6952.130769,6948.938462,6916.030769,6923.269231
443.5344867,7468.361538,7520.130769,7553.061538,7539.861538,7510.261538,7534.2,7519.630769,7499.938462,7546.030769,7483.869231
443.7411305,7372.761538,7366.530769,7355.261538,7387.161538,7374.161538,7355.5,7380.530769,7328.038462,7346.330769,7373.869231
443.9477621,7204.661538,7262.130769,7223.361538,7198.161538,7255.661538,7223.9,7216.230769,7236.538462,7208.430769,7203.969231
444.1543814,7778.661538,7801.830769,7801.861538,7744.861538,7784.561538,7784.9,7805.530769,7769.338462,7777.830769,7763.369231
444.3609885,7808.861538,7848.130769,7850.261538,7872.561538,7870.161538,7865.3,7848.330769,7834.938462,7815.930769,7829.969231
444.5675833,7833.861538,7881.030769,7845.961538,7858.861538,7843.861538,7848,7878.130769,7877.038462,7859.230769,7853.369231
444.7741658,7862.461538,7853.530769,7922.661538,7908.761538,7876.961538,7863.6,7852.730769,7881.338462,7860.830769,7836.969231
444.9807361,7981.061538,8028.030769,8018.361538,7997.561538,8013.461538,8012.2,8039.430769,8036.738462,7990.730769,7973.969231
445.1872941,8259.961538,8246.930769,8283.961538,8277.661538,8298.261538,8293.3,8290.030769,8272.338462,8227.030769,8251.069231
445.3938399,8586.461538,8606.930769,8653.561538,8619.961538,8604.161538,8615.1,8585.330769,8589.538462,8582.830769,8598.369231
445.6003734,8515.761538,8534.030769,8502.461538,8542.661538,8548.061538,8536.1,8532.630769,8523.138462,8517.730769,8518.069231
445.8068946,9253.261538,9300.930769,9341.461538,9289.261538,9335.761538,9333.3,9303.930769,9294.938462,9311.130769,9280.269231
446.0134036,8950.061538,8976.030769,9004.061538,8973.461538,8949.861538,8981.2,8951.430769,8961.038462,8944.430769,8940.469231
446.2199003,9073.561538,9105.230769,9103.961538,9109.161538,9117.761538,9084.9,9063.530769,9083.038462,9076.430769,9097.269231
446.4263847,9465.061538,9523.030769,9496.661538,9465.261538,9471.261538,9480.7,9438.630769,9498.738462,9474.330769,9470.869231
446.6328569,9429.861538,9505.430769,9478.961538,9468.661538,9417.561538,9455,9451.030769,9420.738462,9446.330769,9421.169231
446.8393167,9826.061538,9891.730769,9859.261538,9856.361538,9827.861538,9847.7,9820.630769,9876.638462,9848.530769,9825.569231
447.0457643,9448.661538,9494.330769,9508.461538,9509.961538,9454.061538,9494.3,9454.230769,9448.538462,9464.030769,9513.769231
447.2521996,9917.861538,9973.430769,9997.761538,9968.261538,9948.061538,9977.3,9968.730769,9927.438462,9951.430769,9944.269231
447.4586226,9909.561538,9908.530769,9916.361538,9918.561538,9956.961538,9868,9904.430769,9923.138462,9920.430769,9910.869231
447.6650333,9757.061538,9814.430769,9814.661538,9809.261538,9830.261538,9834.5,9809.530769,9827.438462,9799.430769,9803.569231
447.8714318,10302.06154,10319.93077,10317.46154,10295.66154,10310.56154,10329.7,10332.23077,10331.23846,10289.93077,10286.16923
448.0778179,10769.86154,10745.13077,10708.76154,10763.56154,10709.16154,10741.4,10724.23077,10741.63846,10763.03077,10720.36923
448.2841917,10154.66154,10220.53077,10178.66154,10217.16154,10228.16154,10163.4,10221.03077,10170.93846,10172.23077,10123.16923
448.4905533,10334.56154,10349.73077,10327.56154,10329.36154,10324.66154,10299.4,10302.63077,10339.13846,10313.23077,10267.86923
448.6969025,10659.76154,10623.83077,10634.46154,10646.26154,10641.96154,10668.9,10652.23077,10651.63846,10592.13077,10629.46923
448.9032394,10668.06154,10689.83077,10713.66154,10678.26154,10680.26154,10724.1,10719.03077,10721.13846,10672.43077,10703.86923
449.1095641,10735.46154,10790.83077,10723.26154,10729.66154,10741.86154,10733.4,10774.63077,10727.53846,10725.23077,10761.56923
449.3158764,10651.66154,10609.73077,10614.36154,10646.96154,10654.56154,10669.3,10637.83077,10644.33846,10608.33077,10629.16923
449.5221764,10749.66154,10752.13077,10791.06154,10758.46154,10778.06154,10765.5,10779.63077,10772.73846,10752.13077,10729.46923
449.7284641,10871.56154,10863.73077,10897.26154,10844.46154,10875.06154,10887.7,10901.33077,10865.63846,10892.83077,10859.96923
449.9347395,10740.96154,10770.33077,10750.66154,10786.56154,10717.36154,10750.7,10739.33077,10762.23846,10737.53077,10741.36923
450.1410025,10752.46154,10788.23077,10785.86154,10790.16154,10788.96154,10802.1,10750.13077,10771.33846,10801.83077,10770.76923
450.3472533,10925.26154,10908.43077,10839.56154,10882.96154,10886.56154,10916.5,10890.13077,10887.63846,10888.23077,10895.96923
450.5534917,10464.76154,10471.53077,10490.86154,10442.56154,10461.66154,10441.8,10453.73077,10476.03846,10482.93077,10472.86923
450.7597178,10466.66154,10477.43077,10491.66154,10477.56154,10483.96154,10458.7,10526.03077,10493.93846,10492.33077,10486.26923
450.9659315,10892.36154,10912.23077,10894.06154,10890.36154,10885.26154,10873.4,10927.63077,10893.63846,10857.53077,10890.56923
451.172133,10562.06154,10570.83077,10580.16154,10599.56154,10610.76154,10587,10583.83077,10588.53846,10557.53077,10557.76923
451.3783221,10878.36154,10871.43077,10859.86154,10873.56154,10852.36154,10829.4,10813.43077,10848.03846,10881.73077,10839.86923
451.5844988,10549.46154,10569.13077,10551.56154,10530.46154,10541.26154,10568.2,10517.33077,10507.53846,10562.53077,10533.46923
451.7906633,10510.96154,10539.43077,10540.36154,10551.96154,10550.06154,10524,10565.13077,10538.83846,10541.13077,10537.96923
451.9968153,10354.96154,10302.53077,10360.16154,10314.06154,10363.06154,10347,10331.23077,10375.83846,10361.93077,10365.46923
452.2029551,10522.56154,10494.93077,10459.16154,10478.26154,10497.16154,10521.6,10529.63077,10523.23846,10469.03077,10502.46923
452.4090825,10598.56154,10622.03077,10564.06154,10570.36154,10570.96154,10588.3,10611.83077,10590.03846,10584.23077,10578.56923
452.6151975,10233.26154,10166.73077,10194.56154,10215.46154,10212.56154,10185.1,10196.03077,10217.73846,10221.93077,10227.26923
452.8213002,9982.061538,9997.630769,9918.061538,9944.061538,9959.561538,9978.6,9967.330769,10001.03846,9935.630769,9948.769231
453.0273906,9620.361538,9624.830769,9637.861538,9611.561538,9630.161538,9623.8,9611.430769,9645.238462,9622.530769,9598.269231
453.2334686,9994.461538,10012.53077,10038.56154,10022.66154,10013.76154,10022,10039.13077,10064.13846,10007.93077,10051.26923
453.4395342,9631.461538,9618.730769,9645.261538,9617.561538,9635.661538,9561.7,9611.830769,9598.238462,9638.530769,9630.269231
453.6455875,9630.261538,9554.930769,9544.161538,9589.461538,9620.261538,9574.4,9619.830769,9555.738462,9571.230769,9640.169231
453.8516284,9566.561538,9539.630769,9544.361538,9483.961538,9528.261538,9539.8,9548.430769,9537.838462,9548.230769,9542.569231
454.057657,9584.761538,9597.530769,9611.161538,9573.161538,9587.661538,9622.7,9586.730769,9579.538462,9627.830769,9602.369231
454.2636732,9287.561538,9283.130769,9254.761538,9306.361538,9292.761538,9302,9267.530769,9283.838462,9306.830769,9336.969231
454.469677,9341.461538,9355.430769,9337.061538,9303.861538,9319.161538,9337.6,9311.830769,9341.038462,9303.430769,9340.469231
454.6756684,9042.061538,8997.130769,9028.761538,9002.661538,9034.361538,9001.3,9032.730769,8996.438462,9007.330769,8994.369231
454.8816475,9355.961538,9333.430769,9356.961538,9349.061538,9394.661538,9341.7,9359.630769,9361.738462,9351.430769,9361.369231
455.0876142,8585.661538,8552.730769,8499.161538,8541.561538,8561.361538,8582.5,8583.330769,8549.038462,8550.730769,8565.469231
455.2935685,8541.661538,8556.730769,8580.461538,8518.161538,8525.161538,8553.8,8571.130769,8566.838462,8512.530769,8523.169231
455.4995105,8720.761538,8681.230769,8747.061538,8733.961538,8688.961538,8715.6,8705.230769,8710.338462,8744.030769,8724.069231
455.70544,8560.061538,8528.130769,8505.861538,8550.961538,8533.761538,8500.2,8526.730769,8556.138462,8538.130769,8526.769231
455.9113572,8254.761538,8246.330769,8257.361538,8225.761538,8253.661538,8203,8259.030769,8223.338462,8225.530769,8237.169231
456.117262,8093.561538,8050.730769,8078.461538,8080.961538,8084.361538,8127.6,8059.330769,8084.038462,8080.330769,8086.769231
456.3231543,8008.561538,7973.730769,7957.661538,7994.761538,7966.861538,7971.2,7963.030769,8027.038462,7983.530769,8021.869231
456.5290343,7690.461538,7618.730769,7670.261538,7658.961538,7651.761538,7651.2,7688.130769,7636.238462,7682.730769,7664.069231
456.7349019,7949.761538,7871.030769,7854.561538,7904.961538,7912.761538,7886.9,7930.730769,7922.838462,7907.630769,7924.969231
456.9407571,7738.261538,7690.430769,7685.761538,7702.561538,7715.161538,7721.4,7764.130769,7686.238462,7734.630769,7721.769231
457.1465999,7583.061538,7599.130769,7604.661538,7585.961538,7616.761538,7572.6,7585.030769,7591.138462,7582.330769,7611.869231
457.3524303,7361.661538,7301.330769,7330.261538,7342.461538,7355.461538,7355.4,7353.030769,7354.338462,7337.830769,7366.469231
457.5582483,7203.161538,7216.730769,7188.861538,7176.761538,7222.461538,7209.3,7208.630769,7240.338462,7233.030769,7237.469231
457.7640539,7273.661538,7272.730769,7283.461538,7264.861538,7270.561538,7273.2,7286.630769,7277.338462,7274.330769,7285.369231
457.9698471,7130.561538,7111.930769,7142.861538,7129.461538,7143.261538,7133.5,7147.430769,7153.538462,7158.830769,7143.569231
458.1756278,7054.861538,7049.430769,7059.261538,7016.761538,7065.161538,7056.7,7026.830769,7042.338462,7047.130769,7015.769231
458.3813962,6991.861538,7008.430769,6993.861538,7015.561538,6958.261538,7037.6,7002.630769,6994.438462,7035.930769,7000.069231
458.5871521,6763.061538,6735.330769,6699.761538,6730.961538,6727.561538,6735.3,6759.230769,6761.538462,6751.930769,6723.969231
458.7928956,6874.661538,6818.230769,6840.261538,6805.961538,6870.261538,6869,6836.130769,6850.438462,6840.830769,6838.669231
458.9986267,6436.461538,6383.930769,6398.161538,6378.361538,6407.261538,6386.5,6396.030769,6370.338462,6399.930769,6402.869231
459.2043454,6975.361538,6970.430769,6953.861538,6969.261538,6952.761538,6975.2,6970.930769,6962.538462,6994.730769,6960.169231
459.4100516,6898.761538,6855.230769,6870.861538,6882.461538,6855.661538,6900.3,6858.830769,6897.938462,6891.330769,6884.469231
459.6157454,6404.961538,6389.630769,6386.361538,6413.661538,6386.661538,6383.4,6423.330769,6385.338462,6416.630769,6419.569231
459.8214268,6514.861538,6498.830769,6496.261538,6505.061538,6466.861538,6508.4,6473.830769,6473.538462,6464.430769,6514.669231
460.0270957,6560.161538,6490.630769,6519.861538,6530.261538,6537.961538,6526.4,6548.830769,6537.238462,6559.130769,6528.169231
460.2327522,6481.161538,6471.530769,6513.161538,6488.361538,6488.161538,6479.6,6490.030769,6545.838462,6529.930769,6533.669231
460.4383963,6231.261538,6211.530769,6244.461538,6232.161538,6239.761538,6253.2,6237.130769,6202.238462,6213.430769,6216.269231
460.6440279,6372.461538,6337.930769,6350.061538,6354.561538,6371.061538,6378.8,6360.830769,6376.638462,6374.030769,6383.069231
460.8496471,6188.061538,6171.030769,6134.361538,6111.061538,6110.361538,6110.3,6172.630769,6142.838462,6146.830769,6128.269231
461.0552538,6019.961538,6025.630769,6018.661538,6027.961538,6062.161538,6047,6037.630769,6047.338462,6037.730769,6050.069231
461.2608481,6103.861538,6128.930769,6105.261538,6134.661538,6118.361538,6116.6,6131.930769,6122.838462,6145.130769,6142.269231
461.46643,5744.961538,5731.630769,5764.861538,5740.061538,5744.861538,5779.7,5763.430769,5743.138462,5731.330769,5711.269231
461.6719993,5644.361538,5588.430769,5626.061538,5632.661538,5623.861538,5628.7,5609.930769,5586.938462,5629.330769,5628.169231
461.8775563,6009.261538,6028.330769,5999.461538,6035.261538,6011.361538,5997.9,6018.230769,6015.938462,6043.330769,6061.369231
462.0831007,5704.461538,5653.630769,5671.461538,5694.461538,5650.161538,5674.3,5652.530769,5699.338462,5663.730769,5679.269231
462.2886327,5569.361538,5541.830769,5567.261538,5553.361538,5557.861538,5539.4,5557.430769,5562.138462,5559.430769,5547.769231
462.4941523,5578.561538,5573.430769,5551.661538,5556.361538,5568.161538,5570.5,5593.030769,5564.538462,5588.730769,5557.869231
462.6996593,5367.361538,5391.930769,5386.361538,5371.261538,5386.461538,5394.5,5379.430769,5383.338462,5402.030769,5381.169231
462.9051539,5276.561538,5278.230769,5269.061538,5273.261538,5284.661538,5291.6,5289.730769,5268.838462,5274.230769,5281.269231
463.1106361,5564.761538,5520.430769,5520.561538,5537.361538,5552.961538,5540.3,5553.830769,5534.038462,5545.530769,5533.669231
463.3161057,5644.361538,5612.530769,5624.761538,5631.961538,5653.761538,5599.5,5609.430769,5615.338462,5666.030769,5645.769231
463.5215629,5544.361538,5517.830769,5505.961538,5507.061538,5516.861538,5501.4,5506.330769,5523.638462,5548.530769,5523.969231
463.7270076,5683.461538,5676.330769,5683.561538,5655.361538,5659.861538,5688.2,5669.530769,5679.238462,5657.330769,5699.169231
463.9324399,5689.461538,5675.430769,5679.761538,5673.061538,5715.661538,5703.8,5705.330769,5716.838462,5679.130769,5726.469231
464.1378596,5727.361538,5714.430769,5686.661538,5729.061538,5680.961538,5720.9,5724.630769,5731.238462,5721.930769,5712.869231
464.3432669,5698.661538,5704.730769,5725.861538,5706.861538,5735.161538,5722.1,5712.430769,5713.338462,5724.130769,5707.869231
464.5486616,5544.561538,5503.630769,5524.761538,5527.661538,5526.761538,5508.3,5558.730769,5506.638462,5528.130769,5500.869231
464.7540439,5745.961538,5746.630769,5735.861538,5747.061538,5733.861538,5761.6,5737.030769,5776.838462,5772.630769,5727.369231
464.9594137,5688.661538,5668.930769,5700.161538,5694.261538,5702.761538,5702.7,5684.530769,5701.338462,5676.330769,5693.169231
465.164771,5765.961538,5813.130769,5749.061538,5767.461538,5802.861538,5769.6,5798.030769,5785.638462,5822.930769,5770.669231
465.3701158,5442.861538,5440.030769,5437.361538,5448.861538,5455.961538,5455.8,5475.030769,5469.738462,5484.430769,5432.869231
465.5754481,5433.561538,5391.030769,5383.661538,5375.461538,5352.761538,5421.1,5429.130769,5404.838462,5386.130769,5417.769231
465.7807679,5577.061538,5562.630769,5581.161538,5601.661538,5570.561538,5615.2,5602.330769,5567.738462,5569.330769,5580.969231
465.9860752,5579.561538,5624.130769,5589.361538,5611.861538,5624.361538,5635.9,5645.130769,5617.638462,5626.130769,5636.369231
466.19137,5444.361538,5414.430769,5444.261538,5470.161538,5482.561538,5461,5463.030769,5476.938462,5482.530769,5465.869231
466.3966523,5371.361538,5378.430769,5379.961538,5360.361538,5360.461538,5410,5374.930769,5407.338462,5376.930769,5380.069231
466.601922,5103.061538,5085.930769,5120.461538,5083.161538,5105.561538,5104.1,5120.230769,5116.738462,5133.330769,5103.869231
466.8071793,5266.361538,5294.630769,5274.361538,5288.961538,5270.561538,5257.3,5294.530769,5297.838462,5285.830769,5293.769231
467.012424,5305.961538,5266.130769,5293.361538,5294.161538,5275.861538,5281,5284.430769,5263.838462,5304.130769,5251.869231
467.2176562,5224.161538,5208.430769,5232.861538,5212.761538,5222.261538,5208.8,5237.530769,5213.738462,5244.130769,5247.069231
467.4228759,5259.061538,5241.230769,5286.161538,5230.361538,5260.561538,5251.9,5303.030769,5252.138462,5244.030769,5288.169231
467.6280831,5228.161538,5245.230769,5235.561538,5242.661538,5236.661538,5252.4,5224.330769,5232.938462,5258.930769,5257.069231
467.8332777,5478.461538,5443.230769,5448.161538,5461.261538,5451.461538,5474,5445.830769,5458.938462,5478.430769,5486.969231
468.0384599,5241.461538,5240.130769,5217.561538,5221.761538,5234.361538,5279.5,5210.630769,5216.038462,5225.630769,5195.769231
468.2436294,5078.161538,5083.130769,5033.361538,5067.261538,5087.661538,5064.6,5042.030769,5043.838462,5057.830769,5083.569231
468.4487865,5241.161538,5219.930769,5257.061538,5235.061538,5212.561538,5204.4,5239.730769,5239.038462,5249.630769,5210.569231
468.653931,5097.461538,5074.730769,5100.461538,5088.461538,5075.361538,5094.5,5105.830769,5083.138462,5098.530769,5087.069231
468.859063,5081.661538,5061.730769,5077.661538,5080.661538,5124.561538,5084.2,5070.730769,5089.238462,5100.930769,5082.369231
469.0641824,5029.761538,5037.430769,5035.861538,5024.661538,5026.561538,5063.7,5030.030769,5008.738462,5038.230769,5035.869231
469.2692893,4814.661538,4797.930769,4829.161538,4827.761538,4837.961538,4809.9,4791.630769,4838.738462,4812.330769,4796.969231
469.4743837,4917.461538,4880.830769,4881.861538,4890.961538,4883.761538,4889.3,4884.330769,4906.138462,4932.830769,4865.969231
469.6794655,4971.561538,4935.830769,4894.161538,4928.561538,4931.861538,4936.3,4969.530769,4931.338462,4953.430769,4941.469231
469.8845347,4862.861538,4827.130769,4853.361538,4817.561538,4813.361538,4839.5,4847.730769,4837.838462,4849.230769,4819.669231
470.0895914,4881.461538,4872.330769,4872.261538,4872.161538,4899.461538,4898,4887.730769,4891.738462,4885.730769,4857.969231
470.2946355,4833.761538,4823.130769,4827.161538,4823.261538,4836.161538,4854.6,4854.530769,4862.838462,4853.430769,4833.669231
470.4996671,4716.761538,4696.130769,4709.861538,4694.161538,4696.661538,4703.6,4675.830769,4707.838462,4688.330769,4689.769231
470.7046861,4733.761538,4744.130769,4740.461538,4738.961538,4733.561538,4722.3,4724.630769,4738.638462,4732.530769,4744.469231
470.9096926,4694.961538,4660.130769,4670.261538,4659.761538,4670.761538,4663,4667.330769,4665.938462,4699.430769,4678.869231
471.1146865,4608.261538,4619.430769,4586.161538,4597.261538,4618.761538,4604.4,4613.730769,4614.838462,4612.230769,4634.769231
471.3196678,4707.061538,4684.830769,4697.161538,4701.961538,4664.961538,4694.4,4681.430769,4719.538462,4692.930769,4669.769231
471.5246366,4627.161538,4596.830769,4616.661538,4652.561538,4621.861538,4609.7,4651.630769,4655.338462,4630.230769,4645.769231
471.7295928,4624.561538,4591.530769,4596.361538,4588.861538,4575.061538,4582,4568.630769,4576.838462,4586.930769,4597.169231
471.9345364,4519.961538,4550.030769,4545.961538,4544.761538,4545.061538,4523.7,4562.030769,4540.238462,4566.630769,4533.969231
472.1394674,4451.861538,4431.330769,4442.261538,4448.261538,4451.161538,4473.9,4451.930769,4477.638462,4450.630769,4473.469231
472.3443859,4487.661538,4499.430769,4521.061538,4469.561538,4491.961538,4501.1,4494.730769,4499.838462,4523.530769,4539.969231
472.5492918,4445.661538,4384.530769,4432.961538,4414.861538,4419.461538,4424.6,4403.830769,4437.838462,4416.130769,4413.969231
472.754185,4449.561538,4452.830769,4455.461538,4441.061538,4465.461538,4452.5,4449.530769,4483.238462,4480.830769,4469.769231
472.9590657,4382.061538,4347.230769,4382.161538,4370.761538,4382.561538,4358.8,4372.530769,4344.138462,4375.230769,4390.969231
473.1639339,4321.561538,4335.230769,4300.961538,4315.161538,4312.061538,4336.1,4331.030769,4330.538462,4336.030769,4334.469231
473.3687894,4268.661538,4278.430769,4267.661538,4299.261538,4278.661538,4272.6,4247.730769,4272.038462,4278.430769,4269.869231
473.5736323,4423.261538,4398.130769,4403.661538,4395.661538,4417.861538,4388.1,4403.030769,4408.338462,4395.630769,4396.969231
473.7784626,4424.561538,4412.630769,4413.861538,4420.661538,4397.161538,4398.2,4426.530769,4430.838462,4415.230769,4438.369231
473.9832804,4371.961538,4351.430769,4377.161538,4372.961538,4371.461538,4392.9,4373.630769,4392.738462,4388.430769,4385.869231
474.1880855,4420.261538,4409.530769,4414.161538,4401.661538,4425.961538,4433.8,4427.530769,4432.638462,4425.430769,4432.469231
474.392878,4274.661538,4262.230769,4261.861538,4285.061538,4223.461538,4286.1,4266.030769,4245.038462,4264.130769,4275.569231
474.597658,4334.561538,4291.930769,4302.161538,4326.761538,4311.961538,4308,4346.230769,4307.838462,4356.030769,4305.669231
474.8024253,4296.661538,4278.330769,4288.561538,4252.761538,4298.761538,4278.5,4268.830769,4297.738462,4262.730769,4275.469231
475.00718,4349.761538,4341.730769,4355.761538,4350.361538,4313.661538,4341.7,4359.930769,4357.838462,4347.330769,4378.969231
475.2119221,4378.061538,4383.030769,4355.661538,4354.661538,4381.761538,4380.8,4374.930769,4381.138462,4362.130769,4381.369231
475.4166515,4247.061538,4205.830769,4229.261538,4225.661538,4209.561538,4219.6,4240.630769,4238.638462,4217.930769,4235.669231
475.6213684,4260.161538,4242.530769,4238.961538,4278.761538,4252.761538,4264.1,4264.530769,4252.938462,4261.630769,4240.769231
475.8260726,4282.761538,4270.630769,4272.661538,4313.261538,4305.161538,4288.5,4304.330769,4286.838462,4314.330769,4283.969231
476.0307642,4298.261538,4291.630769,4288.361538,4282.761538,4313.361538,4315.5,4285.530769,4319.238462,4293.830769,4307.569231
476.2354432,4262.561538,4227.230769,4234.361538,4246.861538,4265.061538,4256.8,4273.230769,4247.638462,4246.530769,4266.769231
476.4401096,4339.361538,4326.630769,4346.361538,4327.861538,4341.061538,4334.2,4333.530769,4339.238462,4341.430769,4330.669231
476.6447633,4288.661538,4258.830769,4290.361538,4274.461538,4276.061538,4270.1,4263.530769,4297.638462,4295.330769,4282.569231
476.8494044,4392.961538,4391.230769,4381.061538,4382.161538,4416.961538,4396,4414.830769,4375.938462,4392.130769,4390.469231
477.0540329,4381.461538,4390.130769,4376.761538,4346.061538,4408.061538,4377.9,4385.630769,4375.538462,4391.630769,4350.569231
477.2586487,4373.861538,4389.230769,4416.761538,4397.361538,4397.361538,4383.4,4408.630769,4409.038462,4392.730769,4422.069231
477.4632519,4416.661538,4407.730769,4383.361538,4401.061538,4415.961538,4409.4,4407.330769,4422.638462,4408.730769,4408.769231
477.6678424,4340.461538,4325.030769,4358.161538,4326.661538,4367.461538,4338,4355.430769,4345.738462,4322.830769,4338.369231
477.8724203,4457.061538,4438.030769,4465.361538,4461.961538,4440.661538,4453.4,4452.130769,4467.238462,4458.630769,4465.869231
478.0769856,4470.461538,4451.530769,4431.861538,4458.361538,4421.761538,4430.7,4460.830769,4505.438462,4433.530769,4443.669231
478.2815382,4413.661538,4399.830769,4418.761538,4392.161538,4441.861538,4403,4418.730769,4423.138462,4413.830769,4414.069231
478.4860781,4424.761538,4416.930769,4427.761538,4453.361538,4414.861538,4411.6,4432.630769,4408.538462,4414.230769,4422.069231
478.6906054,4461.661538,4426.730769,4427.761538,4408.561538,4433.361538,4427.2,4434.530769,4458.338462,4446.830769,4436.969231
478.89512,4460.761538,4487.830769,4461.861538,4504.261538,4493.461538,4494.9,4490.530769,4474.238462,4491.230769,4482.369231
479.099622,4467.961538,4454.030769,4473.661538,4439.461538,4437.261538,4480.9,4451.530769,4469.438462,4471.030769,4479.669231
479.3041113,4504.461538,4494.930769,4504.261538,4534.161538,4513.461538,4497,4521.830769,4491.938462,4525.930769,4497.369231
479.508588,4477.561538,4443.630769,4450.861538,4476.461538,4467.561538,4469.5,4442.330769,4476.038462,4463.130769,4485.969231
479.713052,4636.961538,4588.130769,4574.361538,4582.161538,4602.661538,4604.1,4617.530769,4556.838462,4605.030769,4592.569231
479.9175033,4555.961538,4522.930769,4522.561538,4495.361538,4518.061538,4502.2,4528.830769,4507.438462,4541.230769,4521.769231
480.1219419,4509.561538,4528.030769,4520.461538,4506.661538,4530.861538,4553.4,4516.830769,4516.238462,4523.130769,4509.169231
480.3263679,4622.261538,4639.830769,4623.961538,4637.461538,4621.261538,4642.4,4629.630769,4650.138462,4641.730769,4644.469231
480.5307812,4640.761538,4666.230769,4685.761538,4664.761538,4648.261538,4657.9,4693.230769,4686.038462,4656.130769,4671.069231
480.7351818,4639.861538,4641.730769,4641.061538,4629.061538,4659.661538,4618.2,4617.830769,4624.038462,4654.930769,4618.369231
480.9395698,4692.961538,4667.330769,4687.561538,4698.361538,4678.061538,4693,4704.830769,4686.438462,4689.430769,4685.369231
481.143945,4812.061538,4826.230769,4848.561538,4803.261538,4823.361538,4833.5,4806.130769,4830.638462,4853.330769,4848.469231
481.3483076,4710.161538,4697.230769,4719.461538,4673.161538,4680.761538,4697.4,4684.130769,4682.238462,4695.830769,4733.569231
481.5526575,4797.561538,4781.130769,4777.461538,4792.261538,4796.661538,4797.7,4765.530769,4809.338462,4786.930769,4805.869231
481.7569947,4737.561538,4722.330769,4704.561538,4724.761538,4724.061538,4730.1,4729.730769,4747.638462,4750.830769,4720.169231
481.9613191,4861.061538,4819.430769,4835.561538,4846.161538,4848.961538,4849.7,4845.430769,4858.538462,4855.030769,4837.669231
482.1656309,4928.461538,4923.330769,4913.161538,4906.561538,4910.061538,4924.3,4891.730769,4901.738462,4927.030769,4918.969231
482.36993,4944.361538,4901.630769,4938.761538,4938.761538,4944.361538,4938.5,4923.930769,4909.638462,4918.330769,4911.769231
482.5742165,4895.261538,4907.130769,4893.961538,4880.861538,4890.061538,4888.3,4872.430769,4872.038462,4854.830769,4881.569231
482.7784901,4954.361538,4936.030769,4917.761538,4927.661538,4924.461538,4910.9,4976.930769,4901.638462,4959.830769,4917.369231
482.9827511,5050.261538,5037.330769,5009.461538,5015.761538,5055.561538,5043.3,5029.830769,5034.238462,5028.730769,5044.269231
483.1869994,4963.761538,4963.630769,4989.661538,4987.561538,4991.261538,4958.9,4990.130769,4978.838462,4986.630769,4998.669231
483.391235,5062.161538,5067.230769,5082.461538,5089.661538,5081.161538,5068.1,5091.430769,5098.438462,5072.830769,5078.469231
483.5954579,5059.861538,5053.730769,5055.961538,5062.161538,5042.161538,5025.2,5073.030769,5038.838462,5065.030769,5078.269231
483.799668,5034.761538,5055.830769,5041.961538,5072.661538,5060.461538,5024.5,5039.830769,5068.138462,5060.930769,5036.269231
484.0038654,5129.961538,5132.030769,5161.461538,5100.761538,5148.661538,5143.8,5136.130769,5133.438462,5147.730769,5153.469231
484.2080502,5231.661538,5190.730769,5231.061538,5236.761538,5195.261538,5198.8,5197.930769,5235.738462,5199.630769,5214.969231
484.4122222,5203.561538,5132.530769,5163.161538,5197.761538,5184.061538,5166.3,5190.230769,5181.738462,5184.130769,5149.569231
484.6163814,5245.261538,5240.830769,5231.061538,5223.761538,5249.161538,5221.9,5240.930769,5247.838462,5225.530769,5233.269231
484.820528,5280.661538,5291.430769,5308.361538,5309.761538,5310.361538,5295.9,5332.130769,5281.438462,5308.530769,5322.369231
485.0246618,5253.461538,5269.630769,5237.161538,5271.461538,5243.161538,5226.7,5250.130769,5239.438462,5261.130769,5270.469231
485.2287828,5387.261538,5402.230769,5387.461538,5384.561538,5378.861538,5357.3,5380.230769,5385.938462,5399.830769,5415.869231
485.4328912,5310.461538,5330.730769,5320.161538,5362.761538,5347.561538,5355.9,5347.930769,5338.738462,5319.230769,5319.869231
485.6369868,5415.861538,5437.030769,5396.661538,5427.661538,5420.061538,5419.9,5454.730769,5403.738462,5433.630769,5401.869231
485.8410697,5413.861538,5376.630769,5383.461538,5412.161538,5405.061538,5403.3,5395.230769,5392.138462,5373.230769,5379.269231
486.0451398,5396.161538,5412.930769,5432.061538,5428.161538,5384.161538,5411.3,5420.930769,5393.938462,5435.330769,5456.669231
486.2491972,5506.361538,5468.830769,5510.561538,5475.061538,5522.161538,5512.8,5465.930769,5479.038462,5501.930769,5483.069231
486.4532418,5502.661538,5500.130769,5496.461538,5498.361538,5511.861538,5532.1,5469.130769,5473.638462,5481.730769,5459.869231
486.6572737,5533.461538,5540.630769,5570.261538,5564.561538,5555.461538,5562.9,5552.130769,5545.138462,5588.830769,5546.069231
486.8612928,5645.961538,5612.530769,5667.561538,5636.661538,5652.761538,5619.8,5654.830769,5635.738462,5637.830769,5640.269231
487.0652992,5504.761538,5484.330769,5518.561538,5464.961538,5490.761538,5495.3,5506.230769,5484.838462,5480.430769,5513.169231
487.2692928,5626.561538,5605.930769,5618.761538,5634.061538,5663.061538,5657.7,5599.230769,5655.138462,5628.530769,5626.969231
487.4732737,5618.861538,5643.630769,5608.161538,5633.761538,5639.461538,5646.8,5614.330769,5622.638462,5637.030769,5582.069231
487.6772418,5723.961538,5752.830769,5713.561538,5731.661538,5757.861538,5741.8,5769.130769,5774.838462,5724.730769,5724.869231
487.8811972,5822.661538,5798.630769,5783.261538,5795.861538,5781.661538,5832.5,5827.430769,5809.538462,5757.830769,5788.769231
488.0851397,5742.361538,5760.830769,5749.561538,5740.361538,5741.061538,5750.5,5760.930769,5791.038462,5766.730769,5720.369231
488.2890695,5830.761538,5838.130769,5823.061538,5824.661538,5818.961538,5814.6,5833.730769,5824.538462,5850.730769,5830.969231
488.4929866,5894.261538,5860.730769,5861.561538,5860.661538,5875.861538,5903.3,5885.730769,5875.238462,5882.430769,5852.369231
488.6968909,5910.761538,5914.430769,5906.661538,5897.061538,5901.761538,5895.5,5909.230769,5907.938462,5917.630769,5901.569231
488.9007823,5949.561538,5986.030769,5948.661538,5940.461538,5947.961538,5979.7,5950.730769,5953.138462,5955.630769,5934.969231
489.1046611,6005.361538,5980.530769,5983.161538,5957.761538,5975.661538,5996.8,5976.830769,5985.238462,5993.430769,5999.269231
489.308527,6039.061538,6044.430769,5998.761538,6050.361538,6054.861538,6046,6030.330769,6034.138462,6053.830769,6037.569231
489.5123801,6088.061538,6080.030769,6096.061538,6086.161538,6097.161538,6110.1,6056.330769,6094.338462,6093.830769,6030.269231
489.7162205,6114.261538,6087.530769,6078.261538,6092.661538,6090.061538,6062.3,6082.730769,6096.038462,6124.830769,6102.069231
489.9200481,6153.861538,6167.030769,6131.461538,6111.961538,6149.161538,6157.3,6160.030769,6179.938462,6169.430769,6172.169231
490.1238629,6166.661538,6160.030769,6164.561538,6160.861538,6157.061538,6151.2,6140.230769,6166.538462,6155.830769,6117.869231
490.3276649,6322.861538,6307.330769,6355.661538,6273.861538,6294.661538,6330.9,6304.730769,6303.938462,6304.430769,6312.469231
490.5314541,6258.261538,6281.730769,6242.861538,6268.461538,6300.561538,6280.5,6283.730769,6282.538462,6289.330769,6296.969231
490.7352305,6355.161538,6341.230769,6348.561538,6373.161538,6326.261538,6382,6354.430769,6362.138462,6363.930769,6360.269231
490.9389941,6399.561538,6408.430769,6393.761538,6407.961538,6405.861538,6386.1,6365.930769,6389.138462,6399.730769,6402.169231
491.1427449,6400.661538,6417.830769,6384.561538,6390.261538,6412.061538,6415,6396.230769,6412.538462,6425.830769,6368.869231
491.3464829,6415.461538,6434.030769,6448.861538,6400.461538,6409.961538,6426.2,6447.130769,6440.938462,6417.230769,6432.169231
491.5502081,6581.361538,6594.530769,6550.961538,6568.161538,6543.461538,6573.2,6580.430769,6516.438462,6581.630769,6572.969231
491.7539205,6592.261538,6576.030769,6576.561538,6603.061538,6573.161538,6598.2,6591.330769,6584.638462,6567.630769,6601.969231
491.95762,6620.861538,6647.330769,6619.661538,6634.561538,6677.761538,6641.5,6639.930769,6697.338462,6621.630769,6638.069231
492.1613068,6658.761538,6644.830769,6656.261538,6664.561538,6628.661538,6640.2,6667.630769,6644.938462,6650.530769,6662.869231
492.3649807,6716.561538,6717.630769,6706.761538,6717.261538,6728.161538,6699.2,6748.530769,6687.438462,6722.030769,6706.869231
492.5686419,6715.661538,6725.230769,6709.561538,6740.761538,6718.161538,6776.3,6762.430769,6739.038462,6697.230769,6723.569231
492.7722902,6767.661538,6771.830769,6755.961538,6763.661538,6754.461538,6795.2,6760.530769,6768.338462,6755.030769,6790.269231
492.9759257,6806.361538,6868.530769,6874.961538,6854.561538,6825.561538,6847.6,6841.330769,6833.138462,6822.130769,6864.869231
493.1795483,6923.161538,6900.730769,6899.861538,6882.561538,6905.461538,6911.5,6904.530769,6906.538462,6875.330769,6906.869231
493.3831581,6997.961538,6974.830769,6999.561538,7005.261538,7033.961538,7001.1,7011.830769,6993.038462,6997.730769,6989.669231
493.5867551,7078.861538,7047.430769,7029.361538,7056.761538,7068.461538,7048.9,7058.930769,7039.838462,7050.230769,7034.869231
493.7903393,7090.561538,7119.430769,7149.961538,7123.361538,7111.361538,7128.2,7109.730769,7105.438462,7125.230769,7067.869231
493.9939106,7038.061538,7026.330769,7049.961538,7022.761538,7035.261538,7034.6,7014.430769,7039.438462,7000.930769,7022.669231
494.1974691,7154.461538,7132.830769,7137.561538,7156.661538,7137.161538,7142.4,7149.830769,7145.938462,7145.930769,7124.269231
494.4010147,7194.961538,7218.130769,7192.861538,7174.961538,7176.361538,7204.8,7204.930769,7240.738462,7177.230769,7196.369231
494.6045475,7191.461538,7192.730769,7231.161538,7213.161538,7210.261538,7185.4,7179.530769,7208.238462,7172.330769,7251.669231
494.8080675,7324.561538,7339.730769,7365.161538,7318.661538,7378.861538,7342.9,7356.330769,7367.038462,7342.730769,7360.169231
495.0115746,7298.561538,7321.130769,7348.161538,7336.661538,7314.261538,7334,7338.930769,7343.338462,7309.030769,7321.569231
495.2150689,7386.361538,7364.130769,7364.461538,7350.061538,7395.761538,7383.1,7367.130769,7396.238462,7378.930769,7359.269231
495.4185503,7418.661538,7441.330769,7418.461538,7414.961538,7458.461538,7447.9,7434.130769,7387.238462,7396.130769,7429.369231
495.6220188,7394.761538,7428.730769,7423.461538,7417.061538,7425.861538,7472.8,7403.730769,7389.038462,7419.530769,7390.069231
495.8254745,7529.161538,7588.030769,7525.461538,7538.161538,7529.661538,7537.5,7543.130769,7559.438462,7524.630769,7524.569231
496.0289173,7506.761538,7543.730769,7522.861538,7529.961538,7519.661538,7503.6,7523.430769,7553.138462,7564.630769,7528.469231
496.2323473,7672.561538,7647.230769,7667.261538,7640.061538,7657.961538,7668.3,7649.630769,7677.438462,7669.730769,7665.769231
496.4357644,7647.761538,7642.730769,7641.361538,7638.161538,7623.261538,7636.9,7636.430769,7624.938462,7667.430769,7619.169231
496.6391687,7787.361538,7790.930769,7780.961538,7802.861538,7767.061538,7808.5,7768.130769,7783.038462,7770.330769,7780.769231
496.84256,7726.261538,7725.930769,7727.161538,7752.361538,7738.161538,7723.3,7696.330769,7722.038462,7692.130769,7701.269231
497.0459385,7896.461538,7891.130769,7918.661538,7911.161538,7887.861538,7868.5,7876.930769,7914.638462,7926.330769,7902.969231
497.2493042,7909.261538,7868.030769,7902.061538,7904.861538,7908.461538,7918.2,7885.830769,7910.038462,7863.330769,7844.469231
497.4526569,7885.061538,7932.530769,7898.861538,7891.861538,7908.061538,7917.6,7906.430769,7922.738462,7884.330769,7899.069231
497.6559968,7962.761538,7965.830769,7987.361538,7950.661538,7970.961538,7998.1,7983.930769,7987.638462,7993.230769,7968.169231
497.8593238,7970.361538,7993.230769,7974.061538,8010.361538,7973.161538,7984.8,8001.230769,7971.438462,7969.330769,7957.969231
498.0626379,8049.261538,8008.030769,8009.261538,7994.461538,7998.961538,8015.4,8019.030769,8042.338462,7972.030769,8000.569231
498.2659391,8138.561538,8171.730769,8165.961538,8170.461538,8212.561538,8136.6,8167.730769,8169.738462,8112.230769,8147.669231
498.4692274,8119.961538,8132.230769,8128.861538,8097.061538,8115.261538,8115.3,8115.130769,8134.038462,8111.130769,8100.969231
498.6725028,8069.061538,8134.330769,8133.061538,8132.161538,8124.061538,8143.1,8134.030769,8174.738462,8156.530769,8130.269231
498.8757654,8262.761538,8233.630769,8260.661538,8273.861538,8255.361538,8217.7,8273.230769,8253.538462,8237.930769,8246.569231
499.079015,8274.961538,8329.530769,8313.661538,8284.061538,8308.961538,8325.5,8295.430769,8304.738462,8284.430769,8302.569231
499.2822518,8254.161538,8225.630769,8220.961538,8256.561538,8241.561538,8242.7,8248.630769,8264.438462,8202.330769,8243.869231
499.4854756,8396.361538,8376.530769,8389.061538,8389.161538,8446.561538,8390.8,8394.630769,8401.338462,8349.830769,8365.269231
499.6886865,8372.461538,8357.030769,8396.461538,8350.061538,8346.461538,8357.8,8377.630769,8347.038462,8375.830769,8355.469231
499.8918846,8433.261538,8472.230769,8484.961538,8458.361538,8468.461538,8472.1,8542.330769,8452.138462,8502.330769,8460.669231
500.0950697,8432.861538,8431.030769,8449.461538,8438.961538,8451.861538,8459.9,8409.230769,8388.738462,8441.430769,8433.269231
500.2982419,8624.561538,8605.130769,8623.461538,8624.561538,8598.561538,8622.2,8596.430769,8612.638462,8627.030769,8568.369231
500.5014012,8485.561538,8491.530769,8492.561538,8543.461538,8512.361538,8513.5,8487.730769,8485.138462,8496.030769,8486.669231
500.7045476,8636.961538,8645.030769,8694.661538,8674.761538,8645.561538,8655.7,8647.330769,8610.438462,8673.330769,8681.769231
500.9076811,8701.461538,8728.830769,8709.261538,8673.161538,8731.061538,8708.5,8698.030769,8719.438462,8716.130769,8700.369231
501.1108016,8741.961538,8719.630769,8686.261538,8714.561538,8745.861538,8734.6,8730.430769,8698.038462,8693.030769,8714.969231
501.3139093,8718.061538,8748.030769,8732.561538,8729.561538,8780.461538,8740,8771.130769,8782.938462,8732.330769,8765.169231
501.517004,8746.061538,8767.730769,8795.561538,8763.361538,8762.461538,8796.2,8777.430769,8807.538462,8737.830769,8762.069231
501.7200857,8815.361538,8847.730769,8893.561538,8844.461538,8856.661538,8883.5,8868.730769,8842.338462,8867.230769,8860.269231
501.9231546,8746.461538,8791.930769,8767.061538,8754.461538,8783.861538,8769,8777.730769,8755.338462,8778.330769,8756.469231
502.1262105,8912.161538,8932.730769,8923.261538,8931.361538,8939.061538,8937.4,8968.930769,8920.038462,8947.530769,8946.369231
502.3292535,8975.061538,8952.830769,8995.961538,9024.361538,9032.561538,9006.2,9017.030769,8993.638462,9018.430769,8931.069231
502.5322835,8931.561538,8987.830769,8949.661538,9001.061538,8978.461538,8975,8955.930769,8980.638462,8959.230769,8965.069231
502.7353006,8988.761538,9003.030769,8994.761538,8986.961538,9020.261538,8997.5,8980.430769,9001.638462,9000.830769,8985.869231
502.9383048,9085.361538,9054.930769,9095.161538,9063.361538,9103.361538,9092.4,9099.030769,9095.438462,9073.730769,9104.269231
503.141296,9051.561538,9109.930769,9094.461538,9055.061538,9100.261538,9077,9072.030769,9063.738462,9077.230769,9062.369231
503.3442743,9223.761538,9191.630769,9209.461538,9160.561538,9197.961538,9189.9,9220.330769,9218.438462,9166.830769,9181.169231
503.5472396,9083.161538,9116.430769,9100.961538,9097.161538,9102.061538,9109.9,9112.230769,9109.938462,9121.930769,9102.469231
503.7501919,9223.161538,9215.930769,9210.661538,9233.461538,9196.661538,9224.9,9262.330769,9226.438462,9195.930769,9209.769231
503.9531313,9302.261538,9311.130769,9303.661538,9290.061538,9279.561538,9321.3,9316.930769,9292.138462,9273.530769,9274.469231
504.1560578,9288.661538,9303.030769,9315.961538,9319.361538,9341.261538,9322.8,9270.330769,9277.938462,9298.230769,9289.069231
504.3589713,9331.661538,9324.730769,9335.761538,9322.861538,9339.261538,9306.5,9320.730769,9346.938462,9283.230769,9326.869231
504.5618718,9312.761538,9281.730769,9304.861538,9299.261538,9294.461538,9364.8,9337.430769,9314.138462,9309.630769,9323.069231
504.7647594,9440.661538,9470.930769,9446.161538,9471.961538,9428.761538,9477.8,9461.230769,9464.738462,9423.230769,9446.569231
504.967634,9476.161538,9515.130769,9449.761538,9473.361538,9479.761538,9460.9,9467.430769,9501.338462,9442.730769,9456.769231
505.1704956,9470.561538,9445.830769,9500.061538,9469.661538,9506.061538,9503.9,9524.830769,9508.138462,9541.830769,9485.569231
505.3733443,9458.461538,9434.430769,9458.061538,9442.161538,9476.361538,9444.6,9473.430769,9453.538462,9433.230769,9426.369231
505.57618,9549.461538,9599.330769,9563.661538,9568.161538,9613.661538,9586.3,9603.230769,9592.438462,9540.730769,9549.669231
505.7790027,9596.961538,9609.730769,9546.861538,9588.961538,9596.661538,9605.4,9576.930769,9576.138462,9522.530769,9599.969231
505.9818124,9584.461538,9610.730769,9604.861538,9633.661538,9624.561538,9635.8,9606.930769,9638.838462,9602.130769,9586.269231
506.1846092,9710.061538,9717.330769,9707.261538,9742.561538,9722.161538,9711.6,9687.830769,9735.538462,9715.330769,9706.569231
506.387393,9679.261538,9734.930769,9708.561538,9738.261538,9675.461538,9710.2,9723.530769,9715.138462,9697.930769,9718.969231
506.5901637,9758.861538,9697.930769,9679.561538,9681.261538,9687.761538,9720.4,9666.630769,9728.838462,9706.530769,9687.369231
506.7929215,9846.161538,9814.530769,9822.961538,9842.961538,9868.961538,9871.7,9852.330769,9862.638462,9825.230769,9841.869231
506.9956663,9755.661538,9730.230769,9761.561538,9745.061538,9745.361538,9741.5,9702.830769,9705.338462,9724.230769,9706.769231
507.1983982,9930.361538,9960.930769,9979.261538,9936.261538,9991.161538,9961.1,9963.930769,9949.738462,9976.230769,9944.369231
507.401117,9812.461538,9831.230769,9850.261538,9824.261538,9796.161538,9851.9,9839.730769,9794.038462,9793.630769,9839.969231
507.6038228,9857.561538,9894.030769,9923.761538,9874.261538,9888.861538,9877.6,9890.330769,9874.638462,9876.730769,9903.369231
507.8065156,10042.06154,9999.230769,10013.96154,10036.26154,10003.06154,10011.6,10049.03077,10041.93846,10071.43077,10032.36923
508.0091954,10018.66154,10021.93077,10015.96154,10010.96154,10030.26154,10029.6,9992.030769,10019.53846,10037.33077,10044.66923
508.2118623,9990.561538,10041.13077,9960.461538,10018.36154,10022.96154,9994.6,10022.53077,9963.338462,9996.830769,10037.46923
508.4145161,10043.56154,10124.83077,10115.76154,10096.36154,10073.26154,10078.3,10093.23077,10108.53846,10073.03077,10070.46923
508.6171569,10121.36154,10153.03077,10142.26154,10124.56154,10149.96154,10126.2,10139.33077,10126.63846,10171.43077,10147.26923
508.8197846,10120.26154,10127.53077,10113.96154,10147.76154,10112.46154,10101.1,10078.83077,10138.03846,10105.43077,10108.56923
509.0223994,10101.66154,10068.93077,10084.56154,10107.86154,10086.76154,10093.5,10102.43077,10077.33846,10057.03077,10016.16923
509.2250012,10245.66154,10257.83077,10239.66154,10236.36154,10243.06154,10230.5,10233.13077,10252.33846,10225.33077,10234.36923
509.4275899,10250.26154,10249.13077,10270.36154,10255.96154,10258.26154,10241.3,10291.43077,10252.13846,10276.23077,10223.86923
509.6301656,10253.56154,10298.33077,10295.96154,10267.16154,10262.26154,10285.8,10248.93077,10275.43846,10243.13077,10247.16923
509.8327283,10225.86154,10257.63077,10284.76154,10247.06154,10294.56154,10258.7,10241.63077,10279.33846,10269.83077,10258.36923
510.0352779,10402.06154,10413.13077,10414.76154,10395.16154,10388.96154,10424.6,10395.73077,10405.43846,10375.73077,10407.26923
510.2378146,10282.36154,10321.23077,10285.96154,10292.16154,10308.46154,10313.9,10322.03077,10289.23846,10306.83077,10274.36923
510.4403382,10394.56154,10419.33077,10419.36154,10403.06154,10393.46154,10384.7,10420.93077,10374.03846,10387.83077,10377.96923
510.6428487,10450.76154,10493.13077,10484.36154,10456.96154,10516.46154,10498.8,10506.43077,10496.73846,10464.13077,10505.86923
510.8453463,10511.36154,10488.93077,10474.76154,10523.26154,10465.16154,10484.3,10523.63077,10443.43846,10466.63077,10453.66923
511.0478308,10431.86154,10410.93077,10469.16154,10399.16154,10448.46154,10435.6,10412.33077,10407.73846,10438.43077,10358.36923
511.2503022,10521.06154,10498.33077,10524.66154,10523.16154,10554.06154,10570.8,10533.43077,10511.93846,10520.93077,10491.86923
511.4527606,10498.86154,10525.63077,10513.16154,10480.96154,10514.06154,10506.2,10512.03077,10503.63846,10493.43077,10512.26923
511.655206,10779.46154,10797.63077,10797.26154,10765.76154,10780.16154,10809.5,10807.83077,10830.33846,10812.23077,10750.86923
511.8576383,10572.76154,10595.73077,10625.56154,10571.86154,10569.46154,10616.4,10586.33077,10599.13846,10551.43077,10570.56923
512.0600575,10658.56154,10644.83077,10638.76154,10653.06154,10678.76154,10642.4,10635.43077,10611.63846,10645.43077,10637.86923
512.2624637,10756.86154,10744.43077,10724.66154,10704.96154,10706.16154,10725,10732.23077,10690.43846,10731.43077,10678.96923
512.4648569,10686.26154,10622.93077,10648.96154,10663.16154,10681.96154,10616.8,10672.53077,10664.63846,10689.93077,10654.86923
512.667237,10802.86154,10789.63077,10763.56154,10803.66154,10740.96154,10797.5,10774.53077,10754.53846,10730.23077,10752.06923
512.869604,10799.96154,10845.93077,10826.96154,10776.26154,10796.46154,10814.5,10850.43077,10808.03846,10808.63077,10763.66923
513.071958,10727.56154,10817.03077,10820.56154,10829.16154,10818.36154,10807.6,10762.73077,10785.73846,10801.03077,10800.56923
513.2742989,10872.56154,10913.73077,10916.96154,10869.06154,10923.36154,10923.3,10915.93077,10894.33846,10877.43077,10911.06923
513.4766267,10962.26154,10971.83077,10948.26154,10988.26154,10975.86154,10972.4,11000.83077,10940.83846,10967.13077,10976.96923
513.6789415,11004.36154,10949.63077,10973.06154,10978.76154,11033.46154,10991.7,10955.03077,11005.33846,10971.73077,10999.06923
513.8812432,11037.86154,11034.13077,11033.86154,11007.46154,11069.56154,10997.6,11034.13077,11000.63846,11027.83077,11063.56923
514.0835318,11022.86154,11038.93077,11045.16154,10992.16154,11050.26154,11050.1,11083.43077,11078.43846,11036.83077,11066.66923
514.2858073,11007.86154,11034.43077,11037.16154,11000.66154,11029.96154,11049.1,11031.23077,11059.43846,11032.93077,11023.16923
514.4880698,10998.66154,11084.43077,11031.76154,11086.86154,11051.86154,11026.9,11054.83077,11030.53846,11016.73077,11021.46923
514.6903192,11215.46154,11280.23077,11259.26154,11266.16154,11285.06154,11262,11258.23077,11277.73846,11220.23077,11239.06923
514.8925554,11198.46154,11239.03077,11252.96154,11219.86154,11227.06154,11190.2,11241.23077,11220.43846,11204.93077,11229.96923
515.0947787,11240.46154,11228.73077,11221.86154,11228.06154,11185.66154,11199.7,11208.03077,11212.23846,11193.53077,11233.16923
515.2969888,11241.56154,11296.33077,11270.56154,11285.46154,11272.36154,11275.7,11289.93077,11298.83846,11272.63077,11222.46923
515.4991858,11189.06154,11251.73077,11280.96154,11220.66154,11273.46154,11264.8,11229.23077,11252.93846,11229.33077,11260.16923
515.7013697,11325.86154,11339.53077,11315.06154,11353.06154,11332.06154,11367.4,11351.03077,11365.33846,11355.63077,11312.36923
515.9035405,11377.16154,11345.03077,11375.36154,11360.46154,11384.16154,11393.2,11384.23077,11395.23846,11416.23077,11357.26923
516.1056983,11309.36154,11376.03077,11338.06154,11344.06154,11345.46154,11332.5,11358.53077,11366.03846,11359.43077,11346.96923
516.3078429,11401.06154,11458.63077,11445.36154,11411.06154,11372.56154,11426.4,11457.73077,11433.83846,11409.13077,11417.76923
516.5099744,11480.36154,11556.93077,11503.46154,11482.26154,11498.76154,11475.5,11515.13077,11514.23846,11499.73077,11516.66923
516.7120929,11418.46154,11489.13077,11462.36154,11465.26154,11477.36154,11457.8,11440.53077,11442.03846,11478.13077,11488.86923
516.9141982,11492.56154,11518.53077,11514.66154,11525.36154,11489.66154,11531.6,11561.43077,11526.23846,11532.83077,11520.36923
517.1162904,11658.16154,11673.23077,11641.16154,11645.06154,11689.26154,11635.5,11697.43077,11656.03846,11680.23077,11646.46923
517.3183694,11608.06154,11611.53077,11581.06154,11623.06154,11615.66154,11590.6,11623.33077,11625.93846,11667.83077,11581.76923
517.5204354,11595.46154,11617.33077,11629.26154,11626.86154,11604.26154,11603.6,11634.93077,11588.83846,11628.73077,11610.76923
517.7224883,11614.06154,11658.33077,11653.66154,11619.26154,11632.16154,11637.7,11664.23077,11617.53846,11654.23077,11617.46923
517.924528,11679.36154,11732.73077,11712.66154,11747.66154,11695.46154,11747.8,11709.23077,11703.73846,11709.93077,11678.16923
518.1265546,11759.86154,11782.43077,11786.66154,11804.66154,11790.66154,11778.5,11810.93077,11755.53846,11761.53077,11763.56923
518.3285681,11765.26154,11771.83077,11773.06154,11783.06154,11771.16154,11788.9,11729.23077,11788.93846,11759.63077,11772.46923
518.5305684,11732.36154,11721.13077,11741.06154,11707.16154,11733.96154,11709.6,11725.53077,11706.53846,11668.63077,11704.56923
518.7325556,11878.86154,11872.53077,11834.16154,11856.66154,11925.36154,11843.2,11855.33077,11837.93846,11849.43077,11851.06923
518.9345297,11913.66154,11905.23077,11861.16154,11920.96154,11870.96154,11879.6,11934.53077,11877.63846,11894.63077,11849.36923
519.1364907,11843.66154,11847.73077,11915.96154,11830.36154,11840.56154,11862.5,11826.83077,11828.13846,11803.63077,11807.36923
519.3384385,11955.46154,11967.83077,11980.16154,11938.06154,11989.56154,11963.3,12043.23077,11982.33846,11997.63077,11956.26923
519.5403732,11915.46154,11929.03077,11957.26154,11957.66154,11936.86154,11927.9,11963.43077,11969.73846,11938.23077,11964.06923
519.7422947,12000.96154,12042.23077,12024.36154,12011.76154,12018.86154,12036.2,12071.63077,12039.03846,12013.33077,12028.76923
519.9442031,11981.36154,12042.73077,11936.86154,11975.06154,11994.36154,11953.1,11986.33077,11978.43846,11993.83077,11953.76923
520.1460983,12100.36154,12090.23077,12107.46154,12125.26154,12163.46154,12135.8,12139.83077,12126.93846,12120.53077,12058.16923
520.3479804,12121.66154,12080.43077,12124.86154,12122.56154,12110.26154,12121.4,12103.03077,12119.53846,12105.33077,12092.26923
520.5498493,12140.86154,12128.83077,12118.06154,12132.56154,12113.06154,12100.8,12127.73077,12095.33846,12116.53077,12110.06923
520.7517051,12113.56154,12127.33077,12103.06154,12096.26154,12174.66154,12133.3,12112.93077,12113.93846,12110.63077,12110.16923
520.9535477,12304.06154,12265.13077,12280.26154,12279.76154,12297.16154,12285.8,12283.03077,12304.63846,12269.33077,12262.96923
521.1553772,12096.96154,12092.03077,12127.76154,12075.06154,12137.16154,12112.7,12086.13077,12123.73846,12088.03077,12076.36923
521.3571935,12211.06154,12246.13077,12248.06154,12227.06154,12314.96154,12279.7,12258.33077,12240.13846,12216.33077,12208.76923
521.5589966,12292.66154,12301.83077,12307.46154,12312.46154,12281.76154,12257,12263.93077,12284.03846,12296.33077,12287.56923
521.7607866,12330.06154,12327.93077,12357.36154,12350.16154,12366.16154,12377.4,12317.73077,12330.03846,12348.23077,12327.56923
521.9625634,12293.56154,12268.93077,12282.46154,12322.46154,12317.66154,12258.3,12288.13077,12309.33846,12320.33077,12282.66923
522.164327,12299.06154,12324.23077,12326.36154,12279.26154,12307.86154,12299.4,12332.43077,12319.23846,12357.93077,12295.66923
522.3660775,12320.66154,12341.13077,12361.36154,12315.36154,12353.16154,12346.2,12341.63077,12304.93846,12356.63077,12339.36923
522.5678148,12339.46154,12348.13077,12322.96154,12353.76154,12344.06154,12338.1,12367.93077,12333.03846,12299.53077,12317.96923
522.7695389,12323.86154,12373.13077,12353.96154,12440.26154,12344.26154,12411.3,12406.23077,12389.23846,12371.33077,12348.66923
522.9712498,12500.06154,12555.03077,12455.26154,12507.46154,12569.76154,12491.8,12559.13077,12494.33846,12495.43077,12539.36923
523.1729475,12370.36154,12334.83077,12370.76154,12390.46154,12333.26154,12386.2,12373.43077,12397.93846,12385.43077,12332.86923
523.3746321,12414.46154,12419.13077,12513.06154,12425.76154,12412.66154,12446.8,12440.03077,12448.93846,12435.53077,12431.46923
523.5763034,12393.16154,12407.73077,12418.06154,12401.66154,12487.86154,12471.4,12417.03077,12437.13846,12443.23077,12371.16923
523.7779616,12385.66154,12386.03077,12421.66154,12383.16154,12383.06154,12405.3,12403.43077,12359.63846,12380.73077,12422.46923
523.9796066,12507.76154,12481.43077,12471.76154,12543.76154,12473.06154,12505.1,12495.93077,12476.23846,12488.83077,12487.26923
524.1812383,12543.46154,12477.53077,12515.16154,12483.86154,12507.56154,12524.1,12479.73077,12491.73846,12523.33077,12487.66923
524.3828569,12480.86154,12483.93077,12471.46154,12486.16154,12497.26154,12472,12466.73077,12477.63846,12466.43077,12473.96923
524.5844623,12575.76154,12581.73077,12573.76154,12558.86154,12610.26154,12590.6,12559.63077,12570.23846,12539.73077,12556.86923
524.7860545,12543.46154,12572.63077,12498.26154,12557.36154,12547.86154,12527,12569.03077,12539.03846,12542.73077,12483.06923
524.9876334,12412.56154,12455.93077,12475.96154,12467.86154,12424.46154,12462.7,12424.83077,12431.03846,12477.53077,12447.86923
525.1891992,12576.56154,12559.23077,12541.66154,12525.66154,12566.36154,12541.1,12572.83077,12536.63846,12575.83077,12569.66923
525.3907517,12522.76154,12624.23077,12570.16154,12575.06154,12606.76154,12589.5,12559.73077,12570.33846,12585.73077,12565.56923
525.5922911,12629.16154,12562.73077,12601.76154,12576.06154,12591.16154,12602.5,12619.63077,12606.53846,12593.73077,12539.16923
525.7938172,12576.56154,12628.93077,12557.16154,12586.66154,12622.46154,12589.4,12562.63077,12616.33846,12581.83077,12552.86923
525.9953301,12589.46154,12553.73077,12572.26154,12585.66154,12607.06154,12600.4,12586.33077,12641.93846,12615.43077,12610.86923
526.1968298,12537.56154,12554.23077,12588.96154,12574.96154,12548.96154,12538.4,12555.93077,12498.83846,12593.73077,12559.16923
526.3983162,12507.06154,12515.03077,12535.56154,12501.36154,12556.96154,12509.4,12524.33077,12525.03846,12466.53077,12488.56923
526.5997895,12588.66154,12581.13077,12578.76154,12617.86154,12609.06154,12561.4,12606.03077,12558.13846,12612.63077,12586.06923
526.8012495,12628.66154,12556.93077,12628.76154,12587.56154,12629.46154,12637,12644.73077,12654.03846,12611.13077,12550.66923
527.0026963,12608.26154,12572.93077,12622.56154,12568.26154,12616.86154,12631.7,12627.73077,12602.23846,12629.83077,12605.36923
527.2041298,12554.96154,12580.13077,12482.46154,12498.26154,12540.86154,12532.2,12505.53077,12567.13846,12546.23077,12568.96923
527.4055501,12569.46154,12610.23077,12617.16154,12607.36154,12614.76154,12635.3,12664.03077,12563.43846,12584.43077,12622.36923
527.6069572,12588.36154,12566.93077,12582.96154,12645.86154,12599.16154,12559,12626.03077,12622.83846,12573.53077,12597.16923
527.808351,12641.16154,12572.63077,12609.16154,12600.56154,12581.36154,12644.7,12603.03077,12622.83846,12560.13077,12571.96923
528.0097316,12402.76154,12474.23077,12402.46154,12494.66154,12441.46154,12486.8,12464.63077,12450.83846,12429.73077,12466.16923
528.211099,12497.36154,12499.63077,12504.36154,12501.96154,12548.46154,12499.7,12513.63077,12474.03846,12522.13077,12474.06923
528.4124531,12645.76154,12719.83077,12684.46154,12703.26154,12702.86154,12694.6,12750.13077,12672.03846,12648.43077,12711.36923
528.6137939,12599.26154,12605.23077,12574.06154,12616.36154,12573.66154,12642,12581.13077,12567.43846,12591.33077,12603.76923
528.8151215,12519.16154,12572.13077,12545.66154,12518.56154,12536.66154,12567,12554.43077,12539.23846,12495.23077,12548.76923
529.0164358,12640.86154,12668.23077,12667.16154,12598.06154,12618.76154,12630.7,12641.03077,12620.83846,12606.33077,12611.16923
529.2177369,12505.26154,12487.13077,12479.16154,12481.16154,12553.76154,12520.5,12478.13077,12492.93846,12539.03077,12459.26923
529.4190248,12522.86154,12470.83077,12543.16154,12556.36154,12498.86154,12503.1,12539.03077,12540.33846,12545.13077,12566.66923
529.6202993,12531.36154,12536.83077,12506.06154,12505.26154,12506.26154,12562.6,12506.23077,12513.33846,12476.43077,12525.26923
529.8215606,12460.96154,12478.83077,12487.46154,12456.46154,12491.96154,12459.6,12493.63077,12494.03846,12439.73077,12475.86923
530.0228087,12479.36154,12524.73077,12543.06154,12540.86154,12503.06154,12559.9,12518.33077,12506.63846,12450.43077,12497.66923
530.2240434,12466.86154,12420.63077,12451.46154,12458.66154,12435.26154,12468.7,12480.93077,12488.03846,12427.03077,12482.36923
530.4252649,12460.06154,12410.93077,12484.16154,12438.86154,12444.96154,12439.9,12443.73077,12440.73846,12402.23077,12426.36923
530.6264732,12394.36154,12339.63077,12369.86154,12407.26154,12455.36154,12373,12430.43077,12372.33846,12364.23077,12370.56923
530.8276681,12357.06154,12342.13077,12297.46154,12311.36154,12317.36154,12343.8,12357.03077,12330.73846,12313.43077,12297.06923
531.0288498,12569.56154,12570.73077,12577.16154,12554.86154,12529.96154,12550.5,12532.93077,12561.43846,12559.63077,12524.96923
531.2300182,12322.16154,12328.83077,12351.76154,12335.76154,12353.46154,12391.6,12383.23077,12313.43846,12355.23077,12352.66923
531.4311733,12389.66154,12411.43077,12426.76154,12399.76154,12396.56154,12396.5,12396.63077,12417.03846,12429.13077,12418.66923
531.6323151,12335.36154,12363.73077,12325.46154,12370.96154,12356.36154,12322.2,12353.53077,12376.73846,12351.63077,12330.46923
531.8334436,12387.86154,12385.53077,12346.76154,12399.16154,12375.06154,12398.9,12395.63077,12402.13846,12386.23077,12389.26923
532.0345589,12336.66154,12377.83077,12343.16154,12284.96154,12340.16154,12322.9,12377.53077,12328.63846,12363.33077,12328.36923
532.2356608,12359.16154,12400.33077,12372.36154,12339.76154,12333.46154,12319.6,12316.33077,12344.43846,12339.43077,12335.86923
532.4367495,12404.76154,12345.53077,12360.56154,12402.56154,12368.86154,12367.5,12359.73077,12330.33846,12360.23077,12351.26923
532.6378249,12239.06154,12239.63077,12265.16154,12257.96154,12260.56154,12265.3,12236.43077,12217.13846,12248.53077,12211.86923
532.8388869,12292.46154,12283.43077,12302.06154,12304.16154,12342.36154,12325.3,12283.33077,12360.53846,12337.03077,12330.76923
533.0399357,12342.26154,12357.53077,12293.76154,12312.16154,12304.16154,12304.1,12350.63077,12321.13846,12313.13077,12310.66923
533.2409711,12191.76154,12175.13077,12167.36154,12220.66154,12177.16154,12172.6,12223.23077,12147.33846,12157.03077,12165.86923
533.4419933,12355.66154,12360.83077,12353.26154,12410.56154,12389.66154,12363.4,12406.53077,12383.43846,12387.73077,12417.96923
533.6430021,12251.86154,12245.73077,12234.96154,12227.56154,12260.46154,12243.1,12254.93077,12240.83846,12284.53077,12255.56923
533.8439976,12253.36154,12211.13077,12159.16154,12212.26154,12226.26154,12255.2,12238.33077,12178.83846,12203.33077,12201.66923
534.0449798,12246.96154,12184.23077,12233.06154,12200.76154,12241.26154,12259.3,12244.53077,12222.23846,12246.93077,12236.16923
534.2459487,12046.16154,12088.23077,12098.16154,12036.36154,12083.16154,12049.4,12044.33077,12053.73846,12078.63077,12046.06923
534.4469043,12210.86154,12209.83077,12232.86154,12206.36154,12219.06154,12215.7,12225.93077,12220.03846,12217.43077,12169.66923
534.6478465,12093.06154,12096.93077,12137.46154,12172.56154,12126.16154,12122.5,12142.43077,12111.03846,12099.93077,12110.86923
534.8487755,12159.46154,12165.13077,12178.56154,12170.26154,12158.56154,12199.4,12178.63077,12153.33846,12150.53077,12197.36923
535.0496911,12059.36154,11983.73077,12043.76154,12021.76154,12060.86154,12086.5,11996.13077,12062.13846,12056.93077,12030.26923
535.2505933,12126.16154,12108.53077,12080.46154,12148.76154,12110.66154,12139.3,12105.83077,12100.83846,12096.33077,12144.76923
535.4514823,12029.06154,12089.03077,12044.46154,12085.96154,12041.16154,12065.2,12112.43077,12096.63846,12041.73077,12048.76923
535.6523579,12072.46154,12129.43077,12163.36154,12162.26154,12173.66154,12111.4,12170.53077,12094.93846,12160.73077,12119.36923
535.8532201,12052.06154,12056.73077,12027.16154,11998.56154,12047.36154,12033.1,12036.83077,12079.43846,12004.83077,12018.76923
536.0540691,12031.66154,12082.13077,12043.36154,12031.16154,12040.36154,12028.1,12083.33077,12039.83846,12031.73077,11997.66923
536.2549047,12057.46154,12063.73077,12009.86154,12081.76154,12082.36154,12092.2,12086.03077,12076.83846,12082.03077,12084.16923
536.4557269,11917.76154,11906.23077,11919.86154,11910.96154,11946.36154,11909.6,11894.03077,11865.93846,11943.13077,11910.16923
536.6565358,12115.56154,12124.83077,12127.36154,12093.26154,12142.56154,12103.8,12110.33077,12105.93846,12102.03077,12094.16923
536.8573313,11953.36154,12004.93077,11944.16154,11981.36154,11972.26154,11993.5,11962.83077,11970.23846,11922.73077,11937.26923
537.0581135,11892.36154,11890.63077,11890.16154,11872.06154,11878.46154,11897.2,11918.53077,11919.63846,11904.23077,11910.96923
537.2588824,11999.86154,12032.63077,12003.66154,12026.16154,11997.76154,12003.5,11993.43077,12017.63846,12022.93077,12002.96923
537.4596379,11921.66154,11964.53077,11967.36154,11975.46154,11927.16154,11938.8,11930.13077,11942.53846,11963.33077,11958.16923
537.66038,11930.96154,11902.73077,11961.36154,11945.26154,11901.16154,11912.1,11949.63077,11932.43846,11918.83077,11848.06923
537.8611088,11915.96154,11909.23077,11892.96154,11901.66154,11912.66154,11930.4,11889.03077,11945.43846,11891.73077,11903.46923
538.0618242,11881.16154,11855.73077,11867.46154,11882.36154,11830.06154,11865.4,11843.23077,11846.33846,11873.23077,11835.76923
538.2625262,11959.76154,11912.93077,11928.36154,11961.46154,11957.06154,11967.3,11933.23077,11932.03846,11920.83077,11951.46923
538.4632149,11828.86154,11838.33077,11864.26154,11811.56154,11839.16154,11809.3,11818.93077,11810.93846,11814.13077,11854.46923
538.6638902,11799.56154,11834.43077,11816.86154,11848.66154,11838.46154,11818.5,11852.23077,11778.53846,11819.23077,11820.96923
538.8645522,11873.16154,11874.13077,11894.26154,11907.56154,11849.26154,11843.3,11890.63077,11874.73846,11889.63077,11837.56923
539.0652007,11915.26154,11931.43077,11899.06154,11948.76154,11958.46154,11918.2,11945.63077,11884.73846,11920.63077,11957.66923
539.2658359,11782.06154,11724.33077,11770.86154,11737.76154,11779.46154,11750,11814.83077,11760.43846,11736.03077,11714.86923
539.4664577,11864.36154,11905.93077,11889.76154,11891.86154,11821.06154,11907.1,11875.03077,11899.83846,11901.73077,11891.96923
539.6670661,11709.86154,11691.73077,11711.66154,11671.16154,11685.46154,11695,11727.83077,11694.73846,11711.83077,11663.56923
539.8676611,11844.46154,11861.03077,11864.56154,11825.76154,11869.66154,11877.9,11897.03077,11880.53846,11872.53077,11853.46923
540.0682428,11798.26154,11797.03077,11783.46154,11762.76154,11745.46154,11772.5,11765.13077,11781.23846,11782.53077,11714.46923
540.268811,11694.56154,11753.63077,11719.86154,11728.56154,11764.86154,11716.1,11723.13077,11737.33846,11731.63077,11718.66923
540.4693659,11796.96154,11812.43077,11837.66154,11832.76154,11823.96154,11842.3,11806.63077,11802.53846,11814.33077,11852.06923
540.6699074,11658.66154,11672.03077,11682.56154,11658.76154,11643.56154,11670.4,11743.23077,11690.93846,11656.83077,11703.76923
540.8704355,11715.46154,11691.43077,11764.66154,11732.76154,11673.56154,11677.6,11731.33077,11695.23846,11714.43077,11687.36923
541.0709501,11701.76154,11668.53077,11672.26154,11691.26154,11670.46154,11717.9,11676.93077,11681.63846,11701.13077,11774.46923
541.2714514,11690.26154,11689.23077,11736.46154,11750.96154,11759.86154,11713.5,11772.93077,11710.93846,11735.63077,11751.36923
541.4719393,11705.26154,11687.33077,11729.96154,11674.06154,11701.56154,11691.6,11681.43077,11664.03846,11690.13077,11660.36923
541.6724137,11623.06154,11617.23077,11636.06154,11613.36154,11623.46154,11596.7,11619.23077,11630.73846,11594.53077,11615.96923
541.8728748,11679.46154,11653.63077,11633.06154,11650.56154,11640.36154,11629.6,11634.33077,11597.43846,11672.53077,11634.96923
542.0733224,11491.16154,11514.33077,11519.26154,11460.66154,11530.36154,11533.7,11488.23077,11538.43846,11488.53077,11504.46923
542.2737567,11711.46154,11702.53077,11758.06154,11759.16154,11760.16154,11744.9,11698.73077,11759.23846,11728.23077,11710.86923
542.4741775,11596.66154,11605.93077,11581.96154,11652.16154,11606.96154,11646.2,11630.83077,11671.63846,11656.23077,11579.76923
542.6745849,11562.46154,11584.13077,11572.36154,11543.96154,11522.26154,11540.8,11546.83077,11551.43846,11530.53077,11502.36923
542.8749788,11697.36154,11716.43077,11730.96154,11737.06154,11741.96154,11693.5,11715.43077,11713.43846,11705.63077,11715.96923
543.0753594,11556.56154,11612.43077,11617.46154,11612.46154,11589.56154,11569.1,11616.53077,11631.43846,11569.53077,11599.76923
543.2757265,11474.46154,11479.93077,11490.96154,11512.56154,11530.06154,11477.9,11503.13077,11509.53846,11508.53077,11465.06923
543.4760802,11675.56154,11664.53077,11674.46154,11649.86154,11702.66154,11666.5,11677.53077,11616.23846,11630.63077,11647.06923
543.6764205,11523.46154,11588.53077,11538.36154,11531.56154,11562.06154,11560.4,11592.33077,11577.13846,11549.33077,11546.26923
543.8767473,11610.36154,11610.03077,11562.86154,11627.56154,11565.16154,11597,11622.93077,11573.13846,11641.53077,11649.56923
544.0770607,11529.26154,11527.13077,11576.96154,11605.36154,11617.16154,11594.7,11583.03077,11583.73846,11555.33077,11562.96923
544.2773607,11540.16154,11514.33077,11495.96154,11511.96154,11555.56154,11530.5,11525.13077,11512.53846,11544.93077,11513.56923
544.4776472,11509.86154,11526.33077,11518.96154,11548.46154,11551.36154,11566.9,11532.23077,11508.53846,11552.03077,11507.16923
544.6779203,11571.76154,11593.63077,11556.66154,11582.16154,11570.46154,11608,11573.23077,11557.13846,11589.13077,11590.86923
544.8781799,11508.46154,11529.83077,11530.06154,11565.96154,11577.76154,11567,11564.53077,11569.03846,11529.03077,11604.26923
545.0784261,11495.66154,11533.83077,11528.96154,11502.46154,11564.56154,11583.3,11510.03077,11500.43846,11500.53077,11468.36923
545.2786588,11500.76154,11492.43077,11495.66154,11466.76154,11516.66154,11495.9,11486.43077,11480.23846,11534.43077,11496.96923
545.4788781,11455.76154,11459.33077,11453.96154,11465.56154,11469.16154,11456.2,11496.43077,11417.53846,11419.93077,11497.56923
545.6790839,11518.96154,11547.63077,11482.76154,11526.26154,11513.46154,11546.2,11515.73077,11527.63846,11539.33077,11526.96923
545.8792763,11496.36154,11477.23077,11451.76154,11499.46154,11498.76154,11502.9,11508.23077,11531.33846,11480.63077,11489.36923
546.0794552,11503.36154,11540.13077,11508.16154,11482.86154,11471.66154,11500,11494.53077,11521.03846,11515.23077,11485.76923
546.2796207,11450.26154,11419.73077,11495.36154,11499.56154,11451.16154,11427.5,11447.13077,11415.73846,11469.33077,11403.56923
546.4797726,11409.26154,11393.83077,11404.96154,11411.16154,11420.46154,11366.3,11395.23077,11407.33846,11348.33077,11355.36923
546.6799112,11514.06154,11501.53077,11455.76154,11530.96154,11498.06154,11505.3,11494.83077,11492.03846,11483.93077,11483.06923
546.8800362,11537.66154,11488.13077,11545.26154,11513.56154,11519.76154,11474.5,11550.13077,11491.73846,11497.63077,11488.16923
547.0801478,11423.26154,11427.93077,11447.16154,11459.16154,11442.86154,11466.3,11448.93077,11428.13846,11418.33077,11431.66923
547.2802459,11409.66154,11459.73077,11520.86154,11441.86154,11444.76154,11461.1,11506.23077,11490.03846,11479.63077,11453.86923
547.4803305,11384.76154,11336.33077,11361.16154,11341.66154,11343.76154,11335,11344.33077,11322.13846,11319.73077,11335.66923
547.6804016,11436.26154,11415.93077,11442.76154,11427.66154,11426.46154,11449.1,11443.23077,11397.53846,11452.33077,11404.26923
547.8804593,11307.06154,11310.43077,11345.26154,11333.56154,11347.06154,11355.5,11358.43077,11367.33846,11328.83077,11357.86923
548.0805035,11434.36154,11486.33077,11482.46154,11464.76154,11504.86154,11462,11477.83077,11472.53846,11459.23077,11448.76923
548.2805342,11455.86154,11423.23077,11408.86154,11435.06154,11429.46154,11439.5,11422.23077,11454.93846,11408.83077,11370.76923
548.4805514,11363.66154,11382.53077,11343.76154,11361.56154,11351.26154,11349.9,11380.13077,11370.43846,11367.73077,11333.66923
548.6805551,11471.46154,11483.73077,11437.36154,11476.96154,11472.06154,11409.7,11454.73077,11450.33846,11441.93077,11473.66923
548.8805453,11357.16154,11369.73077,11366.96154,11388.76154,11374.06154,11391.1,11399.53077,11386.33846,11397.53077,11425.26923
549.080522,11411.76154,11389.23077,11404.16154,11398.26154,11397.56154,11405.1,11432.43077,11405.03846,11416.63077,11421.36923
549.2804853,11327.36154,11362.33077,11303.56154,11291.06154,11343.86154,11366.9,11337.93077,11321.93846,11350.93077,11351.46923
549.480435,11465.06154,11450.03077,11470.86154,11475.46154,11410.36154,11410.7,11474.73077,11477.43846,11433.53077,11461.56923
549.6803712,11352.56154,11330.33077,11347.16154,11357.86154,11368.46154,11365.3,11413.03077,11382.73846,11342.63077,11356.46923
549.8802939,11450.66154,11485.23077,11493.16154,11475.46154,11473.56154,11477.4,11501.73077,11464.23846,11476.23077,11428.46923
550.0802032,11347.16154,11271.43077,11339.66154,11346.96154,11362.66154,11349.7,11348.33077,11342.63846,11317.13077,11353.26923
550.2800989,11380.16154,11426.23077,11376.06154,11358.26154,11390.46154,11383.2,11411.23077,11359.03846,11400.83077,11369.76923
550.479981,11322.46154,11332.83077,11343.56154,11364.96154,11307.46154,11297,11362.93077,11284.23846,11332.73077,11293.56923
550.6798497,11443.56154,11367.23077,11443.06154,11402.36154,11434.06154,11423.2,11480.43077,11430.73846,11421.73077,11444.06923
550.8797049,11355.86154,11314.53077,11331.96154,11379.06154,11308.96154,11348.3,11351.03077,11324.53846,11306.33077,11340.66923
551.0795465,11289.16154,11344.83077,11339.36154,11367.56154,11325.16154,11335.5,11295.43077,11306.93846,11357.13077,11342.96923
551.2793746,11327.96154,11335.63077,11335.86154,11355.26154,11388.56154,11389.4,11384.93077,11339.43846,11380.03077,11376.06923
551.4791892,11317.86154,11270.43077,11235.76154,11290.86154,11306.36154,11324.4,11261.63077,11280.83846,11337.93077,11270.46923
551.6789902,11351.06154,11307.43077,11325.16154,11328.86154,11332.76154,11352.7,11378.33077,11336.43846,11364.03077,11364.16923
551.8787778,11280.06154,11314.23077,11321.16154,11316.16154,11305.16154,11307.2,11309.03077,11301.73846,11289.23077,11300.36923
552.0785518,11403.86154,11396.63077,11393.76154,11426.16154,11389.06154,11421.1,11391.13077,11340.73846,11397.13077,11410.26923
552.2783122,11309.16154,11282.73077,11295.06154,11269.46154,11312.06154,11373.9,11291.63077,11321.33846,11324.83077,11291.06923
552.4780592,11308.56154,11303.63077,11326.26154,11312.36154,11324.96154,11320.9,11342.63077,11329.03846,11293.83077,11340.36923
552.6777925,11305.36154,11279.73077,11322.96154,11375.26154,11307.26154,11289,11274.23077,11291.23846,11308.33077,11293.46923
552.8775124,11387.56154,11381.03077,11417.96154,11357.56154,11381.26154,11415.1,11399.43077,11347.53846,11322.13077,11371.56923
553.0772187,11257.46154,11267.23077,11321.96154,11294.16154,11250.16154,11254.2,11251.23077,11310.53846,11265.33077,11258.26923
553.2769114,11261.66154,11222.93077,11242.46154,11244.26154,11253.76154,11192.7,11262.13077,11224.13846,11219.83077,11206.76923
553.4765906,11406.56154,11350.33077,11409.66154,11377.86154,11335.96154,11392.6,11383.93077,11406.43846,11367.23077,11355.96923
553.6762563,11322.16154,11291.93077,11263.66154,11315.46154,11299.56154,11284.6,11330.13077,11297.53846,11299.13077,11302.26923
553.8759084,11313.06154,11304.33077,11313.76154,11282.76154,11296.56154,11307.8,11318.83077,11304.03846,11330.53077,11314.76923
554.0755469,11275.86154,11301.53077,11231.96154,11281.66154,11359.36154,11307.4,11264.53077,11319.33846,11263.33077,11282.36923
554.2751719,11265.06154,11245.43077,11279.56154,11242.06154,11256.96154,11228.7,11189.83077,11218.53846,11257.13077,11225.46923
554.4747833,11241.06154,11209.93077,11236.36154,11182.76154,11192.56154,11204.9,11219.33077,11199.13846,11217.83077,11196.46923
554.6743812,11335.66154,11251.43077,11288.66154,11307.16154,11263.66154,11278.3,11318.23077,11289.13846,11276.63077,11301.86923
554.8739655,11306.66154,11321.43077,11313.96154,11285.66154,11303.96154,11299.3,11281.53077,11299.63846,11275.93077,11297.26923
555.0735362,11235.06154,11273.43077,11248.96154,11258.56154,11282.56154,11263.8,11288.43077,11191.93846,11247.13077,11236.16923
555.2730934,11311.86154,11302.93077,11334.86154,11318.76154,11286.76154,11293.1,11319.13077,11249.73846,11317.53077,11311.86923
555.4726369,11320.56154,11326.73077,11339.76154,11308.36154,11315.26154,11307.8,11309.13077,11337.93846,11279.83077,11323.96923
555.672167,11210.06154,11232.13077,11197.46154,11263.26154,11223.06154,11219.7,11229.43077,11204.43846,11175.03077,11187.26923
555.8716834,11224.96154,11229.13077,11250.76154,11245.46154,11253.06154,11246.3,11237.63077,11208.83846,11263.83077,11226.76923
556.0711862,11301.76154,11243.53077,11309.86154,11260.96154,11297.76154,11271.8,11289.23077,11274.63846,11291.83077,11256.26923
556.2706755,11326.46154,11298.03077,11336.46154,11319.66154,11376.06154,11283.9,11277.13077,11307.83846,11333.83077,11289.86923
556.4701512,11236.26154,11260.83077,11245.36154,11234.86154,11266.86154,11227.3,11294.53077,11196.53846,11232.93077,11225.56923
556.6696133,11195.26154,11174.03077,11196.96154,11170.46154,11205.66154,11157.7,11159.83077,11195.33846,11188.73077,11187.86923
556.8690618,11191.56154,11236.63077,11203.26154,11227.96154,11226.36154,11161.7,11227.73077,11223.33846,11233.63077,11211.66923
557.0684967,11252.06154,11262.03077,11250.16154,11247.46154,11251.66154,11263.5,11233.83077,11276.13846,11242.43077,11257.76923
557.267918,11263.46154,11255.33077,11197.96154,11231.26154,11225.86154,11195.9,11198.93077,11216.43846,11218.13077,11202.16923
557.4673257,11225.76154,11216.13077,11269.86154,11225.26154,11215.96154,11202,11225.53077,11225.43846,11217.63077,11218.86923
557.6667198,11261.06154,11198.83077,11253.06154,11200.16154,11238.26154,11244.2,11212.83077,11241.13846,11232.23077,11230.06923
557.8661003,11156.36154,11217.63077,11175.86154,11141.16154,11187.06154,11206.9,11201.33077,11180.33846,11173.23077,11149.06923
558.0654672,11250.86154,11222.73077,11223.86154,11285.16154,11237.96154,11228.8,11224.13077,11254.13846,11178.23077,11165.16923
558.2648205,11181.16154,11138.33077,11143.46154,11137.46154,11198.26154,11216.6,11116.93077,11130.33846,11140.73077,11170.86923
558.4641602,11160.56154,11198.83077,11156.26154,11156.76154,11208.06154,11187.4,11147.23077,11158.03846,11116.93077,11116.56923
558.6634863,11288.86154,11279.03077,11287.46154,11257.26154,11245.36154,11291,11282.53077,11297.23846,11304.53077,11261.36923
558.8627987,11102.36154,11117.03077,11116.36154,11111.96154,11102.96154,11126.9,11123.43077,11132.93846,11108.33077,11118.86923
559.0620976,11298.26154,11308.13077,11328.76154,11347.56154,11342.36154,11309.5,11279.33077,11314.53846,11336.23077,11254.46923
559.2613828,11153.16154,11163.93077,11126.86154,11158.26154,11115.86154,11156.8,11147.63077,11115.53846,11142.83077,11148.06923
559.4606544,11291.46154,11261.93077,11269.46154,11263.36154,11283.76154,11256.5,11259.13077,11252.03846,11246.83077,11282.46923
559.6599124,11156.86154,11136.83077,11131.66154,11148.86154,11144.46154,11149.4,11136.63077,11130.33846,11145.33077,11173.36923
559.8591568,11147.26154,11157.73077,11170.76154,11173.96154,11169.36154,11198.5,11157.33077,11159.13846,11196.13077,11191.26923
560.0583875,11094.86154,11160.03077,11119.76154,11149.36154,11164.96154,11156.9,11166.13077,11130.83846,11156.53077,11137.96923
560.2576046,11153.96154,11206.73077,11205.26154,11180.76154,11182.16154,11218.7,11226.63077,11206.93846,11183.03077,11226.16923
560.456808,11091.96154,11067.83077,11055.46154,11100.96154,11096.56154,11113,11111.83077,11074.43846,11088.83077,11109.96923
560.6559979,11176.06154,11153.33077,11172.96154,11190.76154,11247.36154,11224.3,11232.93077,11183.83846,11174.13077,11189.56923
560.8551741,11121.06154,11117.93077,11144.86154,11156.36154,11099.66154,11106.9,11148.93077,11179.63846,11128.13077,11143.16923
561.0543366,11161.16154,11179.63077,11196.76154,11204.96154,11207.16154,11188.7,11190.93077,11177.53846,11166.63077,11219.66923
561.2534855,11064.16154,11073.23077,11098.86154,11097.86154,11092.36154,11109.7,11115.63077,11086.43846,11122.53077,11111.66923
561.4526208,11168.36154,11177.33077,11184.26154,11175.56154,11145.86154,11191.4,11175.63077,11180.33846,11189.63077,11204.36923
561.6517424,11169.86154,11190.33077,11179.16154,11178.16154,11226.56154,11139.1,11180.53077,11194.73846,11182.53077,11148.26923
561.8508503,11199.76154,11206.83077,11239.06154,11214.36154,11201.46154,11196.6,11247.03077,11204.43846,11180.63077,11170.96923
562.0499446,11123.96154,11110.43077,11130.26154,11147.56154,11157.36154,11109.6,11192.83077,11154.53846,11137.53077,11153.86923
562.2490253,11064.66154,11037.23077,11091.16154,11067.76154,11109.26154,11106.1,11120.93077,11071.23846,11098.23077,11096.56923
562.4480923,11187.86154,11176.23077,11177.46154,11176.56154,11190.36154,11208.9,11211.53077,11183.43846,11184.73077,11208.46923
562.6471456,11180.46154,11124.83077,11156.76154,11187.96154,11189.16154,11175.3,11169.63077,11144.83846,11166.23077,11173.56923
562.8461853,11132.76154,11126.33077,11129.56154,11139.36154,11147.16154,11145.9,11132.93077,11128.13846,11120.23077,11107.46923
563.0452113,11129.76154,11144.13077,11147.26154,11152.06154,11136.66154,11162.4,11153.13077,11135.13846,11163.63077,11189.96923
563.2442236,11071.26154,11073.73077,11030.66154,11087.96154,11043.86154,11074.9,11053.03077,11077.53846,11085.33077,11031.16923
563.4432223,11201.46154,11193.73077,11197.96154,11166.16154,11244.86154,11175.1,11190.43077,11174.53846,11162.03077,11196.86923
563.6422073,10968.86154,11003.73077,11054.76154,11046.06154,11069.46154,11003.9,11004.23077,11007.03846,11035.33077,10999.56923
563.8411786,11079.66154,11112.43077,11073.76154,11100.46154,11099.06154,11135.5,11085.33077,11092.93846,11116.23077,11133.86923
564.0401362,11103.86154,11080.03077,11105.16154,11092.56154,11059.86154,11091.5,11081.83077,11056.73846,11053.13077,11043.06923
564.2390802,11175.76154,11146.13077,11146.96154,11135.86154,11195.16154,11171.6,11146.43077,11172.43846,11138.03077,11157.66923
564.4380105,11048.06154,11070.63077,11067.46154,11035.86154,11066.26154,11045.9,11047.73077,11032.93846,11037.13077,11042.06923
564.6369271,11158.96154,11123.23077,11180.66154,11110.36154,11167.16154,11113.4,11132.93077,11093.63846,11102.23077,11117.86923
564.83583,11105.56154,11104.73077,11160.46154,11142.66154,11111.36154,11095.1,11146.13077,11126.43846,11100.43077,11112.26923
565.0347192,10975.26154,11006.83077,10969.56154,10990.76154,10965.36154,10995.1,11025.43077,11023.53846,10997.73077,11000.26923
565.2335947,11098.16154,11097.43077,11102.66154,11078.26154,11107.76154,11138.1,11119.93077,11115.23846,11103.73077,11064.26923
565.4324566,11047.26154,11070.63077,11032.36154,11033.26154,11020.06154,11052.3,11036.63077,11042.73846,11027.43077,11053.56923
565.6313047,11033.16154,10990.43077,11008.26154,11037.56154,10985.06154,11040.8,11024.93077,11020.83846,11022.43077,11000.16923
565.8301391,11121.36154,11100.33077,11101.26154,11103.16154,11073.56154,11071.8,11091.83077,11105.43846,11107.73077,11091.16923
566.0289599,11051.66154,10991.83077,10996.66154,10998.66154,11009.86154,11067.5,11056.53077,11014.43846,11010.03077,11039.26923
566.2277669,11047.76154,11022.63077,11009.66154,11006.56154,11005.16154,11007.5,11027.33077,11053.93846,11030.13077,11044.96923
566.4265602,10997.56154,11002.83077,10999.16154,11039.46154,11035.26154,11029.8,11049.33077,11029.13846,10991.13077,11010.26923
566.6253398,10969.36154,11018.93077,10997.86154,10997.16154,11028.76154,11020.5,10999.83077,10968.63846,10979.73077,10974.06923
566.8241057,10908.76154,10933.23077,10910.16154,10960.26154,10930.76154,10934.4,10918.63077,10922.83846,10968.43077,10955.06923
567.0228579,11040.16154,11061.33077,11084.96154,11064.86154,11076.16154,11058,11091.23077,11045.13846,11085.73077,11050.36923
567.2215964,10876.96154,10893.83077,10904.76154,10926.16154,10895.86154,10901.3,10909.43077,10910.73846,10906.73077,10874.56923
567.4203212,11042.16154,11076.83077,11087.16154,11096.36154,11077.66154,11070,11085.33077,11056.13846,11055.53077,11076.86923
567.6190322,10987.46154,11009.43077,10970.86154,11004.36154,10971.56154,11031.5,11027.93077,11005.83846,11024.03077,10990.06923
567.8177295,10968.06154,10986.43077,11006.96154,11007.36154,10964.66154,10960.6,10993.43077,10972.33846,10922.63077,10990.26923
568.0164131,10966.76154,10959.43077,10968.26154,10985.96154,11006.56154,10980.3,11004.63077,10985.63846,10969.73077,11018.26923
568.215083,11029.56154,11053.93077,11001.96154,11050.26154,11008.26154,11005.3,11033.93077,11033.93846,11014.43077,11043.06923
568.4137391,10990.16154,10953.53077,10996.16154,10949.56154,10982.06154,10957,10954.63077,10956.83846,10949.23077,10972.46923
568.6123815,11024.76154,11045.13077,11024.56154,11025.46154,11024.16154,11078.3,11083.43077,11007.13846,11042.43077,11061.46923
568.8110101,10953.16154,10959.03077,10967.86154,10969.86154,10934.76154,10984.5,10957.43077,10957.83846,10937.13077,10930.26923
569.0096251,10979.96154,11006.23077,10954.86154,10979.76154,10989.56154,10993.9,10969.23077,10976.53846,10985.73077,10987.56923
569.2082263,10854.96154,10891.53077,10873.46154,10869.36154,10805.66154,10826.9,10886.33077,10894.13846,10918.63077,10846.96923
569.4068137,10969.56154,11000.23077,10940.76154,10960.46154,10963.56154,10996.5,10970.73077,10991.23846,10936.93077,10942.96923
569.6053874,10910.26154,10883.23077,10879.76154,10896.86154,10878.56154,10893.7,10875.63077,10897.53846,10863.13077,10840.36923
569.8039473,11016.56154,10999.53077,10982.06154,10977.46154,11003.86154,11011.9,10999.53077,11016.13846,10992.93077,11008.26923
570.0024935,10860.56154,10850.53077,10910.96154,10881.46154,10878.26154,10909.6,10903.53077,10880.13846,10885.03077,10854.66923
570.201026,10946.86154,10928.83077,10926.96154,10910.86154,10934.36154,10944.6,10937.53077,10938.63846,10938.13077,10922.16923
570.3995447,10861.26154,10861.33077,10868.36154,10818.56154,10844.96154,10841.7,10861.63077,10854.53846,10839.43077,10887.06923
570.5980496,10848.96154,10821.73077,10862.26154,10853.96154,10862.06154,10869.7,10881.03077,10821.63846,10877.03077,10853.16923
570.7965408,10841.96154,10846.73077,10837.46154,10809.96154,10840.96154,10829,10840.33077,10839.43846,10854.33077,10836.76923
570.9950182,10888.56154,10916.33077,10881.86154,10901.96154,10884.26154,10885,10895.03077,10901.63846,10929.23077,10857.66923
571.1934818,10762.16154,10813.43077,10810.86154,10779.86154,10823.36154,10776.5,10794.33077,10825.53846,10815.83077,10805.96923
571.3919317,10936.36154,10911.03077,10896.06154,10921.86154,10883.96154,10902.7,10909.43077,10889.13846,10882.83077,10868.06923
571.5903678,10780.86154,10804.53077,10830.26154,10831.76154,10774.16154,10809.3,10837.53077,10820.63846,10807.23077,10804.76923
571.7887902,10795.46154,10756.63077,10833.46154,10836.56154,10799.86154,10875.4,10818.63077,10797.33846,10794.83077,10833.16923
571.9871988,10864.96154,10834.93077,10800.26154,10852.56154,10799.76154,10838.6,10830.43077,10822.83846,10836.83077,10851.36923
572.1855935,10777.66154,10794.43077,10787.26154,10804.46154,10760.66154,10808.2,10817.73077,10835.23846,10800.43077,10736.86923
572.3839746,10776.16154,10787.23077,10798.76154,10853.16154,10798.66154,10821.3,10806.33077,10819.73846,10775.23077,10805.96923
572.5823418,10802.26154,10790.43077,10809.56154,10801.56154,10824.76154,10813.1,10769.63077,10805.13846,10801.93077,10808.16923
572.7806952,10793.06154,10804.63077,10807.26154,10853.96154,10802.06154,10857.2,10831.13077,10858.33846,10837.43077,10829.36923
572.9790349,10717.56154,10679.83077,10669.56154,10722.86154,10720.76154,10683.3,10726.23077,10736.63846,10725.63077,10672.26923
573.1773608,10800.36154,10820.93077,10824.86154,10789.86154,10827.36154,10824.4,10815.83077,10822.03846,10793.03077,10782.86923
573.3756729,10825.56154,10786.43077,10811.06154,10834.66154,10808.66154,10821,10819.63077,10769.03846,10806.03077,10750.36923
573.5739711,10679.76154,10687.53077,10668.16154,10673.46154,10703.56154,10671.7,10692.43077,10642.33846,10658.83077,10675.36923
573.7722556,10795.46154,10751.93077,10767.26154,10766.26154,10732.56154,10786.1,10803.53077,10798.73846,10768.53077,10771.16923
573.9705263,10713.76154,10719.43077,10747.66154,10717.36154,10742.86154,10708.8,10707.23077,10684.73846,10734.23077,10713.06923
574.1687832,10682.96154,10696.43077,10663.66154,10650.86154,10650.66154,10722.7,10700.93077,10669.13846,10685.13077,10686.46923
574.3670263,10647.56154,10653.13077,10642.56154,10667.86154,10699.36154,10668.4,10657.83077,10681.53846,10674.33077,10663.66923
574.5652556,10739.16154,10742.73077,10714.06154,10768.96154,10745.56154,10749.7,10737.73077,10750.33846,10773.03077,10751.16923
574.7634711,10682.46154,10631.53077,10641.56154,10703.56154,10652.56154,10695,10677.13077,10659.93846,10657.73077,10652.26923
574.9616727,10672.86154,10663.73077,10666.16154,10699.46154,10667.36154,10670,10695.33077,10661.93846,10702.63077,10674.56923
575.1598606,10580.26154,10629.43077,10669.86154,10626.66154,10617.16154,10647.2,10593.73077,10596.63846,10593.03077,10590.06923
575.3580346,10663.06154,10704.53077,10698.16154,10707.56154,10668.36154,10669.6,10670.33077,10662.23846,10673.43077,10646.96923
575.5561949,10529.66154,10546.63077,10551.36154,10552.66154,10562.26154,10566.9,10518.33077,10572.13846,10491.73077,10568.56923
575.7543413,10713.36154,10714.53077,10712.16154,10724.76154,10752.46154,10748,10725.63077,10725.03846,10709.33077,10721.56923
575.9524738,10526.96154,10544.63077,10514.46154,10510.66154,10575.56154,10531.6,10499.93077,10510.93846,10564.93077,10527.66923
576.1505926,10690.46154,10686.33077,10648.86154,10643.06154,10659.76154,10670.5,10697.23077,10672.03846,10643.23077,10630.56923
576.3486975,10528.76154,10577.93077,10531.56154,10546.06154,10524.46154,10514.2,10529.83077,10534.03846,10548.93077,10554.26923
576.5467886,10554.16154,10566.13077,10569.46154,10568.16154,10514.56154,10582.1,10529.53077,10604.53846,10562.13077,10528.66923
576.7448659,10599.36154,10605.13077,10616.56154,10564.26154,10588.66154,10607,10615.53077,10584.73846,10571.53077,10572.26923
576.9429293,10550.56154,10519.73077,10586.56154,10596.26154,10552.46154,10584.4,10560.03077,10570.63846,10598.73077,10546.16923
577.1409789,10578.16154,10566.03077,10642.96154,10589.26154,10576.36154,10587.7,10590.93077,10586.33846,10600.93077,10588.76923
577.3390147,10590.66154,10559.03077,10575.66154,10603.76154,10593.56154,10579.1,10566.13077,10569.73846,10574.63077,10600.26923
577.5370366,10548.86154,10546.83077,10534.26154,10547.16154,10553.66154,10549.8,10571.03077,10514.33846,10498.93077,10549.86923
577.7350447,10507.46154,10505.03077,10480.56154,10525.86154,10542.56154,10531.7,10500.43077,10478.93846,10529.03077,10444.46923
577.9330389,10445.26154,10449.43077,10448.26154,10467.66154,10469.06154,10452.8,10450.23077,10426.33846,10379.03077,10442.66923
578.1310193,10508.16154,10489.53077,10482.06154,10516.06154,10502.46154,10526.7,10509.73077,10533.83846,10490.33077,10502.36923
578.3289858,10447.96154,10498.93077,10440.36154,10494.36154,10455.16154,10499.3,10460.03077,10462.33846,10447.53077,10455.96923
578.5269384,10412.76154,10412.93077,10415.66154,10411.76154,10430.36154,10409.2,10421.43077,10405.83846,10433.23077,10406.26923
578.7248773,10453.66154,10422.53077,10443.86154,10449.96154,10460.26154,10480.1,10444.13077,10429.93846,10447.53077,10414.86923
578.9228022,10496.76154,10466.23077,10491.36154,10459.56154,10458.36154,10481.3,10486.23077,10444.13846,10488.43077,10476.56923
579.1207133,10372.86154,10403.03077,10442.16154,10420.56154,10383.86154,10430.8,10409.53077,10419.33846,10416.23077,10411.56923
579.3186105,10383.26154,10377.63077,10392.06154,10383.06154,10336.16154,10424.6,10363.43077,10397.23846,10354.13077,10394.86923
579.5164939,10436.76154,10479.63077,10450.56154,10440.86154,10443.66154,10454.5,10437.73077,10430.33846,10468.93077,10463.56923
579.7143634,10376.26154,10371.73077,10405.06154,10419.16154,10378.06154,10384.7,10400.93077,10381.33846,10391.73077,10382.66923
579.912219,10384.66154,10386.43077,10416.66154,10388.16154,10416.66154,10348.3,10380.93077,10346.13846,10423.03077,10411.36923
580.1100608,10313.56154,10291.33077,10325.66154,10327.36154,10354.26154,10313.7,10309.93077,10302.33846,10297.43077,10344.66923
580.3078887,10389.46154,10387.63077,10377.46154,10397.26154,10434.96154,10335.9,10392.23077,10399.63846,10405.03077,10369.46923
580.5057026,10330.36154,10345.43077,10307.56154,10294.46154,10322.76154,10328.8,10328.93077,10390.23846,10342.13077,10316.96923
580.7035028,10244.96154,10220.63077,10189.56154,10228.66154,10223.46154,10243.1,10187.43077,10225.73846,10219.53077,10175.86923
580.901289,10294.26154,10279.73077,10311.06154,10312.36154,10341.56154,10349.5,10329.83077,10292.13846,10316.23077,10304.26923
581.0990614,10348.36154,10360.53077,10359.86154,10377.16154,10381.56154,10358.1,10372.13077,10367.63846,10348.33077,10320.16923
581.2968198,10244.86154,10256.83077,10308.56154,10290.76154,10279.86154,10243,10269.73077,10246.93846,10267.73077,10276.76923
581.4945644,10220.76154,10254.23077,10277.56154,10228.16154,10245.76154,10261.9,10230.33077,10209.23846,10234.53077,10196.06923
581.6922951,10318.66154,10327.43077,10321.36154,10286.66154,10308.56154,10259.4,10290.13077,10280.83846,10275.73077,10273.96923
581.8900119,10174.76154,10155.93077,10222.36154,10178.26154,10167.66154,10196,10168.93077,10184.63846,10145.73077,10176.06923
582.0877147,10272.06154,10271.33077,10244.36154,10314.26154,10282.36154,10288.9,10316.13077,10275.33846,10247.43077,10238.06923
582.2854037,10200.86154,10187.13077,10233.66154,10204.96154,10185.76154,10194.7,10155.83077,10186.93846,10178.43077,10186.96923
582.4830788,10250.46154,10247.33077,10262.36154,10228.66154,10247.16154,10276,10270.83077,10206.03846,10240.03077,10282.16923
582.68074,10212.26154,10224.53077,10213.86154,10217.86154,10232.56154,10233.4,10239.03077,10146.23846,10218.73077,10188.56923
582.8783873,10106.06154,10102.53077,10130.16154,10157.56154,10131.96154,10153.5,10165.93077,10088.83846,10109.63077,10089.96923
583.0760206,10107.86154,10104.43077,10118.36154,10098.76154,10085.56154,10111.6,10118.03077,10094.63846,10162.13077,10131.36923
583.2736401,10163.36154,10187.43077,10223.96154,10188.06154,10184.46154,10216.2,10261.73077,10201.93846,10166.63077,10206.86923
583.4712456,10034.36154,10053.03077,10004.26154,10014.76154,10037.16154,10026.9,10038.23077,10029.23846,10015.73077,10024.86923
583.6688372,10086.36154,10063.53077,10079.66154,10082.96154,10072.96154,10046.8,10109.43077,10059.23846,10077.43077,10112.76923
583.866415,10032.76154,10051.93077,9993.861538,10077.46154,10040.66154,10066.5,10090.13077,10073.13846,10066.03077,10002.56923
584.0639787,10112.36154,10075.63077,10116.26154,10143.26154,10092.46154,10147.3,10088.63077,10113.23846,10103.73077,10095.66923
584.2615286,10013.86154,10026.93077,10028.66154,9997.261538,9989.061538,10004.4,10022.53077,9983.538462,9990.730769,10023.86923
584.4590645,10043.16154,10093.23077,10018.26154,10074.16154,10072.56154,10053.2,10090.03077,10072.73846,10067.93077,10074.46923
584.6565865,10031.56154,10057.83077,10033.76154,10043.76154,10043.26154,10049.9,10033.03077,9995.338462,10041.23077,9958.269231
584.8540946,10058.96154,10090.73077,10027.66154,10091.56154,10069.46154,10057,10074.03077,10057.53846,10077.03077,10053.36923
585.0515887,9882.761538,9884.130769,9876.461538,9905.261538,9898.761538,9897.5,9939.730769,9917.238462,9910.130769,9880.369231
585.2490689,10037.16154,9977.430769,10052.06154,10043.26154,10021.46154,10023.1,10026.43077,10029.13846,9998.430769,10000.06923
585.4465352,9959.061538,9993.630769,10041.36154,9988.561538,9965.061538,9976.2,10006.33077,9998.238462,9945.930769,10024.46923
585.6439875,9902.461538,9933.030769,9924.661538,9891.261538,9914.661538,9938.2,9915.730769,9907.138462,9926.030769,9871.969231
585.8414259,9959.661538,9970.530769,9918.361538,9948.861538,9973.461538,9960.3,9939.430769,9922.738462,9968.930769,9954.969231
586.0388503,10000.76154,9998.730769,9970.061538,9995.361538,10000.66154,9994.1,10033.63077,9996.838462,10039.33077,9970.669231
586.2362608,9845.261538,9855.630769,9853.761538,9870.861538,9831.061538,9836.4,9844.530769,9833.538462,9865.930769,9894.569231
586.4336574,9806.161538,9837.330769,9837.861538,9857.361538,9831.261538,9817.5,9815.930769,9845.138462,9832.830769,9817.769231
586.6310399,9826.561538,9850.530769,9856.061538,9847.261538,9818.261538,9848.4,9865.530769,9849.638462,9837.830769,9863.369231
586.8284086,9902.261538,9891.230769,9843.961538,9860.061538,9904.861538,9905.2,9895.030769,9863.238462,9871.430769,9859.969231
587.0257632,9818.861538,9839.730769,9842.761538,9859.361538,9831.861538,9845.2,9827.830769,9840.138462,9876.830769,9803.469231
587.2231039,9803.861538,9840.930769,9857.661538,9823.161538,9877.461538,9805.3,9842.630769,9848.638462,9814.030769,9800.969231
587.4204307,9782.761538,9772.030769,9805.061538,9791.461538,9782.661538,9779.8,9783.030769,9824.438462,9806.130769,9756.369231
587.6177435,9797.561538,9800.430769,9775.461538,9824.861538,9776.061538,9774.1,9793.130769,9797.838462,9800.130769,9835.869231
587.8150423,9681.261538,9723.630769,9733.061538,9674.861538,9688.961538,9718.9,9741.430769,9754.838462,9695.230769,9675.369231
588.0123271,9705.061538,9721.030769,9714.861538,9682.661538,9689.661538,9685.1,9715.930769,9675.538462,9666.730769,9712.269231
588.209598,9712.861538,9658.430769,9693.061538,9695.461538,9704.061538,9705.9,9702.230769,9709.838462,9679.430769,9693.469231
588.4068549,9813.761538,9774.830769,9730.861538,9770.161538,9736.761538,9810.1,9773.430769,9774.838462,9790.430769,9779.969231
588.6040978,9684.961538,9709.630769,9724.161538,9686.961538,9709.661538,9727.6,9716.130769,9662.438462,9713.830769,9708.269231
588.8013268,9654.661538,9644.530769,9653.261538,9597.461538,9644.561538,9653.9,9690.130769,9648.038462,9617.930769,9659.569231
588.9985417,9657.861538,9677.130769,9671.661538,9671.461538,9670.161538,9678.2,9670.430769,9666.338462,9664.430769,9651.469231
589.1957427,9603.661538,9631.330769,9621.461538,9629.761538,9632.261538,9607.4,9631.030769,9613.938462,9637.130769,9625.469231
589.3929297,9626.061538,9603.430769,9618.961538,9653.761538,9623.661538,9649.1,9660.930769,9638.138462,9639.430769,9639.969231
589.5901027,9608.861538,9548.830769,9580.361538,9615.961538,9590.261538,9594.5,9629.930769,9610.738462,9585.330769,9561.169231
589.7872617,9534.961538,9585.230769,9561.861538,9562.061538,9590.661538,9586.7,9571.430769,9547.238462,9546.630769,9525.969231
589.9844067,9537.461538,9529.630769,9567.461538,9546.561538,9509.761538,9531.9,9541.530769,9565.338462,9542.430769,9530.669231
590.1815377,9517.961538,9510.530769,9523.861538,9528.261538,9524.861538,9473,9516.830769,9499.938462,9489.630769,9504.169231
590.3786547,9568.861538,9573.830769,9537.961538,9567.261538,9570.361538,9541.2,9535.530769,9575.338462,9571.530769,9560.669231
590.5757577,9494.061538,9526.730769,9514.361538,9496.661538,9542.261538,9502,9488.530769,9516.438462,9492.830769,9512.169231
590.7728467,9471.761538,9508.330769,9491.361538,9528.261538,9513.061538,9518.9,9492.030769,9526.838462,9497.430769,9494.569231
590.9699218,9466.961538,9458.130769,9494.461538,9463.661538,9494.261538,9451.9,9493.230769,9480.738462,9438.230769,9423.869231
591.1669827,9500.361538,9515.930769,9495.561538,9482.461538,9540.161538,9497.4,9507.930769,9519.638462,9513.030769,9531.469231
591.3640297,9430.461538,9393.230769,9408.061538,9394.661538,9343.461538,9362.2,9387.430769,9377.038462,9351.430769,9368.369231
591.5610627,9478.361538,9440.630769,9433.261538,9454.561538,9435.761538,9473.9,9421.730769,9438.238462,9468.030769,9411.069231
591.7580817,9349.461538,9326.230769,9301.861538,9325.461538,9365.461538,9321.3,9351.730769,9321.638462,9373.130769,9381.569231
591.9550866,9340.761538,9339.730769,9359.461538,9371.261538,9393.861538,9373.8,9361.030769,9363.738462,9371.130769,9369.669231
592.1520775,9450.261538,9409.930769,9421.161538,9440.161538,9420.261538,9413.4,9427.530769,9466.138462,9415.930769,9414.869231
592.3490544,9338.461538,9312.630769,9357.361538,9330.161538,9350.761538,9350.7,9349.330769,9288.738462,9301.330769,9329.069231
592.5460173,9330.561538,9380.330769,9390.061538,9363.661538,9357.161538,9339.2,9374.530769,9342.938462,9365.930769,9313.369231
592.7429661,9322.961538,9338.830769,9330.961538,9313.361538,9359.261538,9313.4,9296.730769,9353.138462,9313.830769,9326.569231
592.9399009,9200.061538,9211.130769,9238.361538,9235.961538,9246.361538,9257.4,9263.530769,9237.538462,9212.530769,9195.069231
593.1368217,9322.561538,9275.630769,9292.561538,9295.061538,9291.561538,9281.9,9308.230769,9309.638462,9309.630769,9292.969231
593.3337285,9328.161538,9282.630769,9295.461538,9305.361538,9350.161538,9305.3,9269.930769,9304.638462,9291.530769,9293.969231
593.5306212,9198.161538,9227.730769,9178.661538,9191.661538,9196.961538,9181.8,9173.030769,9152.538462,9229.730769,9187.969231
593.7274998,9231.461538,9214.530769,9201.761538,9203.361538,9259.661538,9263.7,9241.230769,9271.938462,9219.430769,9220.069231
593.9243645,9226.461538,9209.130769,9239.261538,9255.061538,9234.361538,9251.2,9241.830769,9229.038462,9221.430769,9196.669231
594.121215,9159.061538,9133.030769,9148.561538,9172.161538,9130.161538,9162.1,9151.730769,9170.938462,9140.530769,9116.869231
594.3180516,9217.861538,9205.830769,9233.461538,9223.261538,9217.361538,9196.5,9217.130769,9222.338462,9249.830769,9228.869231
594.514874,9088.561538,9062.330769,9070.761538,9067.661538,9072.661538,9068.5,9080.930769,9071.538462,9063.830769,9030.269231
594.7116825,9168.561538,9151.930769,9152.661538,9175.161538,9151.661538,9156,9194.530769,9157.838462,9180.630769,9149.669231
594.9084769,9091.761538,9091.630769,9084.361538,9055.961538,9116.561538,9068.6,9125.930769,9057.638462,9065.330769,9050.669231
595.1052572,9177.561538,9127.930769,9131.161538,9142.861538,9129.261538,9124.1,9127.530769,9144.138462,9137.630769,9115.769231
595.3020234,8998.161538,9057.730769,9042.561538,9077.761538,9050.361538,9015.6,9049.230769,9014.838462,9064.330769,9040.369231
595.4987756,9069.861538,9050.630769,9058.561538,9084.661538,9071.661538,9086.7,9083.630769,9075.438462,9088.930769,9067.169231
595.6955138,9012.761538,9061.230769,9025.561538,9038.761538,9038.661538,8998.8,9009.930769,9007.338462,9016.130769,9040.069231
595.8922378,8984.061538,9014.130769,9001.161538,8984.861538,8999.661538,8969.8,9025.430769,8982.638462,8996.230769,8999.769231
596.0889478,9026.261538,9038.430769,9024.261538,9044.361538,9078.861538,9013.8,9048.630769,9011.138462,9030.430769,9038.169231
596.2856437,8976.061538,9011.230769,8957.261538,9035.361538,9014.861538,8979.6,9025.330769,9027.838462,8980.330769,9016.269231
596.4823256,8982.161538,8971.930769,8921.361538,8937.661538,8959.461538,9003.4,8982.130769,8998.638462,8971.730769,8963.969231
596.6789934,8970.261538,8948.030769,8923.961538,8924.561538,8942.961538,8927.4,8930.130769,8951.238462,8971.730769,8926.669231
596.8756471,8957.761538,8956.030769,8976.461538,8982.161538,8968.161538,8980.8,8969.830769,8977.038462,8958.430769,8973.769231
597.0722867,8874.461538,8871.030769,8929.161538,8909.161538,8897.561538,8907,8894.030769,8881.838462,8873.730769,8905.169231
597.2689122,8933.761538,8934.430769,8896.761538,8920.761538,8929.861538,8940.8,8911.330769,8933.038462,8910.730769,8894.369231
597.4655237,8810.061538,8803.230769,8793.961538,8849.961538,8809.661538,8830.7,8784.830769,8785.138462,8789.730769,8802.369231
597.662121,8825.861538,8831.030769,8818.161538,8812.461538,8834.061538,8822.2,8790.730769,8802.938462,8831.830769,8823.469231
597.8587043,8861.961538,8811.030769,8847.761538,8847.361538,8817.361538,8855.3,8812.930769,8797.538462,8855.430769,8808.969231
598.0552735,8856.361538,8825.230769,8835.261538,8824.661538,8834.661538,8818,8824.630769,8802.938462,8826.430769,8823.569231
598.2518285,8796.361538,8755.030769,8794.261538,8752.861538,8793.761538,8799.1,8766.630769,8781.238462,8759.230769,8740.069231
598.4483695,8776.661538,8796.530769,8790.461538,8794.861538,8790.561538,8804.9,8775.630769,8773.638462,8808.530769,8786.969231
598.6448964,8712.161538,8758.430769,8753.961538,8766.061538,8756.461538,8763.9,8735.630769,8715.438462,8736.430769,8737.369231
598.8414092,8682.861538,8677.230769,8672.361538,8708.761538,8721.561538,8692,8697.330769,8654.238462,8680.430769,8703.469231
599.0379079,8703.361538,8698.430769,8677.761538,8715.361538,8732.261538,8705.2,8688.730769,8693.838462,8654.230769,8673.869231
599.2343924,8731.161538,8712.630769,8695.361538,8731.661538,8702.861538,8752.6,8707.430769,8729.038462,8715.530769,8691.369231
599.4308629,8596.961538,8657.330769,8614.561538,8589.461538,8584.261538,8623.9,8574.430769,8591.938462,8565.430769,8592.269231
599.6273192,8634.761538,8636.430769,8653.761538,8628.161538,8666.961538,8629.1,8607.130769,8634.438462,8621.530769,8626.969231
599.8237614,8664.461538,8665.430769,8649.361538,8631.061538,8618.561538,8626.7,8636.830769,8654.038462,8670.230769,8642.069231
600.0201896,8569.561538,8608.730769,8575.561538,8610.961538,8596.861538,8623.5,8556.930769,8578.238462,8612.130769,8628.669231
600.2166035,8559.861538,8620.330769,8604.061538,8573.561538,8620.661538,8592.9,8625.430769,8577.138462,8613.430769,8589.669231
600.4130034,8569.361538,8585.430769,8531.661538,8553.361538,8528.061538,8606.9,8546.830769,8521.138462,8535.030769,8530.569231
600.6093892,8512.861538,8509.830769,8541.461538,8526.261538,8516.161538,8531.8,8506.630769,8535.238462,8495.830769,8523.469231
600.8057608,8498.261538,8468.630769,8487.361538,8470.161538,8468.461538,8500.2,8481.430769,8475.138462,8477.530769,8446.569231
601.0021183,8505.461538,8511.430769,8535.161538,8575.461538,8514.161538,8504.7,8532.930769,8464.338462,8504.830769,8521.069231
601.1984616,8493.861538,8525.430769,8453.361538,8507.861538,8494.761538,8488.2,8500.830769,8477.738462,8467.730769,8486.469231
601.3947908,8408.961538,8380.830769,8366.261538,8421.961538,8422.961538,8446.2,8391.730769,8405.138462,8425.130769,8434.969231
601.5911059,8458.661538,8429.330769,8438.661538,8435.961538,8491.361538,8455.1,8397.130769,8424.038462,8461.230769,8481.769231
601.7874069,8450.761538,8417.730769,8424.061538,8428.761538,8423.761538,8457.2,8422.930769,8446.938462,8458.230769,8399.869231
601.9836937,8397.561538,8375.830769,8363.361538,8382.961538,8343.561538,8348.8,8340.630769,8384.838462,8357.630769,8373.469231
602.1799663,8439.161538,8466.330769,8450.261538,8446.161538,8434.661538,8465.9,8459.730769,8443.038462,8446.430769,8438.169231
602.3762248,8362.061538,8391.030769,8354.461538,8354.161538,8345.561538,8324.7,8389.230769,8337.338462,8394.830769,8365.369231
602.5724692,8314.961538,8332.630769,8318.961538,8304.761538,8328.661538,8327.2,8297.330769,8340.238462,8312.430769,8335.169231
602.7686994,8323.161538,8360.430769,8316.561538,8307.061538,8337.261538,8345.7,8363.730769,8346.738462,8380.330769,8320.369231
602.9649155,8260.961538,8250.730769,8281.561538,8250.361538,8270.461538,8285.6,8274.330769,8298.238462,8282.230769,8225.869231
603.1611174,8316.361538,8324.630769,8313.861538,8300.961538,8339.961538,8317.2,8276.030769,8322.938462,8297.530769,8285.169231
603.3573051,8237.861538,8223.630769,8241.961538,8212.861538,8223.561538,8238,8257.530769,8185.138462,8211.230769,8212.469231
603.5534787,8203.561538,8297.830769,8265.861538,8235.561538,8264.761538,8244.1,8276.930769,8273.338462,8245.530769,8226.269231
603.7496381,8225.361538,8263.530769,8243.561538,8240.461538,8219.961538,8272,8242.230769,8254.038462,8225.530769,8221.369231
603.9457834,8200.361538,8218.230769,8182.661538,8149.661538,8164.761538,8179,8205.630769,8180.338462,8194.330769,8155.469231
604.1419145,8190.561538,8257.930769,8231.761538,8245.461538,8223.661538,8229.5,8206.330769,8208.638462,8230.130769,8223.069231
604.3380314,8134.861538,8103.630769,8113.861538,8114.761538,8108.861538,8133.6,8139.930769,8115.038462,8119.530769,8109.969231
604.5341341,8152.561538,8166.230769,8200.261538,8216.161538,8197.461538,8185.2,8189.130769,8183.538462,8179.230769,8182.369231
604.7302227,8103.061538,8098.730769,8107.161538,8065.861538,8099.761538,8097,8092.230769,8085.338462,8068.130769,8099.169231
604.9262971,8115.061538,8089.830769,8120.361538,8065.361538,8114.561538,8085.6,8077.230769,8061.938462,8088.030769,8147.469231
605.1223573,8105.961538,8135.530769,8134.461538,8140.161538,8131.061538,8109.6,8138.430769,8123.538462,8107.330769,8138.969231
605.3184033,8056.761538,8019.830769,8038.461538,8058.661538,8035.361538,8053.9,8042.730769,8020.438462,8025.730769,8045.969231
605.5144352,8043.561538,8001.830769,8028.461538,8017.361538,8034.361538,8024.8,8032.330769,8036.238462,8039.930769,7981.569231
605.7104528,7990.561538,8017.830769,7970.261538,8033.161538,8021.261538,7994.8,8009.230769,8016.238462,8025.530769,7992.469231
605.9064563,8042.861538,8075.130769,8001.261538,8045.261538,8072.361538,8091.3,8062.430769,8051.238462,8037.030769,8048.469231
606.1024455,7991.561538,8000.730769,7981.561538,7996.761538,7969.461538,8004.3,8003.930769,8003.638462,8006.230769,7972.769231
606.2984206,8028.361538,8018.230769,8019.961538,8010.961538,8012.461538,8045.5,8029.730769,8007.538462,8001.730769,8028.769231
606.4943815,7964.561538,7950.230769,7966.861538,7975.761538,7948.461538,8004.7,7939.630769,7929.838462,7956.630769,7971.369231
606.6903282,7986.761538,7999.130769,8016.761538,8016.261538,8018.861538,8005.2,8012.730769,8003.638462,8016.430769,7949.469231
606.8862607,8002.861538,7984.830769,7956.861538,7956.961538,7958.461538,7993.9,7957.530769,7947.638462,7950.730769,7978.769231
607.0821789,7880.261538,7832.830769,7908.761538,7845.261538,7877.361538,7869.6,7889.230769,7887.938462,7873.630769,7902.769231
607.278083,7953.861538,7954.630769,7946.161538,7978.961538,7957.561538,7973.6,7964.130769,7955.638462,7952.530769,7969.469231
607.4739729,7866.761538,7837.830769,7800.461538,7843.961538,7831.061538,7831.1,7834.630769,7831.438462,7830.530769,7846.369231
607.6698485,7916.961538,7904.430769,7947.261538,7946.061538,7910.161538,7931.4,7901.630769,7924.638462,7910.130769,7913.569231
607.8657099,7809.061538,7826.530769,7789.161538,7808.761538,7819.061538,7774,7815.030769,7801.138462,7785.630769,7799.769231
608.0615571,7925.561538,7919.630769,7902.761538,7893.361538,7907.561538,7947.4,7894.030769,7896.438462,7920.330769,7904.669231
608.2573901,7855.061538,7844.630769,7830.761538,7848.061538,7843.761538,7875.3,7856.930769,7872.538462,7874.330769,7863.069231
608.4532089,7828.361538,7833.530769,7793.661538,7856.761538,7822.861538,7863.6,7843.830769,7815.838462,7829.830769,7855.569231
608.6490135,7816.561538,7839.730769,7872.761538,7839.061538,7853.961538,7857.5,7863.830769,7828.538462,7847.330769,7831.769231
608.8448038,7765.461538,7789.530769,7821.761538,7794.261538,7812.961538,7813.3,7736.430769,7806.938462,7802.230769,7793.469231
609.0405799,7793.361538,7827.230769,7794.561538,7809.961538,7796.361538,7811.6,7774.630769,7818.738462,7789.130769,7772.469231
609.2363418,7825.761538,7783.930769,7797.861538,7795.161538,7826.661538,7847.5,7806.030769,7792.238462,7783.830769,7814.269231
609.4320894,7786.661538,7783.430769,7757.661538,7782.261538,7743.961538,7771.8,7798.130769,7788.238462,7772.830769,7774.469231
609.6278228,7747.761538,7759.830769,7721.961538,7781.561538,7773.861538,7735,7761.930769,7757.238462,7737.330769,7725.469231
609.8235419,7756.361538,7728.530769,7730.861538,7746.861538,7760.361538,7747.7,7739.130769,7752.338462,7751.730769,7714.269231
610.0192469,7710.861538,7687.830769,7704.261538,7702.961538,7691.461538,7648.5,7711.530769,7691.438462,7696.730769,7700.869231
610.2149375,7728.661538,7751.330769,7670.761538,7686.061538,7701.761538,7748,7697.530769,7699.838462,7733.230769,7696.669231
610.410614,7748.861538,7778.430769,7740.761538,7764.861538,7721.661538,7752.2,7726.630769,7751.238462,7752.630769,7732.969231
610.6062761,7640.261538,7650.130769,7707.761538,7664.861538,7699.261538,7670.5,7648.130769,7661.938462,7652.030769,7647.269231
610.8019241,7678.661538,7687.930769,7691.361538,7695.461538,7675.961538,7723.3,7709.030769,7708.238462,7728.030769,7715.669231
610.9975578,7688.261538,7684.730769,7684.061538,7647.761538,7642.261538,7643.3,7648.630769,7680.738462,7667.430769,7693.969231
611.1931772,7639.061538,7670.230769,7659.361538,7644.461538,7657.961538,7660.4,7663.530769,7652.138462,7657.130769,7679.169231
611.3887823,7627.861538,7647.930769,7647.361538,7606.861538,7659.761538,7638.8,7652.930769,7645.838462,7618.330769,7642.869231
611.5843732,7599.561538,7610.230769,7588.261538,7601.061538,7584.061538,7616,7603.730769,7606.238462,7587.730769,7587.569231
611.7799499,7610.261538,7571.630769,7583.261538,7585.261538,7552.461538,7593.2,7591.130769,7609.038462,7607.230769,7585.369231
611.9755123,7621.261538,7595.430769,7615.661538,7608.461538,7604.761538,7627.7,7631.230769,7603.538462,7623.430769,7625.469231
612.1710604,7601.361538,7633.230769,7623.361538,7582.961538,7586.861538,7630.3,7638.830769,7576.338462,7607.130769,7594.069231
612.3665942,7571.861538,7548.430769,7588.561538,7557.161538,7573.161538,7581.5,7586.530769,7569.538462,7579.730769,7547.969231
612.5621138,7550.961538,7566.830769,7581.061538,7571.261538,7560.761538,7551.1,7574.530769,7544.038462,7532.230769,7564.669231
612.7576191,7465.561538,7491.130769,7478.061538,7486.561538,7484.161538,7457.9,7459.530769,7482.938462,7448.030769,7480.269231
612.9531101,7518.361538,7455.130769,7495.261538,7506.761538,7499.461538,7491.9,7489.730769,7500.238462,7496.830769,7462.169231
613.1485868,7603.561538,7577.530769,7545.361538,7579.361538,7570.261538,7584.4,7595.830769,7572.238462,7595.130769,7555.369231
613.3440493,7533.861538,7484.330769,7495.161538,7514.761538,7494.961538,7491.8,7485.930769,7516.738462,7467.830769,7471.969231
613.5394975,7569.961538,7586.430769,7597.461538,7597.661538,7600.461538,7598.4,7590.830769,7552.138462,7577.830769,7575.969231
613.7349313,7499.961538,7480.730769,7502.561538,7555.561538,7551.861538,7489.7,7552.130769,7513.438462,7501.330769,7518.469231
613.9303509,7497.161538,7529.030769,7550.561538,7492.561538,7525.161538,7541.4,7502.830769,7530.738462,7501.430769,7505.169231
614.1257562,7473.861538,7500.330769,7489.761538,7483.361538,7498.061538,7481.8,7509.730769,7466.638462,7471.430769,7461.769231
614.3211472,7532.961538,7501.030769,7516.361538,7516.261538,7528.461538,7537.1,7526.430769,7530.038462,7516.030769,7543.569231
614.516524,7498.561538,7477.130769,7488.261538,7472.561538,7487.461538,7480.4,7476.930769,7497.838462,7498.630769,7503.369231
614.7118864,7437.461538,7457.030769,7446.061538,7462.761538,7452.661538,7426.5,7418.930769,7451.938462,7434.430769,7469.469231
614.9072345,7419.961538,7388.530769,7431.261538,7417.861538,7434.161538,7429.6,7417.430769,7461.538462,7390.330769,7386.969231
615.1025683,7437.761538,7469.130769,7445.061538,7446.661538,7448.261538,7456.7,7453.030769,7446.938462,7479.730769,7438.869231
615.2978878,7394.261538,7376.230769,7410.961538,7389.261538,7394.361538,7391.2,7398.930769,7424.638462,7401.930769,7398.769231
615.493193,7435.161538,7407.230769,7459.761538,7473.961538,7480.861538,7492.7,7476.930769,7474.438462,7488.530769,7473.369231
615.6884839,7325.461538,7349.230769,7350.261538,7346.461538,7329.961538,7343.3,7384.230769,7340.238462,7320.230769,7373.269231
615.8837605,7491.861538,7454.430769,7481.461538,7482.461538,7435.161538,7490.8,7458.930769,7437.838462,7443.730769,7451.669231
616.0790227,7297.261538,7291.530769,7309.061538,7312.461538,7303.761538,7322.5,7282.330769,7274.238462,7296.530769,7320.869231
616.2742707,7398.861538,7400.530769,7383.261538,7435.161538,7407.561538,7425.6,7424.330769,7400.538462,7375.630769,7400.469231
616.4695043,7346.361538,7337.830769,7333.361538,7351.061538,7342.261538,7355.8,7377.630769,7319.938462,7303.530769,7319.769231
616.6647236,7339.461538,7341.230769,7323.461538,7326.761538,7362.861538,7349.3,7363.230769,7353.738462,7333.230769,7340.669231
616.8599285,7331.561538,7317.630769,7339.161538,7306.761538,7330.061538,7329.7,7319.230769,7330.138462,7266.830769,7315.069231
617.0551192,7315.661538,7304.330769,7283.461538,7291.161538,7295.261538,7275.6,7291.930769,7305.138462,7284.830769,7261.869231
617.2502955,7267.961538,7261.130769,7248.561538,7262.561538,7287.461538,7276.3,7268.130769,7312.338462,7289.630769,7252.269231
617.4454575,7318.761538,7314.930769,7320.061538,7319.661538,7335.361538,7340.6,7333.130769,7307.338462,7323.730769,7286.869231
617.6406051,7136.061538,7181.930769,7190.461538,7165.361538,7177.161538,7166.2,7167.930769,7175.938462,7173.330769,7187.269231
617.8357384,7281.861538,7266.230769,7259.161538,7241.761538,7267.761538,7241,7297.330769,7256.838462,7249.730769,7229.069231
618.0308574,7131.061538,7134.330769,7138.261538,7158.961538,7145.061538,7122.8,7151.130769,7167.538462,7161.330769,7139.969231
618.225962,7234.061538,7200.230769,7240.661538,7247.761538,7233.161538,7232.3,7256.530769,7255.938462,7222.530769,7220.469231
618.4210523,7162.961538,7151.830769,7166.761538,7168.361538,7164.361538,7182.9,7145.430769,7115.138462,7156.330769,7140.069231
618.6161282,7195.261538,7205.430769,7222.661538,7187.661538,7219.161538,7237.4,7220.130769,7204.938462,7231.630769,7212.169231
618.8111898,7096.661538,7083.830769,7077.761538,7078.561538,7091.761538,7087,7079.030769,7050.238462,7079.430769,7080.469231
619.006237,7168.561538,7163.830769,7162.361538,7191.361538,7158.161538,7177,7192.730769,7190.038462,7175.030769,7140.369231
619.2012699,7017.361538,7018.730769,7051.761538,7031.461538,7043.061538,7019.5,7044.630769,7023.838462,7008.030769,7033.869231
619.3962884,7077.561538,7090.430769,7050.961538,7097.761538,7102.761538,7067.2,7100.530769,7098.938462,7100.530769,7067.269231
619.5912926,6992.561538,6977.930769,6986.561538,6976.661538,6977.561538,6980.5,6976.730769,6956.038462,6984.430769,6995.069231
619.7862824,7061.661538,7087.730769,7060.361538,7077.161538,7021.961538,7071,7071.730769,7033.838462,7070.730769,7043.369231
619.9812578,6948.461538,6926.030769,6909.561538,6937.461538,6936.661538,6932.1,6945.630769,6915.138462,6957.130769,6924.269231
620.1762189,7027.661538,7028.230769,7013.461538,7055.261538,7037.661538,7008.7,7018.330769,6998.938462,7013.330769,7004.769231
620.3711656,6881.261538,6904.530769,6930.461538,6880.961538,6908.461538,6895.2,6896.730769,6906.538462,6916.930769,6888.469231
620.5660979,6937.761538,6920.530769,6934.661538,6929.061538,6942.761538,6945.3,6922.330769,6922.938462,6948.030769,6911.469231
620.7610159,6875.861538,6879.530769,6846.761538,6860.361538,6868.361538,6871.3,6868.130769,6874.938462,6847.930769,6840.169231
620.9559195,6887.561538,6903.830769,6904.761538,6897.161538,6940.461538,6888.9,6904.930769,6886.738462,6932.230769,6903.369231
621.1508087,6785.661538,6781.930769,6764.961538,6798.861538,6766.161538,6796.4,6760.830769,6760.538462,6787.330769,6791.369231
621.3456835,6793.861538,6806.730769,6855.161538,6839.161538,6821.161538,6800.6,6823.230769,6807.938462,6827.030769,6838.769231
621.5405439,6713.661538,6695.730769,6735.061538,6737.161538,6700.861538,6730.5,6712.530769,6729.238462,6736.930769,6715.869231
621.73539,6781.661538,6783.230769,6769.561538,6811.661538,6760.861538,6778.4,6754.230769,6794.638462,6769.330769,6768.369231
621.9302216,6661.361538,6656.730769,6669.661538,6662.661538,6648.661538,6633,6661.730769,6635.038462,6648.430769,6623.569231
622.1250389,6698.261538,6701.430769,6706.461538,6739.661538,6706.561538,6706.5,6713.030769,6705.338462,6696.330769,6700.269231
622.3198418,6605.661538,6597.530769,6607.461538,6581.761538,6629.061538,6583.6,6579.930769,6552.238462,6579.130769,6603.369231
622.5146303,6654.261538,6655.430769,6620.261538,6666.361538,6646.961538,6626.2,6663.730769,6645.338462,6662.630769,6641.069231
622.7094043,6584.861538,6574.230769,6568.561538,6578.761538,6609.661538,6549.7,6561.930769,6563.638462,6585.230769,6546.569231
622.904164,6558.761538,6553.130769,6557.061538,6571.861538,6542.761538,6580.9,6565.830769,6570.538462,6558.830769,6575.969231
623.0989093,6517.261538,6529.930769,6506.061538,6523.861538,6527.061538,6516.1,6531.730769,6540.838462,6500.630769,6496.769231
623.2936402,6507.561538,6506.130769,6531.661538,6543.061538,6494.161538,6524.9,6505.530769,6516.738462,6540.130769,6513.969231
623.4883567,6436.261538,6409.730769,6417.761538,6441.661538,6427.061538,6404.2,6487.130769,6432.438462,6418.230769,6425.669231
623.6830587,6449.661538,6434.930769,6438.761538,6441.361538,6445.861538,6468.2,6486.930769,6449.538462,6440.230769,6460.669231
623.8777464,6369.361538,6339.930769,6356.161538,6346.461538,6358.561538,6365.8,6371.430769,6363.138462,6349.630769,6353.169231
624.0724196,6373.961538,6395.530769,6370.561538,6384.561538,6385.261538,6375,6364.730769,6408.738462,6366.030769,6388.369231
624.2670784,6343.361538,6339.430769,6363.061538,6386.461538,6385.861538,6347.8,6378.730769,6354.938462,6356.830769,6324.169231
624.4617228,6285.861538,6298.030769,6259.861538,6300.561538,6293.261538,6331.4,6336.530769,6299.638462,6294.030769,6300.669231
624.6563528,6253.061538,6271.530769,6269.761538,6230.261538,6276.561538,6284.7,6262.430769,6268.738462,6243.230769,6268.069231
624.8509683,6264.261538,6248.430769,6251.461538,6242.861538,6262.861538,6258.7,6262.730769,6239.638462,6261.430769,6248.069231
625.0455695,6196.761538,6206.630769,6175.061538,6211.961538,6249.461538,6212.7,6202.330769,6176.738462,6194.630769,6193.569231
625.2401561,6174.261538,6174.230769,6168.661538,6173.961538,6167.561538,6179.1,6202.030769,6196.238462,6165.430769,6156.469231
625.4347284,6109.861538,6166.030769,6131.561538,6145.761538,6136.361538,6118.6,6128.030769,6128.538462,6137.830769,6108.069231
625.6292862,6092.161538,6092.030769,6115.561538,6102.261538,6098.461538,6122.9,6141.830769,6101.138462,6144.830769,6114.869231
625.8238296,6075.861538,6072.230769,6073.961538,6091.661538,6057.761538,6079.6,6096.230769,6082.438462,6044.130769,6102.469231
626.0183586,6045.761538,6072.430769,6049.161538,6033.861538,6066.461538,6080.4,6070.230769,6042.938462,6064.130769,6063.169231
626.2128731,5929.961538,5943.430769,5943.161538,5966.861538,5960.461538,5948.9,5948.430769,5950.438462,5985.530769,5944.169231
626.4073731,6020.661538,5980.430769,6017.561538,5989.961538,5988.661538,6013.5,6004.330769,5981.038462,5992.030769,5960.169231
626.6018588,5927.961538,5912.730769,5910.061538,5916.361538,5926.461538,5885.7,5906.430769,5938.738462,5933.130769,5925.369231
626.7963299,5937.761538,5954.730769,5966.261538,5952.961538,5936.161538,5932.9,5955.930769,5946.238462,5958.130769,5927.869231
626.9907867,5888.461538,5898.230769,5901.061538,5890.761538,5897.961538,5921.7,5892.230769,5902.838462,5932.330769,5922.269231
627.1852289,5888.961538,5861.530769,5866.061538,5883.861538,5866.061538,5888.8,5848.030769,5860.538462,5894.430769,5843.669231
627.3796567,5833.161538,5802.730769,5801.961538,5801.161538,5830.661538,5790,5816.930769,5811.238462,5828.430769,5756.969231
627.5740701,5762.061538,5793.430769,5778.561538,5777.661538,5758.061538,5796.5,5786.630769,5783.538462,5780.530769,5770.969231
627.768469,5757.461538,5760.830769,5744.761538,5771.361538,5759.461538,5729.8,5740.430769,5749.338462,5777.330769,5738.369231
627.9628534,5732.861538,5729.730769,5693.861538,5754.561538,5772.661538,5752.6,5725.330769,5736.738462,5734.630769,5724.469231
628.1572234,5635.661538,5673.930769,5666.261538,5680.761538,5698.561538,5678.3,5666.230769,5691.338462,5660.630769,5665.369231
628.3515789,5707.461538,5683.930769,5703.661538,5690.561538,5675.261538,5693.4,5694.130769,5681.038462,5704.530769,5688.369231
628.5459199,5629.461538,5630.330769,5595.561538,5621.761538,5610.861538,5609.1,5619.730769,5602.038462,5620.830769,5610.069231
628.7402464,5648.761538,5633.730769,5653.061538,5657.961538,5646.061538,5653.9,5630.630769,5655.838462,5644.530769,5653.769231
628.9345585,5578.361538,5600.030769,5568.061538,5584.961538,5555.461538,5538.6,5551.530769,5566.438462,5579.330769,5565.569231
629.1288561,5542.761538,5556.130769,5553.161538,5560.261538,5588.861538,5559.9,5563.730769,5567.038462,5520.730769,5562.469231
629.3231392,5520.661538,5492.830769,5490.461538,5505.861538,5515.761538,5504.9,5503.330769,5488.238462,5477.330769,5460.569231
629.5174079,5478.461538,5469.830769,5481.761538,5436.461538,5477.961538,5486.6,5488.430769,5471.838462,5475.730769,5464.269231
629.711662,5490.761538,5468.630769,5456.961538,5465.761538,5464.361538,5500.3,5486.330769,5465.138462,5487.230769,5492.369231
629.9059017,5439.061538,5440.630769,5459.761538,5447.061538,5455.561538,5436.4,5448.230769,5418.638462,5461.030769,5401.069231
630.1001269,5389.361538,5339.830769,5367.761538,5355.261538,5351.161538,5357.6,5357.630769,5341.438462,5339.630769,5354.869231
630.2943375,5390.261538,5365.430769,5384.961538,5391.661538,5386.761538,5378.7,5383.830769,5383.738462,5404.530769,5390.769231
630.4885337,5324.661538,5325.030769,5300.361538,5340.661538,5344.961538,5378.3,5350.430769,5321.238462,5337.130769,5331.269231
630.6827154,5355.661538,5324.630769,5348.361538,5344.361538,5336.361538,5323.2,5352.330769,5325.138462,5335.530769,5341.069231
630.8768826,5269.961538,5263.130769,5257.561538,5253.661538,5264.861538,5271.3,5277.630769,5265.638462,5243.330769,5239.969231
631.0710353,5216.361538,5246.730769,5262.061538,5242.061538,5224.961538,5237.4,5248.530769,5253.238462,5233.830769,5217.769231
631.2651735,5274.361538,5262.230769,5268.661538,5263.161538,5274.561538,5255.9,5262.930769,5245.738462,5272.130769,5265.369231
631.4592972,5210.361538,5211.730769,5191.161538,5201.961538,5218.361538,5202.7,5211.930769,5194.638462,5197.030769,5221.669231
631.6534063,5181.761538,5199.730769,5192.961538,5175.261538,5190.261538,5189,5179.130769,5177.838462,5192.030769,5215.569231
631.847501,5139.661538,5135.330769,5161.261538,5134.461538,5180.961538,5166.5,5182.030769,5162.238462,5142.830769,5145.769231
632.0415811,5086.161538,5112.330769,5112.061538,5119.061538,5112.161538,5137.7,5114.330769,5113.238462,5133.830769,5102.269231
632.2356468,5111.161538,5114.930769,5137.961538,5137.961538,5126.961538,5104.7,5120.730769,5120.938462,5114.530769,5118.569231
632.4296979,5030.261538,5068.730769,5040.061538,5031.861538,5051.261538,5042.7,5076.230769,5022.538462,5027.530769,5032.069231
632.6237345,5050.861538,5050.830769,5064.461538,5087.661538,5068.861538,5064.1,5057.030769,5023.338462,5056.830769,5053.569231
632.8177565,5028.661538,5020.530769,4989.361538,5034.061538,5013.061538,5022.6,5015.530769,5014.238462,5040.730769,4995.869231
633.0117641,4973.461538,4947.430769,4965.861538,4957.861538,4987.861538,4985.1,4970.430769,4960.238462,4951.930769,4978.269231
633.2057571,4978.861538,4958.130769,4982.461538,4981.461538,5007.161538,4969.8,4981.230769,4987.238462,4986.230769,4968.869231
633.3997355,4949.861538,4937.930769,4976.461538,4943.261538,4958.861538,4992.4,4958.830769,4970.838462,4935.230769,4959.269231
633.5936995,4868.361538,4905.730769,4882.161538,4912.561538,4901.161538,4899.5,4903.630769,4910.738462,4896.730769,4895.369231
633.7876489,4876.661538,4896.330769,4876.761538,4914.961538,4875.061538,4925.8,4889.430769,4878.838462,4919.030769,4885.469231
633.9815838,4867.861538,4879.030769,4872.761538,4901.161538,4882.761538,4880.1,4892.730769,4890.538462,4876.530769,4883.369231
634.1755041,4845.461538,4836.130769,4846.261538,4813.261538,4857.561538,4860.8,4888.130769,4859.838462,4848.130769,4847.969231
634.3694099,4812.261538,4820.130769,4811.361538,4811.361538,4820.861538,4796.7,4808.230769,4816.938462,4851.730769,4798.369231
634.5633011,4787.661538,4806.430769,4792.161538,4808.061538,4828.261538,4830.5,4786.830769,4800.438462,4781.930769,4743.069231
634.7571778,4771.661538,4767.430769,4764.061538,4761.561538,4798.761538,4756,4734.330769,4774.638462,4742.630769,4736.369231
634.95104,4777.361538,4744.930769,4768.461538,4775.661538,4760.961538,4758.5,4775.830769,4774.138462,4766.830769,4732.569231
635.1448876,4706.261538,4695.930769,4706.561538,4748.661538,4723.261538,4718.8,4743.530769,4710.738462,4740.630769,4714.969231
635.3387206,4745.461538,4719.330769,4710.461538,4719.861538,4700.561538,4672.9,4733.530769,4733.838462,4742.730769,4714.569231
635.5325391,4664.761538,4637.230769,4657.661538,4651.561538,4661.061538,4670.5,4646.930769,4674.638462,4638.930769,4680.069231
635.726343,4649.261538,4669.330769,4663.961538,4664.161538,4665.861538,4650.9,4661.430769,4667.938462,4648.630769,4656.969231
635.9201323,4590.861538,4581.830769,4568.761538,4581.361538,4598.161538,4617.2,4583.330769,4615.138462,4592.430769,4601.469231
636.1139071,4606.961538,4603.930769,4610.061538,4615.461538,4628.161538,4627.6,4606.530769,4595.438462,4606.330769,4589.769231
636.3076674,4567.861538,4560.530769,4570.761538,4571.161538,4574.361538,4571.1,4583.930769,4561.338462,4588.930769,4560.769231
636.501413,4541.861538,4541.230769,4537.161538,4538.261538,4553.361538,4558.3,4550.630769,4530.738462,4530.430769,4577.869231
636.6951441,4529.261538,4527.330769,4528.561538,4538.461538,4516.461538,4544.4,4528.830769,4504.638462,4541.630769,4510.869231
636.8888606,4503.061538,4473.630769,4482.261538,4519.561538,4492.561538,4512.4,4505.930769,4502.638462,4493.530769,4497.169231
637.0825625,4476.661538,4461.230769,4476.261538,4485.161538,4467.861538,4484.7,4475.930769,4465.338462,4446.930769,4469.869231
637.2762499,4435.561538,4434.430769,4429.661538,4450.961538,4437.161538,4436.9,4425.430769,4458.138462,4469.630769,4409.669231
637.4699227,4431.061538,4415.630769,4445.061538,4441.261538,4382.161538,4436.9,4427.630769,4423.438462,4438.730769,4407.969231
637.6635808,4405.161538,4409.530769,4389.161538,4439.761538,4390.161538,4416.3,4414.530769,4398.038462,4418.930769,4396.569231
637.8572244,4394.361538,4378.030769,4369.061538,4391.461538,4364.561538,4398.6,4404.530769,4377.938462,4384.930769,4395.869231
638.0508535,4360.761538,4367.430769,4355.961538,4376.261538,4382.561538,4367,4365.030769,4364.038462,4353.830769,4372.369231
638.2444679,4325.561538,4321.030769,4335.961538,4314.961538,4344.661538,4330.4,4334.730769,4333.338462,4327.830769,4304.769231
638.4380677,4298.161538,4308.430769,4291.061538,4314.261538,4301.361538,4309.3,4321.830769,4311.238462,4328.030769,4326.669231
638.6316529,4277.661538,4276.730769,4266.961538,4285.161538,4271.961538,4287.5,4284.730769,4273.638462,4275.030769,4250.869231
638.8252236,4249.461538,4252.230769,4258.261538,4254.961538,4239.561538,4265.3,4254.930769,4245.538462,4243.630769,4263.469231
639.0187796,4196.661538,4247.230769,4261.361538,4214.461538,4248.961538,4238,4214.630769,4233.438462,4221.430769,4222.269231
639.212321,4184.361538,4193.730769,4220.661538,4196.261538,4206.361538,4201,4217.330769,4194.638462,4183.430769,4236.869231
639.4058478,4203.761538,4194.830769,4204.361538,4209.561538,4212.761538,4172.8,4200.330769,4197.838462,4198.830769,4168.169231
639.5993601,4184.361538,4191.330769,4195.361538,4152.561538,4177.761538,4190.8,4187.430769,4149.138462,4159.830769,4150.569231
639.7928577,4190.061538,4162.130769,4167.161538,4189.861538,4167.261538,4180.4,4172.230769,4163.638462,4170.530769,4145.969231
639.9863407,4096.461538,4103.530769,4100.161538,4138.661538,4095.761538,4099.7,4064.330769,4090.638462,4087.630769,4068.469231
640.179809,4117.761538,4133.230769,4099.361538,4111.861538,4146.961538,4125,4136.330769,4111.038462,4101.030769,4125.969231
640.3732628,4124.261538,4105.530769,4089.161538,4068.661538,4087.861538,4080.4,4084.130769,4071.938462,4103.930769,4109.769231
640.5667019,4036.561538,4039.330769,4030.261538,4010.161538,4031.861538,4039.9,4051.530769,4031.238462,4022.630769,4048.869231
640.7601264,4051.461538,4053.130769,4055.561538,4030.961538,4031.961538,4046.7,4042.030769,4022.338462,4034.030769,4028.169231
640.9535363,3994.661538,3989.430769,4022.161538,4005.961538,4002.861538,3993.6,4033.030769,3998.938462,4006.330769,3988.169231
641.1469316,3950.461538,3955.330769,3961.761538,3987.261538,3965.761538,3974,3966.130769,3977.238462,3957.430769,3979.969231
641.3403122,3972.361538,3989.230769,3975.061538,3960.261538,3975.061538,3979.9,3980.330769,3954.738462,3965.230769,3937.469231
641.5336782,3953.861538,3955.730769,3976.261538,3968.661538,3975.861538,3980.8,3989.730769,3958.838462,3976.330769,3976.069231
641.7270296,3935.961538,3937.330769,3942.061538,3963.061538,3928.561538,3914.6,3950.630769,3920.938462,3928.530769,3949.369231
641.9203663,3915.061538,3914.330769,3918.661538,3919.161538,3930.961538,3935.4,3944.630769,3904.238462,3918.830769,3924.469231
642.1136884,3878.061538,3886.530769,3887.861538,3884.061538,3873.661538,3873.3,3880.830769,3884.138462,3867.830769,3884.469231
642.3069958,3883.161538,3857.230769,3850.661538,3861.161538,3890.361538,3891.6,3883.530769,3861.838462,3873.030769,3876.969231
642.5002886,3869.061538,3861.430769,3876.861538,3830.061538,3853.861538,3830.5,3873.230769,3847.338462,3844.630769,3848.869231
642.6935668,3796.861538,3775.530769,3779.461538,3816.361538,3802.261538,3764.2,3787.430769,3785.838462,3792.430769,3804.069231
642.8868303,3763.761538,3792.830769,3778.561538,3755.661538,3808.261538,3803.4,3763.430769,3791.638462,3776.430769,3782.169231
643.0800791,3802.461538,3843.930769,3804.661538,3823.261538,3794.061538,3812.6,3813.130769,3797.438462,3804.830769,3801.569231
643.2733133,3772.061538,3758.430769,3753.961538,3771.061538,3763.361538,3779.1,3767.230769,3773.438462,3787.130769,3774.769231
643.4665329,3726.761538,3743.430769,3731.561538,3735.361538,3741.461538,3764.9,3742.130769,3726.338462,3727.430769,3752.569231
643.6597377,3707.161538,3717.130769,3707.561538,3713.561538,3709.161538,3712.7,3699.130769,3718.838462,3712.530769,3718.769231
643.852928,3692.861538,3644.030769,3686.961538,3677.561538,3678.561538,3710.3,3708.430769,3681.138462,3714.530769,3672.069231
644.0461035,3626.461538,3639.630769,3644.961538,3642.361538,3663.261538,3669.7,3649.730769,3674.538462,3677.730769,3663.569231
644.2392644,3675.761538,3658.630769,3674.861538,3665.561538,3667.461538,3654.7,3662.230769,3679.838462,3682.330769,3680.369231
644.4324106,3628.261538,3644.130769,3626.561538,3640.661538,3646.061538,3639.3,3635.330769,3625.238462,3612.530769,3623.669231
644.6255422,3600.961538,3601.530769,3606.061538,3593.561538,3603.161538,3630.9,3614.130769,3589.338462,3595.930769,3615.569231
644.8186591,3591.961538,3610.030769,3597.361538,3597.261538,3583.661538,3615.7,3598.430769,3588.738462,3609.430769,3570.969231
645.0117613,3578.461538,3569.330769,3580.961538,3590.261538,3577.261538,3570.2,3596.330769,3586.238462,3578.830769,3581.569231
645.2048488,3570.061538,3574.830769,3556.961538,3558.661538,3575.261538,3596.3,3554.330769,3591.738462,3583.930769,3571.669231
645.3979216,3549.261538,3546.230769,3554.761538,3553.661538,3552.461538,3542.8,3568.730769,3505.838462,3548.730769,3549.969231
645.5909798,3497.561538,3519.930769,3526.961538,3492.861538,3530.361538,3521.1,3511.030769,3526.938462,3517.030769,3496.569231
645.7840232,3510.561538,3508.930769,3508.461538,3483.861538,3476.561538,3500.7,3490.730769,3515.538462,3508.230769,3498.069231
645.977052,3431.161538,3484.330769,3454.461538,3451.861538,3473.061538,3454.8,3477.430769,3473.238462,3480.330769,3482.569231
646.1700661,3499.261538,3468.230769,3452.961538,3482.361538,3463.361538,3484.5,3452.930769,3484.138462,3457.330769,3433.469231
646.3630655,3407.361538,3418.330769,3399.961538,3432.861538,3421.961538,3427.2,3421.530769,3438.638462,3438.930769,3442.169231
646.5560502,3364.461538,3381.030769,3372.261538,3375.261538,3378.761538,3388.4,3381.130769,3358.738462,3401.230769,3392.269231
646.7490202,3412.661538,3405.030769,3427.661538,3425.461538,3408.961538,3404.6,3404.430769,3401.738462,3401.230769,3392.169231
646.9419755,3385.161538,3382.630769,3378.361538,3387.861538,3392.861538,3405.1,3403.830769,3377.438462,3385.830769,3419.569231
647.1349162,3338.261538,3360.030769,3365.761538,3374.961538,3360.861538,3353.2,3367.930769,3356.638462,3336.730769,3358.669231
647.3278421,3333.261538,3322.630769,3368.661538,3325.961538,3317.561538,3351.6,3327.330769,3356.838462,3336.530769,3332.269231
647.5207532,3344.461538,3346.130769,3342.961538,3340.661538,3316.661538,3305.8,3321.930769,3318.738462,3345.730769,3324.369231
647.7136497,3261.061538,3253.530769,3278.961538,3268.961538,3278.061538,3263.7,3236.530769,3266.038462,3271.930769,3284.469231
647.9065315,3301.461538,3289.330769,3276.761538,3297.661538,3256.161538,3296.1,3299.630769,3268.038462,3294.130769,3272.669231
648.0993986,3242.661538,3258.730769,3277.661538,3258.661538,3245.961538,3268.8,3273.130769,3254.538462,3254.630769,3233.069231
648.2922509,3246.461538,3255.530769,3264.961538,3256.061538,3270.561538,3247.8,3267.730769,3240.938462,3261.130769,3245.069231
648.4850885,3231.361538,3209.730769,3222.461538,3221.061538,3238.461538,3263.9,3234.430769,3202.838462,3259.430769,3221.369231
648.6779114,3181.661538,3205.030769,3180.561538,3203.961538,3177.661538,3202.3,3205.730769,3188.838462,3188.230769,3179.469231
648.8707196,3190.161538,3191.830769,3144.461538,3189.361538,3167.061538,3187.3,3187.130769,3182.938462,3167.130769,3174.169231
649.063513,3193.961538,3181.030769,3164.461538,3131.161538,3152.061538,3151.6,3142.330769,3171.338462,3165.030769,3163.069231
649.2562917,3162.261538,3190.130769,3154.661538,3194.261538,3163.261538,3161,3183.630769,3180.438462,3168.130769,3144.769231
649.4490557,3155.161538,3144.330769,3149.461538,3130.961538,3132.161538,3138.8,3132.430769,3117.038462,3142.530769,3123.769231
649.641805,3103.761538,3140.030769,3105.861538,3117.361538,3108.361538,3102.5,3109.830769,3117.538462,3137.430769,3119.469231
649.8345395,3077.261538,3061.330769,3082.761538,3096.561538,3109.161538,3086.8,3079.830769,3087.538462,3085.330769,3087.369231
650.0272593,3095.861538,3083.230769,3084.261538,3066.061538,3085.961538,3104.1,3073.230769,3062.738462,3070.430769,3079.369231
650.2199643,3052.961538,3048.230769,3053.061538,3060.261538,3063.961538,3040,3044.830769,3050.738462,3068.430769,3062.969231
650.4126546,3047.861538,3054.430769,3035.961538,3017.161538,3029.361538,3050.2,3036.430769,3018.038462,3006.430769,3035.069231
650.6053301,3024.961538,3026.630769,3008.661538,3021.561538,3006.961538,3014.6,3026.530769,3016.638462,3029.730769,3018.869231
650.7979909,3040.761538,2996.130769,3001.061538,3017.561538,2997.261538,3029.4,3025.030769,3010.338462,3018.430769,3012.069231
650.990637,2989.861538,2971.330769,2976.261538,2961.661538,2976.761538,2984.9,2970.130769,2985.338462,2977.630769,2942.369231
651.1832683,2987.761538,2995.430769,3004.461538,2957.361538,2993.961538,2992.5,2964.130769,3000.238462,2978.730769,2980.069231
651.3758848,2940.261538,2961.430769,2938.461538,2939.761538,2933.861538,2951.6,2919.230769,2929.438462,2943.030769,2950.369231
651.5684866,2946.861538,2964.130769,2929.961538,2933.961538,2936.561538,2940.1,2938.730769,2911.838462,2950.430769,2948.469231
651.7610736,2910.261538,2885.230769,2936.461538,2926.861538,2892.861538,2923.9,2929.530769,2910.238462,2931.230769,2904.369231
651.9536459,2887.961538,2898.930769,2897.961538,2873.361538,2905.461538,2895.4,2907.830769,2905.338462,2921.530769,2897.869231
652.1462034,2885.761538,2871.530769,2863.361538,2883.261538,2898.661538,2888.6,2878.230769,2896.538462,2862.230769,2874.369231
652.3387461,2874.861538,2843.630769,2861.461538,2870.261538,2847.761538,2854,2853.330769,2881.638462,2858.030769,2861.369231
652.531274,2864.861538,2857.430769,2853.461538,2828.561538,2882.761538,2867.3,2859.430769,2845.638462,2837.630769,2839.769231
652.7237872,2801.761538,2803.230769,2823.561538,2822.961538,2808.461538,2814,2807.030769,2818.038462,2815.330769,2822.769231
652.9162856,2790.061538,2782.930769,2802.861538,2806.561538,2801.361538,2772.9,2780.030769,2770.038462,2771.230769,2773.069231
653.1087692,2805.461538,2787.230769,2781.361538,2803.861538,2784.761538,2810.8,2803.130769,2798.838462,2800.730769,2777.769231
653.3012381,2780.261538,2794.530769,2796.261538,2794.461538,2783.761538,2760.9,2764.330769,2778.738462,2787.930769,2770.369231
653.4936922,2772.061538,2773.130769,2758.361538,2788.061538,2768.661538,2770.3,2779.530769,2764.538462,2782.530769,2755.869231
653.6861314,2745.261538,2713.730769,2731.161538,2717.461538,2733.861538,2740.5,2737.930769,2705.438462,2722.830769,2724.169231
653.8785559,2748.861538,2732.130769,2736.161538,2747.461538,2722.761538,2738.9,2769.730769,2742.438462,2754.030769,2734.869231
654.0709656,2714.661538,2726.030769,2689.361538,2717.261538,2704.761538,2727,2690.930769,2690.738462,2722.130769,2684.469231
654.2633605,2674.861538,2680.230769,2695.661538,2682.261538,2687.061538,2685.8,2677.930769,2704.338462,2685.530769,2678.069231
654.4557406,2674.361538,2690.130769,2713.461538,2702.661538,2696.961538,2673.1,2707.230769,2675.338462,2690.630769,2673.769231
654.648106,2647.161538,2657.630769,2644.161538,2668.561538,2659.561538,2679.9,2690.830769,2664.438462,2658.130769,2661.169231
654.8404565,2629.861538,2611.230769,2637.461538,2633.661538,2620.561538,2621.2,2621.530769,2613.738462,2645.630769,2630.569231
655.0327922,2622.361538,2627.530769,2612.061538,2623.361538,2629.561538,2638.9,2623.930769,2625.238462,2602.530769,2625.969231
655.2251131,2603.061538,2600.430769,2596.661538,2613.061538,2593.861538,2592,2586.430769,2594.638462,2611.030769,2618.269231
655.4174192,2591.761538,2590.130769,2585.461538,2598.561538,2577.661538,2610,2599.930769,2601.438462,2593.930769,2591.169231
655.6097105,2556.461538,2562.030769,2575.361538,2583.861538,2597.861538,2581.8,2578.830769,2572.538462,2565.030769,2597.369231
655.801987,2582.261538,2552.630769,2580.161538,2547.861538,2597.861538,2601.5,2561.530769,2571.938462,2564.830769,2553.569231
655.9942487,2546.661538,2540.930769,2530.561538,2557.361538,2546.661538,2532.7,2542.830769,2532.038462,2535.330769,2525.169231
656.1864955,2548.161538,2529.930769,2538.361538,2570.161538,2527.761538,2562.8,2548.130769,2551.938462,2551.430769,2541.269231
656.3787276,2519.961538,2502.330769,2507.761538,2513.161538,2529.261538,2543.2,2503.830769,2501.738462,2525.130769,2509.369231
656.5709448,2495.661538,2520.030769,2508.061538,2517.361538,2496.761538,2515.1,2536.230769,2487.238462,2513.030769,2498.069231
656.7631472,2483.761538,2481.730769,2480.461538,2475.661538,2482.261538,2484.5,2500.130769,2476.438462,2518.230769,2490.369231
656.9553348,2488.761538,2456.930769,2459.061538,2470.061538,2483.761538,2453.2,2468.730769,2476.538462,2492.730769,2464.469231
657.1475075,2460.461538,2479.830769,2444.161538,2454.861538,2433.561538,2454.1,2466.730769,2473.138462,2482.030769,2461.669231
657.3396654,2442.961538,2428.530769,2450.561538,2440.161538,2432.961538,2462.4,2449.330769,2423.038462,2427.130769,2420.269231
657.5318085,2398.661538,2415.430769,2426.261538,2404.161538,2414.961538,2416.3,2433.730769,2429.638462,2390.630769,2424.369231
657.7239367,2405.761538,2402.830769,2407.261538,2401.761538,2381.761538,2407.9,2395.630769,2396.738462,2396.330769,2402.469231
657.9160501,2395.061538,2399.530769,2391.061538,2406.161538,2403.061538,2379.6,2399.230769,2418.938462,2391.930769,2397.669231
658.1081487,2373.261538,2392.430769,2386.561538,2393.861538,2411.661538,2380.9,2394.630769,2387.838462,2369.930769,2375.769231
658.3002324,2348.061538,2354.130769,2380.761538,2360.961538,2351.261538,2372.9,2381.930769,2363.038462,2377.830769,2365.769231
658.4923013,2366.361538,2337.330769,2369.961538,2353.861538,2358.261538,2346.1,2383.830769,2351.338462,2356.330769,2364.669231
658.6843553,2323.961538,2335.930769,2329.161538,2315.461538,2340.961538,2314.4,2348.130769,2329.638462,2335.130769,2316.269231
658.8763945,2294.161538,2304.730769,2312.561538,2352.261538,2299.361538,2315,2318.530769,2320.538462,2333.130769,2288.469231
659.0684188,2307.961538,2304.530769,2295.461538,2302.361538,2301.361538,2319.9,2316.630769,2290.638462,2302.730769,2300.069231
659.2604283,2281.361538,2303.230769,2275.361538,2308.261538,2294.061538,2280.4,2287.030769,2273.638462,2301.130769,2273.069231
659.4524229,2274.861538,2275.330769,2302.361538,2298.261538,2288.161538,2300.1,2294.930769,2288.438462,2272.130769,2267.369231
659.6444026,2267.661538,2248.230769,2254.061538,2266.061538,2270.261538,2267.9,2280.030769,2246.638462,2278.630769,2248.569231
659.8363675,2233.161538,2244.230769,2246.861538,2235.061538,2221.861538,2253.8,2250.430769,2242.138462,2248.530769,2241.969231
660.0283175,2249.161538,2246.330769,2238.761538,2266.361538,2240.861538,2247,2254.130769,2245.138462,2238.830769,2241.769231
660.2202527,2201.461538,2207.930769,2220.361538,2195.661538,2212.461538,2208.2,2199.230769,2209.838462,2219.230769,2198.569231
660.412173,2182.761538,2181.230769,2186.261538,2201.261538,2209.661538,2198.9,2221.530769,2205.538462,2202.330769,2202.769231
660.6040784,2175.261538,2164.130769,2193.561538,2170.661538,2167.161538,2203.9,2187.430769,2192.938462,2201.230769,2172.769231
660.7959689,2176.161538,2193.730769,2179.861538,2189.961538,2186.861538,2177.7,2190.430769,2175.338462,2159.730769,2166.969231
660.9878446,2178.061538,2170.130769,2153.761538,2152.461538,2150.761538,2176.6,2154.030769,2169.738462,2167.830769,2162.669231
661.1797054,2144.061538,2148.130769,2149.661538,2145.361538,2151.361538,2144.1,2122.830769,2140.938462,2127.030769,2107.669231
661.3715513,2139.061538,2106.830769,2103.961538,2136.061538,2142.261538,2133.1,2134.230769,2114.438462,2118.230769,2133.569231
661.5633823,2135.661538,2129.530769,2134.861538,2142.261538,2124.061538,2148.5,2132.430769,2138.138462,2113.830769,2134.869231
661.7551985,2126.361538,2099.630769,2105.661538,2099.561538,2102.661538,2109.1,2093.330769,2104.938462,2116.930769,2101.769231
661.9469997,2092.761538,2132.230769,2106.761538,2103.661538,2099.961538,2110.2,2095.330769,2105.438462,2108.930769,2094.869231
662.1387861,2075.961538,2104.730769,2071.561538,2065.061538,2065.361538,2079.2,2111.030769,2075.838462,2065.930769,2078.869231
662.3305575,2066.961538,2078.330769,2074.061538,2049.761538,2050.061538,2075.8,2063.030769,2071.138462,2066.330769,2078.269231
662.5223141,2037.061538,2053.730769,2065.461538,2047.561538,2036.461538,2036.1,2072.830769,2056.238462,2050.930769,2042.169231
662.7140558,2012.161538,2051.530769,2021.561538,2031.261538,2038.361538,2037.8,2030.730769,2041.938462,2014.330769,2021.469231
662.9057825,2043.361538,2019.430769,2012.361538,2045.661538,2017.761538,2037.8,2042.230769,2010.838462,2028.830769,2008.469231
663.0974944,2036.961538,2018.330769,2021.861538,2012.461538,2028.461538,2028.5,2017.230769,2010.838462,2023.830769,1996.969231
663.2891913,2014.561538,2000.830769,2009.461538,1991.061538,2001.261538,1982.5,2002.230769,1984.438462,1982.830769,1989.769231
663.4808734,1988.761538,1989.730769,1993.561538,1972.661538,1972.361538,1963.1,1982.430769,1995.938462,1985.030769,1983.569231
663.6725405,1996.161538,1968.630769,1970.761538,1955.461538,1959.161538,1985.7,1975.730769,1977.438462,1992.930769,1969.669231
663.8641927,1949.261538,1945.430769,1953.461538,1939.061538,1976.361538,1940.5,1952.030769,1945.238462,1968.430769,1962.969231
664.0558301,1946.261538,1918.030769,1941.261538,1932.661538,1941.261538,1950.2,1942.830769,1968.238462,1960.230769,1942.269231
664.2474525,1936.961538,1954.330769,1946.961538,1918.461538,1919.461538,1956.9,1945.630769,1948.538462,1930.230769,1922.269231
664.4390599,1902.861538,1907.230769,1893.261538,1912.161538,1893.861538,1889.2,1902.230769,1872.038462,1906.030769,1893.069231
664.6306525,1905.161538,1908.630769,1905.361538,1890.061538,1902.861538,1920.6,1903.230769,1911.538462,1900.230769,1926.469231
664.8222301,1883.261538,1922.330769,1904.161538,1883.661538,1915.561538,1906.3,1894.330769,1915.038462,1883.530769,1890.769231
665.0137928,1887.461538,1861.930769,1880.761538,1900.261538,1890.161538,1887.4,1902.330769,1894.638462,1878.830769,1890.369231
665.2053406,1869.961538,1868.430769,1871.661538,1886.661538,1855.761538,1878.6,1876.630769,1884.338462,1866.830769,1875.969231
665.3968734,1856.361538,1850.730769,1855.061538,1854.261538,1857.161538,1857.8,1865.830769,1882.638462,1862.330769,1838.369231
665.5883913,1860.161538,1850.530769,1857.261538,1860.961538,1849.961538,1842.3,1876.330769,1831.638462,1847.430769,1854.569231
665.7798943,1848.261538,1841.830769,1840.961538,1827.861538,1818.861538,1851.2,1835.830769,1832.038462,1830.830769,1856.469231
665.9713823,1819.861538,1812.830769,1818.461538,1832.761538,1812.661538,1835.7,1833.530769,1835.038462,1832.430769,1822.069231
666.1628554,1805.861538,1826.430769,1806.461538,1818.461538,1815.661538,1829.3,1829.530769,1821.138462,1811.830769,1819.969231
666.3543135,1789.761538,1810.030769,1807.961538,1797.561538,1817.761538,1804.1,1814.330769,1788.838462,1820.930769,1795.769231
666.5457567,1792.061538,1773.430769,1784.861538,1808.461538,1785.261538,1781.3,1783.330769,1787.538462,1788.430769,1798.369231
666.7371849,1771.661538,1774.230769,1767.961538,1788.061538,1766.561538,1779.5,1773.530769,1775.438462,1786.830769,1768.669231
666.9285982,1773.461538,1787.330769,1757.761538,1741.661538,1762.261538,1766.2,1778.030769,1761.738462,1781.930769,1747.169231
667.1199966,1770.361538,1767.230769,1761.261538,1763.061538,1772.761538,1783,1774.930769,1777.938462,1755.330769,1759.069231
667.3113799,1769.961538,1731.230769,1733.061538,1746.861538,1752.861538,1743.3,1743.530769,1721.038462,1739.730769,1739.469231
667.5027484,1735.561538,1715.230769,1710.261538,1725.161538,1717.761538,1725.4,1711.630769,1726.238462,1739.530769,1708.369231
667.6941018,1725.261538,1735.830769,1735.261538,1713.461538,1710.261538,1714.2,1720.230769,1729.538462,1728.330769,1724.369231
667.8854403,1718.161538,1709.530769,1705.161538,1691.561538,1691.661538,1724,1720.730769,1696.838462,1713.930769,1709.869231
668.0767638,1688.461538,1700.730769,1671.661538,1680.161538,1713.861538,1700.8,1677.330769,1689.338462,1690.930769,1696.569231
668.2680724,1693.561538,1698.630769,1694.361538,1674.261538,1689.561538,1693.3,1676.730769,1689.538462,1694.130769,1663.769231
668.459366,1673.961538,1688.030769,1669.061538,1682.561538,1676.761538,1658.9,1678.730769,1678.638462,1683.130769,1666.669231
668.6506446,1681.761538,1655.830769,1680.961538,1652.161538,1660.861538,1666.7,1657.330769,1655.238462,1661.930769,1663.069231
668.8419082,1673.761538,1662.830769,1642.061538,1646.261538,1645.361538,1644.1,1667.330769,1649.338462,1642.330769,1657.869231
669.0331569,1642.161538,1656.430769,1634.861538,1635.461538,1624.861538,1651.1,1642.330769,1656.038462,1646.330769,1654.469231
669.2243906,1634.261538,1637.530769,1614.261538,1643.061538,1610.961538,1638.4,1633.530769,1620.438462,1619.430769,1623.569231
669.4156093,1622.061538,1628.530769,1620.761538,1638.261538,1624.061538,1639.4,1639.930769,1632.138462,1643.030769,1612.769231
669.606813,1611.261538,1606.730769,1605.761538,1605.161538,1613.361538,1640.3,1607.630769,1627.638462,1615.730769,1587.269231
669.7980017,1622.761538,1602.630769,1600.561538,1587.261538,1620.061538,1612.2,1590.530769,1599.138462,1610.830769,1591.569231
669.9891754,1599.161538,1606.330769,1587.561538,1607.961538,1590.961538,1616,1590.330769,1591.538462,1593.130769,1590.069231
670.1803342,1579.961538,1580.230769,1562.461538,1579.161538,1591.961538,1584.9,1584.330769,1575.238462,1583.330769,1559.169231
670.3714779,1556.861538,1578.330769,1575.761538,1546.361538,1569.061538,1586.6,1570.430769,1545.638462,1560.130769,1554.969231
670.5626067,1554.561538,1552.330769,1561.961538,1567.561538,1561.861538,1560.8,1542.830769,1559.038462,1564.930769,1557.869231
670.7537204,1562.861538,1542.930769,1553.561538,1541.561538,1541.861538,1560.8,1544.430769,1550.738462,1562.330769,1545.369231
670.9448192,1538.461538,1546.530769,1523.361538,1516.861538,1520.661538,1522.6,1531.030769,1544.638462,1527.830769,1537.169231
671.1359029,1500.361538,1532.930769,1537.661538,1514.261538,1546.761538,1534.6,1526.130769,1545.038462,1524.030769,1527.169231
671.3269717,1520.461538,1519.730769,1519.661538,1532.561538,1521.261538,1529.5,1527.630769,1524.838462,1511.130769,1520.269231
671.5180254,1501.261538,1517.430769,1510.861538,1493.661538,1484.961538,1521.8,1519.730769,1503.938462,1500.330769,1485.369231
671.7090641,1505.261538,1481.530769,1506.561538,1509.261538,1493.261538,1505.2,1508.930769,1507.238462,1491.130769,1507.969231
671.9000878,1496.861538,1507.330769,1490.261538,1508.961538,1495.161538,1497.3,1514.930769,1503.438462,1495.930769,1487.769231
672.0910965,1483.261538,1470.930769,1466.561538,1476.461538,1474.061538,1495.6,1481.630769,1483.538462,1471.030769,1486.169231
672.2820901,1471.261538,1457.630769,1456.761538,1475.061538,1456.861538,1471.8,1482.330769,1469.938462,1475.130769,1461.069231
672.4730688,1438.961538,1434.630769,1460.661538,1451.061538,1441.061538,1443.3,1467.430769,1445.738462,1449.330769,1449.869231
672.6640324,1470.861538,1452.330769,1473.161538,1456.361538,1435.461538,1445.4,1474.130769,1468.338462,1457.230769,1459.369231
672.854981,1450.861538,1447.230769,1426.661538,1452.261538,1434.661538,1432.6,1433.730769,1450.338462,1445.330769,1442.569231
673.0459145,1428.861538,1429.330769,1428.261538,1427.461538,1433.961538,1446.4,1449.530769,1409.438462,1443.330769,1425.969231
673.2368331,1442.461538,1432.630769,1426.361538,1441.761538,1438.261538,1418.3,1437.930769,1451.538462,1439.030769,1430.969231
673.4277366,1426.561538,1421.830769,1417.061538,1425.461538,1406.961538,1419.4,1412.230769,1431.938462,1402.430769,1432.269231
673.618625,1419.761538,1405.230769,1416.461538,1423.461538,1396.061538,1393.1,1425.530769,1402.138462,1404.830769,1402.169231
673.8094984,1393.761538,1386.430769,1391.661538,1361.461538,1392.661538,1377,1391.130769,1383.138462,1382.730769,1379.869231
674.0003568,1366.061538,1378.530769,1376.861538,1380.561538,1390.061538,1397.9,1375.830769,1388.238462,1389.830769,1404.269231
674.1912001,1364.161538,1360.730769,1375.861538,1381.761538,1387.461538,1402.4,1366.130769,1378.238462,1380.530769,1383.569231
674.3820284,1364.261538,1373.830769,1348.961538,1374.561538,1376.661538,1369.4,1356.830769,1371.038462,1382.730769,1349.969231
674.5728417,1359.961538,1356.230769,1361.061538,1356.961538,1361.561538,1359.1,1357.630769,1358.138462,1361.630769,1371.069231
674.7636399,1349.961538,1348.530769,1344.561538,1355.061538,1346.261538,1344.6,1351.130769,1354.838462,1356.330769,1328.669231
674.954423,1347.661538,1342.330769,1374.561538,1341.161538,1352.461538,1348.7,1348.530769,1343.938462,1365.030769,1345.569231
675.1451911,1337.761538,1339.630769,1336.461538,1335.761538,1328.361538,1317.9,1339.830769,1334.738462,1329.930769,1331.369231
675.3359441,1327.161538,1314.530769,1305.461538,1340.861538,1338.361538,1332.4,1315.530769,1320.038462,1318.230769,1313.769231
675.5266821,1313.861538,1316.730769,1323.061538,1319.561538,1318.461538,1312,1328.730769,1305.938462,1337.130769,1329.669231
675.717405,1322.161538,1306.530769,1305.961538,1325.961538,1320.761538,1323.5,1315.230769,1301.438462,1310.930769,1328.169231
675.9081128,1301.861538,1276.030769,1306.461538,1291.761538,1277.661538,1290.7,1287.130769,1292.738462,1294.030769,1289.869231
676.0988056,1282.761538,1293.030769,1281.461538,1310.561538,1277.761538,1304.9,1299.530769,1296.538462,1276.630769,1282.869231
676.2894833,1285.561538,1269.530769,1291.061538,1285.861538,1280.261538,1293.3,1284.930769,1282.338462,1296.230769,1278.869231
676.4801459,1280.261538,1267.630769,1253.861538,1259.661538,1254.761538,1273.1,1273.730769,1253.038462,1279.330769,1265.869231
676.6707934,1249.661538,1252.630769,1263.661538,1267.661538,1258.961538,1277.1,1278.030769,1253.938462,1264.830769,1253.669231
676.8614259,1251.061538,1268.530769,1269.861538,1253.761538,1254.861538,1267,1271.830769,1264.438462,1282.430769,1264.869231
677.0520433,1249.861538,1221.830769,1236.661538,1250.461538,1239.561538,1242.5,1258.130769,1224.238462,1246.430769,1238.469231
677.2426456,1211.461538,1221.030769,1227.061538,1219.061538,1230.761538,1219.9,1245.830769,1226.838462,1214.230769,1236.769231
677.4332328,1226.261538,1231.330769,1231.761538,1212.761538,1221.361538,1236.7,1244.730769,1221.238462,1236.030769,1230.869231
677.623805,1221.861538,1214.230769,1219.861538,1209.561538,1229.961538,1233.9,1235.230769,1232.638462,1220.930769,1226.469231
677.814362,1206.661538,1205.430769,1195.461538,1216.561538,1220.561538,1201.1,1223.230769,1226.738462,1216.530769,1216.469231
678.004904,1213.561538,1208.930769,1209.961538,1199.861538,1219.461538,1230.5,1218.130769,1212.538462,1208.230769,1212.869231
678.1954308,1195.961538,1194.630769,1206.361538,1200.761538,1192.361538,1179.1,1204.530769,1181.138462,1189.530769,1205.469231
678.3859426,1198.061538,1203.130769,1182.761538,1196.161538,1183.061538,1212.8,1196.230769,1189.038462,1189.930769,1186.569231
678.5764393,1175.061538,1183.330769,1191.961538,1163.761538,1188.461538,1184,1202.630769,1180.538462,1161.830769,1182.069231
678.7669208,1182.261538,1164.330769,1175.761538,1169.961538,1171.061538,1150.1,1179.230769,1168.438462,1180.430769,1185.469231
678.9573873,1180.761538,1152.130769,1177.461538,1159.461538,1170.161538,1156.6,1163.730769,1169.138462,1174.030769,1164.369231
679.1478387,1163.561538,1168.730769,1171.661538,1157.361538,1148.061538,1172,1161.830769,1171.638462,1162.130769,1155.369231
679.3382749,1136.561538,1151.530769,1147.061538,1143.161538,1156.561538,1166.3,1147.730769,1161.338462,1177.830769,1145.069231
679.528696,1156.561538,1150.530769,1135.061538,1142.861538,1142.361538,1150.5,1148.830769,1168.038462,1141.630769,1134.269231
679.7191021,1123.761538,1118.630769,1136.461538,1125.461538,1175.261538,1140.5,1142.130769,1133.438462,1124.230769,1136.669231
679.909493,1127.361538,1131.830769,1143.561538,1120.561538,1129.561538,1145.4,1157.530769,1144.238462,1146.430769,1131.469231
680.0998688,1135.761538,1123.930769,1125.361538,1119.261538,1114.961538,1136.3,1119.830769,1115.938462,1124.330769,1112.469231
680.2902294,1120.561538,1128.830769,1115.561538,1116.661538,1099.261538,1120.3,1123.530769,1119.738462,1136.930769,1109.569231
680.480575,1125.361538,1115.030769,1106.261538,1099.261538,1106.761538,1117.1,1118.130769,1117.938462,1105.830769,1116.869231
680.6709054,1095.461538,1103.030769,1094.861538,1096.561538,1096.761538,1084.6,1092.930769,1074.938462,1091.430769,1088.769231
680.8612207,1095.461538,1082.230769,1077.561538,1094.961538,1084.561538,1098.4,1080.830769,1073.938462,1085.330769,1095.869231
681.0515208,1074.361538,1072.030769,1089.561538,1086.461538,1089.161538,1083.3,1101.930769,1096.038462,1087.330769,1083.169231
681.2418058,1073.561538,1074.330769,1081.561538,1071.361538,1073.661538,1080.1,1081.530769,1085.638462,1075.430769,1077.469231
681.4320757,1066.161538,1073.830769,1070.061538,1077.361538,1090.761538,1088.1,1067.630769,1075.938462,1083.530769,1065.969231
681.6223305,1058.661538,1061.330769,1069.961538,1034.461538,1075.861538,1063.8,1053.030769,1056.938462,1067.330769,1062.269231
681.8125701,1067.861538,1050.930769,1070.761538,1057.261538,1063.261538,1052.4,1064.430769,1057.338462,1050.330769,1052.269231
682.0027946,1053.661538,1053.230769,1052.661538,1063.361538,1065.061538,1053.1,1039.330769,1040.738462,1037.830769,1055.769231
682.1930039,1041.361538,1025.630769,1016.661538,1031.261538,1018.761538,1039.6,1026.430769,1029.338462,1043.430769,1030.669231
682.3831981,1033.061538,1038.630769,1047.361538,1042.161538,1024.861538,1044,1055.130769,1037.638462,1049.630769,1057.469231
682.5733771,1035.261538,1015.730769,1036.761538,1037.661538,1029.661538,1039.4,1024.930769,1033.638462,1030.330769,1030.869231
682.763541,1029.361538,1025.330769,1028.561538,1019.561538,1014.261538,1017.1,1028.730769,1009.938462,1028.230769,1026.169231
682.9536897,1024.861538,999.1307692,1015.061538,1006.761538,1034.061538,1021.4,1024.730769,1015.738462,1017.130769,1014.569231
683.1438232,1012.561538,1027.430769,998.9615385,1006.561538,1006.361538,1009.6,1005.830769,1007.838462,1022.130769,1014.069231
683.3339416,1007.461538,1012.630769,997.0615385,994.9615385,994.9615385,1004.9,1000.830769,1004.338462,1025.230769,983.9692308
683.5240449,1000.061538,997.2307692,1003.661538,996.9615385,989.7615385,987.7,988.4307692,1005.138462,1002.130769,989.4692308
683.714133,992.5615385,1009.330769,988.7615385,993.4615385,995.7615385,987.8,999.4307692,1000.238462,991.9307692,991.3692308
683.9042059,973.3615385,979.4307692,973.4615385,990.4615385,978.9615385,972.3,990.0307692,979.2384615,979.0307692,965.5692308
684.0942636,1000.861538,977.8307692,983.8615385,985.8615385,966.4615385,987.8,973.0307692,968.7384615,991.4307692,982.4692308
684.2843062,969.8615385,979.5307692,979.5615385,972.7615385,986.1615385,974.2,961.7307692,967.7384615,969.2307692,981.9692308
684.4743336,966.0615385,965.2307692,973.9615385,978.2615385,968.8615385,982.4,968.9307692,960.6384615,974.7307692,966.8692308
684.6643458,934.2615385,957.2307692,970.6615385,949.8615385,957.1615385,962,971.7307692,954.6384615,967.6307692,972.8692308
684.8543428,951.3615385,956.4307692,949.1615385,953.4615385,956.4615385,955,956.4307692,945.2384615,940.7307692,950.6692308
685.0443247,936.7615385,954.3307692,950.9615385,947.2615385,945.1615385,950.6,944.4307692,943.8384615,935.9307692,951.4692308
685.2342914,942.3615385,944.0307692,927.6615385,925.6615385,939.2615385,924.2,930.6307692,931.3384615,929.0307692,932.9692308
685.4242428,950.3615385,943.6307692,936.4615385,940.3615385,946.3615385,928.5,932.4307692,945.3384615,926.7307692,938.4692308
685.6141791,921.6615385,923.3307692,926.7615385,931.5615385,933.2615385,941.5,928.8307692,922.3384615,929.8307692,915.8692308
685.8041003,941.4615385,937.6307692,918.5615385,906.0615385,901.4615385,927.1,922.1307692,918.7384615,924.4307692,929.7692308
685.9940062,921.2615385,921.7307692,928.0615385,922.8615385,904.2615385,920.5,915.1307692,921.8384615,916.7307692,904.1692308
686.1838969,912.7615385,916.5307692,905.7615385,928.4615385,922.6615385,927.5,917.7307692,921.1384615,905.8307692,914.4692308
686.3737724,898.4615385,908.9307692,900.6615385,895.8615385,894.5615385,903.3,902.2307692,900.7384615,891.5307692,903.6692308
686.5636327,891.7615385,900.3307692,909.0615385,890.6615385,903.5615385,906.7,910.6307692,900.5384615,899.7307692,876.3692308
686.7534778,890.0615385,906.2307692,889.1615385,875.1615385,882.5615385,892,895.6307692,902.9384615,904.8307692,875.8692308
686.9433077,865.9615385,859.1307692,876.1615385,881.7615385,878.1615385,884,865.7307692,860.4384615,897.8307692,879.9692308
687.1331224,884.2615385,882.9307692,884.9615385,864.9615385,888.8615385,882.5,866.5307692,882.1384615,880.9307692,872.8692308
687.3229219,864.3615385,876.6307692,878.6615385,857.9615385,880.1615385,878.2,863.2307692,891.0384615,863.8307692,880.9692308
687.5127062,875.8615385,864.8307692,867.0615385,870.5615385,869.3615385,857,875.5307692,873.1384615,860.7307692,851.6692308
687.7024753,869.2615385,851.1307692,874.6615385,863.5615385,868.3615385,864.1,865.0307692,869.7384615,873.3307692,865.2692308
687.8922291,862.7615385,845.7307692,856.9615385,846.4615385,850.2615385,848.9,843.1307692,848.8384615,853.3307692,866.1692308
688.0819678,851.8615385,844.9307692,861.0615385,834.8615385,831.3615385,847.6,841.9307692,866.0384615,857.6307692,852.0692308
688.2716912,845.1615385,829.2307692,841.1615385,841.9615385,853.0615385,838,849.2307692,857.3384615,838.5307692,841.8692308
688.4613993,840.3615385,837.2307692,851.4615385,836.5615385,832.4615385,851.4,837.4307692,851.5384615,846.1307692,853.8692308
688.6510923,847.5615385,825.8307692,841.8615385,828.7615385,837.5615385,825.1,831.8307692,824.1384615,829.2307692,833.9692308
688.84077,837.4615385,818.6307692,825.5615385,819.4615385,816.4615385,842.2,811.4307692,818.6384615,846.4307692,817.5692308
689.0304325,824.0615385,836.8307692,819.2615385,820.3615385,820.2615385,815.5,823.9307692,817.7384615,821.6307692,812.3692308
689.2200798,806.3615385,822.3307692,820.0615385,816.0615385,815.2615385,812.5,825.7307692,817.4384615,814.5307692,800.8692308
689.4097118,809.9615385,793.5307692,789.0615385,794.8615385,805.6615385,810,813.5307692,793.7384615,805.2307692,800.6692308
689.5993286,806.4615385,806.7307692,799.2615385,801.9615385,796.1615385,808.9,818.4307692,817.9384615,819.2307692,810.4692308
689.7889301,816.7615385,789.3307692,803.6615385,791.0615385,812.8615385,812.8,811.5307692,798.6384615,802.3307692,803.5692308
689.9785164,790.0615385,787.7307692,782.4615385,782.7615385,783.3615385,789.6,792.5307692,782.2384615,803.1307692,774.4692308
690.1680874,790.9615385,783.3307692,784.0615385,784.3615385,804.4615385,789.8,795.1307692,786.2384615,793.3307692,783.2692308
690.3576432,771.0615385,795.0307692,786.9615385,778.4615385,784.8615385,781.9,798.2307692,786.8384615,796.1307692,790.5692308
690.5471838,777.3615385,760.9307692,769.9615385,772.3615385,768.8615385,790.5,787.7307692,784.9384615,770.2307692,778.3692308
690.7367091,789.4615385,783.2307692,774.5615385,781.4615385,782.2615385,777.9,778.7307692,784.0384615,772.8307692,776.7692308
690.9262191,775.9615385,771.3307692,763.3615385,753.0615385,784.1615385,765.9,769.6307692,774.6384615,770.3307692,760.2692308
691.1157139,758.9615385,741.8307692,761.8615385,754.9615385,755.1615385,763.9,753.0307692,753.3384615,755.4307692,746.7692308
691.3051934,769.0615385,765.7307692,784.7615385,768.1615385,757.8615385,772.1,761.2307692,755.5384615,760.6307692,771.7692308
691.4946576,757.5615385,759.8307692,757.9615385,743.4615385,751.2615385,767.9,750.7307692,753.2384615,738.6307692,742.0692308
691.6841066,750.2615385,747.9307692,741.2615385,746.2615385,749.8615385,744.9,755.1307692,744.5384615,742.8307692,749.1692308
691.8735403,750.3615385,751.4307692,754.8615385,743.6615385,749.2615385,743.9,756.1307692,759.2384615,738.4307692,747.4692308
692.0629588,743.4615385,741.9307692,740.9615385,733.6615385,732.9615385,744,746.9307692,732.8384615,724.4307692,735.8692308
692.252362,729.9615385,755.2307692,739.4615385,736.7615385,729.7615385,748.2,742.3307692,736.4384615,729.0307692,731.5692308
692.4417499,729.9615385,719.9307692,738.6615385,721.2615385,728.7615385,721.9,727.0307692,731.8384615,738.6307692,726.0692308
692.6311225,729.3615385,726.9307692,734.1615385,714.4615385,722.6615385,718,727.5307692,732.9384615,733.2307692,717.8692308
692.8204798,717.1615385,729.0307692,723.5615385,710.8615385,719.1615385,710.8,716.3307692,720.1384615,720.1307692,720.7692308
693.0098219,692.8615385,712.0307692,705.0615385,719.1615385,730.8615385,712.6,716.9307692,722.1384615,707.7307692,713.7692308
693.1991486,719.3615385,701.4307692,712.4615385,710.0615385,705.7615385,718.6,725.6307692,714.9384615,709.2307692,704.9692308
693.3884601,699.8615385,711.5307692,698.0615385,701.5615385,688.9615385,697.3,699.3307692,706.7384615,702.4307692,685.5692308
693.5777563,704.6615385,704.5307692,698.2615385,687.8615385,683.6615385,699.5,701.9307692,695.9384615,701.7307692,681.1692308
693.7670372,684.3615385,705.5307692,700.1615385,720.0615385,705.9615385,699.3,705.6307692,703.8384615,695.8307692,703.7692308
693.9563028,699.7615385,687.4307692,684.8615385,688.7615385,682.7615385,684.7,682.4307692,690.9384615,678.3307692,694.2692308
694.1455531,692.4615385,682.8307692,681.1615385,704.5615385,683.8615385,688.9,697.9307692,690.1384615,689.4307692,681.4692308
694.3347881,674.0615385,672.5307692,678.4615385,679.9615385,682.9615385,684.5,685.0307692,688.4384615,683.4307692,667.3692308
694.5240078,674.6615385,688.8307692,691.8615385,686.5615385,681.7615385,666.5,680.6307692,680.5384615,672.6307692,679.3692308
694.7132122,680.6615385,666.5307692,672.7615385,667.0615385,673.3615385,680.3,669.1307692,687.0384615,666.9307692,661.0692308
694.9024013,662.8615385,663.6307692,677.0615385,676.0615385,669.2615385,679.6,663.8307692,668.3384615,655.9307692,661.2692308
695.0915751,665.2615385,680.1307692,669.2615385,671.1615385,667.5615385,665.9,678.5307692,669.1384615,674.9307692,650.6692308
695.2807336,645.4615385,648.6307692,653.8615385,651.5615385,666.1615385,649.2,660.3307692,649.4384615,659.2307692,646.2692308
695.4698768,651.9615385,667.7307692,659.1615385,647.0615385,640.4615385,669,650.8307692,662.8384615,650.3307692,649.2692308
695.6590046,637.0615385,644.7307692,643.2615385,654.1615385,659.6615385,653.8,644.9307692,657.0384615,635.3307692,645.6692308
695.8481171,646.5615385,642.8307692,653.7615385,634.5615385,646.0615385,638,652.8307692,637.1384615,623.1307692,639.3692308
696.0372143,635.9615385,644.6307692,634.9615385,654.3615385,641.0615385,646.3,646.2307692,641.0384615,640.7307692,639.3692308
696.2262962,638.2615385,635.2307692,646.0615385,618.9615385,628.7615385,628.1,641.2307692,641.4384615,640.8307692,625.5692308
696.4153627,642.5615385,640.7307692,620.7615385,645.6615385,636.2615385,635.5,645.5307692,637.0384615,614.9307692,633.8692308
696.604414,633.7615385,630.2307692,633.4615385,631.2615385,633.3615385,636.3,620.7307692,629.0384615,620.8307692,622.4692308
696.7934499,610.7615385,623.2307692,617.0615385,605.5615385,620.9615385,624.8,619.5307692,615.0384615,628.3307692,638.1692308
696.9824704,625.6615385,629.8307692,618.5615385,624.1615385,621.9615385,619.2,620.9307692,619.1384615,608.5307692,624.5692308
697.1714756,614.4615385,615.6307692,624.5615385,624.3615385,632.0615385,610.6,621.2307692,613.0384615,609.9307692,611.2692308
697.3604655,603.6615385,620.6307692,625.6615385,613.3615385,608.4615385,606.9,596.7307692,600.7384615,617.1307692,591.9692308
697.5494401,609.5615385,600.5307692,601.0615385,605.5615385,598.7615385,611.9,613.9307692,584.9384615,607.3307692,605.6692308
697.7383993,589.8615385,608.9307692,606.2615385,594.4615385,606.5615385,596.1,597.3307692,603.1384615,614.4307692,602.2692308
697.9273431,589.7615385,596.5307692,596.5615385,589.6615385,587.0615385,600.3,605.9307692,602.0384615,588.3307692,598.6692308
698.1162716,597.2615385,601.6307692,589.6615385,584.5615385,593.0615385,605.8,591.7307692,589.2384615,602.0307692,600.5692308
698.3051848,583.3615385,586.9307692,590.6615385,593.9615385,578.9615385,588.9,585.9307692,597.3384615,585.7307692,593.5692308
698.4940826,576.4615385,573.6307692,574.4615385,595.7615385,583.8615385,585.8,575.4307692,598.2384615,571.4307692,583.2692308
698.682965,589.6615385,586.2307692,586.9615385,589.4615385,586.0615385,575.4,584.3307692,586.9384615,581.7307692,581.6692308
698.8718321,584.2615385,576.3307692,578.5615385,586.9615385,574.3615385,583.3,588.7307692,567.2384615,582.0307692,567.5692308
699.0606838,575.2615385,574.9307692,581.0615385,562.1615385,571.6615385,565.4,570.0307692,582.0384615,560.0307692,561.5692308
699.2495202,579.8615385,573.3307692,575.5615385,571.8615385,568.6615385,577.1,565.2307692,557.5384615,565.7307692,571.4692308
699.4383412,558.5615385,570.3307692,565.4615385,571.3615385,565.4615385,570.1,576.5307692,570.2384615,563.8307692,576.9692308
699.6271468,566.2615385,561.3307692,565.0615385,551.3615385,572.0615385,568.9,555.4307692,574.7384615,542.5307692,547.2692308
699.8159371,575.0615385,560.4307692,560.6615385,556.9615385,546.8615385,567.4,570.1307692,554.6384615,565.4307692,561.5692308
700.004712,560.1615385,548.4307692,542.2615385,551.2615385,553.1615385,563.8,555.6307692,543.8384615,558.4307692,550.2692308
700.1934715,548.0615385,551.4307692,554.1615385,541.9615385,545.1615385,561.5,544.0307692,560.8384615,552.0307692,545.0692308
700.3822156,542.6615385,534.3307692,550.9615385,546.4615385,551.2615385,556.3,558.3307692,547.5384615,544.9307692,538.7692308
700.5709444,535.5615385,540.8307692,545.5615385,539.5615385,535.1615385,549.8,552.3307692,552.0384615,532.3307692,543.1692308
700.7596577,531.0615385,545.7307692,538.3615385,534.1615385,530.8615385,522.2,537.6307692,542.5384615,538.5307692,531.5692308
700.9483557,539.2615385,545.7307692,535.4615385,527.1615385,535.7615385,543.2,543.0307692,544.5384615,546.5307692,543.8692308
701.1370383,530.1615385,535.1307692,531.9615385,528.7615385,539.1615385,524.1,531.2307692,536.8384615,534.8307692,522.3692308
701.3257055,528.9615385,531.3307692,521.5615385,542.4615385,524.2615385,536.4,527.2307692,533.5384615,541.6307692,531.8692308
701.5143574,506.0615385,519.8307692,513.2615385,525.0615385,502.9615385,524.3,524.3307692,529.4384615,509.6307692,510.3692308
701.7029938,534.8615385,523.0307692,529.2615385,523.0615385,541.8615385,541.5,533.3307692,521.7384615,519.6307692,522.7692308
701.8916148,513.4615385,514.3307692,521.1615385,506.3615385,501.1615385,514,504.5307692,518.1384615,518.7307692,511.5692308
702.0802204,517.8615385,505.1307692,528.6615385,526.1615385,516.3615385,513.9,518.3307692,517.1384615,514.5307692,511.2692308
702.2688107,504.7615385,502.9307692,501.7615385,504.6615385,514.6615385,502.5,515.7307692,513.4384615,518.4307692,509.9692308
702.4573855,517.3615385,500.1307692,518.0615385,508.8615385,494.2615385,503.9,497.4307692,503.5384615,493.5307692,493.8692308
702.6459449,499.5615385,493.4307692,506.9615385,504.7615385,502.4615385,503.3,500.9307692,492.2384615,489.2307692,487.1692308
702.8344889,499.3615385,486.9307692,493.8615385,488.9615385,484.4615385,499.6,491.8307692,490.6384615,488.7307692,499.0692308
703.0230175,479.7615385,481.7307692,477.7615385,491.7615385,500.5615385,469.6,491.0307692,482.7384615,509.5307692,490.6692308
703.2115307,495.5615385,496.4307692,492.4615385,486.7615385,506.3615385,489.7,498.8307692,498.9384615,499.9307692,485.4692308
703.4000285,491.3615385,486.9307692,478.6615385,483.4615385,487.9615385,480.6,470.5307692,484.5384615,492.8307692,478.8692308
703.5885108,494.4615385,488.1307692,466.5615385,478.3615385,483.7615385,491.1,473.3307692,480.5384615,478.4307692,472.7692308
703.7769778,477.5615385,490.2307692,486.4615385,483.3615385,498.1615385,491.6,478.5307692,480.7384615,473.7307692,480.2692308
703.9654293,473.0615385,465.8307692,475.4615385,468.7615385,478.2615385,492.4,473.7307692,468.0384615,478.2307692,466.4692308
704.1538654,478.2615385,472.6307692,482.3615385,471.8615385,478.6615385,467.3,474.3307692,487.4384615,485.7307692,466.2692308
704.342286,472.0615385,477.4307692,476.1615385,473.6615385,458.1615385,454.5,480.0307692,478.7384615,472.7307692,459.6692308
704.5306913,464.1615385,448.2307692,458.5615385,468.6615385,460.7615385,459.9,467.9307692,460.9384615,466.1307692,461.9692308
704.719081,462.3615385,464.2307692,465.0615385,464.8615385,458.4615385,464.5,462.2307692,451.9384615,456.9307692,459.5692308
704.9074554,468.0615385,467.6307692,473.1615385,478.0615385,460.3615385,456.4,459.3307692,464.9384615,452.6307692,463.1692308
705.0958143,457.3615385,466.6307692,452.8615385,449.9615385,464.5615385,444.2,455.7307692,446.8384615,455.3307692,472.4692308
705.2841578,450.6615385,451.0307692,453.4615385,448.2615385,453.5615385,447,447.0307692,441.4384615,460.5307692,458.1692308
705.4724858,440.1615385,452.2307692,452.0615385,448.3615385,460.4615385,465.8,467.9307692,455.0384615,451.0307692,435.3692308
705.6607984,451.6615385,442.8307692,440.2615385,445.1615385,436.3615385,449.4,436.5307692,437.5384615,431.6307692,443.4692308
705.8490956,452.7615385,456.1307692,442.1615385,441.7615385,449.4615385,450.9,454.9307692,445.8384615,452.4307692,447.1692308
706.0373773,441.3615385,434.4307692,429.1615385,422.2615385,437.9615385,438.1,455.3307692,441.4384615,447.5307692,434.8692308
706.2256435,442.1615385,445.2307692,430.4615385,445.4615385,453.6615385,446.2,441.5307692,433.7384615,434.8307692,446.4692308
706.4138943,447.4615385,438.9307692,428.8615385,429.0615385,430.8615385,445.1,434.8307692,441.7384615,439.1307692,439.4692308
706.6021296,429.9615385,432.8307692,436.6615385,428.4615385,424.6615385,431.3,421.5307692,444.4384615,428.4307692,430.9692308
706.7903495,423.2615385,417.0307692,431.2615385,421.4615385,423.1615385,434.7,426.6307692,418.5384615,438.0307692,437.9692308
706.9785539,441.3615385,425.8307692,429.0615385,424.9615385,430.9615385,430.4,415.8307692,428.7384615,415.6307692,415.5692308
707.1667429,408.3615385,420.6307692,413.9615385,420.9615385,419.3615385,429.7,416.3307692,422.8384615,405.6307692,420.5692308
707.3549163,424.9615385,417.9307692,424.9615385,420.1615385,413.1615385,429.1,419.9307692,416.8384615,418.3307692,417.4692308
707.5430743,423.6615385,417.0307692,407.4615385,420.9615385,428.1615385,410.9,408.0307692,418.4384615,407.7307692,407.9692308
707.7312169,421.7615385,426.9307692,419.0615385,424.3615385,425.7615385,415.7,427.8307692,408.9384615,421.6307692,407.9692308
707.9193439,398.8615385,412.5307692,411.5615385,408.9615385,400.2615385,411.9,399.8307692,422.6384615,413.8307692,409.7692308
708.1074555,403.6615385,398.3307692,410.3615385,405.0615385,405.6615385,406.3,412.2307692,401.1384615,411.9307692,405.1692308
708.2955516,407.2615385,420.3307692,399.1615385,394.2615385,385.0615385,417.5,405.5307692,391.6384615,411.9307692,406.5692308
708.4836323,396.6615385,391.8307692,396.4615385,408.0615385,400.7615385,401.8,408.7307692,404.6384615,395.4307692,398.3692308
708.6716974,394.7615385,404.2307692,404.9615385,406.2615385,392.1615385,396.7,402.7307692,398.0384615,387.4307692,401.9692308
708.8597471,394.6615385,398.1307692,403.4615385,391.4615385,411.9615385,399.2,404.3307692,393.6384615,394.7307692,404.0692308
709.0477812,381.7615385,411.0307692,394.3615385,392.2615385,394.8615385,385.6,391.5307692,405.3384615,393.7307692,393.7692308
709.2357999,396.9615385,389.6307692,393.9615385,391.9615385,396.3615385,377.4,390.6307692,375.3384615,401.8307692,388.4692308
709.4238031,383.4615385,389.9307692,377.0615385,391.6615385,390.8615385,387.7,395.8307692,392.0384615,390.2307692,374.5692308
709.6117908,384.9615385,378.3307692,392.5615385,396.6615385,393.6615385,389.7,392.9307692,390.2384615,401.9307692,391.3692308
709.799763,363.5615385,389.8307692,374.5615385,388.9615385,373.0615385,374.2,384.3307692,390.5384615,377.8307692,379.5692308
709.9877197,381.1615385,375.0307692,381.7615385,373.2615385,385.4615385,371,366.6307692,382.2384615,367.4307692,372.4692308
710.1756609,373.2615385,378.3307692,377.1615385,380.5615385,378.9615385,373.3,372.3307692,383.5384615,376.2307692,370.9692308
710.3635865,383.2615385,387.5307692,379.5615385,370.5615385,375.6615385,387.2,373.9307692,380.6384615,377.5307692,378.6692308
710.5514967,372.5615385,359.7307692,366.3615385,370.8615385,366.2615385,369.4,374.8307692,365.8384615,387.6307692,348.7692308
710.7393914,378.2615385,389.6307692,379.5615385,369.8615385,369.3615385,382.9,359.1307692,361.6384615,383.6307692,350.0692308
710.9272705,360.9615385,364.2307692,374.1615385,358.0615385,350.6615385,361,374.8307692,369.5384615,369.5307692,365.0692308
711.1151342,368.3615385,362.5307692,362.8615385,372.6615385,351.7615385,369.1,375.5307692,368.8384615,363.5307692,362.1692308
711.3029823,366.2615385,362.5307692,356.3615385,348.6615385,364.1615385,365.8,364.1307692,361.6384615,356.3307692,360.3692308
711.4908149,367.6615385,356.1307692,364.0615385,366.3615385,362.2615385,355.4,368.5307692,354.6384615,376.3307692,358.3692308
711.678632,351.3615385,351.3307692,344.5615385,338.2615385,353.8615385,357.2,344.6307692,342.5384615,347.7307692,348.3692308
711.8664335,339.0615385,366.0307692,341.2615385,358.4615385,359.8615385,355.4,358.1307692,351.5384615,360.7307692,348.9692308
712.0542195,354.2615385,352.1307692,334.3615385,359.7615385,340.7615385,350.9,351.5307692,348.4384615,342.0307692,330.7692308
712.24199,356.7615385,342.5307692,350.3615385,348.7615385,337.1615385,345.1,343.8307692,343.0384615,344.8307692,335.1692308
712.429745,346.8615385,340.4307692,342.7615385,337.6615385,354.7615385,356.3,335.5307692,343.2384615,344.2307692,328.8692308
712.6174844,344.1615385,331.9307692,339.5615385,341.0615385,343.0615385,349.9,350.8307692,336.9384615,349.1307692,333.4692308
712.8052083,332.4615385,342.8307692,339.8615385,326.4615385,337.6615385,332.7,335.8307692,342.0384615,335.5307692,323.9692308
712.9929167,333.6615385,329.1307692,337.8615385,335.0615385,346.6615385,339.1,328.1307692,342.6384615,340.4307692,334.6692308
713.1806095,325.5615385,326.0307692,320.2615385,319.6615385,323.6615385,337.5,333.3307692,327.1384615,324.3307692,335.3692308
713.3682867,330.7615385,334.6307692,331.1615385,327.9615385,342.3615385,324.4,344.7307692,338.4384615,323.0307692,335.1692308
713.5559485,337.9615385,325.2307692,337.6615385,331.3615385,333.3615385,329.1,320.5307692,311.4384615,333.9307692,321.1692308
713.7435946,324.3615385,314.7307692,326.5615385,315.5615385,319.1615385,320.5,320.4307692,328.7384615,323.0307692,325.6692308
713.9312253,329.8615385,332.9307692,327.9615385,327.0615385,315.0615385,327.5,331.1307692,333.7384615,316.7307692,312.5692308
714.1188403,328.4615385,319.6307692,322.0615385,331.6615385,320.7615385,334.2,327.1307692,327.1384615,324.7307692,299.7692308
714.3064398,319.2615385,333.3307692,324.5615385,313.2615385,309.2615385,320.7,311.4307692,332.6384615,316.6307692,312.6692308
714.4940238,314.5615385,324.6307692,318.5615385,300.7615385,311.3615385,317,320.8307692,323.1384615,322.0307692,315.2692308
714.6815922,321.5615385,314.4307692,320.1615385,311.9615385,302.2615385,311.9,324.8307692,294.0384615,314.0307692,299.6692308
714.869145,315.9615385,316.1307692,311.4615385,300.7615385,309.7615385,317.3,323.1307692,313.4384615,310.5307692,311.8692308
715.0566823,305.1615385,328.2307692,297.1615385,305.3615385,299.2615385,306.9,315.7307692,309.4384615,310.8307692,307.3692308
715.244204,306.7615385,315.2307692,305.0615385,306.0615385,309.6615385,313.1,303.9307692,302.4384615,313.9307692,303.2692308
715.4317101,300.6615385,299.4307692,290.5615385,303.5615385,299.7615385,302.9,304.3307692,304.6384615,310.1307692,296.3692308
715.6192006,304.4615385,298.5307692,303.0615385,310.8615385,304.3615385,302.8,302.2307692,308.1384615,301.1307692,307.0692308
715.8066756,309.3615385,299.2307692,288.1615385,288.5615385,281.5615385,297.9,306.1307692,290.2384615,306.0307692,304.2692308
715.994135,294.4615385,289.2307692,296.8615385,292.3615385,285.1615385,301.1,308.8307692,308.1384615,295.6307692,306.3692308
716.1815788,283.0615385,282.4307692,283.4615385,283.7615385,276.8615385,294.9,289.6307692,278.4384615,292.8307692,292.3692308
716.369007,302.9615385,291.4307692,302.9615385,301.3615385,296.8615385,305.3,300.0307692,299.8384615,290.9307692,302.2692308
716.5564197,282.9615385,281.1307692,291.4615385,289.9615385,286.4615385,293.6,295.5307692,281.8384615,281.9307692,274.8692308
716.7438167,292.7615385,280.5307692,276.7615385,290.1615385,288.2615385,297,293.5307692,287.4384615,294.1307692,284.1692308
716.9311982,271.6615385,280.6307692,278.9615385,268.9615385,287.1615385,277.7,289.6307692,278.2384615,279.7307692,277.0692308
717.1185641,279.9615385,277.2307692,291.3615385,270.8615385,283.4615385,281.6,286.0307692,296.9384615,293.5307692,297.8692308
717.3059144,270.2615385,277.4307692,277.5615385,264.7615385,282.9615385,273.8,280.2307692,276.0384615,276.6307692,265.9692308
717.4932491,276.5615385,274.5307692,263.9615385,274.5615385,283.7615385,281.5,280.2307692,277.5384615,281.3307692,280.2692308
717.6805681,272.8615385,281.3307692,269.1615385,272.5615385,277.4615385,279.4,274.6307692,274.1384615,275.6307692,286.4692308
717.8678716,291.2615385,275.3307692,275.2615385,281.7615385,276.7615385,283.2,271.2307692,278.7384615,271.1307692,271.7692308
718.0551595,265.3615385,261.2307692,273.9615385,270.3615385,267.6615385,283.4,276.1307692,278.2384615,266.9307692,263.5692308
718.2424318,274.8615385,277.0307692,279.8615385,269.6615385,273.8615385,266,269.5307692,276.9384615,274.4307692,272.5692308
718.4296884,269.5615385,262.4307692,261.8615385,256.2615385,267.2615385,259.2,259.1307692,264.3384615,264.1307692,267.9692308
718.6169295,270.5615385,263.0307692,258.6615385,275.1615385,254.8615385,261.7,265.0307692,265.2384615,263.0307692,255.3692308
718.8041549,260.5615385,268.4307692,265.1615385,257.6615385,257.8615385,258.5,268.9307692,255.7384615,258.3307692,254.2692308
718.9913648,251.4615385,266.0307692,272.2615385,263.4615385,259.1615385,265.9,261.5307692,262.7384615,257.7307692,257.0692308
719.178559,263.7615385,270.9307692,251.2615385,243.3615385,275.1615385,258.5,265.7307692,257.2384615,265.0307692,253.2692308
719.3657375,256.3615385,265.8307692,254.7615385,252.5615385,270.7615385,255.5,246.8307692,250.8384615,262.1307692,247.2692308
719.5529005,258.4615385,253.7307692,253.8615385,250.3615385,254.8615385,242.8,256.2307692,250.4384615,253.4307692,251.7692308
719.7400478,249.1615385,256.8307692,248.0615385,243.8615385,247.1615385,257.6,248.6307692,249.6384615,254.8307692,262.1692308
719.9271795,246.8615385,242.3307692,249.7615385,248.6615385,239.3615385,249.7,240.3307692,244.4384615,236.6307692,243.5692308
720.1142956,253.8615385,244.7307692,245.3615385,248.7615385,252.4615385,243.8,252.4307692,253.1384615,235.2307692,246.3692308
720.301396,237.2615385,244.5307692,228.9615385,243.4615385,245.8615385,249.7,247.1307692,234.9384615,255.4307692,235.1692308
720.4884808,242.7615385,247.1307692,232.7615385,239.3615385,247.9615385,235.8,244.4307692,240.9384615,234.7307692,238.8692308
720.67555,240.5615385,242.8307692,236.8615385,234.6615385,239.2615385,238.3,239.1307692,235.5384615,244.5307692,237.2692308
720.8626035,260.7615385,244.0307692,241.5615385,236.9615385,240.7615385,237.3,251.8307692,247.2384615,253.0307692,238.0692308
721.0496414,240.1615385,235.1307692,233.6615385,229.0615385,223.9615385,235.3,231.1307692,233.4384615,243.5307692,237.3692308
721.2366636,238.9615385,244.7307692,244.3615385,238.2615385,250.7615385,244.9,240.4307692,230.7384615,230.7307692,230.8692308
721.4236702,223.7615385,235.4307692,231.3615385,236.2615385,230.9615385,236.3,238.7307692,229.7384615,237.3307692,225.7692308
721.6106611,228.6615385,246.4307692,240.6615385,239.3615385,230.1615385,229.8,237.2307692,239.6384615,240.4307692,235.3692308
721.7976364,227.1615385,225.3307692,220.8615385,220.9615385,219.6615385,217.1,230.5307692,229.7384615,218.6307692,225.6692308
721.984596,216.0615385,244.3307692,219.5615385,222.7615385,233.3615385,226,230.4307692,232.1384615,229.5307692,223.4692308
722.17154,219.3615385,226.4307692,221.0615385,216.4615385,216.9615385,213.9,219.6307692,219.8384615,225.8307692,222.8692308
722.3584683,223.3615385,212.6307692,216.6615385,214.1615385,219.6615385,231.9,222.9307692,239.2384615,236.5307692,219.2692308
722.5453809,228.8615385,219.0307692,216.9615385,214.3615385,225.2615385,232.5,214.3307692,213.3384615,215.3307692,219.0692308
722.7322779,225.8615385,227.4307692,236.2615385,210.6615385,228.5615385,217.3,208.4307692,211.2384615,230.2307692,214.9692308
722.9191592,222.5615385,217.2307692,218.0615385,215.2615385,232.5615385,216.4,214.4307692,211.6384615,217.7307692,205.6692308
723.1060249,219.6615385,216.6307692,225.6615385,211.5615385,215.9615385,220.1,215.9307692,227.9384615,225.0307692,213.3692308
723.2928749,216.8615385,220.7307692,215.1615385,210.8615385,219.5615385,207,209.3307692,208.3384615,221.3307692,226.2692308
723.4797091,216.6615385,218.8307692,221.6615385,210.5615385,219.2615385,215.2,220.6307692,215.8384615,213.6307692,214.3692308
723.6665278,220.5615385,217.8307692,204.1615385,208.5615385,196.2615385,210.9,204.5307692,224.8384615,204.9307692,198.6692308
723.8533307,225.4615385,200.9307692,201.8615385,213.1615385,208.2615385,212.5,214.7307692,207.8384615,212.2307692,204.6692308
724.040118,205.8615385,206.7307692,199.3615385,197.0615385,207.4615385,206.7,209.9307692,206.2384615,201.7307692,205.4692308
724.2268895,212.7615385,211.4307692,210.3615385,210.2615385,192.6615385,199.2,201.3307692,205.0384615,217.9307692,207.8692308
724.4136454,192.2615385,208.1307692,199.1615385,203.9615385,206.8615385,199.6,213.9307692,204.6384615,215.2307692,206.7692308
724.6003856,202.0615385,190.9307692,213.3615385,209.6615385,199.7615385,199.2,203.9307692,202.7384615,197.7307692,194.4692308
724.7871101,200.0615385,205.4307692,199.3615385,198.8615385,203.2615385,208.7,200.5307692,185.3384615,191.2307692,199.0692308
724.9738189,207.3615385,190.3307692,200.2615385,200.8615385,201.3615385,214.4,204.5307692,212.4384615,197.6307692,191.0692308
725.160512,193.8615385,201.5307692,194.6615385,189.1615385,190.9615385,194.7,204.0307692,195.5384615,193.0307692,194.1692308
725.3471895,188.4615385,199.6307692,201.7615385,200.4615385,194.7615385,198.1,190.7307692,189.2384615,196.1307692,203.3692308
725.5338512,196.6615385,197.4307692,196.5615385,182.6615385,196.4615385,190.6,191.5307692,183.2384615,205.5307692,181.6692308
725.7204972,193.2615385,196.7307692,204.5615385,199.1615385,194.0615385,199.9,190.9307692,201.5384615,200.6307692,197.4692308
725.9071275,188.2615385,186.9307692,196.8615385,190.9615385,193.4615385,190.7,193.7307692,199.0384615,194.3307692,184.3692308
726.0937421,198.9615385,196.6307692,198.1615385,201.9615385,200.6615385,194.3,204.1307692,200.5384615,196.1307692,188.8692308
726.280341,188.8615385,194.8307692,186.0615385,180.7615385,183.7615385,196.4,178.1307692,187.7384615,180.3307692,186.1692308
726.4669241,180.7615385,188.7307692,185.0615385,194.1615385,174.6615385,194.1,186.7307692,180.7384615,184.8307692,176.7692308
726.6534916,183.3615385,177.4307692,165.6615385,179.8615385,182.0615385,192.9,189.8307692,184.0384615,189.8307692,168.1692308
726.8400433,189.4615385,187.3307692,191.5615385,184.1615385,189.7615385,182.6,187.2307692,199.7384615,187.2307692,193.8692308
727.0265794,174.3615385,194.3307692,179.0615385,187.4615385,179.7615385,184.3,179.8307692,181.0384615,185.1307692,181.5692308
727.2130996,174.4615385,188.0307692,187.2615385,179.2615385,186.7615385,198.2,184.0307692,189.5384615,180.4307692,182.4692308
727.3996042,182.8615385,167.7307692,171.6615385,165.7615385,176.0615385,173.4,177.3307692,181.1384615,179.0307692,183.5692308
727.5860931,180.7615385,180.3307692,169.3615385,188.7615385,173.1615385,180.1,180.5307692,175.7384615,177.0307692,172.1692308
727.7725662,178.6615385,171.9307692,174.9615385,179.2615385,174.1615385,178.5,169.9307692,170.1384615,177.6307692,161.4692308
727.9590235,177.5615385,168.2307692,181.2615385,174.7615385,179.1615385,187,181.1307692,178.2384615,178.0307692,171.7692308
728.1454652,186.1615385,179.2307692,162.6615385,178.6615385,172.3615385,192.8,168.6307692,170.8384615,166.9307692,172.5692308
728.3318911,182.0615385,173.1307692,169.4615385,179.8615385,171.2615385,178.2,169.3307692,176.1384615,175.9307692,171.4692308
728.5183013,168.6615385,167.9307692,175.8615385,175.3615385,180.8615385,166.2,167.7307692,175.8384615,172.8307692,168.2692308
728.7046957,172.2615385,180.4307692,180.8615385,162.1615385,178.1615385,177.3,175.7307692,167.1384615,183.5307692,176.0692308
728.8910744,181.6615385,168.9307692,166.1615385,167.0615385,165.4615385,168.2,174.1307692,178.0384615,168.1307692,161.9692308
729.0774373,164.5615385,174.1307692,172.6615385,164.2615385,167.2615385,164.9,162.5307692,164.9384615,162.2307692,163.3692308
729.2637845,169.5615385,169.4307692,161.4615385,166.1615385,162.6615385,175.4,159.4307692,157.5384615,153.4307692,174.0692308
729.4501159,171.8615385,166.3307692,166.1615385,157.0615385,167.0615385,173.6,168.7307692,167.5384615,167.0307692,163.0692308
729.6364316,164.5615385,166.1307692,172.4615385,166.4615385,161.9615385,179.1,165.7307692,155.6384615,162.1307692,173.8692308
729.8227315,176.7615385,150.5307692,160.2615385,166.0615385,163.2615385,162.2,171.9307692,170.0384615,162.3307692,153.1692308
730.0090156,159.1615385,160.3307692,154.6615385,164.8615385,157.6615385,163.1,158.1307692,154.7384615,151.0307692,156.0692308
730.195284,160.2615385,169.1307692,170.8615385,145.1615385,168.9615385,167,159.5307692,168.0384615,168.2307692,147.4692308
730.3815367,161.4615385,174.0307692,155.6615385,155.3615385,151.8615385,156,150.5307692,147.8384615,150.8307692,153.2692308
730.5677735,149.5615385,156.1307692,158.6615385,157.0615385,159.9615385,159,159.2307692,169.6384615,158.4307692,156.8692308
730.7539946,162.7615385,143.9307692,160.5615385,154.6615385,153.2615385,149.8,161.7307692,157.4384615,152.4307692,157.1692308
730.9402,160.6615385,169.9307692,156.0615385,167.8615385,162.2615385,163.5,157.0307692,160.1384615,169.4307692,155.0692308
731.1263895,146.2615385,159.7307692,153.7615385,152.2615385,159.6615385,159,162.4307692,156.0384615,146.0307692,150.8692308
731.3125633,166.2615385,161.8307692,160.9615385,156.6615385,151.3615385,150.2,158.9307692,157.0384615,159.5307692,142.0692308
731.4987213,164.0615385,153.7307692,141.0615385,150.5615385,157.8615385,153.4,151.0307692,145.4384615,150.4307692,150.9692308
731.6848635,148.5615385,155.0307692,151.2615385,144.9615385,163.7615385,150.2,152.2307692,154.2384615,158.5307692,152.4692308
731.8709899,153.1615385,149.1307692,151.3615385,156.5615385,150.8615385,151.4,153.5307692,141.6384615,148.5307692,142.5692308
732.0571006,148.1615385,153.5307692,143.8615385,144.9615385,146.6615385,161.2,148.5307692,156.1384615,153.4307692,135.9692308
732.2431954,152.1615385,138.0307692,145.4615385,145.4615385,151.6615385,143.1,140.2307692,143.2384615,143.3307692,144.7692308
732.4292745,154.9615385,153.6307692,157.9615385,154.4615385,149.1615385,145.6,151.5307692,154.0384615,152.5307692,137.7692308
732.6153378,149.6615385,133.9307692,147.2615385,139.5615385,149.7615385,156.8,150.5307692,145.3384615,146.8307692,142.5692308
732.8013853,149.9615385,154.4307692,144.0615385,151.3615385,138.1615385,153.7,151.3307692,157.6384615,146.7307692,141.7692308
732.9874169,139.3615385,149.3307692,134.0615385,130.0615385,133.2615385,147.2,144.7307692,133.7384615,135.7307692,135.1692308
733.1734328,150.8615385,136.9307692,138.4615385,144.7615385,133.2615385,148.8,147.2307692,139.3384615,147.8307692,148.4692308
733.3594329,142.7615385,139.3307692,133.1615385,143.8615385,147.9615385,150.9,136.8307692,144.4384615,141.5307692,125.9692308
733.5454172,147.0615385,160.0307692,156.0615385,140.1615385,137.8615385,152.3,143.8307692,150.4384615,145.9307692,147.3692308
733.7313856,128.1615385,136.4307692,138.6615385,132.6615385,142.7615385,139.6,148.0307692,135.0384615,138.1307692,114.7692308
733.9173383,144.7615385,136.6307692,149.8615385,144.4615385,144.6615385,151.1,132.3307692,142.7384615,141.4307692,151.4692308
734.1032751,143.2615385,135.6307692,132.2615385,142.5615385,144.3615385,137.4,149.1307692,137.5384615,152.1307692,131.2692308
734.2891962,137.8615385,150.9307692,132.1615385,142.7615385,149.0615385,138.8,143.5307692,142.4384615,132.6307692,137.5692308
734.4751014,144.4615385,134.8307692,130.2615385,141.8615385,135.7615385,141.9,136.1307692,132.4384615,126.5307692,132.0692308
734.6609908,141.8615385,134.3307692,132.3615385,137.7615385,139.7615385,144.2,134.0307692,146.2384615,131.3307692,133.6692308
734.8468643,133.4615385,130.6307692,129.6615385,121.2615385,136.6615385,150.4,143.1307692,134.2384615,124.3307692,115.4692308
735.0327221,141.9615385,137.9307692,129.9615385,138.0615385,130.9615385,141.8,133.5307692,140.3384615,145.7307692,138.7692308
735.218564,142.0615385,132.5307692,122.4615385,139.2615385,138.2615385,130,136.2307692,132.2384615,124.5307692,118.7692308
735.4043901,141.8615385,131.6307692,131.3615385,140.2615385,134.5615385,132.4,132.5307692,138.9384615,137.6307692,130.3692308
735.5902003,139.6615385,135.1307692,133.2615385,120.4615385,133.0615385,122.4,138.9307692,125.1384615,132.8307692,121.3692308
735.7759947,130.1615385,129.2307692,137.7615385,127.9615385,133.3615385,130.2,128.9307692,118.7384615,121.9307692,123.2692308
735.9617733,129.7615385,134.2307692,121.0615385,131.4615385,123.1615385,125.3,132.2307692,135.2384615,123.7307692,122.9692308
736.1475361,135.3615385,127.9307692,124.0615385,126.4615385,141.1615385,137,131.0307692,141.1384615,128.0307692,132.5692308
736.333283,122.8615385,127.9307692,124.8615385,127.6615385,121.0615385,129,136.8307692,121.6384615,131.9307692,119.7692308
736.519014,132.2615385,130.3307692,140.3615385,137.3615385,139.6615385,116.8,125.6307692,123.3384615,131.9307692,119.6692308
736.7047293,122.4615385,120.7307692,135.0615385,121.3615385,133.3615385,122.9,117.2307692,113.4384615,125.0307692,120.4692308
736.8904286,129.6615385,132.5307692,127.1615385,119.1615385,121.9615385,129.5,126.4307692,135.8384615,130.7307692,123.8692308
737.0761121,129.9615385,105.1307692,126.4615385,125.0615385,122.2615385,120.7,122.6307692,121.9384615,127.3307692,107.3692308
737.2617798,123.6615385,121.1307692,128.7615385,119.6615385,128.2615385,120.9,132.2307692,125.9384615,119.0307692,128.3692308
737.4474316,119.3615385,126.7307692,125.8615385,109.0615385,122.0615385,128.7,122.8307692,127.2384615,122.1307692,118.1692308
737.6330675,121.4615385,128.3307692,114.6615385,121.1615385,124.5615385,133.2,134.7307692,123.1384615,117.5307692,118.1692308
737.8186876,114.9615385,124.6307692,124.8615385,108.2615385,114.9615385,119.3,123.4307692,135.6384615,121.7307692,120.0692308
738.0042918,126.2615385,136.4307692,123.7615385,114.5615385,120.2615385,119.2,136.2307692,122.7384615,129.0307692,110.0692308
738.1898802,122.0615385,112.9307692,112.1615385,109.4615385,130.4615385,125.8,119.7307692,127.2384615,109.9307692,114.5692308
738.3754527,121.7615385,125.0307692,127.1615385,123.7615385,115.1615385,113.6,124.5307692,120.4384615,127.4307692,112.5692308
738.5610093,118.3615385,112.8307692,122.8615385,117.9615385,113.1615385,128.3,118.2307692,111.9384615,123.7307692,112.4692308
738.74655,111.9615385,117.8307692,118.5615385,115.7615385,116.0615385,121,123.3307692,129.0384615,116.0307692,102.7692308
738.9320749,115.3615385,121.3307692,115.2615385,116.1615385,111.8615385,104.5,123.7307692,113.4384615,106.2307692,111.8692308
739.1175839,124.4615385,125.4307692,122.0615385,120.4615385,120.5615385,122.6,133.9307692,121.5384615,118.1307692,111.4692308
739.303077,113.7615385,106.1307692,104.8615385,107.3615385,108.3615385,119.6,111.7307692,112.0384615,109.5307692,109.9692308
739.4885542,118.2615385,114.3307692,121.5615385,120.7615385,113.8615385,120.2,122.7307692,115.5384615,119.0307692,112.4692308
739.6740156,99.06153846,106.8307692,103.9615385,115.1615385,106.2615385,109.8,108.2307692,107.4384615,112.5307692,109.7692308
739.859461,109.1615385,118.1307692,110.2615385,114.5615385,122.2615385,111.2,108.7307692,101.9384615,116.8307692,111.6692308
740.0448906,113.4615385,115.3307692,117.8615385,102.8615385,111.2615385,110.8,112.9307692,110.4384615,111.2307692,124.7692308
740.2303043,117.7615385,122.4307692,107.7615385,110.5615385,105.0615385,117.7,114.2307692,120.8384615,115.0307692,102.7692308
740.4157021,99.86153846,92.53076923,115.0615385,106.5615385,109.2615385,104.8,116.6307692,108.8384615,110.9307692,111.8692308
740.6010839,102.6615385,112.0307692,108.1615385,119.4615385,118.5615385,106,109.0307692,116.2384615,106.8307692,110.0692308
740.7864499,113.4615385,108.5307692,116.5615385,93.26153846,105.4615385,102.8,103.7307692,113.7384615,113.5307692,92.66923077
740.9718,111.7615385,107.9307692,87.46153846,105.2615385,102.3615385,113.5,111.8307692,108.6384615,108.8307692,106.1692308
741.1571342,102.8615385,104.5307692,104.0615385,103.2615385,104.0615385,110.6,108.8307692,103.1384615,104.9307692,95.46923077
741.3424524,107.6615385,101.3307692,106.3615385,91.96153846,100.1615385,103.1,112.7307692,105.2384615,102.0307692,109.5692308
741.5277548,110.4615385,99.73076923,105.9615385,100.9615385,98.76153846,106.3,102.8307692,108.0384615,110.1307692,83.66923077
741.7130412,107.9615385,105.6307692,112.3615385,111.6615385,109.3615385,114.6,103.2307692,110.1384615,110.7307692,108.3692308
741.8983118,103.0615385,92.43076923,110.7615385,94.66153846,114.7615385,105.8,107.8307692,106.3384615,97.23076923,94.36923077
742.0835664,96.66153846,108.2307692,109.0615385,98.36153846,117.5615385,98,109.8307692,89.83846154,100.2307692,111.6692308
742.2688051,86.76153846,106.0307692,96.76153846,91.86153846,102.9615385,107.6,105.0307692,102.4384615,105.9307692,94.56923077
742.4540279,112.0615385,104.8307692,99.86153846,98.46153846,104.6615385,97,111.7307692,101.5384615,100.7307692,99.46923077
742.6392347,108.2615385,86.13076923,107.4615385,93.86153846,86.96153846,104.6,102.3307692,97.33846154,103.4307692,95.46923077
742.8244256,111.9615385,102.3307692,101.0615385,101.6615385,104.6615385,95.1,100.6307692,98.23846154,100.6307692,103.8692308
743.0096006,91.36153846,105.7307692,100.9615385,98.16153846,100.5615385,90.7,100.5307692,89.83846154,100.5307692,90.56923077
743.1947597,104.2615385,101.6307692,97.76153846,96.16153846,100.5615385,104.2,115.8307692,114.0384615,110.9307692,102.2692308
743.3799028,84.86153846,101.1307692,99.16153846,95.76153846,94.16153846,109,98.43076923,97.13846154,94.13076923,106.8692308
743.56503,101.4615385,90.63076923,93.76153846,100.3615385,99.66153846,103.6,109.8307692,97.13846154,96.83076923,105.6692308
743.7501413,90.76153846,103.0307692,99.06153846,87.66153846,102.9615385,104.4,99.03076923,98.43846154,92.53076923,87.96923077
743.9352366,100.5615385,99.13076923,103.3615385,107.5615385,94.46153846,100.8,91.43076923,103.7384615,95.83076923,95.36923077
744.120316,100.0615385,101.0307692,96.06153846,96.16153846,101.8615385,111.9,95.83076923,98.53846154,93.23076923,91.36923077
744.3053794,106.4615385,99.43076923,82.56153846,92.06153846,103.2615385,98.6,101.3307692,100.7384615,98.23076923,93.16923077
744.4904269,98.76153846,95.63076923,97.36153846,91.66153846,98.86153846,98.6,101.8307692,96.93846154,84.13076923,92.56923077
744.6754584,89.06153846,91.03076923,95.36153846,101.9615385,95.66153846,97.7,99.33076923,93.23846154,99.73076923,95.06923077
744.860474,89.36153846,109.6307692,96.96153846,82.26153846,87.76153846,101,95.63076923,81.93846154,88.63076923,79.16923077
745.0454736,95.46153846,102.2307692,97.26153846,97.26153846,102.0615385,96.3,97.93076923,102.9384615,95.43076923,92.76923077
745.2304573,91.76153846,90.33076923,83.46153846,93.86153846,90.26153846,105.2,101.3307692,81.03846154,110.4307692,80.86923077
745.415425,97.66153846,94.83076923,99.36153846,101.9615385,103.7615385,95.3,104.0307692,97.13846154,103.4307692,85.16923077
745.6003768,94.96153846,100.2307692,90.56153846,79.66153846,89.16153846,91.7,92.43076923,81.73846154,89.53076923,93.96923077
745.7853125,90.56153846,91.53076923,95.66153846,101.6615385,97.86153846,92.2,93.73076923,98.23846154,110.4307692,73.56923077
745.9702323,97.86153846,97.13076923,99.46153846,89.96153846,96.06153846,90.9,95.63076923,97.53846154,97.03076923,89.06923077
746.1551362,85.76153846,85.93076923,96.36153846,93.46153846,93.26153846,89.1,104.9307692,95.93846154,91.33076923,95.76923077
746.3400241,96.26153846,100.5307692,86.16153846,85.16153846,85.76153846,87.3,81.53076923,87.63846154,85.83076923,76.06923077
746.524896,86.96153846,104.2307692,90.16153846,82.96153846,84.66153846,104.7,81.13076923,91.23846154,84.23076923,80.66923077
746.7097519,96.56153846,96.13076923,90.26153846,87.66153846,93.36153846,89.1,81.23076923,96.73846154,91.73076923,92.46923077
746.8945918,92.86153846,86.63076923,95.76153846,89.96153846,93.76153846,86.9,86.93076923,84.33846154,85.43076923,79.56923077
747.0794158,80.56153846,98.13076923,80.56153846,100.0615385,79.66153846,82.3,93.53076923,80.33846154,67.53076923,84.96923077
747.2642237,88.06153846,91.93076923,85.96153846,87.06153846,88.46153846,95.2,89.03076923,86.03846154,90.53076923,81.66923077
747.4490157,84.96153846,94.63076923,82.16153846,86.66153846,94.86153846,92.3,96.93076923,90.73846154,95.03076923,82.06923077
747.6337917,97.16153846,89.03076923,100.0615385,83.76153846,100.6615385,91.1,90.43076923,81.43846154,89.73076923,81.96923077
747.8185517,87.76153846,80.53076923,96.86153846,91.76153846,72.66153846,73.5,74.73076923,87.13846154,80.33076923,87.06923077
748.0032957,73.16153846,86.73076923,79.16153846,85.36153846,95.66153846,85.8,100.8307692,86.93846154,88.33076923,86.16923077
748.1880238,78.56153846,81.93076923,81.86153846,78.96153846,75.96153846,84.4,82.43076923,85.13846154,80.03076923,77.96923077
748.3727358,92.76153846,99.63076923,86.36153846,66.56153846,94.56153846,96.4,89.33076923,90.23846154,85.63076923,84.36923077
748.5574318,82.16153846,79.63076923,94.06153846,78.06153846,77.26153846,76.8,82.73076923,86.03846154,87.93076923,77.26923077
748.7421118,92.26153846,83.23076923,91.46153846,76.46153846,77.96153846,82.5,82.73076923,93.63846154,90.63076923,79.46923077
748.9267758,79.96153846,78.63076923,77.56153846,84.26153846,80.46153846,82.5,72.33076923,81.53846154,82.23076923,75.66923077
749.1114238,82.16153846,86.93076923,86.26153846,68.26153846,87.66153846,83.9,85.73076923,81.73846154,90.13076923,84.16923077
749.2960558,68.96153846,87.93076923,74.36153846,62.96153846,84.06153846,88.5,86.63076923,78.03846154,72.03076923,73.66923077
749.4806718,89.06153846,82.93076923,87.46153846,89.96153846,84.86153846,83.8,78.63076923,86.03846154,80.43076923,77.36923077
749.6652717,80.46153846,75.33076923,63.26153846,73.16153846,69.76153846,81.1,87.93076923,68.23846154,74.23076923,82.76923077
749.8498557,75.46153846,69.83076923,76.56153846,74.96153846,86.56153846,77.8,82.23076923,84.83846154,81.53076923,81.56923077
750.0344236,78.06153846,74.03076923,77.46153846,71.46153846,74.06153846,76.3,89.13076923,81.63846154,73.23076923,75.06923077
750.2189755,77.06153846,86.83076923,81.46153846,77.26153846,91.56153846,81.9,81.63076923,70.33846154,83.23076923,82.76923077
750.4035114,73.76153846,80.83076923,85.86153846,72.16153846,80.36153846,69.7,74.33076923,79.33846154,69.23076923,67.86923077
750.5880312,85.96153846,86.33076923,75.96153846,68.46153846,75.36153846,83.4,82.83076923,75.43846154,76.33076923,79.16923077
750.772535,76.16153846,73.73076923,66.36153846,68.86153846,65.46153846,89.7,82.23076923,73.23846154,70.43076923,82.86923077
750.9570228,77.06153846,85.63076923,77.36153846,72.16153846,78.56153846,89.4,79.63076923,77.33846154,73.23076923,80.06923077
751.1414946,73.66153846,79.03076923,72.96153846,74.66153846,78.66153846,76.1,68.23076923,81.23846154,70.63076923,67.16923077
751.3259503,87.26153846,77.43076923,85.26153846,79.56153846,75.06153846,78.8,76.73076923,68.03846154,70.03076923,66.46923077
751.5103899,78.46153846,74.93076923,73.56153846,62.36153846,62.86153846,77,85.23076923,61.73846154,57.63076923,63.26923077
751.6948136,75.16153846,73.53076923,78.36153846,70.36153846,76.56153846,88.6,78.63076923,80.33846154,81.73076923,72.76923077
751.8792211,73.36153846,75.33076923,76.56153846,67.06153846,75.26153846,75.7,72.83076923,72.23846154,74.93076923,76.06923077
752.0636127,76.16153846,71.43076923,79.96153846,64.46153846,76.16153846,76.1,78.13076923,73.13846154,76.23076923,65.16923077
752.2479882,71.46153846,74.83076923,71.36153846,81.06153846,73.96153846,73.9,68.43076923,66.63846154,75.63076923,71.26923077
752.4323476,68.46153846,81.83076923,80.36153846,86.26153846,86.16153846,76.9,75.03076923,83.43846154,69.63076923,82.06923077
752.616691,79.46153846,77.63076923,76.76153846,68.66153846,81.26153846,76.3,68.23076923,74.03846154,66.83076923,72.26923077
752.8010183,79.96153846,65.03076923,69.66153846,66.66153846,77.46153846,73.3,75.03076923,74.63846154,79.63076923,64.06923077
752.9853296,65.66153846,72.53076923,61.46153846,60.76153846,68.06153846,63.6,60.33076923,72.33846154,61.03076923,69.56923077
753.1696248,66.56153846,76.13076923,69.06153846,76.16153846,73.86153846,77.1,73.73076923,83.03846154,67.23076923,77.06923077
753.3539039,71.06153846,70.43076923,67.86153846,60.76153846,63.46153846,65.4,69.63076923,71.33846154,72.83076923,65.16923077
753.538167,68.06153846,71.23076923,70.76153846,70.86153846,70.46153846,78.9,81.93076923,74.73846154,73.03076923,73.76923077
753.722414,65.46153846,71.13076923,59.76153846,66.96153846,74.46153846,62.1,64.73076923,59.03846154,53.53076923,59.96923077
753.9066449,62.16153846,78.73076923,69.86153846,71.66153846,74.36153846,70.6,63.13076923,74.33846154,69.13076923,73.06923077
754.0908598,62.36153846,68.23076923,60.26153846,67.16153846,73.96153846,68.8,78.23076923,70.33846154,54.63076923,56.26923077
754.2750586,69.76153846,66.13076923,68.76153846,71.86153846,65.76153846,73.2,71.13076923,69.73846154,74.13076923,68.56923077
754.4592413,67.56153846,70.23076923,64.06153846,62.06153846,73.86153846,63.6,66.53076923,64.63846154,71.53076923,66.46923077
754.6434079,67.76153846,56.93076923,60.36153846,65.06153846,71.76153846,68,62.23076923,74.43846154,71.03076923,65.26923077
754.8275584,64.36153846,62.33076923,53.96153846,61.86153846,70.66153846,66,66.83076923,62.33846154,67.53076923,63.16923077
755.0116929,71.36153846,72.53076923,60.96153846,71.96153846,69.76153846,68,72.53076923,78.33846154,75.13076923,69.46923077
755.1958112,66.66153846,58.73076923,64.56153846,69.46153846,62.96153846,53,63.63076923,58.53846154,58.33076923,68.56923077
755.3799135,58.36153846,77.73076923,73.06153846,63.16153846,59.16153846,67.1,72.13076923,67.53846154,57.93076923,65.56923077
755.5639997,70.66153846,61.73076923,53.76153846,64.86153846,63.96153846,59.5,59.13076923,64.13846154,64.53076923,58.86923077
755.7480698,66.26153846,63.03076923,68.26153846,66.26153846,62.56153846,77.7,62.15384615,68.23846154,59.93076923,70.26923077
755.9321238,69.96153846,66.73076923,61.86153846,62.86153846,67.36153846,68.9,65.73076923,64.03846154,59.13076923,55.26923077
756.1161617,68.66153846,60.23076923,62.56153846,59.36153846,60.06153846,69.7,69.53076923,60.33846154,71.03076923,71.56923077
756.3001834,62.66153846,66.13076923,63.56153846,60.06153846,56.66153846,53.9,58.43076923,65.03846154,66.23076923,58.96923077
756.4841891,58.16153846,70.43076923,68.16153846,66.56153846,74.46153846,75.9,59.03076923,70.53846154,63.43076923,56.66923077
756.6681787,69.46153846,58.73076923,72.06153846,61.16153846,61.36153846,60.6,69.73076923,62.23846154,60.43076923,61.96923077
756.8521522,68.16153846,55.23076923,63.06153846,56.06153846,66.16153846,61.9,53.33076923,62.03846154,67.63076923,52.56923077
757.0361095,62.26153846,65.43076923,62.96153846,63.56153846,47.26153846,61.6,59.93076923,63.23846154,56.73076923,55.36923077
757.2200507,60.36153846,61.53076923,62.36153846,60.36153846,66.16153846,67.7,68.03076923,64.63846154,63.33076923,58.26923077
757.4039759,55.96153846,54.83076923,54.56153846,56.46153846,66.66153846,56.3,49.63076923,45.23846154,62.96153846,63.06923077
757.5878849,65.16153846,70.63076923,62.16153846,57.86153846,63.06153846,60.8,67.83076923,69.43846154,57.23076923,53.86923077
757.7717777,69.46153846,58.13076923,77.36153846,59.36153846,59.46153846,54.5,58.73076923,62.83846154,61.33076923,56.56923077
757.9556545,69.96153846,55.03076923,67.96153846,61.96153846,62.46153846,62.8,59.43076923,56.53846154,67.33076923,61.36923077
758.1395151,63.76153846,58.13076923,47.06153846,69.16153846,64.96153846,60.2,86.73076923,49.63846154,62.13076923,56.06923077
758.3233596,62.26153846,59.53076923,58.56153846,59.06153846,53.36153846,64.8,50.83076923,61.23846154,58.93076923,47.39230769
758.507188,59.86153846,65.63076923,70.76153846,59.76153846,43.86153846,60.3,52.13076923,51.93846154,59.23076923,46.16923077
758.6910002,59.96153846,54.53076923,54.26153846,61.46153846,72.16153846,49,61.13076923,52.23846154,60.43076923,49.46923077
758.8747963,60.46153846,58.73076923,68.36153846,52.96153846,53.96153846,60.3,63.13076923,51.8,65.33076923,51.16923077
759.0585763,56.76153846,47.08461538,59.56153846,49.26153846,62.16153846,60.2,69.73076923,59.33846154,48.23076923,49.96923077
759.2423401,62.66153846,57.33076923,50.46153846,52.76153846,58.66153846,55.4,56.03076923,61.53846154,50.13076923,58.76923077
759.4260877,66.56153846,67.93076923,65.06153846,68.26153846,66.46153846,67.3,61.73076923,59.43846154,48.93076923,46.26923077
759.6098193,56.36153846,52.03076923,57.36153846,50.96153846,58.56153846,64.6,58.33076923,71.63846154,62.63076923,49.46923077
759.7935346,54.56153846,42.23076923,52.26153846,50.86153846,67.56153846,61.3,57.43076923,66.93846154,67.43076923,63.76923077
759.9772339,54.56153846,59.03076923,50.56153846,66.96153846,65.66153846,60.1,58.23076923,59.83846154,42.23076923,32.83076923
760.1609169,61.26153846,71.23076923,54.86153846,58.86153846,65.66153846,68.1,66.73076923,71.93846154,61.43076923,59.56923077
760.3445838,64.26153846,60.63076923,62.56153846,57.26153846,54.56153846,63.1,58.83076923,59.43846154,64.83076923,40.46923077
760.5282346,60.46153846,70.33076923,59.56153846,66.76153846,55.66153846,66,71.33076923,53.03846154,58.13076923,54.09230769
760.7118692,45.76153846,47.43076923,50.06153846,48.36153846,52.46153846,59,51.44615385,41.73846154,54.23076923,53.26923077
760.8954876,59.26153846,47.33076923,59.06153846,56.06153846,66.46153846,51.2,65.63076923,67.13846154,61.43076923,53.66923077
761.0790899,58.06153846,62.43076923,48.96153846,55.36153846,64.36153846,57.4,44.23076923,49.23846154,66.13076923,57.10769231
761.262676,52.96153846,68.03076923,55.36153846,47.76153846,63.26153846,54.9,51.93076923,57.93846154,53.73076923,40.56923077
761.4462459,53.76153846,56.13076923,49.36153846,43.76153846,45.86153846,53.8,53.73076923,48.53846154,47.03076923,60.16923077
761.6297997,53.86153846,57.43076923,64.76153846,51.46153846,59.16153846,60.8,51.43076923,65.23846154,51.6,44.46923077
761.8133373,58.06153846,46.73076923,46.26153846,54.76153846,38.66153846,54,52.03076923,55.43846154,49.33076923,48.16923077
761.9968587,52.86153846,56.13076923,40.86153846,51.86153846,61.66153846,62,57.03076923,58.33846154,63.03076923,49.96923077
762.1803639,45.76153846,59.55384615,54.36153846,54.36153846,50.16153846,65.5,51.33076923,53.43846154,51.33076923,50.96923077
762.3638529,59.46153846,64.63076923,64.56153846,60.76153846,66.06153846,65.5,59.73076923,54.23846154,63.13076923,42.26923077
762.5473258,52.26153846,51.33076923,51.66153846,40.96923077,53.56153846,53.3,50.83076923,46.73846154,57.83076923,47.06923077
762.7307825,57.76153846,64.93076923,49.56153846,53.36153846,53.66153846,49.8,61.93076923,48.63846154,48.63076923,60.96923077
762.9142229,41.76153846,45.53076923,56.76153846,48.36153846,49.56153846,51.7,56.73076923,54.03846154,37.93076923,43.46923077
763.0976472,52.46153846,62.23076923,50.06153846,41.66153846,54.66153846,45.6,67.93076923,55.53846154,66.33076923,49.46923077
763.2810553,49.86153846,52.73076923,49.56153846,50.06153846,48.66153846,46.6,45.44615385,49.93846154,53.93076923,48.86923077
763.4644472,57.36153846,51.73076923,57.26153846,50.76153846,48.96153846,52.5,61.63076923,51.83846154,54.53076923,58.16923077
763.6478229,51.86153846,51.13076923,59.46153846,43.46153846,44.86153846,47.8,58.03076923,53.23846154,43.83076923,51.46923077
763.8311824,49.96153846,33.93076923,63.06153846,50.76153846,52.06153846,62.4,61.83076923,57.63846154,43.43076923,47.06923077
764.0145257,50.16153846,40.43076923,48.76153846,55.06153846,51.36153846,58.4,55.53076923,43.73846154,45.63076923,38.09230769
764.1978528,55.36153846,68.93076923,46.66153846,58.76153846,58.46153846,55.2,47.13076923,58.83846154,48.43076923,47.96923077
764.3811636,43.48461538,59.93076923,48.26153846,44.16153846,50.36153846,47.9,51.23076923,47.53846154,39.23076923,34.96923077
764.5644583,56.26153846,56.23076923,46.36153846,57.36153846,46.06153846,42.4,54.53076923,47.03846154,52.53076923,55.46923077
764.7477367,48.66153846,41.73076923,45.36153846,51.26153846,50.26153846,41.6,56.63076923,36.13846154,40.43076923,40.16923077
764.930999,60.16153846,51.43076923,43.66153846,56.06153846,52.66153846,63.6,50.75384615,47.73846154,46.33076923,61.56923077
765.114245,49.46153846,52.73076923,35.66153846,51.66153846,35.66153846,45.6,48.53076923,52.03846154,42.83076923,45.21538462
765.2974748,55.66153846,51.43076923,58.66153846,60.36153846,47.86153846,65.2,51.40769231,40.13846154,46.53076923,54.96923077
765.4806884,55.66153846,56.13076923,48.06153846,45.36153846,41.36153846,33.5,43.33076923,42.63846154,45.23076923,40.56923077
765.6638857,51.86153846,54.43076923,50.96153846,48.26153846,51.06153846,55,51.53076923,45.73846154,51.53076923,47.26923077
765.8470668,47.06153846,50.43076923,44.26153846,35.76923077,43.26153846,51.4,47.5,53.63846154,42.66153846,55.06923077
766.0302317,57.76153846,53.03076923,54.46153846,54.36153846,56.86153846,55.5,53.63076923,48.23846154,57.53076923,50.46923077
766.2133803,49.86153846,53.43076923,37.76153846,36.26153846,50.06153846,43.7,39.13076923,43.73846154,48.13076923,45.26923077
766.3965128,49.36153846,50.63076923,51.96153846,61.16153846,37.46153846,56,61.03076923,46.03846154,59.73076923,54.36923077
766.5796289,47.96153846,43.73076923,44.36153846,45.06153846,37.4,44.9,50.53076923,50.13846154,36.23076923,40.46923077
766.7627289,48.46153846,49.83076923,49.16153846,58.56153846,58.56153846,61.1,61.03076923,50.83846154,47.43076923,52.66923077
766.9458126,48.36153846,53.93076923,40.66153846,53.16153846,50.26153846,48.9,37.73076923,38.53846154,52.73076923,47.56923077
767.12888,52.86153846,41.33076923,56.26153846,48.76153846,44.96153846,53.2,51.73076923,42.23846154,54.33076923,56.26923077
767.3119312,40.76153846,38.83076923,43.36153846,45.36153846,42.16153846,55.6,39.13076923,44.93846154,37.53076923,42.96923077
767.4949662,50.26153846,54.93076923,45.56153846,47.46153846,53.26153846,46.7,53.33076923,46.83846154,52.33076923,43.66923077
767.6779849,44.86153846,43.83076923,43.54615385,44.95384615,33.26153846,50.3,48.33076923,45.63846154,36.56153846,35.06923077
767.8609873,48.86153846,46.13076923,46.36153846,42.86153846,46.16153846,35.4,53.03076923,45.83846154,53.23076923,56.96923077
768.0439735,48.46153846,55.93076923,55.26153846,45.26153846,45.46153846,51.2,50.33076923,47.73846154,47.33076923,44.96923077
768.2269434,54.06153846,47.73076923,50.96153846,50.86153846,50.16153846,54.1,59.73076923,57.03846154,35.86153846,46.46923077
768.4098971,44.86153846,46.23076923,41.16153846,38.46153846,37.06153846,47.3,64.13076923,45.03846154,44.83076923,37.16923077
768.5928345,45.26153846,51.83076923,50.76153846,54.56153846,46.16153846,41.8,55.93076923,69.33846154,55.73076923,50.36923077
768.7757556,48.76153846,41.33076923,40.26153846,45.86153846,47.76153846,43.4,36.63076923,40.83846154,50.23076923,30.86923077
768.9586605,47.26153846,42.43076923,41.76153846,53.66153846,46.16153846,48.8,50.43076923,49.53846154,53.63076923,44.46923077
769.141549,49.96153846,44.23076923,50.56153846,34.26153846,57.76153846,59.3,44.63076923,42.03846154,37.53076923,38.26923077
769.3244214,41.96153846,52.43076923,52.66153846,47.56153846,48.16153846,49,38.13076923,54.73846154,52.63076923,44.26923077
769.5072774,50.16153846,41.03076923,51.26153846,45.55384615,44.96153846,44.1,49.93076923,41.93076923,43.63076923,50.36923077
769.6901172,53.36153846,50.33076923,56.26153846,48.26153846,44.36153846,39.7,46.53076923,45.83846154,46.36153846,52.76923077
769.8729406,45.06153846,38.83076923,47.96153846,42.26153846,40.16153846,46.9,41.93076923,34.43846154,47.03076923,49.46923077
770.0557478,47.16153846,47.43076923,52.66153846,52.86153846,57.56153846,50.3,42.53076923,45.13846154,50.23076923,43.46923077
770.2385387,44.56153846,43.33076923,35.66153846,43.76153846,39.66153846,53.8,49.03076923,46.53846154,42.63076923,53.36923077
770.4213133,52.16153846,46.83076923,40.56153846,40.86153846,52.16153846,48.2,46.43076923,47.83846154,37.93076923,48.16923077
770.6040717,44.96153846,43.53076923,44.56153846,47.46153846,45.46153846,46.5,48.63076923,47.73846154,47.95384615,39.6
770.7868137,47.56153846,48.73076923,42.56153846,41.36153846,41.36153846,39.9,48.93076923,46.83846154,41.83076923,44.56923077
770.9695394,43.66153846,45.63076923,48.76153846,36.46153846,47.16153846,46.2,45.43076923,43.46153846,50.53076923,34.76923077
771.1522489,45.16153846,52.52307692,38.96153846,32.76153846,49.76153846,45.2,57.03076923,47.63846154,43.93076923,45.06923077
771.334942,42.26153846,45.73076923,35.76153846,47.26153846,37.86153846,53.5,48.43076923,43.23846154,43.53076923,40.56923077
771.5176188,53.26153846,40.43076923,43.56153846,39.96153846,30.96153846,47.5,51.63076923,48.73846154,52.23076923,40.26923077
771.7002794,45.56153846,43.93076923,41.16153846,45.16153846,54.06153846,41.1,40.83076923,46.83846154,46.3,50.66923077
771.8829236,47.06153846,46.13076923,55.96153846,41.76153846,53.16153846,48.1,52.13076923,49.13846154,48.13076923,47.86923077
772.0655515,46.46153846,52.83076923,39.16153846,48.76153846,40.26153846,36.09230769,49.63076923,34.93846154,45.73076923,33.86923077
772.2481631,56.96153846,48.53076923,36.56153846,44.06153846,52.76153846,52.1,49.73076923,50.33846154,51.33076923,39.50769231
772.4307584,37.66153846,49.73076923,45.26153846,43.36153846,49.56153846,34.72307692,50.53076923,45.73846154,39.73076923,30.86923077
772.6133373,55.26153846,45.93076923,43.96153846,44.46153846,46.96153846,50.8,43.53076923,42.13846154,62.63076923,50.36923077
772.7959,44.26153846,35.53076923,43.36153846,39.96153846,40.66153846,37,39.43076923,44.93846154,42.73076923,40.66923077
772.9784463,38.96923077,46.03076923,42.16153846,48.36153846,37.36153846,51,46.6,41.93846154,39.73076923,44.06923077
773.1609763,42.26153846,47.33076923,39.36153846,31.26153846,36.66153846,38.3,36.73076923,38.93846154,37.93076923,37.86923077
773.34349,43.46923077,51.73076923,48.36153846,58.76153846,48.46153846,48.7,45.93076923,49.33846154,40.86153846,53.96923077
773.5259873,43.16153846,36.93076923,43.96153846,39.66153846,47.06153846,47.3,42.43076923,36.54615385,39.95384615,29.79230769
773.7084683,45.76153846,45.53076923,39.16153846,45.26153846,48.66153846,38.2,41.83076923,39.63846154,38.53076923,44.76923077
773.890933,32.26153846,41.93076923,40.07692308,32.26153846,36.16153846,35.48461538,45.46923077,43.93846154,40.93076923,32.56923077
774.0733813,41.06153846,45.03076923,46.42307692,36.06153846,44.06153846,44.9,45.53076923,42.03846154,48.23076923,30.76923077
774.2558133,45.16153846,34.03076923,32.66153846,48.66153846,43.46153846,34,38.03076923,37.63846154,38.73076923,22.7
774.4382289,46.4,45.43076923,44.86153846,45.66153846,46.96153846,50.1,44.03076923,46.03846154,43.43076923,52.74615385
774.6206282,36.36153846,38.33076923,32.06153846,31.86153846,32.56153846,52.5,34.43076923,41.43846154,39.53076923,33.96923077
774.8030112,50.46153846,45.73076923,44.76153846,46.76153846,50.26153846,45.9,50.53076923,54.33846154,43.93076923,39.56923077
774.9853778,42.76153846,51.03076923,28.16153846,31.96153846,51.16153846,42.2,45.03076923,42.23846154,33.13076923,39.6
775.1677281,43.16153846,47.33076923,42.66153846,50.26153846,43.16153846,50.3,49.13076923,35.73846154,52.33076923,42.76923077
775.350062,33.26153846,35.03076923,40.02307692,33.72307692,36.66153846,40.8,39.43076923,28.14615385,28.08461538,36.80769231
775.5323795,40.08461538,39.13076923,46.16153846,50.16153846,47.56153846,44.6,47.53076923,51.83846154,40.43076923,34.66923077
775.7146807,32.07692308,46.63076923,30.67692308,40.76153846,38.46153846,46.9,39.63076923,34.33846154,40.73076923,38.46923077
775.8969655,44.46153846,50.53076923,40.76153846,38.66153846,41.56153846,34.8,36.03076923,39.74615385,45.33076923,29.86923077
776.079234,34.56153846,50.63076923,33.36153846,39.76153846,37.34615385,41.7,39.03076923,33.93846154,43.63076923,41.06923077
776.2614861,39.46153846,40.43076923,33.96153846,47.56153846,38.96153846,40.1,45.13076923,33.23846154,44.73076923,41.56923077
776.4437218,34.56153846,28.73076923,41.26153846,31.76153846,33.96153846,40.8,35.63076923,44.13846154,27.6,36.46923077
776.6259412,46.66153846,44.53076923,32.36153846,43.46153846,39.33846154,38.8,36.83076923,33.63846154,34.53076923,40.46923077
776.8081442,29.66153846,40.93076923,24.97692308,25.00769231,29.96153846,42.8,38.93076923,23.86153846,36.03076923,35.91538462
776.9903308,46.06153846,33.3,33.16153846,35.66153846,39.84615385,42.4,38.23076923,30.43846154,47.93076923,36.06923077
777.172501,36.66153846,45.43076923,30.06153846,27.86153846,31.96153846,42.5,47.63076923,45.43846154,37.45384615,27.46153846
777.3546548,33.96153846,47.1,49.06153846,39.96923077,46.12307692,41.40769231,47.53076923,38.43846154,38.73076923,36.36923077
777.5367923,35.56153846,31.53076923,33.26153846,36.69230769,36.36153846,27.31538462,39.53076923,43.23846154,23.96153846,31.16923077
777.7189134,36.96153846,34.43076923,32.63076923,43.76153846,41.26153846,48.5,46.63076923,37.73846154,37,29.46923077
777.9010181,42.16153846,32.13076923,37.86153846,31.46923077,29.76153846,38.42307692,46.03076923,42.33846154,32.46153846,32.99230769
778.0831064,39.02307692,32.03076923,41.66153846,36.96153846,43.44615385,38.5,36.15384615,35.03846154,40.63076923,31.19230769
778.2651783,33.06153846,34.83076923,38.16153846,36.46153846,38.36153846,33.4,27.53076923,37.93846154,32.13076923,38.46923077
778.4472338,50.56153846,49.63076923,31.86153846,32.36153846,36.96153846,38.2,40.73076923,23.23846154,46.23076923,37.26923077
778.6292729,37.26153846,32.63076923,27.21538462,39.85384615,24.04615385,37.4,28.33076923,35.23846154,38.83076923,27.12307692
778.8112956,34.36153846,47.13076923,41.26153846,41.76153846,40.36153846,30.7,38.03076923,32.33846154,41.83076923,33.86923077
778.9933019,41.16153846,36.93076923,28.76153846,29.4,28.26153846,31.2,38.73076923,26.80769231,48.03076923,33.66923077
779.1752918,33.76153846,49.93076923,32.52307692,36.40769231,34.36153846,42.6,34.00769231,44.83846154,41.73076923,30.31538462
779.3572653,35.86153846,38.03076923,33.92307692,27.13846154,41.96153846,40.9,33.66923077,29.93846154,24.03846154,21.46923077
779.5392224,40.76153846,36.80769231,31.66153846,27.96153846,43.16153846,42.8,36.83076923,30.83846154,28.86153846,35.93076923
779.7211631,34.78461538,34.68461538,24.66153846,33.96923077,28.86153846,36.2,32.33076923,26.23846154,31.03076923,21.96923077
779.9030874,37.86153846,33.6,46.76153846,25.96153846,43.06153846,39.4,38.23076923,38.43846154,30.23076923,33.46923077
780.0849952,35.06153846,36.83076923,41.22307692,31.06153846,26.88461538,32.13076923,36.13076923,39.73846154,40.4,30.76923077
780.2668866,40.16153846,30.93076923,32.76153846,27.86153846,35.13076923,31.7,29.24615385,38.43846154,29.43076923,32.89230769
780.4487617,31.76153846,30.35384615,31.96153846,25.06153846,34.77692308,31.2,29.03076923,26.09230769,30.23076923,26.7
780.6306202,30.96153846,35.53076923,30.46153846,39.76153846,35.36153846,37.9,50.69230769,37.93846154,39.55384615,20.40769231
780.8124624,24.36153846,41.33076923,36.03076923,31.46153846,38.16153846,38.4,21.74615385,37.33846154,34.75384615,28.86923077
780.9942881,43.66153846,38.03076923,34.66153846,40.56153846,31.96153846,33.58461538,42.33076923,29.23846154,46.23076923,48.16923077
781.1760974,39.76153846,27.32307692,36.16153846,26.36153846,33.36153846,24.4,35.93076923,28.63846154,18.09230769,23.19230769
781.3578903,35.16153846,25.32307692,41.56153846,41.26153846,20.66153846,31.6,39.53076923,41.53846154,30.13076923,26.41538462
781.5396667,29.66153846,37.73076923,30.76153846,18.36153846,26.46153846,38,33.33076923,26.26153846,20.56153846,19.44615385
781.7214267,44.26153846,38.13076923,32.92307692,28.36153846,33.16153846,36.5,36.03076923,34.5,31.15384615,37.36923077
781.9031702,17.56153846,32.03076923,34.70769231,24.5,27.51538462,21.26923077,36.73076923,35.24615385,27.63076923,24.09230769
782.0848973,31.06153846,31.62307692,32.33846154,23.66153846,28.46153846,39.8,30.2,45.22307692,34.95384615,26.86923077
782.266608,30.16153846,26.05384615,35.46153846,27.56153846,31.86153846,36.4,29.16923077,30.83846154,34.03076923,27.26923077
782.4483022,33.8,32.03076923,30.66153846,34.56153846,24.74615385,28.08461538,29.46923077,45.63846154,27.73076923,21.60769231
782.6299799,32.06153846,34.13076923,29.5,33.36153846,32.36153846,33.38461538,34.23076923,21.4,26.73076923,24.80769231
782.8116412,24.66153846,31.33076923,32.76153846,35.03076923,24.04615385,39,41.13076923,34.53846154,36.83076923,27.36923077
782.9932861,35.96153846,24.98461538,25.42307692,28.56153846,35.46153846,27.00769231,26.13076923,33.53846154,27.83076923,25.20769231
783.1749145,31.06153846,31.6,32.66153846,40.76153846,41.06153846,37.9,26.66923077,32.83846154,32.93076923,42.46923077
783.3565264,25.18461538,39.23076923,25.34615385,20.87692308,25.36153846,23.1,29.83076923,31.9,25.26153846,18.32307692
783.5381218,36.26153846,24.53076923,39.56153846,35.36153846,34.36153846,31.13846154,32.73076923,30.22307692,35.86153846,40.26923077
783.7197008,28.46153846,29.93076923,34.32307692,27.15384615,16.58461538,28.21538462,30.12307692,24.33846154,23.26153846,22.69230769
783.9012634,35.26153846,27.43076923,34.96153846,26.36923077,32.88461538,29.90769231,30.03076923,31.96153846,27.93076923,32.62307692
784.0828094,36.26153846,27.98461538,17.59230769,23.26153846,33.4,20.98461538,29.2,33.63846154,34.83076923,25.81538462
784.264339,28.6,33.23076923,36.46153846,33.36153846,35.96153846,29.9,38.33076923,27.86153846,28.03076923,26.39230769
784.4458521,22.46153846,27.78461538,30.76153846,24.76153846,29.86153846,28.1,31.86923077,28.06923077,19.93076923,27.82307692
784.6273488,27.26153846,36.1,32.46153846,30.46153846,30.74615385,25.2,28.23846154,27.2,27.73076923,22.76153846
784.8088289,26.26153846,36.13076923,21.54615385,19.55384615,28.88461538,29.31538462,26.36923077,30.26153846,34.03076923,27.8
784.9902926,27.26153846,24.63846154,29.60769231,23.86923077,30.26153846,30.8,33.43076923,23.8,26.18461538,21.16923077
785.1717398,26.86153846,20.62307692,38.36153846,33.36153846,25.16153846,21.80769231,40.43076923,32.26153846,22.80769231,19.19230769
785.3531705,32.26153846,44.83076923,21.82307692,31.86153846,23.98461538,30.33076923,31.36923077,24.3,30.16153846,27.86923077
785.5345847,12.27692308,27.39230769,32.83076923,27.36153846,22.47692308,25.10769231,26.57692308,30.24615385,18.98461538,22.76923077
785.7159824,30.36153846,29.09230769,23.36153846,24.69230769,31.26153846,29.6,28.66923077,31.46153846,28.66153846,23.46923077
785.8973636,29.68461538,24.51538462,23.57692308,18.41538462,25.74615385,34.9,30.23076923,17.67692308,22.96153846,31.10769231
786.0787284,36.16153846,42.53076923,26.86153846,28.31538462,15.1,29.61538462,33.63076923,34,30.63076923,24.46923077
786.2600766,25.06153846,24.94615385,29.23846154,19.2,31.06153846,26.5,21.85384615,27.83846154,29.33076923,27.56153846
786.4414083,24.56153846,30.44615385,30.86153846,31.66153846,31.12307692,33.3,24.13076923,33.13846154,26.46153846,35.36923077
786.6227235,23.40769231,28,20.16153846,10.13076923,18.63846154,28.53076923,24.03076923,30.64615385,15.05384615,24.46153846
786.8040222,22.36153846,23.92307692,40.02307692,26.36153846,32.24615385,31.1,38.73076923,42.43846154,24.63076923,26.2
786.9853044,17.28461538,24.22307692,27.43076923,21.07692308,27.74615385,29,32.03076923,17.8,23.59230769,16.69230769
787.1665701,32.30769231,34.93076923,38.66153846,15.65384615,31.56153846,31.86153846,32.73076923,37.52307692,37.23076923,18.59230769
787.3478193,23.36153846,18.63076923,28.46153846,26.2,18.86153846,25.12307692,27.2,22.56153846,26.08461538,16.13846154
787.529052,38.76153846,38.73076923,15.66923077,22.3,21.6,23.23846154,40.93076923,35.13846154,26.01538462,34.86923077
787.7102681,29.78461538,21.3,27.06153846,18.66153846,33.8,27.1,31.7,32.8,25.20769231,14.03846154
787.8914678,23.18461538,34.83076923,36.96153846,32.76923077,27.4,20.54615385,32.46923077,26.62307692,22.78461538,20.30769231
788.0726509,31.76923077,17.83846154,17.61538462,26.46153846,25.46153846,24.86153846,23.53076923,32.73846154,22.26153846,22.76153846
788.2538174,22.57692308,25.78461538,26.63076923,25.56923077,23.00769231,27.46923077,33.63076923,32.33846154,33.06153846,18.76923077
788.4349675,17.72307692,32.43846154,15.44615385,24.06923077,26.84615385,19.25384615,27.43076923,23.24615385,25.49230769,34.59230769
788.616101,21.23076923,36.28461538,30.26153846,27.27692308,24.17692308,35.3,22.22307692,36.03846154,34.43076923,23.70769231
788.797218,23.98461538,29,16.96153846,14.27692308,22.44615385,26.3,22.89230769,21.26923077,23.3,22.59230769
788.9783184,21.31538462,24.73076923,26.56153846,26.49230769,23.4,28.8,28.86923077,20.2,26.23846154,22.2
789.1594023,24.60769231,18.8,29.82307692,23.23846154,30.36153846,19.66923077,26.46923077,21.2,24.45384615,15.78461538
789.3404697,36.16153846,23.02307692,36.56153846,29.36153846,20.76153846,30.3,28.6,30.4,33.35384615,22.98461538
789.5215205,12.50769231,12.00769231,12.6,25.87692308,13.9,22.13076923,26.84615385,27.13846154,21.6,22.10769231
789.7025548,22.96153846,17.38461538,13.96153846,22.86153846,23.94615385,30.6,30.94615385,28.82307692,24.03846154,22.96923077
789.8835726,18.96153846,20.25384615,16.83846154,22.36923077,14.54615385,17.45384615,24.26923077,18.83846154,15.51538462,23.42307692
790.0645737,16.6,24.15384615,28.26153846,24.96153846,31.46153846,33.1,17.86923077,26.72307692,27.53076923,30.16923077
790.2455584,24.98461538,29.73076923,18.00769231,20.35384615,14.4,28.42307692,24.66153846,29.73846154,16.16153846,15.92307692
790.4265265,28.28461538,36.23076923,27.57692308,9.346153846,15,32.19230769,32.13076923,28.53846154,19.46153846,26.36923077
790.607478,22.96153846,19.20769231,21.26153846,15.72307692,20.13076923,21.66153846,22.81538462,22.56923077,23.16153846,25.73076923
790.7884129,22.26153846,28.98461538,30.56153846,27.50769231,29.36153846,26.52307692,42.23076923,19.56153846,25.03076923,20.6
790.9693313,15.72307692,18.93076923,22.1,13.86153846,14.78461538,15.01538462,12.03076923,18.04615385,16.59230769,13.03846154
791.1502332,30.86153846,21.80769231,32.43076923,15.26923077,20.40769231,31.4,20.93076923,16.36153846,33.53076923,17.30769231
791.3311184,17,16.05384615,15.83846154,25.56153846,15.72307692,25.43076923,26.53076923,19.7,27.58461538,14.76923077
791.5119871,23.26153846,24.97692308,12.72307692,16.5,30.14615385,33.61538462,19.4,13.99230769,20.95384615,18.59230769
791.6928393,17.81538462,24.7,16.11538462,21.76153846,25.58461538,16.47692308,17.61538462,23.43846154,11.52307692,17.06153846
791.8736748,24.72307692,32.62307692,23.33076923,20.63846154,26.74615385,28.7,26.90769231,24.7,22.57692308,20.30769231
792.0544938,23.41538462,12.66923077,19.87692308,17.76153846,14.14615385,19.79230769,20.93076923,14.26923077,17.36153846,20.70769231
792.2352962,16.42307692,23.69230769,15.60769231,18.12307692,23.36153846,23.7,28.63076923,21.54615385,18.17692308,28.36923077
792.416082,17.16923077,20.14615385,15.66153846,19.88461538,25.24615385,20.86153846,18.16923077,28,21.63076923,13.36923077
792.5968512,26.56153846,15.67692308,16.65384615,21.46923077,15.72307692,29.50769231,17.54615385,27.33846154,21.56153846,21.50769231
792.7776039,25.76923077,28.23846154,21.46153846,36.56153846,14.66923077,22.76923077,19.16923077,23.33076923,16.33076923,14.99230769
792.9583399,26.56153846,20.33076923,18.16153846,24.3,23.04615385,28.69230769,25.93076923,30.43846154,20.05384615,25.59230769
793.1390594,23.46153846,28.30769231,21.49230769,21.46153846,17.3,21.93076923,18.6,22.22307692,27.35384615,15.74615385
793.3197623,14.20769231,19.74615385,20.82307692,16.37692308,18.16153846,29.22307692,18.86923077,22.73846154,20.53076923,19.36153846
793.5004485,18.12307692,18.15384615,17.70769231,17.3,19.14615385,26.60769231,21.83076923,21.23076923,10.68461538,16.90769231
793.6811182,26.56153846,25.73076923,18.20769231,39.36153846,15.17692308,28.02307692,26.3,20.33846154,22.46153846,19.18461538
793.8617713,13.88461538,31.08461538,24.16153846,12.06923077,15.6,23.12307692,19.33076923,25.93846154,26.03076923,15.32307692
794.0424078,24.63846154,26.73076923,21.13076923,34.66153846,11.97692308,25.9,22.93076923,29.43846154,14.96153846,26.26923077
794.2230276,14.08461538,19.78461538,20.60769231,13.66923077,19.28461538,27.66153846,27.33076923,11.49230769,17.93846154,17.86153846
794.4036309,11.02307692,25.33076923,18.97692308,18.50769231,21.73846154,19.8,17.96923077,17.86153846,16.91538462,15.24615385
794.5842175,20.96153846,17.42307692,16.08461538,25.36923077,14.66153846,31.82307692,17.44615385,20.62307692,21.57692308,9.584615385
794.7647876,31.46153846,21.93076923,27.07692308,18.7,21.86153846,19.43076923,23.35384615,24.06153846,19.13076923,24.26923077
794.945341,22.68461538,17.3,20.64615385,18.76923077,14.49230769,15.82307692,21.04615385,26.63846154,24.15384615,14.38461538
795.1258778,21.76153846,21.79230769,27.36153846,21.72307692,20.9,22.22307692,19.60769231,24.1,23.65384615,21.86923077
795.306398,26.12307692,26.93076923,20.56153846,14.61538462,28.54615385,17.10769231,23.43076923,18.07692308,24.20769231,17.58461538
795.4869015,23.9,29.12307692,31.97692308,26.3,38.06153846,26.43076923,14.76923077,13.82307692,28.65384615,20.26923077
795.6673885,16.76153846,14.30769231,12.32307692,16.66923077,21.54615385,15.36923077,16.78461538,11.5,21.33076923,16.86153846
795.8478588,24.06153846,21.76923077,21.16153846,16.24615385,26.86153846,17.20769231,22.25384615,20.78461538,19.95384615,8.292307692
796.0283124,21.76153846,12.24615385,30.44615385,18.25384615,21,20.40769231,20.59230769,9.707692308,13.42307692,20.36153846
796.2087495,31.96153846,20.16923077,17.00769231,22.66153846,16.56923077,13.62307692,28.33076923,22.73846154,19.85384615,18.16153846
796.3891699,26.11538462,24.62307692,10.50769231,13.60769231,17.46923077,23.08461538,20.96153846,15.63846154,19.36153846,15.86923077
796.5695737,30.56153846,17.95384615,23.08461538,30.6,22.46153846,26.46923077,30.63076923,21.14615385,19.65384615,21.76923077
796.7499608,23.10769231,18.03846154,22.32307692,20.96153846,15.59230769,17.8,6.915384615,12.43076923,15.64615385,13.03076923
796.9303313,20.16153846,24.87692308,20.31538462,20.76923077,22.26923077,26.31538462,19.33846154,22.26153846,23.53076923,20.56923077
797.1106851,23.2,21.63076923,16.46153846,16.37692308,12.20769231,12.94615385,21.13076923,22.46153846,14.92307692,19.62307692
797.2910223,27.46153846,18.62307692,28.43846154,18.47692308,19.07692308,14.64615385,24.7,25.83846154,16.06923077,11.10769231
797.4713429,18.46153846,15.96153846,15.76923077,19.96153846,15.30769231,7.946153846,19.16923077,16.06153846,21.26153846,18.34615385
797.6516468,23.96153846,28.17692308,22.64615385,15.67692308,12.44615385,20.69230769,21.74615385,19.32307692,22.65384615,14.03076923
797.831934,12.12307692,14.29230769,21.23846154,15.96923077,6.1,22.90769231,20.94615385,10.6,15.76153846,11.43846154
798.0122046,26.58461538,29.92307692,22.84615385,19.07692308,19.03846154,31,20.13076923,29.16153846,14.81538462,23.66153846
798.1924585,15.84615385,17.05384615,23.09230769,15.80769231,21.91538462,16.48461538,12.87692308,20.2,15.98461538,10.82307692
798.3726958,17.16153846,31.69230769,21.66153846,21.16153846,19.68461538,22.46923077,18.69230769,17.72307692,28.95384615,13.21538462
798.5529164,18.58461538,17.40769231,11.16153846,20.63076923,14.67692308,15.89230769,21.73076923,11.76153846,25.5,17.25384615
798.7331204,30.86923077,19.76153846,19.30769231,18.63076923,18.33076923,19.37692308,27.14615385,21.24615385,21.4,7.953846154
798.9133076,18.54615385,16.95384615,17.47692308,9.3,15.46153846,17.89230769,12.29230769,12.05384615,26.30769231,15.48461538
799.0934782,16.46153846,23.18461538,29.36153846,19.61538462,28.56153846,24.72307692,21.14615385,16.06923077,15.88461538,15.44615385
799.2736322,15.50769231,15.16153846,15.01538462,14.99230769,9.461538462,15.4,13.52307692,20.52307692,16.48461538,14.05384615
799.4537694,12.54615385,31,18.67692308,24.36923077,21.39230769,19.61538462,22.38461538,15.3,23.67692308,14.56153846
799.63389,11.93076923,16.30769231,15.32307692,16.84615385,20.02307692,21.73076923,11.33846154,26.14615385,18.33076923,12.30769231
799.8139939,27.21538462,30.3,20.80769231,13.96923077,15.6,19.91538462,28.70769231,22.00769231,15.55384615,22.40769231
799.9940811,11.8,15.6,11.26153846,12.13846154,20.24615385,15.18461538,17.32307692,6.230769231,17.22307692,16.36153846
800.1741516,23,21.92307692,20.00769231,11.5,18.72307692,23.7,26.84615385,28.22307692,26.33076923,16.80769231
800.3542054,9.446153846,18.15384615,13.27692308,13.83076923,14.61538462,7.607692308,30.13076923,11.64615385,17.03846154,14.53846154
800.5342426,24.06153846,18.63076923,18.69230769,16.46153846,27.00769231,15.26923077,21.34615385,18.23846154,16.06153846,10.23846154
800.714263,12.13846154,26.63076923,15.27692308,12.86923077,16.41538462,11.84615385,14.44615385,21.63076923,21.76923077,16.16153846
800.8942668,16.29230769,12.36153846,9.815384615,19.36153846,26.1,24.6,20.30769231,17.12307692,15.52307692,13.63846154
801.0742538,9.784615385,16.40769231,15.23076923,22.85384615,12,16,20.11538462,15.96923077,9.969230769,10
801.2542242,13.44615385,17.43076923,14.01538462,18.80769231,12.20769231,21.45384615,19.4,16.59230769,18.26153846,12.56153846
801.4341779,18.56923077,16.93846154,17.78461538,12.36923077,14.22307692,22.9,24.33076923,14.47692308,22.23076923,10.08461538
801.6141148,14.30769231,13.90769231,19.29230769,25.42307692,13.33846154,19.6,19.90769231,18.9,15.62307692,13.43076923
801.7940351,15.70769231,12.58461538,14.21538462,16.17692308,19.66153846,20.61538462,14.2,8.669230769,26.33076923,10.77692308
801.9739386,61.16153846,63.83076923,67.06153846,57.66153846,59.66153846,63.3,63.73076923,70.13846154,58.23076923,55.46923077
802.1538254,15.60769231,16.78461538,13.9,20.9,9.276923077,18.33846154,10.39230769,12.93846154,8.2,14.48461538
802.3336955,20.10769231,23.89230769,20.40769231,27.26153846,20.96923077,24,15.33076923,19.12307692,13.94615385,18.02307692
802.5135489,13.42307692,18.84615385,17.39230769,17.01538462,12.82307692,9.615384615,12.12307692,13.2,12.03076923,8.269230769
802.6933856,20.58461538,18.58461538,24.78461538,17.91538462,16.06153846,27.58461538,15.93846154,15.96153846,15.88461538,10.43076923
802.8732055,13.58461538,23.32307692,15.07692308,14.05384615,8.653846154,13.52307692,12.59230769,18.64615385,17.45384615,16.5
803.0530088,18.06153846,23.83076923,29.53076923,13.85384615,11.93076923,25.58461538,23.43076923,25.06153846,17.20769231,26.60769231
803.2327953,15.96923077,8.307692308,20.17692308,11.54615385,14.83846154,18.51538462,15.53076923,16.68461538,12.46923077,6.707692308
803.412565,20.58461538,18.63076923,14.46153846,14,14.15384615,19.2,17.26923077,18.61538462,15.59230769,18.26923077
803.5923181,12.8,9.415384615,11.80769231,13.43076923,14.98461538,6.7,22.7,15.8,9.276923077,11.00769231
803.7720544,24.08461538,18.06153846,22.27692308,19.01538462,19.08461538,11.80769231,21.93076923,14.8,17.06153846,13.69230769
803.951774,9.669230769,20.11538462,16.44615385,16.31538462,12.06923077,13.52307692,17.26923077,8.407692308,15.4,11.66153846
804.1314768,16.38461538,14.62307692,15.72307692,16.98461538,25.66153846,15.26923077,25.60769231,11.56153846,17.16153846,15
804.3111629,13.66153846,19.1,14.60769231,14.84615385,14.17692308,27.42307692,16.84615385,16.73846154,18.33846154,12.95384615
804.4908322,11.61538462,22.05384615,19.82307692,15.65384615,20.12307692,18.52307692,22.43846154,23.32307692,27.83076923,17.11538462
804.6704848,14.45384615,15.42307692,11.40769231,10.55384615,13.72307692,13.16923077,21.11538462,20.6,11.45384615,14.79230769
804.8501207,16.86153846,15.68461538,13.93846154,22.46153846,21.98461538,19.08461538,22.43076923,20.26153846,8.653846154,17.15384615
805.0297398,4.907692308,9.707692308,24.39230769,7.569230769,20.06153846,8.615384615,21.13076923,14.06153846,8.092307692,19.56923077
805.2093421,18.30769231,22.42307692,18.26153846,24.32307692,23.36153846,17.36923077,26.83076923,26.63846154,20.43076923,18.60769231
805.3889277,22.22307692,19.7,11.94615385,20.36153846,19.9,15.07692308,10.10769231,14.41538462,17.63076923,6.915384615
805.5684965,21.7,16.35384615,17.73076923,15.06923077,11.31538462,22.9,16.04615385,11.06923077,17.01538462,12.01538462
805.7480486,18.96153846,7.569230769,13.77692308,14.76153846,10.10769231,16.33846154,16.45384615,8.507692308,11.93846154,16.39230769
805.9275839,19.76923077,25.45384615,21.31538462,18.29230769,20.76153846,26.16923077,13.87692308,14.58461538,17.71538462,19.44615385
806.1071025,17.53076923,12.6,19.21538462,19.23846154,16.46153846,20.47692308,13.92307692,24.63846154,19.46923077,11.76153846
806.2866043,7.084615385,11.91538462,20.51538462,11.60769231,13.43846154,15.97692308,21.98461538,10.14615385,15.31538462,14.37692308
806.4660893,11.13076923,9.061538462,11.95384615,15.23076923,10.7,9.092307692,13.88461538,21.22307692,13.90769231,9.215384615
806.6455575,16.46153846,17.94615385,7.523076923,19.12307692,19.81538462,16.51538462,22.04615385,22.53076923,21.05384615,11.78461538
806.825009,10.99230769,20.73846154,15.29230769,14.26923077,12.83076923,10.89230769,16.05384615,9.430769231,20.70769231,11.15384615
807.0044436,20.18461538,18.73076923,9.584615385,8.069230769,23.64615385,23.10769231,12.16153846,15.78461538,13.2,5.238461538
807.1838615,15.56153846,10.43846154,12.09230769,16.46923077,7.469230769,11,13.62307692,9.861538462,15.91538462,10.29230769
807.3632627,16.62307692,20.72307692,20.12307692,18.05384615,15.01538462,12.98461538,14.46923077,17.22307692,9.084615385,15.72307692
807.542647,14.52307692,13.09230769,13.49230769,13.19230769,12.53076923,12.26923077,7.523076923,13.10769231,16.35384615,13.97692308
807.7220146,19.50769231,18.05384615,12.97692308,20.73076923,24.16153846,23.65384615,18.96923077,28.13846154,14.79230769,13.75384615
807.9013653,11.87692308,11.63846154,19.96153846,7.453846154,9.753846154,17.19230769,17.63076923,10.60769231,17.2,8.938461538
808.0806993,22.5,20.70769231,13.09230769,18.06923077,21.02307692,15.9,14.76923077,17.55384615,21.34615385,8.2
808.2600165,15.26923077,13.83846154,13.66923077,6.853846154,19.60769231,12.20769231,15.94615385,17.66153846,8.684615385,7.838461538
808.4393168,14.96153846,17.66153846,12.09230769,8.069230769,20.36923077,20.83076923,23.88461538,6.761538462,16.47692308,15.68461538
808.6186004,20.86153846,19.00769231,10.33846154,18.06153846,8.807692308,13.21538462,20.91538462,9.723076923,14.20769231,13.08461538
808.7978672,14.83846154,19.51538462,14.13076923,15.77692308,13.43076923,21.91538462,17.63076923,10.83076923,22.43076923,16.90769231
808.9771172,11.48461538,17.31538462,3.584615385,10.6,11.78461538,9.907692308,7.961538462,11.01538462,8.607692308,11.13076923
809.1563503,14.2,13.50769231,15.92307692,7.084615385,23.92307692,17.9,19.86923077,22.90769231,14.90769231,10.63846154
809.3355667,15.96153846,16.29230769,18.4,17.31538462,17.66153846,14.05384615,17.86923077,22.26923077,11.28461538,4.715384615
809.5147662,27.56153846,18.19230769,12.56153846,13.46923077,11.63846154,15.5,28.83076923,19.43846154,19.75384615,13.10769231
809.693949,16.00769231,9.784615385,10.63076923,12.15384615,13.74615385,6.830769231,14.28461538,10.80769231,13.09230769,11.25384615
809.8731149,21.08461538,19.26153846,16.62307692,12.66153846,11.71538462,9.584615385,19.73076923,14.8,20.00769231,14.45384615
810.052264,18.42307692,11.26923077,13.93076923,6,14.72307692,14.26153846,19.95384615,17.42307692,10.19230769,10.33076923
810.2313963,13.53076923,17.49230769,19.75384615,20.73846154,16.27692308,23.06923077,17.36923077,13.54615385,15.75384615,20.40769231
810.4105117,3.976923077,13.63846154,11.13846154,19.70769231,13.16153846,9.869230769,21.98461538,9.669230769,18.58461538,15.39230769
810.5896103,18.12307692,23.58461538,16.17692308,17.93846154,13.00769231,20.40769231,17.89230769,13.32307692,20.13076923,16.36923077
810.7686921,15.80769231,16.48461538,15.45384615,15.36923077,14.82307692,16.03076923,17.85384615,8.823076923,10.63846154,6.8
810.9477571,11.83076923,17.06153846,20.66153846,14.28461538,10.39230769,13.4,33.76923077,11.86923077,16.60769231,12.29230769
811.1268052,15.33076923,9.8,11.90769231,13.86153846,18.16153846,10.32307692,9.761538462,15.54615385,15.26923077,17.06923077
811.3058365,19.10769231,14.9,11.03846154,12.92307692,9.746153846,28.08461538,23.03846154,13.70769231,11.38461538,18.19230769
811.484851,24.38461538,13.26153846,13.70769231,11.36153846,15.60769231,12.01538462,13.34615385,9.884615385,9.592307692,7.030769231
811.6638486,24.06153846,20.65384615,17.47692308,22.16153846,16.86153846,21.90769231,12.42307692,14.8,18.16153846,12.46153846
811.8428294,9.623076923,11.13076923,17.09230769,16.1,11.12307692,12.7,12.36153846,18.58461538,11.05384615,6.623076923
812.0217934,20.58461538,7.953846154,19.23846154,21.56923077,3.415384615,10.13846154,12.60769231,17.2,14.68461538,18.53846154
812.2007404,8.753846154,12.77692308,5.423076923,13.44615385,6.738461538,19.19230769,13.13076923,8.846153846,13.88461538,3.861538462
812.3796707,17.52307692,14.56923077,9.938461538,9.569230769,9.176923077,11.43846154,21.36923077,7.907692308,13.08461538,8.769230769
812.5585841,20.32307692,18.69230769,9.561538462,13.57692308,11.15384615,21.22307692,12.37692308,7.130769231,13.8,14.25384615
812.7374806,23.06153846,18.46153846,12.88461538,12.41538462,14.87692308,10.2,12.24615385,19.42307692,20.62307692,16.13076923
812.9163603,9.892307692,11.70769231,9.984615385,13.13846154,10.77692308,2.246153846,6.392307692,8.269230769,11.02307692,9.323076923
813.0952231,18.06923077,7.4,14.23846154,6.446153846,14.12307692,20.4,24.69230769,13.23846154,16.61538462,6.392307692
813.274069,11.59230769,9.484615385,20.03846154,14.07692308,14.26923077,8.461538462,14.76923077,18.98461538,7.330769231,13.32307692
813.4528981,9.546153846,10.38461538,19.85384615,8.761538462,21.50769231,17.6,16.46923077,23.32307692,10.14615385,10.72307692
813.6317103,10.24615385,21.77692308,13.50769231,16.27692308,8.669230769,21.9,11.95384615,14.90769231,13.85384615,8.615384615
813.8105057,22.03076923,17.45384615,21.93076923,22.38461538,12.30769231,21.48461538,23.46153846,15.1,19.12307692,12.47692308
813.9892842,7.461538462,15.34615385,9.146153846,8.146153846,16.56923077,17.40769231,14.40769231,15.60769231,14.83846154,8.315384615
814.1680458,14.59230769,20.10769231,6.407692308,15.90769231,18.92307692,17.63846154,16.63076923,22,15.03846154,11.98461538
814.3467905,8.953846154,7.569230769,12.40769231,9.530769231,3.484615385,16.93846154,12.42307692,6.369230769,9.746153846,14.31538462
814.5255184,18.02307692,15.42307692,11.86153846,20.56153846,8.530769231,23.71538462,19.86923077,18.33076923,13.27692308,5.307692308
814.7042293,9.769230769,11.14615385,13.19230769,15.56153846,13.20769231,19.7,16.46923077,8.446153846,5.553846154,5.007692308
814.8829234,29.18461538,15.78461538,24.72307692,18.61538462,16.15384615,18.09230769,16.16923077,18.40769231,15.51538462,8.515384615
815.0616006,18.17692308,5.276923077,12.93076923,6.453846154,13.88461538,17.6,9.761538462,4.738461538,13.7,11.96153846
815.2402609,15.85384615,16.19230769,9.792307692,23.86153846,20.46153846,18.42307692,16.27692308,9.684615385,10.63076923,23.03076923
815.4189044,19.23076923,7.376923077,5.946153846,12.67692308,13.54615385,6.630769231,13.46923077,9.292307692,11.37692308,10.8
815.5975309,17.46153846,11.53076923,13.87692308,6.676923077,12.58461538,18.14615385,18.14615385,15.76153846,14.2,18.91538462
815.7761405,14.69230769,8.707692308,14.60769231,11.21538462,12.73846154,9.7,19.18461538,13.66153846,10.03846154,7.753846154
815.9547332,15.90769231,25.03076923,21.36153846,6.007692308,10.78461538,20.1,16.12307692,21.78461538,18.03076923,19.56923077
816.1333091,12.80769231,15.36153846,16.96153846,11.82307692,8.769230769,3.953846154,20.00769231,15.17692308,6.530769231,6.792307692
816.311868,11.52307692,15.47692308,11.80769231,10.33846154,24.16153846,21.13846154,21.33076923,21.02307692,11.38461538,18.7
816.49041,13.35384615,15.16153846,11.57692308,17.08461538,9.038461538,15.19230769,5.815384615,7.646153846,5.438461538,15.86153846
816.6689351,11.88461538,9.746153846,12.16923077,7.738461538,19.12307692,17.9,23.34615385,4.669230769,23.42307692,14.46153846
816.8474433,17.56153846,9.115384615,9.723076923,12.65384615,11.7,5.523076923,13.37692308,11.62307692,13.15384615,5.5
817.0259346,5.576923077,18.86153846,15.61538462,25.06153846,13.66153846,22.6,15.64615385,18.25384615,15.75384615,20.68461538
817.204409,5.453846154,8.338461538,9.084615385,13.86923077,14.14615385,8.753846154,12.63076923,8.869230769,15.30769231,12.71538462
817.3828665,13.89230769,16.45384615,19.63076923,18.04615385,15.48461538,15.63076923,18.89230769,13.55384615,16.45384615,12.33846154
817.561307,11.33076923,12.59230769,6.938461538,9.315384615,4.953846154,10.46153846,12.62307692,10.26153846,14.32307692,6.576923077
817.7397306,15.86923077,20.10769231,9.515384615,15.9,11.46153846,18.98461538,13.16923077,20.3,16.68461538,5.130769231
817.9181373,11.94615385,12.18461538,12.40769231,10.29230769,21.8,13.98461538,7.507692308,16.6,14.96153846,10.06153846
818.0965271,9.369230769,19.50769231,11.41538462,15.76923077,13.00769231,15.67692308,23.36923077,22.56153846,8.584615385,21.13076923
818.2748999,5.869230769,8.961538462,13.93076923,9.084615385,9.715384615,13.4,15.33076923,14.96153846,8.469230769,8.207692308
818.4532558,10.38461538,15.97692308,16.05384615,10.26153846,12.92307692,16.76153846,13.44615385,9,16.68461538,21.89230769
818.6315948,13.84615385,10.36923077,4.153846154,8.384615385,12.90769231,5.076923077,5.723076923,4.461538462,12.51538462,14.06923077
818.8099168,11.13076923,11.39230769,10.27692308,15.96923077,14.26923077,13.6,11.36923077,10.19230769,26.30769231,10.83846154
818.9882219,3.853846154,4.7,13.76153846,6.707692308,9.715384615,11.57692308,17.10769231,12.84615385,14.53076923,14.63076923
819.1665101,12.7,14.02307692,12.17692308,14.47692308,10.62307692,12.05384615,11.8,13.92307692,13.61538462,9.346153846
819.3447813,9.807692308,12.03846154,13.17692308,9.638461538,7.546153846,11.43846154,13.58461538,10.96153846,12.18461538,14.42307692
819.5230355,16.28461538,20.67692308,9.553846154,14.9,12.37692308,17.08461538,9.861538462,7.961538462,8.376923077,6.346153846
819.7012728,8.476923077,12.20769231,13.10769231,6.676923077,11.83846154,12.40769231,13.00769231,15.69230769,15.33076923,9.9
819.8794932,14.31538462,24.03076923,14.96923077,12.23846154,13.34615385,13.71538462,24.73076923,16.02307692,16.78461538,14.79230769
820.0576966,10.50769231,12.06153846,10.95384615,11.13076923,15.44615385,9.084615385,8.338461538,6.176923077,13.29230769,7.692307692
820.2358831,14.66923077,16.75384615,17.50769231,20.86923077,20.17692308,17.93846154,8.646153846,21.56923077,5.4,11.04615385
820.4140525,3.315384615,15.92307692,12.02307692,6.507692308,12.62307692,15.6,11.31538462,17.52307692,1.946153846,5.5
820.5922051,8.607692308,12.51538462,13.33076923,21.2,15.77692308,14.01538462,20.46153846,24.06153846,24.15384615,11.51538462
820.7703406,8.730769231,11.11538462,5.653846154,9.707692308,4.215384615,14.89230769,14.13846154,11.58461538,8.007692308,10.14615385
820.9484592,8.615384615,18.95384615,12.96153846,18.55384615,12.16153846,20.12307692,13.37692308,15.83846154,6.746153846,10.71538462
821.1265609,13.48461538,13.61538462,3.030769231,7.976923077,20.1,13.5,16.21538462,7.584615385,9.169230769,13.82307692
821.3046455,18.33076923,14.44615385,21.27692308,13.07692308,14.94615385,16.84615385,16.43076923,11.03846154,12.33846154,9.507692308
821.4827132,4.869230769,7.553846154,16.39230769,13.33846154,15.4,13.50769231,20.30769231,5.238461538,10.13846154,10.76153846
821.6607639,24.73076923,14.58461538,20.28461538,9.392307692,12.36923077,16.33846154,10.94615385,13.74615385,11.96153846,13.36153846
821.8387977,12.92307692,11.8,11.28461538,6.884615385,8.884615385,8.515384615,14.16153846,9.215384615,3.876923077,12.50769231
822.0168144,9.969230769,4.438461538,11.79230769,5.753846154,4.753846154,12.63846154,14.7,17.24615385,27.48461538,16.24615385
822.1948142,10.8,17.51538462,6.661538462,7.376923077,11.9,4.376923077,12.34615385,9.5,7.346153846,6.084615385
822.372797,12.26923077,9.684615385,17.79230769,13.36153846,24.04615385,10.67692308,22.68461538,8.969230769,13.37692308,15.32307692
822.5507628,5.538461538,10.89230769,12.73076923,7.076923077,13.82307692,7.192307692,16.36923077,20.26153846,11.57692308,8.930769231
822.7287116,10.24615385,14.57692308,17.7,15.31538462,15.36153846,17.14615385,14.48461538,12.46153846,5.623076923,12.76153846
822.9066434,10.06923077,6.023076923,9.107692308,9.769230769,14.86923077,11.5,9.746153846,13.32307692,6.923076923,4.669230769
823.0845582,15.44615385,9.969230769,20.46153846,7.923076923,9.8,17.30769231,19.85384615,14.86923077,11.87692308,14.79230769
823.262456,18.09230769,13.37692308,7.653846154,13.51538462,6.369230769,12.46923077,10.61538462,8.861538462,16.83846154,6.715384615
823.4403369,10.96153846,20.61538462,8.138461538,5.530769231,15.6,14.88461538,19.58461538,10.95384615,10.71538462,4.515384615
823.6182007,13.94615385,4.438461538,5.084615385,4.407692308,16.42307692,10.38461538,12.86923077,11.00769231,12.13076923,10.91538462
823.7960475,17.30769231,14.3,14.09230769,15.03846154,8.430769231,4.476923077,17.16923077,17.83076923,11.53846154,10.26153846
823.9738773,15.29230769,15.6,10.12307692,9.415384615,8.876923077,5.676923077,6.469230769,9.938461538,22.68461538,9.892307692
824.1516901,16.6,13.3,9.530769231,11.35384615,12.11538462,13.08461538,15.64615385,6.161538462,15.96153846,10.93846154
824.3294859,8.007692308,4.638461538,11.25384615,6.184615385,7.3,9.792307692,15.04615385,11.92307692,6.084615385,8.338461538
824.5072647,17.25384615,10.15384615,8.076923077,14.28461538,13.88461538,17.12307692,21.60769231,12.13076923,14.53846154,7.076923077
824.6850264,11.96923077,8.107692308,13.89230769,5.615384615,11.27692308,14,14.40769231,7.507692308,18.77692308,7.715384615
824.8627711,12.12307692,11.80769231,13.73076923,14.86153846,13.46153846,12.90769231,14.66153846,10.67692308,16.18461538,7.615384615
825.0404989,11.83076923,12.05384615,11.17692308,6.776923077,15.27692308,11.23076923,11.58461538,12.08461538,23.93076923,7.523076923
825.2182095,25.16153846,21.43076923,12.71538462,18.5,13.06153846,14.05384615,12.35384615,15.88461538,17.66153846,11.9
825.3959032,7.146153846,16.20769231,7.9,12.71538462,14.1,6.669230769,8.176923077,16.40769231,11.54615385,10.90769231
825.5735798,12.36923077,5.423076923,10.59230769,10.12307692,2.807692308,15.03846154,20.33076923,8.630769231,16.30769231,6.476923077
825.7512395,12.82307692,20.99230769,8.161538462,8.338461538,14.6,8.638461538,15.46923077,8.3,2.769230769,9.969230769
825.928882,9.869230769,7.330769231,7.953846154,12.55384615,11.79230769,17.99230769,18.7,12.53076923,14.60769231,9.030769231
826.1065076,7.353846154,7.815384615,5.361538462,6.823076923,9.653846154,10.66923077,12.73076923,9.169230769,13.63846154,2.130769231
826.2841161,13.76923077,14.71538462,11.74615385,13.11538462,16.33076923,14.16153846,11.47692308,19.59230769,9.969230769,12.50769231
826.4617075,4.707692308,16.73846154,8.407692308,11.98461538,16.86923077,9.907692308,13.43076923,10,7.115384615,5.823076923
826.6392819,13.01538462,13.29230769,19.63076923,6.430769231,14.06923077,13.53076923,7.507692308,14.76923077,10.63846154,9.307692308
826.8168393,10.01538462,5.292307692,9.807692308,18.82307692,12.44615385,7.192307692,11.60769231,8.423076923,9.138461538,6.076923077
826.9943796,14.63076923,11.41538462,15.11538462,7.869230769,21.3,10.89230769,19.78461538,16.23076923,16.95384615,21.04615385
827.1719029,7.153846154,7.946153846,7.123076923,12.49230769,9.161538462,13.06923077,9.830769231,10.6,10.35384615,8.246153846
827.3494091,21.41538462,12.44615385,14.16153846,12.11538462,21.13076923,19.33076923,18.94615385,20.73846154,10.50769231,14.35384615
827.5268982,7.184615385,7.715384615,7.161538462,12.1,10.46153846,8.053846154,8.623076923,12.76153846,12.19230769,11.06153846
827.7043703,5.369230769,12.84615385,16.42307692,13.95384615,11.4,19.22307692,13.50769231,9.746153846,10.30769231,13.33846154
827.8818254,12.03846154,7.576923077,10.69230769,11.61538462,7.546153846,12.93076923,20.06923077,13.79230769,10.29230769,10.4
828.0592634,9.853846154,9.7,17.48461538,20.06153846,16.24615385,18.14615385,9.876923077,21.6,6.323076923,9.915384615
828.2366843,13.07692308,4.346153846,6.115384615,7.592307692,10.93846154,11.48461538,12.30769231,10.72307692,16.45384615,12.49230769
828.4140881,10.10769231,20.46923077,14.58461538,9.030769231,17.22307692,17.4,17.16153846,13.72307692,17.54615385,16.13846154
828.5914749,11.89230769,10.23076923,10.50769231,11.15384615,7.792307692,9.784615385,10.86153846,8.407692308,7.353846154,4.592307692
828.7688446,12.66153846,16.15384615,19.92307692,11.33846154,9.223076923,12.41538462,12.73846154,10.89230769,2.738461538,10.56923077
828.9461972,10.17692308,12.30769231,13.62307692,8.869230769,9.661538462,7.669230769,17.20769231,7.453846154,7.253846154,7.684615385
829.1235328,27.5,20.70769231,15.17692308,13.30769231,15.17692308,20.43076923,16.70769231,14.63846154,18.93846154,9.869230769
829.3008513,7.361538462,9.092307692,21.56153846,6.761538462,16.51538462,5.069230769,17.03846154,13.39230769,5.015384615,11.01538462
829.4781526,12.39230769,6.407692308,8.976923077,15.40769231,17.10769231,28,20.72307692,6.653846154,16.7,10.2
829.6554369,6,4.776923077,8.707692308,12.54615385,10.01538462,17.2,13.52307692,16.94615385,13.06153846,9.361538462
829.8327042,8.684615385,15.88461538,15.25384615,12.36923077,14.02307692,8.446153846,14.86923077,21.38461538,15.65384615,13.38461538
830.0099543,6.907692308,10.39230769,13.37692308,9,10.70769231,11.84615385,17.38461538,6.438461538,9.130769231,9.753846154
830.1871873,12.9,26.4,9.292307692,10.39230769,11.74615385,10.96153846,14.19230769,10.98461538,14.07692308,19.26923077
830.3644033,11.07692308,6.138461538,8.192307692,17.55384615,8.123076923,12.23846154,8.492307692,14.5,9.976923077,5.338461538
830.5416021,16.4,12.78461538,20.63076923,15.23076923,6.161538462,13.37692308,20.86153846,14.35384615,19.73076923,17.75384615
830.7187839,12.73076923,11.60769231,8.115384615,5.361538462,17.93076923,7.246153846,14.16153846,12.76923077,4.007692308,7.592307692
830.8959485,4.538461538,12.47692308,10.05384615,15.78461538,16.48461538,14.14615385,7.669230769,16.50769231,15.46153846,10.28461538
831.0730961,14.09230769,13.97692308,6.930769231,13.43846154,21.33846154,14.3,8.546153846,10.98461538,10.81538462,10.53076923
831.2502265,10.7,16.19230769,17.76923077,10.68461538,13.72307692,18.11538462,16.30769231,10.17692308,18.00769231,8.146153846
831.4273398,20.91538462,14.17692308,6.269230769,9.861538462,17.68461538,13.43846154,7.323076923,13.73076923,4.323076923,14.21538462
831.604436,20.56153846,17.31538462,13.70769231,9.638461538,14.50769231,9.638461538,12.43846154,7.315384615,13.94615385,11.8
831.7815151,13.04615385,6.292307692,6.676923077,12.72307692,10.77692308,14.86153846,16.79230769,12.45384615,9.430769231,8.853846154
831.9585771,10.36923077,17.9,10.33076923,14.27692308,12.67692308,17.15384615,12.63076923,22.5,19.27692308,8.530769231
832.135622,9.469230769,6.269230769,10.46153846,10.08461538,9.323076923,4.623076923,6.723076923,8.246153846,4.284615385,9.992307692
832.3126497,8.430769231,20.82307692,18.58461538,16.27692308,11.9,21.86153846,18.56153846,20.6,24.03076923,13.30769231
832.4896604,4.6,9.892307692,15.06153846,9.230769231,10.83846154,8.9,10.11538462,8.923076923,3.592307692,5.707692308
832.6666539,14.99230769,15.45384615,12.83076923,8.307692308,18.87692308,9.269230769,17.04615385,10.44615385,12.04615385,8.415384615
832.8436302,5.715384615,9.238461538,8.584615385,9.007692308,10.87692308,10.47692308,7.907692308,4.261538462,4.215384615,13.24615385
833.0205895,19.26153846,17.1,10.16923077,13.26923077,9.961538462,17.8,14.19230769,11.84615385,6.453846154,12.21538462
833.1975316,13.35384615,11.52307692,7.976923077,10.95384615,7.646153846,15.37692308,11.34615385,8.453846154,7.984615385,15.00769231
833.3744566,13.04615385,13.8,12.76923077,21.86923077,9.823076923,14.46153846,9.507692308,19.16153846,19.93846154,12.39230769
833.5513644,7.969230769,6.107692308,19.29230769,8.553846154,10.98461538,8.007692308,11.57692308,16.06923077,9.2,12.52307692
833.7282551,2.453846154,21.36153846,14.69230769,10.92307692,10.68461538,12.1,22.56923077,8.930769231,12.09230769,10.80769231
833.9051286,4.692307692,7.969230769,14.61538462,17.9,4.361538462,12.30769231,12.2,8.130769231,7.923076923,8.976923077
834.081985,16.10769231,17.34615385,10.73076923,7.076923077,17.28461538,14.65384615,20.84615385,9.315384615,3.246153846,4.1
834.2588243,1.515384615,11.96153846,7.269230769,9.976923077,6.976923077,9.946153846,11.48461538,9.323076923,12.33846154,9.807692308
834.4356464,13.23846154,12.59230769,9.5,13.90769231,19.7,17.46923077,10.1,22,11.93076923,15.36923077
834.6124514,7.7,5.138461538,11.77692308,11.01538462,15.50769231,5.915384615,9.376923077,6.476923077,4.161538462,3.5
834.7892392,14.35384615,17.96153846,13.46153846,12.36923077,9.276923077,14,14.10769231,17.46153846,8.607692308,7.807692308
834.9660098,11.39230769,12.13076923,9.230769231,10.50769231,18.20769231,7.192307692,10.50769231,9.361538462,5.638461538,6.738461538
835.1427633,11.16923077,7.438461538,13.43846154,12.04615385,8.423076923,17.76923077,20.22307692,9.484615385,10.92307692,11.74615385
835.3194996,16.16923077,7.207692308,2.684615385,16.57692308,12.17692308,7.884615385,7.938461538,14.12307692,6.753846154,5.376923077
835.4962188,19.36923077,9.792307692,11.82307692,2.130769231,17.13846154,15.57692308,18.7,10.46153846,16.32307692,9.346153846
835.6729208,7.630769231,14.14615385,9.930769231,7.476923077,9.369230769,18.99230769,8.669230769,15.12307692,6.607692308,8.961538462
835.8496056,10.3,12.26923077,21.12307692,16.34615385,9.184615385,16.90769231,16.66923077,8.015384615,16.25384615,11.4
836.0262733,6.953846154,10.78461538,5.153846154,8.423076923,4.723076923,8.407692308,12.94615385,10.97692308,2.846153846,6.715384615
836.2029237,8.015384615,10.16153846,10.78461538,12.33846154,18.72307692,16.66153846,14.26153846,8.423076923,19.29230769,17.46153846
836.379557,12.23846154,12,12.83846154,12.26923077,6.630769231,5.4,11.12307692,8.230769231,10.08461538,9.961538462
836.5561732,9.869230769,13.26153846,12.90769231,9.146153846,9.023076923,17.67692308,13.54615385,11.05384615,10.96153846,14.28461538
836.7327721,8.330769231,15.54615385,9.023076923,3.315384615,14.89230769,10.53076923,8.330769231,8.669230769,9.276923077,5.476923077
836.9093539,18.14615385,16.46923077,19.39230769,20.07692308,20.94615385,16.46923077,17.22307692,21.72307692,16.05384615,12.75384615
837.0859185,5.6,9.361538462,7.861538462,3.446153846,10.10769231,11.80769231,6.615384615,14.48461538,4.907692308,4.138461538
837.2624658,9.692307692,18.5,11.4,8,9.192307692,12.26153846,10.58461538,13.75384615,9.546153846,9.576923077
837.438996,7.284615385,13.04615385,12.13846154,10.17692308,5.492307692,4.4,16.38461538,10.77692308,3.346153846,6.461538462
837.615509,10.26923077,14.3,12.96153846,15.83846154,17.86153846,9.392307692,12.52307692,15.98461538,15.74615385,17.77692308
837.7920048,10.77692308,6.923076923,12.31538462,13.77692308,6.561538462,12.53846154,12.79230769,19.60769231,10.04615385,8.592307692
837.9684834,11.63846154,14.63076923,13.44615385,11.58461538,15.43076923,18.43846154,14.43846154,16.59230769,14.78461538,11.55384615
838.1449449,6.869230769,8.346153846,9,4.453846154,9.369230769,8.492307692,9.230769231,9.653846154,11.69230769,15.68461538
838.3213891,14.46923077,18.4,15.06153846,16.26923077,7.976923077,9.653846154,9.784615385,5.576923077,6.884615385,12.96923077
838.4978161,17.43076923,4.123076923,11.62307692,10.84615385,9.423076923,6.753846154,4.407692308,7.907692308,10.08461538,11.26153846
838.6742258,4.053846154,11.58461538,7.415384615,11.51538462,14.35384615,14.73076923,23.96923077,11.57692308,21.10769231,11.45384615
838.8506184,10.45384615,14.63076923,13.25384615,8.507692308,5.923076923,6.853846154,8.1,12.20769231,10.75384615,11.98461538
839.0269938,7.738461538,7.915384615,8.946153846,9.361538462,17.36153846,18.11538462,6.653846154,6.184615385,6.646153846,20.51538462
839.2033519,14.85384615,16.82307692,21.14615385,8.869230769,14.23846154,13.1,8.053846154,12.43076923,5.338461538,7.215384615
839.3796929,7.923076923,9.707692308,12.36153846,6.453846154,12.72307692,9.9,11.63846154,4.907692308,8.223076923,9.592307692
839.5560166,11.14615385,8.707692308,6.276923077,5.076923077,9.315384615,12.09230769,15.15384615,3.976923077,9.869230769,5.584615385
839.7323231,17.40769231,17.7,11.77692308,13.02307692,11.4,5.930769231,10.98461538,14.95384615,9.523076923,10.35384615
839.9086124,13.72307692,10.73846154,15.96153846,6.076923077,5.753846154,7.315384615,11.23076923,14.44615385,8.969230769,9.653846154
840.0848844,6.376923077,20.63846154,14.35384615,9.269230769,9.376923077,15.81538462,20.86923077,8.046153846,5.776923077,8.838461538
840.2611392,5.292307692,14.67692308,4.576923077,5.6,8.507692308,15.21538462,6.338461538,13.73846154,16.48461538,8.784615385
840.4373768,11.75384615,18.66923077,14.83846154,12.50769231,16.46923077,16.43076923,13.94615385,14.30769231,16.66153846,10.86153846
840.6135971,8.623076923,9.807692308,10.47692308,10.08461538,4.223076923,16.38461538,12.02307692,7.330769231,3.546153846,11.40769231
840.7898002,21.10769231,14.59230769,27.19230769,19.22307692,16.96153846,18.71538462,10.30769231,15.33076923,11.96153846,11.66923077
840.9659861,10.32307692,11.63846154,12.53076923,3.684615385,11.56153846,8.607692308,12.04615385,5.223076923,11.90769231,11.64615385
841.1421547,15.58461538,13.13076923,8.923076923,7.615384615,9.561538462,8.953846154,12.36153846,9.1,9.638461538,14.79230769
841.3183061,4.469230769,8.569230769,9.746153846,7.192307692,13.06153846,8.446153846,5.3,9.807692308,7.269230769,3.792307692
841.4944403,13.52307692,21.63076923,9.153846154,11.18461538,10.25384615,13.40769231,12.23846154,9.046153846,8.853846154,13.77692308
841.6705572,10.03846154,19.11538462,8.769230769,2.138461538,4.338461538,12.01538462,12.6,10.69230769,7.323076923,9.738461538
841.8466568,12.60769231,8.692307692,4.592307692,10.56153846,6.046153846,10.94615385,15.11538462,16.76923077,7.830769231,16.83076923
842.0227392,14.12307692,8.961538462,11.17692308,16.00769231,8.823076923,12.23076923,6.223076923,4.476923077,8.192307692,15.36153846
842.1988043,5.392307692,13.10769231,12.33076923,10.90769231,13.96153846,12.31538462,9.853846154,15.74615385,10.63076923,13
842.3748522,5.261538462,13.55384615,9.523076923,12.77692308,14.70769231,11.45384615,11.75384615,6.815384615,10.61538462,17.08461538
842.5508828,4.476923077,15.51538462,9.592307692,6.323076923,6.769230769,11.76923077,15.14615385,10.13076923,4.230769231,11.31538462
842.7268961,9.884615385,5.569230769,5.9,13.51538462,6.7,6.984615385,11.99230769,4.930769231,13.04615385,6.492307692
842.9028922,11.89230769,20.23076923,4.853846154,15.86923077,11.87692308,13.14615385,25,14.80769231,15.38461538,8.553846154
843.078871,4.876923077,5.792307692,8.146153846,8.615384615,10,3.8,11.56153846,21.93076923,17.81538462,7.207692308
843.2548326,18.89230769,12.39230769,6.838461538,12.43076923,4.630769231,12.56923077,16.76923077,9.869230769,10.94615385,11.56153846
843.4307768,9.576923077,10.05384615,7.076923077,8.223076923,14,5.961538462,6.261538462,9.384615385,10.49230769,7.323076923
843.6067038,12.20769231,15.39230769,12.20769231,17.64615385,9.684615385,11.5,17.36923077,17.20769231,5.223076923,8.361538462
843.7826135,12.08461538,6.730769231,5.246153846,6.715384615,5.176923077,9.646153846,5.376923077,10.23076923,6.038461538,10.54615385
843.958506,15.32307692,22.71538462,8.923076923,9.923076923,11.05384615,10.13076923,15.20769231,11.39230769,16.5,6.161538462
844.1343811,5.507692308,9.661538462,13.03846154,10.83076923,6.023076923,10.21538462,7.1,7.323076923,5.038461538,2.961538462
844.310239,11.16923077,12.28461538,6.776923077,9.961538462,21.1,10.13846154,16.16153846,8.646153846,11.39230769,12.14615385
844.4860795,9.092307692,8.815384615,13.87692308,2.807692308,6.246153846,5.853846154,4.6,3.9,7.107692308,3.915384615
844.6619028,7.692307692,17.96153846,4.1,14.82307692,18.56923077,12.53076923,10.68461538,15.19230769,10.86153846,9.292307692
844.8377088,10.95384615,11.14615385,4.961538462,10.82307692,4.538461538,7.838461538,6.323076923,11.73076923,5.315384615,1.069230769
845.0134975,6.7,10.99230769,15.32307692,11.36923077,12.50769231,12.4,9.738461538,9.738461538,24.05384615,9.930769231
845.1892689,15.66153846,12.59230769,9.023076923,4.115384615,13.41538462,10.20769231,16.42307692,12,11.85384615,4.046153846
845.365023,17.9,15.78461538,8.615384615,9.692307692,11.26153846,14.29230769,12.17692308,15.03846154,7.992307692,3.776923077
845.5407598,11.75384615,7.453846154,7,9.592307692,5.684615385,10.93846154,6.961538462,7.546153846,9.592307692,8.192307692
845.7164793,7.238461538,22.13076923,9.5,11.13846154,9.446153846,14.15384615,14.77692308,4.738461538,14.14615385,8.084615385
845.8921815,16.76923077,12.82307692,13.34615385,8.115384615,6.846153846,7.323076923,12.32307692,5.730769231,7.176923077,9.476923077
846.0678664,4.592307692,19.94615385,14.27692308,11.26923077,3.953846154,10.22307692,11.47692308,7.907692308,15.85384615,12.21538462
846.243534,9.576923077,9.9,6.423076923,6.707692308,7.661538462,2.523076923,4.092307692,13.98461538,3.661538462,11.86153846
846.4191842,9.161538462,11.68461538,13.72307692,16.06923077,17.10769231,18.03076923,16.06153846,18.93846154,12.09230769,1.5
846.5948172,11.21538462,4.892307692,6.230769231,7.684615385,12.1,18.83076923,10.68461538,8.230769231,8.838461538,4.992307692
846.7704328,11.88461538,15.38461538,10.53846154,8.107692308,14.70769231,10.27692308,8.876923077,18.63076923,6.053846154,1.6
846.9460311,13.60769231,11.7,7.369230769,10.86923077,10.20769231,9.553846154,12.10769231,9.115384615,10.02307692,7.338461538
847.1216121,12.83076923,16.73076923,6.976923077,10.38461538,7.561538462,13.26923077,11.87692308,8.876923077,8.661538462,7.253846154
847.2971757,14.14615385,9.738461538,4.215384615,7.361538462,5.484615385,12.12307692,10.81538462,5.930769231,6.361538462,9.484615385
847.472722,19.33076923,21.51538462,12.69230769,20.22307692,16.93846154,21.39230769,12.07692308,15.82307692,10.8,21.53076923
847.648251,7.038461538,8.138461538,8.315384615,7.176923077,14.34615385,8.215384615,5.623076923,7.192307692,5.846153846,8.676923077
847.8237627,16.80769231,6.646153846,2.661538462,12,4.430769231,13.26923077,11.33846154,1.484615385,11.46923077,11.67692308
847.999257,17.48461538,12.04615385,6.830769231,6.107692308,9.8,11.44615385,7.784615385,6.707692308,10.32307692,9.046153846
848.174734,12.24615385,16.00769231,8.046153846,10.34615385,13.33076923,12.02307692,15.46153846,16.92307692,10.18461538,3.730769231
848.3501936,7.976923077,8.723076923,15.12307692,6.4,8.3,14.43846154,14.14615385,9.461538462,8.038461538,15.36153846
848.5256359,12.13076923,12.98461538,20.76153846,5,12.5,13.26923077,10.5,8.030769231,6.869230769,10.82307692
848.7010608,10.94615385,8.4,6.761538462,7.753846154,6.838461538,10.71538462,14.04615385,10.75384615,6.038461538,2.784615385
848.8764684,9.984615385,14.89230769,14.84615385,12.33846154,11.48461538,12.53846154,10.94615385,4.546153846,9.069230769,9.569230769
849.0518587,6.030769231,6.646153846,10.14615385,13.54615385,10.38461538,13.01538462,11.52307692,8.169230769,8.338461538,1.753846154
849.2272316,17.10769231,11.92307692,15.03076923,9.138461538,12.90769231,15.40769231,13.46153846,12.64615385,10.40769231,9.338461538
849.4025871,11.00769231,8.330769231,12.73846154,6.176923077,9.815384615,8.976923077,11.20769231,11.35384615,12.96153846,13.57692308
849.5779253,13.16153846,16.54615385,12.26923077,9.553846154,10.18461538,14.5,12.65384615,8.192307692,6.746153846,9.223076923
849.7532461,10.93846154,11.73076923,5.392307692,9.323076923,8.684615385,13.33076923,10.66923077,6.492307692,11.05384615,6.8
849.9285496,13.40769231,3.2,4.592307692,11.83076923,13.61538462,10.93076923,19.22307692,10.56923077,13.93846154,6.946153846
850.1038357,9.961538462,9.215384615,7.423076923,14.3,12.21538462,5.761538462,12.12307692,11.21538462,5.738461538,3.315384615
850.2791044,11.36923077,12.43076923,10.76923077,11.87692308,5.584615385,15.9,6.061538462,3.546153846,7.053846154,10.52307692
850.4543558,4.653846154,16.77692308,10.45384615,7.876923077,15.50769231,14.77692308,19.13846154,3.630769231,7.830769231,13.22307692
850.6295898,13.13846154,10.62307692,5.815384615,8.038461538,5.607692308,13.43846154,16.47692308,16.04615385,20.86153846,5.938461538
850.8048064,17.69230769,6.230769231,9.553846154,8.015384615,10.48461538,6.538461538,17.68461538,8.153846154,12.03846154,8.553846154
850.9800056,15.08461538,9.961538462,15.82307692,13.06153846,14.3,12.43076923,19.42307692,19.96153846,6.230769231,7.569230769
851.1551875,10,11.93076923,13.83846154,4.869230769,13.34615385,6.1,7,12.52307692,13.06923077,0.384615385
851.330352,10.49230769,9.515384615,8.638461538,13.96923077,8.846153846,10.17692308,19.38461538,10.23846154,16.30769231,12.2
851.5054991,4.292307692,10.34615385,7.723076923,6.269230769,5.284615385,11.95384615,13.29230769,5.130769231,9.415384615,12.38461538
851.6806288,10.24615385,11.95384615,8.646153846,10.46153846,8.415384615,14.48461538,15.09230769,13.55384615,8.315384615,15.01538462
851.8557411,7.392307692,19.32307692,8.492307692,5.884615385,8.307692308,7.492307692,11.81538462,16.82307692,7.830769231,11.15384615
852.030836,5.069230769,21.65384615,9.969230769,10.23846154,16.6,10.41538462,10.59230769,9.446153846,7.169230769,9.776923077
852.2059135,10.94615385,16.12307692,4.953846154,7.946153846,6.615384615,14.51538462,21.08461538,9.969230769,11.52307692,6.6
852.3809737,7.692307692,11.14615385,5.976923077,7.853846154,10.52307692,9.623076923,8.053846154,13.96923077,7.861538462,5.976923077
852.5560164,11.86153846,11.7,10.40769231,1.392307692,6.238461538,13.18461538,5.015384615,9.792307692,3.276923077,7.376923077
852.7310417,10.19230769,6.015384615,9.384615385,10.41538462,11.34615385,29.02307692,16.73076923,11.83076923,20.95384615,3.092307692
852.9060497,8.338461538,9.7,10.54615385,4.653846154,14.9,16.82307692,13.45384615,6.307692308,6.984615385,12.62307692
853.0810402,16.69230769,6.838461538,6.961538462,15.14615385,10.18461538,10.30769231,20.94615385,2.815384615,11.49230769,8.361538462
853.2560133,12.56153846,9.530769231,9.638461538,9.5,5.661538462,12.51538462,8.6,9.153846154,8.438461538,3.538461538
853.430969,8.961538462,19.72307692,7.230769231,9.976923077,1.738461538,9.823076923,15.12307692,10.11538462,8.3,8.561538462
853.6059073,11.83076923,5.4,9.053846154,9.484615385,6.384615385,6.684615385,6.661538462,4.984615385,7.546153846,13.29230769
853.7808282,18.38461538,16.76153846,13.26153846,5.084615385,13.97692308,11.42307692,11.13846154,20.83076923,16.38461538,10.34615385
853.9557316,7.461538462,11.46923077,3.092307692,13.77692308,3.776923077,13.86153846,9.038461538,12.28461538,9.661538462,7.330769231
854.1306177,12.23076923,21.28461538,18.76153846,6.246153846,10.00769231,10.65384615,11.30769231,15.15384615,11.23076923,8.638461538
854.3054863,5.907692308,3.046153846,5.776923077,3.453846154,11.12307692,5.353846154,8.684615385,4.453846154,5.930769231,3.684615385
854.4803375,12.94615385,8.438461538,13.41538462,7.207692308,6.346153846,4.938461538,7.584615385,13.62307692,8.053846154,6.061538462
854.6551712,4.230769231,3.115384615,8.6,7.046153846,4.230769231,10.45384615,8.346153846,12.61538462,5.661538462,8.184615385
854.8299876,11.52307692,12.92307692,8.138461538,12.76153846,13.40769231,7.884615385,9.061538462,4.176923077,10.69230769,7.453846154
855.0047865,7.976923077,4.707692308,10.83846154,2.984615385,3.046153846,11.85384615,11.88461538,9.376923077,6.823076923,9.538461538
855.1795679,15.93846154,11.11538462,8.892307692,6.407692308,2.161538462,0.907692308,11.06153846,15.28461538,9.638461538,15.13846154
855.3543319,10.16153846,9.492307692,11.66153846,11.85384615,6.023076923,4.207692308,7.584615385,8,10.50769231,5.684615385
855.5290785,10.59230769,17.62307692,12.33076923,7.753846154,5.784615385,12.67692308,11.53846154,16.83076923,8.038461538,7.092307692
855.7038077,13.22307692,3.261538462,12.22307692,8.546153846,5.9,4.661538462,5.123076923,10.74615385,6.730769231,7.9
855.8785194,15.94615385,10.43846154,12.46153846,7.061538462,16.16153846,7.846153846,9.269230769,16.95384615,9.738461538,11.99230769
856.0532136,9.153846154,6.523076923,5.292307692,6.815384615,5.107692308,9.123076923,6.3,8.015384615,9.646153846,10.39230769
856.2278904,15.99230769,13.63076923,12.10769231,11.28461538,13.29230769,12.59230769,7.576923077,13.74615385,12.13846154,9.338461538
856.4025498,3.415384615,9.507692308,10.96153846,9.315384615,5.423076923,14.91538462,8.307692308,14.06153846,8.869230769,3.415384615
856.5771917,10.89230769,10.44615385,6.169230769,7.038461538,5.923076923,21.33076923,9.5,17.63846154,10.71538462,9.753846154
856.7518161,3.253846154,6.476923077,9,9.923076923,3.738461538,3.323076923,8.638461538,11.68461538,6.3,3.853846154
856.9264231,10.88461538,12.65384615,20.40769231,8.4,15.96923077,15.72307692,7.646153846,14.06923077,2.476923077,8.623076923
857.1010126,10.10769231,7.176923077,10.16923077,5.4,11.12307692,7.984615385,10.71538462,6.269230769,6.161538462,6.230769231
857.2755846,13.49230769,18.87692308,10.2,7.3,13.46153846,4.492307692,14.79230769,8.115384615,10.83076923,4.438461538
857.4501392,19.80769231,8.338461538,17.56153846,5.7,6.192307692,13.65384615,15.64615385,8.561538462,4.653846154,8.2
857.6246763,9.115384615,14.81538462,9.676923077,9.515384615,12.66153846,12.69230769,15.4,12.23846154,10.97692308,9.984615385
857.799196,9.953846154,12.16153846,8.976923077,10.37692308,5.623076923,15.72307692,11,5.730769231,7.176923077,13.53846154
857.9736982,4.884615385,17.42307692,13.70769231,12.3,11.76923077,13.52307692,12.39230769,7.569230769,11.76153846,14.29230769
858.1481829,7.630769231,4.261538462,3.592307692,6.076923077,1.338461538,16.20769231,10.11538462,7.184615385,3.715384615,0.623076923
858.3226501,7.276923077,13.18461538,19.22307692,8.961538462,19.67692308,16.32307692,13.8,12.21538462,11.63846154,14.2
858.4970998,3.546153846,10.07692308,6.438461538,4.2,14.28461538,5.692307692,8.853846154,12.68461538,9.761538462,7.423076923
858.6715321,11.65384615,9.846153846,6.869230769,6.138461538,15.83076923,10.79230769,10.96153846,11.02307692,7.307692308,11.49230769
858.8459468,11.19230769,14.68461538,5.153846154,6.007692308,11.03076923,7.384615385,12.67692308,2.807692308,6.569230769,8.8
859.0203441,15.91538462,12.23846154,10.63076923,10.7,11.62307692,8.930769231,19.63076923,12.06153846,12.85384615,6.776923077
859.1947239,11.74615385,7.015384615,4.792307692,11.98461538,7.184615385,4.584615385,10.08461538,8.830769231,5.307692308,6.4
859.3690862,9.784615385,16.54615385,3.253846154,13.43846154,8.030769231,10.22307692,12.68461538,16.94615385,12.58461538,6.038461538
859.543431,10.11538462,7.369230769,6.407692308,10.65384615,2.669230769,7.4,10.21538462,9.453846154,5.576923077,7.338461538
859.7177583,14.7,7.7,13.4,7.269230769,10.23846154,12.34615385,11.19230769,4.869230769,8.684615385,7.715384615
859.8920681,7.430769231,11.14615385,13.90769231,4.992307692,10.74615385,4.484615385,6.469230769,12.99230769,13.90769231,9.684615385
860.0663604,11.10769231,9.753846154,11.19230769,3.361538462,13.89230769,12.58461538,7.2,10.48461538,15.09230769,16.28461538
860.2406352,9.3,16.92307692,4.738461538,7.5,7.7,5.015384615,10.93076923,2.184615385,12.20769231,6.361538462
860.4148925,14.59230769,9.076923077,9.869230769,4.469230769,8.846153846,15.76153846,12.23846154,10.10769231,9.2,9
860.5891322,4.6,6.923076923,10.84615385,11.76923077,6.746153846,16.90769231,18.2,6.815384615,7.015384615,3.423076923
860.7633545,12.41538462,13.21538462,10.84615385,12.7,8.953846154,8.446153846,12.66153846,11.64615385,6.923076923,10.03076923
860.9375592,10.54615385,9.861538462,3.876923077,3.730769231,8.176923077,9.9,13.02307692,6.615384615,9.007692308,15.16153846
861.1117465,16.10769231,8.623076923,9.9,9.023076923,14.65384615,15.35384615,8.561538462,15.03846154,5.192307692,5.807692308
861.2859162,7.753846154,9.530769231,11.19230769,3.738461538,11.73076923,9.938461538,11.63076923,10.93846154,3.376923077,11.35384615
861.4600684,12.60769231,6.669230769,11.86923077,13.43846154,17.04615385,14.36153846,10.69230769,12.76923077,11.42307692,14.64615385
861.634203,11.96153846,8.592307692,8.546153846,12.07692308,7.423076923,13.28461538,11.04615385,10.71538462,8.784615385,8.592307692
861.8083202,10.99230769,20.27692308,12.18461538,12.97692308,11.88461538,27.5,15.36923077,12.76153846,7.123076923,11.90769231
861.9824198,10.98461538,5.938461538,11.40769231,6.369230769,10.44615385,6.215384615,13.21538462,2.907692308,8.007692308,11.22307692
862.1565019,6.769230769,9.8,13.64615385,13.45384615,8.630769231,15.19230769,14.06153846,19.22307692,12.59230769,8.007692308
862.3305664,4.461538462,5.338461538,5.876923077,9.523076923,16.88461538,14.18461538,10.97692308,10.86923077,6.353846154,13.54615385
862.5046134,17.39230769,11.60769231,9.630769231,9.815384615,4.523076923,6.207692308,11.46923077,3.823076923,10.05384615,10.99230769
862.6786429,6.169230769,9.215384615,7.261538462,16.08461538,8.376923077,13.79230769,13.8,1.992307692,9.184615385,8.369230769
862.8526548,6.392307692,19.64615385,6.046153846,9.707692308,4.853846154,14.8,8.123076923,11.23846154,15.13846154,12.40769231
863.0266492,10.21538462,14.07692308,4.9,7.461538462,9.430769231,3.084615385,15.03846154,5.061538462,12.36153846,10.16153846
863.200626,11.05384615,8.984615385,6.430769231,18.05384615,15,9.438461538,10.50769231,7.130769231,21.66153846,9.807692308
863.3745853,14.24615385,8.138461538,7.869230769,10.35384615,8.3,9.261538462,11.21538462,13.74615385,8.407692308,3.807692308
863.548527,11.02307692,15.07692308,12.99230769,16.7,12.92307692,8.676923077,15.00769231,7.461538462,11.22307692,18.08461538
863.7224512,5.492307692,9.476923077,4.353846154,6.438461538,11.5,5.546153846,8.907692308,10.33076923,14.28461538,7.330769231
863.8963578,7.807692308,13.71538462,20.49230769,14.90769231,8.807692308,8.553846154,13.83846154,17.22307692,3.561538462,10.73846154
864.0702469,4.2,7,8.592307692,7.338461538,11.86153846,14.29230769,11.76923077,11.33846154,6.384615385,5.7
864.2441184,18.11538462,6.546153846,12.22307692,17.26923077,19.30769231,12.90769231,9.261538462,7.261538462,17.76153846,10.96153846
864.4179723,8.976923077,8.069230769,9.092307692,12.16923077,6.915384615,14.16153846,13.90769231,8.946153846,12.43846154,2.046153846
864.5918087,6.061538462,13.47692308,10.33846154,10.41538462,12.85384615,10.31538462,9.123076923,19.12307692,12.25384615,8.453846154
864.7656275,9.130769231,6.838461538,3.830769231,15.72307692,12.06923077,6.038461538,6.238461538,3.715384615,9.907692308,7.307692308
864.9394288,7.023076923,20.83846154,11.89230769,13.40769231,9.423076923,12.48461538,7.646153846,12.19230769,4.8,9.084615385
865.1132124,1.530769231,8.946153846,16.58461538,4,9.953846154,11.37692308,13.53846154,5.138461538,7.538461538,8.815384615
865.2869785,16.24615385,13.08461538,16.92307692,10.70769231,19.08461538,6.415384615,12.36923077,15.24615385,10.46153846,14.82307692
865.460727,10.14615385,17.00769231,4.007692308,11.39230769,6.907692308,10.06923077,19.43846154,8.346153846,11.24615385,3.423076923
865.6344579,10.47692308,13.57692308,12.42307692,3.5,8.384615385,8.369230769,8.023076923,9.923076923,16.21538462,13.76153846
865.8081713,1.276923077,11.43076923,12.26153846,9.276923077,9.707692308,9.384615385,7.792307692,9.615384615,11.63076923,2.369230769
865.9818671,5.469230769,7.053846154,3.107692308,14.14615385,12.88461538,6.915384615,13.42307692,8.623076923,8.453846154,2.561538462
866.1555452,6.130769231,12.13076923,9.569230769,4.792307692,8.923076923,6.638461538,9.392307692,6.715384615,7.446153846,9.746153846
866.3292058,6.407692308,13,4.5,9.638461538,11.4,4.830769231,11.32307692,15.13846154,13.48461538,1.976923077
866.5028488,12.85384615,11.89230769,5.961538462,6.476923077,6.146153846,7.507692308,9.507692308,7.292307692,5.7,7.207692308
866.6764742,8.869230769,14.45384615,12.16923077,8.115384615,11.8,13.28461538,8.284615385,13.26923077,8.284615385,12.16153846
866.850082,6.915384615,7.746153846,15.1,8.392307692,3.423076923,14.33846154,13.38461538,14.1,12.35384615,8.261538462
867.0236722,7.623076923,5.638461538,13.69230769,16.85384615,9.669230769,9.615384615,18.48461538,9.084615385,10.46153846,5.069230769
867.1972448,5.415384615,12.51538462,8.807692308,1.930769231,16.72307692,12.63076923,7.015384615,8.284615385,7.853846154,4.292307692
867.3707998,4.438461538,8.876923077,7.138461538,12.66923077,9.4,12.51538462,8.776923077,4,13.93076923,6.907692308
867.5443372,4.353846154,5.730769231,15.07692308,7.3,8.869230769,8.638461538,8.476923077,11.36923077,9.930769231,6.715384615
867.717857,13.64615385,11.36923077,10.86153846,11.30769231,9.346153846,15.09230769,16.34615385,10.24615385,11.97692308,12.13846154
867.8913592,17.79230769,11.08461538,15.81538462,5.369230769,10.5,5.130769231,10.01538462,13.49230769,4,13.1
868.0648437,13.63076923,10.32307692,7.230769231,4.561538462,11.93076923,8.553846154,18.16923077,13.06923077,6.484615385,4.476923077
868.2383106,1.338461538,8.107692308,20.37692308,10.01538462,10.4,11.38461538,7.246153846,12.29230769,11.53846154,4.115384615
868.41176,7.753846154,12.06153846,10.83846154,7.538461538,4.2,13.43846154,14.40769231,8.907692308,12.89230769,3.323076923
868.5851917,13.13076923,14.63846154,9.092307692,7.938461538,2.461538462,12.43076923,5.515384615,7.615384615,10.55384615,3.838461538
868.7586057,5.469230769,11.36153846,10.1,3.576923077,3.6,14.28461538,13.33846154,5.630769231,10.31538462,4.215384615
868.9320022,7.769230769,9.038461538,9.307692308,4.469230769,15.19230769,6.4,11.76923077,12.36923077,8.515384615,10.30769231
869.105381,6.930769231,9.946153846,10.03846154,11.73846154,8.830769231,11.93076923,11.62307692,12.20769231,10.26923077,15.27692308
869.2787422,1.784615385,14.69230769,9.446153846,3.661538462,10.86153846,6.084615385,13.74615385,6.492307692,7.284615385,9.515384615
869.4520858,16.36153846,10.74615385,13.84615385,8.115384615,16.06923077,14.40769231,5.546153846,14.72307692,3.984615385,9.8
869.6254117,9.007692308,6.023076923,5.438461538,5.823076923,11.36153846,12.49230769,13.88461538,4.707692308,12.06153846,10.9
869.79872,14.04615385,10.03846154,10.78461538,10.46923077,7.838461538,16.30769231,11.57692308,15.32307692,10.72307692,3.538461538
869.9720106,9.069230769,13.48461538,8.569230769,18.37692308,4.576923077,11.52307692,14.96923077,8.215384615,5.615384615,2.830769231
870.1452836,9.761538462,14.02307692,9.569230769,10.51538462,10.98461538,4.138461538,7.353846154,7.323076923,5.130769231,5.223076923
870.3185389,11.66153846,11.47692308,10.46153846,5.530769231,8.338461538,6.238461538,3.876923077,5.984615385,9.8,5.146153846
870.4917766,8.453846154,12.8,9.846153846,10.37692308,12.83846154,22.02307692,9.907692308,10.29230769,10,11.60769231
870.6649967,7.538461538,16.65384615,7.407692308,3.776923077,12.47692308,6.938461538,17.67692308,13.42307692,3.376923077,7.815384615
870.8381991,7.853846154,13.50769231,17.52307692,10.12307692,11.93076923,17.5,15.26153846,6.961538462,17.48461538,5.046153846
871.0113838,8.361538462,4.969230769,4.707692308,0.561538462,4.007692308,7.230769231,5.361538462,5.046153846,5.238461538,3.084615385
871.1845509,20.48461538,9.061538462,5.830769231,15.74615385,11.83076923,12.93076923,19.76923077,7.861538462,4.838461538,2.246153846
871.3577004,4.261538462,6.153846154,2.284615385,2.653846154,8.8,7.030769231,9.130769231,5.569230769,7.438461538,3.469230769
871.5308321,14.86923077,5.7,10.40769231,6.753846154,9.746153846,13.92307692,5.669230769,8.292307692,13.46923077,14.59230769
871.7039462,6.938461538,9.523076923,3.707692308,5.915384615,3.561538462,3.030769231,7.638461538,16.88461538,14.49230769,9.653846154
871.8770427,7.453846154,9.392307692,7.184615385,11.94615385,11.5,16.03846154,11.76153846,7.907692308,9.630769231,5.876923077
872.0501214,6.192307692,9.615384615,5.630769231,8.830769231,3,5.384615385,6.9,15.12307692,2.646153846,10.56153846
872.2231825,17.58461538,14.78461538,9.861538462,7.946153846,4.423076923,12.33076923,15.03846154,10.11538462,11.83846154,4.330769231
872.3962259,4.592307692,18.78461538,3.853846154,12.10769231,7.223076923,18.3,14.51538462,10.2,11.82307692,5.776923077
872.5692517,17.32307692,5.715384615,11.83846154,16.76153846,10.2,9.784615385,11.93076923,18.76153846,7.084615385,8.3
872.7422597,5.384615385,3.761538462,7.123076923,7.184615385,5.346153846,11.23076923,15.95384615,14.02307692,8.107692308,8.484615385
872.9152501,12.20769231,17.79230769,4.684615385,7.592307692,8.561538462,13.70769231,11.06923077,11.7,6.184615385,15.76153846
873.0882228,11.39230769,6.323076923,8.323076923,11.13846154,9.307692308,11.12307692,6.015384615,10.71538462,10.42307692,3.892307692
873.2611778,10.63076923,10.73846154,8.969230769,12.16923077,1.869230769,3.976923077,6.546153846,12.84615385,11.27692308,9.992307692
873.4341151,1.361538462,15.13846154,9.976923077,6.153846154,1.923076923,6.161538462,7.084615385,4.161538462,11.6,8.638461538
873.6070348,19.58461538,12.75384615,13.21538462,13.37692308,15.41538462,20.50769231,9.323076923,11.25384615,7.969230769,14.43846154
873.7799367,10.8,9.1,8.553846154,16.56153846,11.56923077,10.31538462,9.438461538,7.146153846,4,0.653846154
873.9528209,9.276923077,11.31538462,15.04615385,1.707692308,12.98461538,4.030769231,6.238461538,9.976923077,11.19230769,14.16153846
874.1256875,3.653846154,8.1,9.792307692,8.307692308,9.023076923,14.49230769,11.98461538,11.03076923,5.146153846,1.146153846
874.2985363,12.13076923,9.2,18.43076923,8.5,13.66923077,6.692307692,11.31538462,8.815384615,7.953846154,6.269230769
874.4713675,10.33846154,7.492307692,10.99230769,1.692307692,6.292307692,7.084615385,10.5,11.40769231,12.46153846,4.576923077
874.6441809,7.684615385,9.046153846,16.81538462,5.884615385,14.9,21.21538462,13.9,9.569230769,7.038461538,6.853846154
874.8169766,3.584615385,13.43846154,11.42307692,15.61538462,7.938461538,19.3,12.25384615,10.23846154,2.646153846,11.16153846
874.9897546,6.084615385,14.30769231,11.99230769,16.5,13.67692308,9.161538462,16.14615385,16.26153846,10.68461538,5.107692308
875.1625149,6.753846154,6.184615385,7.061538462,5.169230769,5.653846154,3.615384615,13.76923077,7.230769231,6.761538462,10.65384615
875.3352575,9.138461538,13.92307692,4.392307692,7.938461538,6.4,6.5,6.892307692,8.6,13.73076923,9.930769231
875.5079824,4.869230769,9.515384615,7.853846154,6.061538462,7.261538462,4.253846154,4.676923077,9.4,11.57692308,11.33846154
875.6806895,20.20769231,16.46923077,14.95384615,17.66153846,11.57692308,20.18461538,11.45384615,12.30769231,13.78461538,7.069230769
875.8533789,6.515384615,3.2,3.346153846,8.092307692,6.546153846,7.130769231,9.892307692,10.45384615,12.78461538,4.346153846
876.0260506,7.561538462,10.26153846,13.8,12.98461538,7.446153846,16.26923077,11.9,12.16923077,8.146153846,7.969230769
876.1987046,6.715384615,6.915384615,7.607692308,9.115384615,8.623076923,8.338461538,12.93076923,11.85384615,2.307692308,8.707692308
876.3713408,21.56923077,12.90769231,6.830769231,13.65384615,7.869230769,12.52307692,11.48461538,17.16153846,8.169230769,14.13846154
876.5439593,7.892307692,9.692307692,3.892307692,8.761538462,9.307692308,12.31538462,13.81538462,1.176923077,15.18461538,4.984615385
876.7165601,12.40769231,8.069230769,7.884615385,10.59230769,6.261538462,16.55384615,20.64615385,5.669230769,8.707692308,7.992307692
876.8891431,6.153846154,7.884615385,11,9.415384615,10.11538462,4.561538462,8.130769231,15.02307692,11.20769231,5.707692308
877.0617084,15.63076923,13.36153846,6.176923077,11.07692308,17.81538462,13.3,8.546153846,16.13846154,11.6,6.092307692
877.234256,8.753846154,12.86153846,8.276923077,14.39230769,14.00769231,10.62307692,13.95384615,9.430769231,10.10769231,9.146153846
877.4067858,5.953846154,9.346153846,9.253846154,10.29230769,9.846153846,9.053846154,15.74615385,8.615384615,4.369230769,2.953846154
877.5792978,5.638461538,7.6,11.78461538,4.753846154,3.661538462,12,6.9,11.01538462,16.68461538,3.092307692
877.7517921,4.946153846,8.107692308,7.892307692,12.23846154,9.923076923,7.976923077,9.684615385,15.79230769,12.08461538,6.653846154
877.9242687,8.323076923,8.130769231,9.707692308,4.969230769,5.530769231,6.669230769,14.93846154,3.807692308,4.692307692,6.3
878.0967275,5.653846154,16.84615385,12.18461538,9.884615385,14.60769231,14.30769231,22.93846154,12.46923077,10.94615385,6.069230769
878.2691686,5.969230769,17.49230769,11.43076923,9.115384615,1.484615385,6.830769231,7,10.87692308,11.01538462,7.830769231
878.4415918,10.79230769,19.73846154,2.723076923,11.96923077,15.86153846,15.42307692,18.39230769,13.24615385,16.13846154,6.084615385
878.6139974,12.93846154,4.923076923,4.307692308,8.353846154,7.146153846,5.446153846,12.31538462,17.96923077,7.723076923,9.838461538
878.7863851,19.38461538,6.653846154,11.09230769,8,10.86153846,15.24615385,12.94615385,10.10769231,11.73846154,12.08461538
878.9587551,11.90769231,8.823076923,11.60769231,11.05384615,7.738461538,8.723076923,3.315384615,8.169230769,5.884615385,7.284615385
879.1311073,7.992307692,15.32307692,8.376923077,11.31538462,10.13076923,4.953846154,7.530769231,13.10769231,15.85384615,9.330769231
879.3034418,3.738461538,6.607692308,6.669230769,5.146153846,8.761538462,9.069230769,4.792307692,8.715384615,4.853846154,1.046153846
879.4757585,11.81538462,12.43846154,11.5,12.3,9.392307692,9.761538462,14.91538462,12.46153846,10.86923077,3.353846154
879.6480574,8.853846154,7.876923077,9.292307692,5.453846154,9.807692308,0.923076923,9.838461538,3.8,8.907692308,5.030769231
879.8203385,11.75384615,12.11538462,6.4,13.39230769,11.47692308,2.561538462,15.48461538,13.68461538,3.653846154,10.60769231
879.9926019,3.338461538,4.338461538,7.953846154,9.915384615,3.269230769,5.846153846,7.176923077,6.492307692,3.723076923,7.115384615
880.1648474,11.76923077,6.169230769,17.80769231,12.86153846,9.038461538,14.10769231,12.63076923,6.692307692,11.14615385,1.676923077
880.3370752,6.115384615,4.823076923,4.361538462,11.7,10.44615385,4.576923077,8.115384615,9.415384615,6.146153846,4.1
880.5092852,9.269230769,11.46923077,15.58461538,4.461538462,21.26153846,18.26153846,3.115384615,10.61538462,20.38461538,8.030769231
880.6814774,7.823076923,12.72307692,5.638461538,5.153846154,9.384615385,10.36923077,13.39230769,6.223076923,2.615384615,10.8
880.8536518,11.63076923,15.4,5.9,6.053846154,11.71538462,14.3,14.43076923,18.1,7.407692308,2.853846154
881.0258084,5.953846154,6.869230769,13.80769231,7.676923077,5.038461538,6.853846154,7.307692308,3.538461538,8.176923077,9.284615385
881.1979472,14.12307692,11.16153846,11.35384615,4.653846154,14.37692308,14.9,7.4,7.769230769,21.33076923,7.561538462
881.3700682,1.276923077,7.407692308,3.792307692,6.676923077,14.32307692,12.31538462,2.907692308,9.807692308,11.04615385,6.538461538
881.5421714,13.67692308,11.53076923,10.39230769,10.77692308,7.4,11.93076923,16.60769231,3.692307692,9.884615385,4.146153846
881.7142568,9.4,5.015384615,9.623076923,7.661538462,8.330769231,9.184615385,8.046153846,10.06923077,4.130769231,4.384615385
881.8863244,8.230769231,17.74615385,13.44615385,11.26153846,9.723076923,16.3,9.376923077,8.623076923,12.5,5.592307692
882.0583742,12.51538462,19.44615385,5.192307692,8.130769231,7.038461538,4.915384615,4.015384615,5.846153846,11.26153846,6.869230769
882.2304062,7.476923077,6.684615385,7.930769231,1.661538462,10.22307692,8.992307692,8.215384615,10.57692308,6.546153846,4.938461538
882.4024204,4.323076923,4.515384615,6.146153846,4.807692308,3.484615385,4.430769231,14.94615385,8.692307692,9.815384615,5.284615385
882.5744167,15.88461538,13.35384615,9.876923077,11.32307692,18.80769231,10.64615385,11.12307692,7.115384615,12.43076923,14.32307692
882.7463952,2.361538462,9.946153846,5.3,3.415384615,11.83846154,4.476923077,13.63846154,11.53846154,5.353846154,4.246153846
882.9183559,8.323076923,15.43076923,18.70769231,15.98461538,10.54615385,12.10769231,4.330769231,21.16153846,9.015384615,9.976923077
883.0902988,4.615384615,8.476923077,4.307692308,7.476923077,11.24615385,2.730769231,11.51538462,5.615384615,11.21538462,8.792307692
883.2622239,11.69230769,21.08461538,5.984615385,5.046153846,7.561538462,11.31538462,17.13076923,7.253846154,8.553846154,11.46153846
883.4341311,4.769230769,7.715384615,12.09230769,7.115384615,5.530769231,7.776923077,6.946153846,6.646153846,18.59230769,9.4
883.6060205,10.56153846,6.946153846,11.22307692,4.746153846,7.684615385,12.86153846,10.85384615,12.59230769,12.56153846,10.69230769
883.777892,10.2,8.453846154,3.338461538,10.84615385,8.784615385,5.415384615,5.707692308,7.3,6.761538462,10.16923077
883.9497457,14.48461538,9.3,16.68461538,12.30769231,10.56153846,5.992307692,10.46923077,14.14615385,13.6,15.74615385
884.1215816,7.846153846,14.02307692,9.592307692,10.06153846,10.47692308,10.58461538,7.484615385,9.207692308,6.053846154,12.79230769
884.2933997,10.2,6.153846154,20.21538462,6.107692308,11.23076923,10.00769231,15.66153846,13.10769231,8.130769231,10.16153846
884.4651998,3.553846154,12.99230769,6.1,9.538461538,3.576923077,6.176923077,9.923076923,10.82307692,7.676923077,3.730769231
884.6369822,14.98461538,11.84615385,8.723076923,13.95384615,8.761538462,15.13846154,14.87692308,10.44615385,14.07692308,4.807692308
884.8087467,2.792307692,6.384615385,3.107692308,5.176923077,6.584615385,11.93076923,12.68461538,7.507692308,7.4,7.069230769
884.9804933,11.16923077,12.05384615,9.015384615,11.86923077,7.261538462,8.215384615,11.22307692,8.330769231,10.85384615,6.323076923
885.1522221,8.361538462,6.730769231,12.12307692,10.33076923,8,10.05384615,7.153846154,6.115384615,10.93076923,9.792307692
885.3239331,12.19230769,9.976923077,16.8,14.97692308,13.42307692,10.4,13.07692308,7.4,13.46153846,12.86153846
885.4956262,11.83846154,8.253846154,7.207692308,7.538461538,7.507692308,10.64615385,7.176923077,3.807692308,4.215384615,11.26153846
885.6673014,7.638461538,11.16153846,9.6,5.053846154,9.630769231,6.838461538,18.15384615,19.21538462,8.046153846,1.684615385
885.8389587,2.892307692,6.230769231,7.430769231,10.05384615,3.792307692,18.23076923,12.91538462,4.9,7.946153846,10.83846154
886.0105982,2.338461538,14.36923077,13.27692308,11.42307692,12.40769231,7.638461538,15.88461538,11.20769231,14.53076923,13.28461538
886.1822198,13.90769231,9.553846154,15.09230769,12.19230769,11.86923077,12.10769231,9.515384615,10.69230769,6.361538462,8.776923077
886.3538236,17.08461538,14.06153846,6.907692308,10.14615385,16.03846154,7.076923077,8.392307692,12.32307692,16.83076923,7.323076923
886.5254095,9.130769231,3.984615385,8.207692308,2.815384615,8.869230769,6.569230769,14.06923077,9.615384615,5.092307692,6.115384615
886.6969775,7.746153846,8.492307692,13.09230769,14.44615385,6.238461538,11.7,10.25384615,13.94615385,9.946153846,13.80769231
886.8685276,1.592307692,9.738461538,8.430769231,8.907692308,7.261538462,13.71538462,7.692307692,8.3,14.53076923,10.61538462
887.0400599,8.884615385,9.115384615,9.223076923,6.715384615,6.653846154,7.653846154,13.07692308,8.684615385,7.569230769,12.36153846
887.2115742,4.8,7.353846154,11.30769231,8.692307692,9.823076923,21.9,10.2,6.6,16.67692308,9.353846154
887.3830707,18.28461538,14.55384615,12.29230769,9.323076923,12.4,12.30769231,10.75384615,12.16923077,12.97692308,11.33846154
887.5545493,11.47692308,7.907692308,10.50769231,7.023076923,2.907692308,9.915384615,9.646153846,14.78461538,5.569230769,1.1
887.72601,5.676923077,11.13846154,15.43846154,10.1,6.776923077,8.746153846,7.315384615,10.50769231,15.11538462,6.792307692
887.8974528,6.792307692,6.984615385,5.430769231,6.038461538,6.930769231,9.984615385,7.346153846,5.615384615,6.253846154,4.138461538
888.0688777,19.07692308,7.930769231,5.207692308,10.4,9.661538462,10.57692308,16.19230769,11.48461538,6.746153846,5.438461538
888.2402848,9.153846154,8.146153846,9.523076923,10.33076923,6.9,9.207692308,3.938461538,8.884615385,8.276923077,3.707692308
888.4116739,16.73076923,13.57692308,8.092307692,14.53076923,10.73846154,10.17692308,12.40769231,9.930769231,18.16923077,13.95384615
888.5830451,6.384615385,7.069230769,9.330769231,2.430769231,9.346153846,5.676923077,14.81538462,13.20769231,9.307692308,3.576923077
888.7543984,6.407692308,13.36923077,9.992307692,12.80769231,13.44615385,14.77692308,9.507692308,5.3,14.63076923,14.66923077
888.9257338,8.515384615,8.169230769,6.876923077,10.17692308,12.20769231,11.42307692,6.976923077,11.01538462,9.276923077,14.01538462
889.0970513,9.392307692,16.5,5.6,8.815384615,12.53846154,13.66153846,7.8,11.5,5.569230769,10.61538462
889.2683509,6.130769231,6.853846154,16.54615385,3.307692308,9.3,9.676923077,11.94615385,8.361538462,15.28461538,5
889.4396326,16.30769231,15.93846154,11.70769231,8.4,10.33076923,16.23076923,12.09230769,7.292307692,4.984615385,5.892307692
889.6108963,3.8,5.823076923,4.192307692,8.7,6.915384615,7.992307692,13.26923077,5.346153846,4.823076923,2.192307692
889.7821422,3.892307692,5.915384615,15.38461538,4.292307692,14.42307692,11.99230769,4.776923077,12.39230769,7.092307692,4.9
889.9533701,4.338461538,9.784615385,10.86153846,6.753846154,12.76153846,6.276923077,14.66153846,7.492307692,10.59230769,7.961538462
890.1245801,12.36923077,13.88461538,17.33846154,16.76153846,6.469230769,9.738461538,9.661538462,7.123076923,6.069230769,13.3
890.2957721,11.18461538,1.530769231,5.423076923,4.369230769,2.869230769,13.24615385,9.076923077,10.39230769,6.269230769,11.64615385
890.4669463,9.053846154,12.56923077,9.092307692,11.43846154,10.28461538,8.369230769,16.01538462,15.16923077,8.146153846,14.88461538
890.6381025,2.515384615,9.007692308,8.407692308,6.015384615,3.323076923,6,11.06923077,9.453846154,2.292307692,5.507692308
890.8092408,17.22307692,9.846153846,7.992307692,6.153846154,12.42307692,14.85384615,23.17692308,6.869230769,16.80769231,2.623076923
890.9803611,6.7,4.138461538,4.884615385,7.738461538,4.307692308,8.415384615,9.423076923,3.923076923,6.792307692,2.392307692
891.1514635,19.68461538,14.33846154,11.42307692,18.8,8.184615385,13.63846154,5.007692308,8.546153846,11.92307692,13.73846154
891.322548,7.153846154,10.54615385,13.16923077,11.80769231,6.307692308,9.107692308,9.023076923,9.576923077,7.653846154,7.430769231
891.4936145,11.79230769,8.7,8.392307692,5.461538462,17.16153846,8.123076923,11.35384615,10.46153846,3.623076923,6.346153846
891.6646631,5.792307692,6.630769231,7.584615385,9.161538462,5.484615385,9.553846154,10.21538462,4.623076923,9.830769231,7.338461538
891.8356937,8.461538462,15.03076923,15.83846154,12.6,9.046153846,10.45384615,8.815384615,16.52307692,10.00769231,6.061538462
892.0067064,11.58461538,12.98461538,11.26153846,11.13076923,10.5,12.98461538,6.692307692,4.269230769,9.615384615,5.915384615
892.1777011,3.838461538,12.46923077,9.823076923,8.646153846,12.94615385,10.8,11.03076923,14.10769231,13.92307692,10.16153846
892.3486778,8.146153846,5.915384615,5.176923077,5.807692308,8.361538462,5.961538462,9.684615385,13.90769231,3.646153846,10.74615385
892.5196367,7.992307692,11.17692308,8.076923077,8.015384615,11.43846154,10.40769231,6.430769231,8.415384615,11.25384615,10.05384615
892.6905775,11.93846154,9.869230769,2.869230769,3.369230769,3.846153846,2.592307692,9.892307692,3.476923077,8.923076923,10.72307692
892.8615004,10.42307692,7.476923077,4.269230769,20.47692308,7.584615385,10.75384615,5.161538462,12.22307692,7.961538462,8.615384615
893.0324053,9.076923077,5.015384615,3.438461538,4.923076923,8.646153846,11.32307692,9.015384615,13.06153846,11.50769231,6.630769231
893.2032923,10.34615385,11.6,8.053846154,14.66153846,11.26153846,12.52307692,4.153846154,6.007692308,15.96153846,6.423076923
893.3741613,7.192307692,6.546153846,5.876923077,6.815384615,2.061538462,9.646153846,8.169230769,11.27692308,10.65384615,8.646153846
893.5450123,6.107692308,10.45384615,12.14615385,12.25384615,8.584615385,4.930769231,10.62307692,6.769230769,11.82307692,11.81538462
893.7158453,11.13846154,9.784615385,5.938461538,8.830769231,6.646153846,5.523076923,4.676923077,6.538461538,8.207692308,6.361538462
893.8866604,14.32307692,6.584615385,14.69230769,6.807692308,11.12307692,12.36923077,15.34615385,9.923076923,9.876923077,10.97692308
894.0574575,13.58461538,9.546153846,13.2,9.238461538,10.42307692,11.68461538,9.061538462,11.29230769,2.369230769,6.238461538
894.2282366,9.338461538,15.53076923,4.546153846,9.684615385,9.946153846,11.53846154,12.9,16.03846154,11.89230769,8.753846154
894.3989977,10.55384615,8.530769231,16.24615385,3.869230769,4.723076923,9.246153846,6.138461538,4.169230769,9.484615385,6.015384615
894.5697408,7.707692308,5.046153846,15.19230769,15.76923077,17.22307692,17.4,17.33846154,13.20769231,13.10769231,9.776923077
894.740466,11.06153846,7.330769231,4.223076923,5.107692308,8.507692308,12.20769231,7.923076923,13.09230769,10.36923077,7.946153846
894.9111731,6.438461538,6.369230769,13.60769231,11.67692308,4.638461538,17.53076923,11.58461538,7.961538462,8.153846154,10.16923077
895.0818623,4.461538462,12.34615385,9.546153846,8.061538462,13.97692308,6.353846154,6.8,5.715384615,5.315384615,6.353846154
895.2525334,3.069230769,11.86923077,3.438461538,9.615384615,9.823076923,12.67692308,5.523076923,6.807692308,5.592307692,4.184615385
895.4231866,6.2,7.407692308,3.692307692,3.138461538,7.507692308,8.530769231,10.9,2.423076923,12.75384615,6.892307692
895.5938218,8.915384615,8.6,6.561538462,12.04615385,6.776923077,12.73076923,5.715384615,11.4,14.86153846,7.507692308
895.7644389,5.484615385,2.876923077,8.384615385,9.569230769,4.676923077,16.77692308,6.9,14.34615385,6.638461538,5.061538462
895.9350381,11.32307692,3.646153846,14.2,16.36153846,11.75384615,4.107692308,16.44615385,13.18461538,13.46153846,6.938461538
896.1056192,8.553846154,6.276923077,10.23076923,9.961538462,6.169230769,10.22307692,5.476923077,10.63076923,14.83846154,11.28461538
896.2761823,8.123076923,8.430769231,8.276923077,12.77692308,5.415384615,6.915384615,12.70769231,5.723076923,14.59230769,6.069230769
896.4467275,5.007692308,7.884615385,6.261538462,3.715384615,15.52307692,4.676923077,8.423076923,5.123076923,9.246153846,2.346153846
896.6172546,10.54615385,8.815384615,5.661538462,6.592307692,7.476923077,2.230769231,16.88461538,2.830769231,7.015384615,8.476923077
896.7877637,8.392307692,7.823076923,10.68461538,3.353846154,12.98461538,6.061538462,8.923076923,7.307692308,11.15384615,6.4
896.9582547,13.32307692,8.584615385,7.753846154,13.86153846,12.42307692,12.01538462,13.23846154,17.1,10.78461538,6.869230769
897.1287278,9.053846154,9.792307692,2.669230769,6.469230769,3.923076923,9.146153846,8.515384615,7.638461538,3.392307692,14.3
897.2991828,9.530769231,8.838461538,7.861538462,6.115384615,13.12307692,4.1,8.823076923,13.49230769,7.784615385,7.623076923
897.4696198,12.13846154,9.384615385,8,10.06153846,1.738461538,10.44615385,15.56923077,7.838461538,3.707692308,10.57692308
897.6400387,13.16923077,13.46923077,17.50769231,10.44615385,4.184615385,9.638461538,15.63076923,6.392307692,7.553846154,6.484615385
897.8104397,6.576923077,11.16153846,3.161538462,6.515384615,11.96923077,8.3,8.846153846,5.746153846,4.561538462,8.1
897.9808226,15.67692308,10.94615385,13.56923077,9.969230769,12.28461538,18.88461538,19.06923077,4.746153846,11.18461538,5.446153846
898.1511874,10,8.192307692,2.923076923,5.430769231,2.646153846,15.13076923,9.038461538,2.269230769,10.96923077,7.030769231
898.3215343,8.807692308,14.70769231,7.292307692,10.58461538,7.153846154,20.36923077,7.776923077,14.99230769,3.4,9.069230769
898.491863,5.969230769,7.015384615,5.392307692,3.946153846,9.615384615,5.807692308,6.723076923,13.80769231,10.54615385,8.8
898.6621738,10.30769231,10.16153846,5.823076923,5.315384615,13.42307692,10.45384615,6.969230769,9.823076923,12.68461538,11.29230769
898.8324664,6.223076923,5.438461538,12.49230769,4.561538462,7.107692308,9.769230769,11.45384615,7.738461538,11.98461538,3.330769231
899.0027411,13.85384615,15.46153846,10.34615385,8.215384615,8.9,13.57692308,12.04615385,6.407692308,5.530769231,4.361538462
899.1729977,1.684615385,10.20769231,2.538461538,7.6,7.3,6.846153846,12.94615385,9.946153846,8.823076923,11.45384615
899.3432362,14.46923077,13.97692308,15.06153846,6.515384615,4.161538462,8.638461538,12.63076923,10.53846154,10.52307692,6.384615385
899.5134567,5.084615385,12.28461538,4.269230769,7,10.12307692,3.369230769,10.67692308,11.77692308,9.338461538,2.623076923
899.6836591,20.13076923,7.761538462,13.39230769,14.56923077,13.58461538,18.38461538,12.17692308,12.81538462,11.76923077,10.87692308
899.8538434,4.415384615,6.230769231,9.623076923,6.246153846,7.961538462,17.93076923,5.046153846,6.107692308,12.56153846,6.7
900.0240097,15.93076923,7.546153846,9.576923077,10.26923077,9.569230769,14.09230769,5.423076923,10.10769231,10.43846154,11.26923077
900.1941579,6.6,6.707692308,10.05384615,12.06923077,3.361538462,9.046153846,13.20769231,5.615384615,6.415384615,3.830769231
900.3642881,13.32307692,14.77692308,12.63076923,8.869230769,8.869230769,10.55384615,10.86153846,18.74615385,13.36153846,7.492307692
900.5344002,7.884615385,13.33846154,5.953846154,5.315384615,4.046153846,11.00769231,12.34615385,7.838461538,3.992307692,9.438461538
900.7044942,12.40769231,10.11538462,5.753846154,4.630769231,11.37692308,2.484615385,15.13076923,7.646153846,12.74615385,11.23846154
900.8745701,2.246153846,3.992307692,2.823076923,7.284615385,1.461538462,11.64615385,9.069230769,6.353846154,12.66153846,9.076923077
901.044628,19.64615385,18.26153846,14.43076923,9.1,18.44615385,10.64615385,9.407692308,7.169230769,7.4,8.376923077
901.2146678,7.9,11.11538462,4.784615385,4.069230769,0,10.71538462,6.438461538,2.623076923,3.146153846,4.907692308
901.3846895,10.23076923,8.1,7.023076923,11.25384615,16.54615385,17.3,9.676923077,9.484615385,3.130769231,10.39230769
901.5546931,15.42307692,8.430769231,7.469230769,11.53076923,6.376923077,5.438461538,5.853846154,8.3,4.861538462,11.96153846
901.7246786,5.430769231,10.14615385,11.79230769,8.046153846,11.68461538,6.907692308,17.56153846,7.853846154,14.4,11.36923077
901.894646,10.53076923,5.776923077,7.369230769,7.092307692,8.076923077,10.21538462,11.50769231,8.053846154,7.161538462,3.876923077
902.0645953,11.75384615,12.3,16.54615385,16.36923077,6.330769231,11.79230769,14.77692308,10.65384615,17.43076923,8.876923077
902.2345266,6.892307692,8.515384615,6.507692308,6.884615385,10.53846154,9.361538462,9.107692308,2.138461538,9.730769231,2.246153846
902.4044397,9.853846154,6.223076923,4.992307692,9.707692308,4.876923077,9.846153846,7.969230769,12.34615385,11.09230769,7.215384615
902.5743348,7.715384615,7.346153846,4.953846154,11.01538462,4.923076923,5.138461538,5.638461538,6.446153846,6.8,9.584615385
902.7442117,14.14615385,5.215384615,7.6,13.73076923,8.084615385,4.807692308,7.892307692,5.415384615,10.91538462,6.546153846
902.9140705,4.723076923,10.73846154,10.31538462,7.184615385,1.661538462,5.638461538,6.184615385,8.3,7.084615385,4.715384615
903.0839113,7.3,11.41538462,6.615384615,13.36153846,13.77692308,6.276923077,13.7,9.192307692,11.22307692,5.084615385
903.2537339,7.3,11.41538462,6.615384615,13.36153846,13.77692308,6.276923077,13.7,9.192307692,11.22307692,5.084615385
903.4235384,7.3,11.41538462,6.615384615,13.36153846,13.77692308,6.276923077,13.7,9.192307692,11.22307692,5.084615385
903.5933248,7.3,11.41538462,6.615384615,13.36153846,13.77692308,6.276923077,13.7,9.192307692,11.22307692,5.084615385
903.763093,7.3,11.41538462,6.615384615,13.36153846,13.77692308,6.276923077,13.7,9.192307692,11.22307692,5.084615385
903.9328432,7.3,11.41538462,6.615384615,13.36153846,13.77692308,6.276923077,13.7,9.192307692,11.22307692,5.084615385
904.1025752,7.3,11.41538462,6.615384615,13.36153846,13.77692308,6.276923077,13.7,9.192307692,11.22307692,5.084615385
904.2722891,7.3,11.41538462,6.615384615,13.36153846,13.77692308,6.276923077,13.7,9.192307692,11.22307692,5.084615385
904.4419849,7.3,11.41538462,6.615384615,13.36153846,13.77692308,6.276923077,13.7,9.192307692,11.22307692,5.084615385
904.6116626,7.3,11.41538462,6.615384615,13.36153846,13.77692308,6.276923077,13.7,9.192307692,11.22307692,5.084615385
904.7813221,7.3,11.41538462,6.615384615,13.36153846,13.77692308,6.276923077,13.7,9.192307692,11.22307692,5.084615385
904.9509635,7.3,11.41538462,6.615384615,13.36153846,13.77692308,6.276923077,13.7,9.192307692,11.22307692,5.084615385
905.1205867,7.3,11.41538462,6.615384615,13.36153846,13.77692308,6.276923077,13.7,9.192307692,11.22307692,5.084615385
905.2901918,7.3,11.41538462,6.615384615,13.36153846,13.77692308,6.276923077,13.7,9.192307692,11.22307692,5.084615385
905.4597788,7.3,11.41538462,6.615384615,13.36153846,13.77692308,6.276923077,13.7,9.192307692,11.22307692,5.084615385
905.6293476,7.3,11.41538462,6.615384615,13.36153846,13.77692308,6.276923077,13.7,9.192307692,11.22307692,5.084615385
905.7988983,7.3,11.41538462,6.615384615,13.36153846,13.77692308,6.276923077,13.7,9.192307692,11.22307692,5.084615385
905.9684309,7.3,11.41538462,6.615384615,13.36153846,13.77692308,6.276923077,13.7,9.192307692,11.22307692,5.084615385
906.1379452,7.3,11.41538462,6.615384615,13.36153846,13.77692308,6.276923077,13.7,9.192307692,11.22307692,5.084615385
906.3074415,7.3,11.41538462,6.615384615,13.36153846,13.77692308,6.276923077,13.7,9.192307692,11.22307692,5.084615385
906.4769195,7.3,11.41538462,6.615384615,13.36153846,13.77692308,6.276923077,13.7,9.192307692,11.22307692,5.084615385
906.6463794,7.3,11.41538462,6.615384615,13.36153846,13.77692308,6.276923077,13.7,9.192307692,11.22307692,5.084615385
906.8158212,7.3,11.41538462,6.615384615,13.36153846,13.77692308,6.276923077,13.7,9.192307692,11.22307692,5.084615385
906.9852448,7.3,11.41538462,6.615384615,13.36153846,13.77692308,6.276923077,13.7,9.192307692,11.22307692,5.084615385
907.1546502,7.3,11.41538462,6.615384615,13.36153846,13.77692308,6.276923077,13.7,9.192307692,11.22307692,5.084615385
907.3240375,7.3,11.41538462,6.615384615,13.36153846,13.77692308,6.276923077,13.7,9.192307692,11.22307692,5.084615385
907.4934066,7.3,11.41538462,6.615384615,13.36153846,13.77692308,6.276923077,13.7,9.192307692,11.22307692,5.084615385
907.6627575,7.3,11.41538462,6.615384615,13.36153846,13.77692308,6.276923077,13.7,9.192307692,11.22307692,5.084615385
907.8320902,7.3,11.41538462,6.615384615,13.36153846,13.77692308,6.276923077,13.7,9.192307692,11.22307692,5.084615385
908.0014048,7.3,11.41538462,6.615384615,13.36153846,13.77692308,6.276923077,13.7,9.192307692,11.22307692,5.084615385
908.1707012,7.3,11.41538462,6.615384615,13.36153846,13.77692308,6.276923077,13.7,9.192307692,11.22307692,5.084615385
908.3399794,7.3,11.41538462,6.615384615,13.36153846,13.77692308,6.276923077,13.7,9.192307692,11.22307692,5.084615385
908.5092394,7.3,11.41538462,6.615384615,13.36153846,13.77692308,6.276923077,13.7,9.192307692,11.22307692,5.084615385
908.6784812,7.3,11.41538462,6.615384615,13.36153846,13.77692308,6.276923077,13.7,9.192307692,11.22307692,5.084615385
908.8477048,7.3,11.41538462,6.615384615,13.36153846,13.77692308,6.276923077,13.7,9.192307692,11.22307692,5.084615385
909.0169103,7.3,11.41538462,6.615384615,13.36153846,13.77692308,6.276923077,13.7,9.192307692,11.22307692,5.084615385
909.1860975,7.3,11.41538462,6.615384615,13.36153846,13.77692308,6.276923077,13.7,9.192307692,11.22307692,5.084615385
909.3552666,7.3,11.41538462,6.615384615,13.36153846,13.77692308,6.276923077,13.7,9.192307692,11.22307692,5.084615385
909.5244175,7.3,11.41538462,6.615384615,13.36153846,13.77692308,6.276923077,13.7,9.192307692,11.22307692,5.084615385
909.6935501,7.3,11.41538462,6.615384615,13.36153846,13.77692308,6.276923077,13.7,9.192307692,11.22307692,5.084615385
909.8626646,7.3,11.41538462,6.615384615,13.36153846,13.77692308,6.276923077,13.7,9.192307692,11.22307692,5.084615385
910.0317608,7.3,11.41538462,6.615384615,13.36153846,13.77692308,6.276923077,13.7,9.192307692,11.22307692,5.084615385
910.2008388,7.3,11.41538462,6.615384615,13.36153846,13.77692308,6.276923077,13.7,9.192307692,11.22307692,5.084615385
910.3698987,7.3,11.41538462,6.615384615,13.36153846,13.77692308,6.276923077,13.7,9.192307692,11.22307692,5.084615385
910.5389403,7.3,11.41538462,6.615384615,13.36153846,13.77692308,6.276923077,13.7,9.192307692,11.22307692,5.084615385
910.7079637,7.3,11.41538462,6.615384615,13.36153846,13.77692308,6.276923077,13.7,9.192307692,11.22307692,5.084615385
910.8769688,7.3,11.41538462,6.615384615,13.36153846,13.77692308,6.276923077,13.7,9.192307692,11.22307692,5.084615385
911.0459558,7.3,11.41538462,6.615384615,13.36153846,13.77692308,6.276923077,13.7,9.192307692,11.22307692,5.084615385
911.2149245,7.3,11.41538462,6.615384615,13.36153846,13.77692308,6.276923077,13.7,9.192307692,11.22307692,5.084615385
911.383875,7.3,11.41538462,6.615384615,13.36153846,13.77692308,6.276923077,13.7,9.192307692,11.22307692,5.084615385
911.5528073,7.3,11.41538462,6.615384615,13.36153846,13.77692308,6.276923077,13.7,9.192307692,11.22307692,5.084615385
911.7217214,7.3,11.41538462,6.615384615,13.36153846,13.77692308,6.276923077,13.7,9.192307692,11.22307692,5.084615385
911.8906172,7.3,11.41538462,6.615384615,13.36153846,13.77692308,6.276923077,13.7,9.192307692,11.22307692,5.084615385
912.0594947,7.3,11.41538462,6.615384615,13.36153846,13.77692308,6.276923077,13.7,9.192307692,11.22307692,5.084615385
912.2283541,7.3,11.41538462,6.615384615,13.36153846,13.77692308,6.276923077,13.7,9.192307692,11.22307692,5.084615385
912.3971952,7.3,11.41538462,6.615384615,13.36153846,13.77692308,6.276923077,13.7,9.192307692,11.22307692,5.084615385
912.566018,7.3,11.41538462,6.615384615,13.36153846,13.77692308,6.276923077,13.7,9.192307692,11.22307692,5.084615385
912.7348226,7.3,11.41538462,6.615384615,13.36153846,13.77692308,6.276923077,13.7,9.192307692,11.22307692,5.084615385
912.903609,7.3,11.41538462,6.615384615,13.36153846,13.77692308,6.276923077,13.7,9.192307692,11.22307692,5.084615385
913.0723771,7.3,11.41538462,6.615384615,13.36153846,13.77692308,6.276923077,13.7,9.192307692,11.22307692,5.084615385
913.241127,7.3,11.41538462,6.615384615,13.36153846,13.77692308,6.276923077,13.7,9.192307692,11.22307692,5.084615385
913.4098586,7.3,11.41538462,6.615384615,13.36153846,13.77692308,6.276923077,13.7,9.192307692,11.22307692,5.084615385
913.5785719,7.3,11.41538462,6.615384615,13.36153846,13.77692308,6.276923077,13.7,9.192307692,11.22307692,5.084615385
913.747267,7.3,11.41538462,6.615384615,13.36153846,13.77692308,6.276923077,13.7,9.192307692,11.22307692,5.084615385
913.9159439,7.3,11.41538462,6.615384615,13.36153846,13.77692308,6.276923077,13.7,9.192307692,11.22307692,5.084615385
914.0846024,7.3,11.41538462,6.615384615,13.36153846,13.77692308,6.276923077,13.7,9.192307692,11.22307692,5.084615385
914.2532427,7.3,11.41538462,6.615384615,13.36153846,13.77692308,6.276923077,13.7,9.192307692,11.22307692,5.084615385
914.4218647,7.3,11.41538462,6.615384615,13.36153846,13.77692308,6.276923077,13.7,9.192307692,11.22307692,5.084615385
914.5904685,7.3,11.41538462,6.615384615,13.36153846,13.77692308,6.276923077,13.7,9.192307692,11.22307692,5.084615385
914.759054,7.3,11.41538462,6.615384615,13.36153846,13.77692308,6.276923077,13.7,9.192307692,11.22307692,5.084615385
914.9276212,7.3,11.41538462,6.615384615,13.36153846,13.77692308,6.276923077,13.7,9.192307692,11.22307692,5.084615385
915.0961701,7.3,11.41538462,6.615384615,13.36153846,13.77692308,6.276923077,13.7,9.192307692,11.22307692,5.084615385
915.2647008,7.3,11.41538462,6.615384615,13.36153846,13.77692308,6.276923077,13.7,9.192307692,11.22307692,5.084615385
915.4332131,7.3,11.41538462,6.615384615,13.36153846,13.77692308,6.276923077,13.7,9.192307692,11.22307692,5.084615385
915.6017072,7.3,11.41538462,6.615384615,13.36153846,13.77692308,6.276923077,13.7,9.192307692,11.22307692,5.084615385
915.770183,7.3,11.41538462,6.615384615,13.36153846,13.77692308,6.276923077,13.7,9.192307692,11.22307692,5.084615385
915.9386405,7.3,11.41538462,6.615384615,13.36153846,13.77692308,6.276923077,13.7,9.192307692,11.22307692,5.084615385
916.1070797,7.3,11.41538462,6.615384615,13.36153846,13.77692308,6.276923077,13.7,9.192307692,11.22307692,5.084615385
916.2755006,7.3,11.41538462,6.615384615,13.36153846,13.77692308,6.276923077,13.7,9.192307692,11.22307692,5.084615385
916.4439032,7.3,11.41538462,6.615384615,13.36153846,13.77692308,6.276923077,13.7,9.192307692,11.22307692,5.084615385
916.6122875,7.3,11.41538462,6.615384615,13.36153846,13.77692308,6.276923077,13.7,9.192307692,11.22307692,5.084615385
916.7806535,7.3,11.41538462,6.615384615,13.36153846,13.77692308,6.276923077,13.7,9.192307692,11.22307692,5.084615385
916.9490012,7.3,11.41538462,6.615384615,13.36153846,13.77692308,6.276923077,13.7,9.192307692,11.22307692,5.084615385
917.1173306,7.3,11.41538462,6.615384615,13.36153846,13.77692308,6.276923077,13.7,9.192307692,11.22307692,5.084615385
917.2856416,7.3,11.41538462,6.615384615,13.36153846,13.77692308,6.276923077,13.7,9.192307692,11.22307692,5.084615385
917.4539344,7.3,11.41538462,6.615384615,13.36153846,13.77692308,6.276923077,13.7,9.192307692,11.22307692,5.084615385
917.6222089,7.3,11.41538462,6.615384615,13.36153846,13.77692308,6.276923077,13.7,9.192307692,11.22307692,5.084615385
917.790465,7.3,11.41538462,6.615384615,13.36153846,13.77692308,6.276923077,13.7,9.192307692,11.22307692,5.084615385
917.9587028,7.3,11.41538462,6.615384615,13.36153846,13.77692308,6.276923077,13.7,9.192307692,11.22307692,5.084615385
918.1269223,7.3,11.41538462,6.615384615,13.36153846,13.77692308,6.276923077,13.7,9.192307692,11.22307692,5.084615385
918.2951234,7.3,11.41538462,6.615384615,13.36153846,13.77692308,6.276923077,13.7,9.192307692,11.22307692,5.084615385
918.4633063,7.3,11.41538462,6.615384615,13.36153846,13.77692308,6.276923077,13.7,9.192307692,11.22307692,5.084615385
918.6314708,7.3,11.41538462,6.615384615,13.36153846,13.77692308,6.276923077,13.7,9.192307692,11.22307692,5.084615385
918.799617,7.3,11.41538462,6.615384615,13.36153846,13.77692308,6.276923077,13.7,9.192307692,11.22307692,5.084615385
918.9677448,7.3,11.41538462,6.615384615,13.36153846,13.77692308,6.276923077,13.7,9.192307692,11.22307692,5.084615385
919.1358543,7.3,11.41538462,6.615384615,13.36153846,13.77692308,6.276923077,13.7,9.192307692,11.22307692,5.084615385
919.3039455,7.3,11.41538462,6.615384615,13.36153846,13.77692308,6.276923077,13.7,9.192307692,11.22307692,5.084615385
919.4720183,7.3,11.41538462,6.615384615,13.36153846,13.77692308,6.276923077,13.7,9.192307692,11.22307692,5.084615385
919.6400728,7.3,11.41538462,6.615384615,13.36153846,13.77692308,6.276923077,13.7,9.192307692,11.22307692,5.084615385
919.8081089,7.3,11.41538462,6.615384615,13.36153846,13.77692308,6.276923077,13.7,9.192307692,11.22307692,5.084615385
919.9761267,7.3,11.41538462,6.615384615,13.36153846,13.77692308,6.276923077,13.7,9.192307692,11.22307692,5.084615385
920.1441261,7.3,11.41538462,6.615384615,13.36153846,13.77692308,6.276923077,13.7,9.192307692,11.22307692,5.084615385
920.3121072,7.3,11.41538462,6.615384615,13.36153846,13.77692308,6.276923077,13.7,9.192307692,11.22307692,5.084615385
920.4800699,7.3,11.41538462,6.615384615,13.36153846,13.77692308,6.276923077,13.7,9.192307692,11.22307692,5.084615385
920.6480143,7.3,11.41538462,6.615384615,13.36153846,13.77692308,6.276923077,13.7,9.192307692,11.22307692,5.084615385
920.8159403,7.3,11.41538462,6.615384615,13.36153846,13.77692308,6.276923077,13.7,9.192307692,11.22307692,5.084615385
920.9838479,7.3,11.41538462,6.615384615,13.36153846,13.77692308,6.276923077,13.7,9.192307692,11.22307692,5.084615385
921.1517372,7.3,11.41538462,6.615384615,13.36153846,13.77692308,6.276923077,13.7,9.192307692,11.22307692,5.084615385
921.3196081,7.3,11.41538462,6.615384615,13.36153846,13.77692308,6.276923077,13.7,9.192307692,11.22307692,5.084615385
921.4874606,7.3,11.41538462,6.615384615,13.36153846,13.77692308,6.276923077,13.7,9.192307692,11.22307692,5.084615385
921.6552948,7.3,11.41538462,6.615384615,13.36153846,13.77692308,6.276923077,13.7,9.192307692,11.22307692,5.084615385
921.8231105,7.3,11.41538462,6.615384615,13.36153846,13.77692308,6.276923077,13.7,9.192307692,11.22307692,5.084615385
921.9909079,7.3,11.41538462,6.615384615,13.36153846,13.77692308,6.276923077,13.7,9.192307692,11.22307692,5.084615385
922.158687,7.3,11.41538462,6.615384615,13.36153846,13.77692308,6.276923077,13.7,9.192307692,11.22307692,5.084615385
922.3264476,7.3,11.41538462,6.615384615,13.36153846,13.77692308,6.276923077,13.7,9.192307692,11.22307692,5.084615385
922.4941898,7.3,11.41538462,6.615384615,13.36153846,13.77692308,6.276923077,13.7,9.192307692,11.22307692,5.084615385
922.6619137,7.3,11.41538462,6.615384615,13.36153846,13.77692308,6.276923077,13.7,9.192307692,11.22307692,5.084615385
922.8296192,7.3,11.41538462,6.615384615,13.36153846,13.77692308,6.276923077,13.7,9.192307692,11.22307692,5.084615385
922.9973063,7.3,11.41538462,6.615384615,13.36153846,13.77692308,6.276923077,13.7,9.192307692,11.22307692,5.084615385
923.164975,7.3,11.41538462,6.615384615,13.36153846,13.77692308,6.276923077,13.7,9.192307692,11.22307692,5.084615385
923.3326252,7.3,11.41538462,6.615384615,13.36153846,13.77692308,6.276923077,13.7,9.192307692,11.22307692,5.084615385
923.5002571,7.3,11.41538462,6.615384615,13.36153846,13.77692308,6.276923077,13.7,9.192307692,11.22307692,5.084615385
923.6678706,7.3,11.41538462,6.615384615,13.36153846,13.77692308,6.276923077,13.7,9.192307692,11.22307692,5.084615385
923.8354657,7.3,11.41538462,6.615384615,13.36153846,13.77692308,6.276923077,13.7,9.192307692,11.22307692,5.084615385
924.0030424,7.3,11.41538462,6.615384615,13.36153846,13.77692308,6.276923077,13.7,9.192307692,11.22307692,5.084615385
924.1706006,7.3,11.41538462,6.615384615,13.36153846,13.77692308,6.276923077,13.7,9.192307692,11.22307692,5.084615385
924.3381405,7.3,11.41538462,6.615384615,13.36153846,13.77692308,6.276923077,13.7,9.192307692,11.22307692,5.084615385
924.5056619,7.3,11.41538462,6.615384615,13.36153846,13.77692308,6.276923077,13.7,9.192307692,11.22307692,5.084615385
924.673165,7.3,11.41538462,6.615384615,13.36153846,13.77692308,6.276923077,13.7,9.192307692,11.22307692,5.084615385
924.8406496,7.3,11.41538462,6.615384615,13.36153846,13.77692308,6.276923077,13.7,9.192307692,11.22307692,5.084615385
925.0081158,7.3,11.41538462,6.615384615,13.36153846,13.77692308,6.276923077,13.7,9.192307692,11.22307692,5.084615385
925.1755635,7.3,11.41538462,6.615384615,13.36153846,13.77692308,6.276923077,13.7,9.192307692,11.22307692,5.084615385
925.3429928,7.3,11.41538462,6.615384615,13.36153846,13.77692308,6.276923077,13.7,9.192307692,11.22307692,5.084615385
925.5104037,7.3,11.41538462,6.615384615,13.36153846,13.77692308,6.276923077,13.7,9.192307692,11.22307692,5.084615385
925.6777962,7.3,11.41538462,6.615384615,13.36153846,13.77692308,6.276923077,13.7,9.192307692,11.22307692,5.084615385
925.8451702,7.3,11.41538462,6.615384615,13.36153846,13.77692308,6.276923077,13.7,9.192307692,11.22307692,5.084615385
926.0125258,7.3,11.41538462,6.615384615,13.36153846,13.77692308,6.276923077,13.7,9.192307692,11.22307692,5.084615385
926.179863,7.3,11.41538462,6.615384615,13.36153846,13.77692308,6.276923077,13.7,9.192307692,11.22307692,5.084615385
926.3471817,7.3,11.41538462,6.615384615,13.36153846,13.77692308,6.276923077,13.7,9.192307692,11.22307692,5.084615385
926.514482,7.3,11.41538462,6.615384615,13.36153846,13.77692308,6.276923077,13.7,9.192307692,11.22307692,5.084615385
926.6817638,7.3,11.41538462,6.615384615,13.36153846,13.77692308,6.276923077,13.7,9.192307692,11.22307692,5.084615385
926.8490272,7.3,11.41538462,6.615384615,13.36153846,13.77692308,6.276923077,13.7,9.192307692,11.22307692,5.084615385
927.0162722,7.3,11.41538462,6.615384615,13.36153846,13.77692308,6.276923077,13.7,9.192307692,11.22307692,5.084615385
927.1834986,7.3,11.41538462,6.615384615,13.36153846,13.77692308,6.276923077,13.7,9.192307692,11.22307692,5.084615385
927.3507067,7.3,11.41538462,6.615384615,13.36153846,13.77692308,6.276923077,13.7,9.192307692,11.22307692,5.084615385
927.5178962,7.3,11.41538462,6.615384615,13.36153846,13.77692308,6.276923077,13.7,9.192307692,11.22307692,5.084615385
927.6850673,7.3,11.41538462,6.615384615,13.36153846,13.77692308,6.276923077,13.7,9.192307692,11.22307692,5.084615385
927.85222,7.3,11.41538462,6.615384615,13.36153846,13.77692308,6.276923077,13.7,9.192307692,11.22307692,5.084615385
928.0193542,7.3,11.41538462,6.615384615,13.36153846,13.77692308,6.276923077,13.7,9.192307692,11.22307692,5.084615385
928.1864699,7.3,11.41538462,6.615384615,13.36153846,13.77692308,6.276923077,13.7,9.192307692,11.22307692,5.084615385
928.3535671,7.3,11.41538462,6.615384615,13.36153846,13.77692308,6.276923077,13.7,9.192307692,11.22307692,5.084615385
928.5206459,7.3,11.41538462,6.615384615,13.36153846,13.77692308,6.276923077,13.7,9.192307692,11.22307692,5.084615385
928.6877062,7.3,11.41538462,6.615384615,13.36153846,13.77692308,6.276923077,13.7,9.192307692,11.22307692,5.084615385
928.854748,7.3,11.41538462,6.615384615,13.36153846,13.77692308,6.276923077,13.7,9.192307692,11.22307692,5.084615385
929.0217713,7.3,11.41538462,6.615384615,13.36153846,13.77692308,6.276923077,13.7,9.192307692,11.22307692,5.084615385
929.1887762,7.3,11.41538462,6.615384615,13.36153846,13.77692308,6.276923077,13.7,9.192307692,11.22307692,5.084615385
929.3557625,7.3,11.41538462,6.615384615,13.36153846,13.77692308,6.276923077,13.7,9.192307692,11.22307692,5.084615385
929.5227304,7.3,11.41538462,6.615384615,13.36153846,13.77692308,6.276923077,13.7,9.192307692,11.22307692,5.084615385
929.6896798,7.3,11.41538462,6.615384615,13.36153846,13.77692308,6.276923077,13.7,9.192307692,11.22307692,5.084615385
929.8566107,7.3,11.41538462,6.615384615,13.36153846,13.77692308,6.276923077,13.7,9.192307692,11.22307692,5.084615385
930.0235231,7.3,11.41538462,6.615384615,13.36153846,13.77692308,6.276923077,13.7,9.192307692,11.22307692,5.084615385
930.190417,7.3,11.41538462,6.615384615,13.36153846,13.77692308,6.276923077,13.7,9.192307692,11.22307692,5.084615385
930.3572924,7.3,11.41538462,6.615384615,13.36153846,13.77692308,6.276923077,13.7,9.192307692,11.22307692,5.084615385
930.5241493,7.3,11.41538462,6.615384615,13.36153846,13.77692308,6.276923077,13.7,9.192307692,11.22307692,5.084615385
930.6909877,7.3,11.41538462,6.615384615,13.36153846,13.77692308,6.276923077,13.7,9.192307692,11.22307692,5.084615385
930.8578076,7.3,11.41538462,6.615384615,13.36153846,13.77692308,6.276923077,13.7,9.192307692,11.22307692,5.084615385
931.024609,7.3,11.41538462,6.615384615,13.36153846,13.77692308,6.276923077,13.7,9.192307692,11.22307692,5.084615385
931.1913919,7.3,11.41538462,6.615384615,13.36153846,13.77692308,6.276923077,13.7,9.192307692,11.22307692,5.084615385
931.3581563,7.3,11.41538462,6.615384615,13.36153846,13.77692308,6.276923077,13.7,9.192307692,11.22307692,5.084615385
931.5249021,7.3,11.41538462,6.615384615,13.36153846,13.77692308,6.276923077,13.7,9.192307692,11.22307692,5.084615385
931.6916295,7.3,11.41538462,6.615384615,13.36153846,13.77692308,6.276923077,13.7,9.192307692,11.22307692,5.084615385
931.8583383,7.3,11.41538462,6.615384615,13.36153846,13.77692308,6.276923077,13.7,9.192307692,11.22307692,5.084615385
